order_id,customer_id,order_ts,total_amount,discount_code_id
1,164,2023-07-28 00:47:17+02:00,154.65,
2,152,2024-01-03 01:01:05+02:00,2354.67,
3,179,2024-01-03 10:17:09+02:00,248.7,6
4,25,2023-12-01 11:38:16+02:00,109.45,9
5,142,2023-10-29 20:39:56+01:00,1671.5,2
6,21,2024-08-11 07:55:06+01:00,15599.92,
7,156,2024-04-21 05:34:46+02:00,1445.29,
8,103,2023-10-16 02:13:58+00:00,569.56,6
9,68,2023-08-11 07:47:35+00:00,1372.12,
10,40,2024-04-17 05:50:43+01:00,1859.63,7
11,29,2023-10-29 13:10:29+02:00,1124.72,5
12,126,2023-06-10 03:59:23+01:00,369.42,
13,18,2024-06-24 17:49:08+02:00,3655.79,9
14,139,2024-06-21 23:44:12+00:00,887.66,
15,17,2023-11-21 00:37:35+02:00,142.58,1
16,18,2023-06-17 10:04:32+02:00,40522.86,
17,49,2023-07-19 03:42:27+01:00,1659.55,
18,49,2024-03-01 14:08:27+02:00,420.58,
19,167,2024-03-03 00:05:59+02:00,1024.13,
20,68,2024-07-06 14:18:27+00:00,637.48,9
21,13,2024-03-26 15:32:58+00:00,2236.14,
22,108,2024-05-02 18:36:33+01:00,1604.78,4
23,81,2024-06-19 02:00:29+00:00,2641.32,2
24,130,2023-10-14 04:59:22+02:00,232.1,6
25,170,2023-07-24 04:16:07+02:00,2131.64,3
26,65,2024-08-07 01:05:40+01:00,89.14,1
27,164,2023-10-13 05:47:28+00:00,126.76,9
28,177,2023-08-16 17:02:53+01:00,2187.14,3
29,171,2023-07-23 11:49:35+01:00,768.58,3
30,46,2024-06-12 10:50:59+01:00,1390.09,4
31,52,2024-07-23 14:22:19+02:00,814.17,
32,198,2023-10-21 11:41:32+01:00,1897.58,9
33,28,2024-04-01 13:22:46+01:00,1589.63,
34,111,2023-07-06 21:58:21+00:00,493.26,
35,171,2023-12-27 10:25:44+01:00,626.56,4
36,54,2024-01-07 18:38:41+01:00,2145.65,
37,193,2023-09-29 21:19:14+02:00,421.68,
38,157,2024-08-09 02:29:26+00:00,1602.13,7
39,179,2024-02-21 14:03:35+02:00,3041.8,2
40,41,2024-06-15 15:28:16+02:00,2544.64,5
41,139,2023-07-12 04:09:14+01:00,622.65,4
42,85,2024-03-04 14:26:03+02:00,1439.87,7
43,125,2023-09-21 08:27:31+02:00,500.65,
44,165,2024-01-06 04:55:29+02:00,1106.82,
45,21,2024-01-27 00:47:34+02:00,129.68,6
46,52,2024-08-03 00:39:09+02:00,75.6,
47,120,2024-05-24 08:49:23+02:00,1130.62,2
48,148,2024-05-12 12:25:45+02:00,106.79,
49,89,2024-02-28 13:42:23+02:00,55.14,6
50,28,2024-01-08 11:40:57+01:00,2202.59,7
51,112,2024-07-27 23:37:17+01:00,1485.49,2
52,127,2024-08-09 10:11:31+02:00,3135.93,
53,62,2024-06-03 13:31:35+02:00,5107.37,8
54,122,2024-03-10 16:22:27+00:00,2921.36,6
55,191,2024-03-01 22:11:12+02:00,2988.41,5
56,182,2024-02-29 04:17:02+02:00,1894.6,3
57,48,2023-06-27 08:55:30+02:00,6399.92,7
58,31,2024-03-12 13:38:38+00:00,625.59,
59,68,2024-05-04 02:10:15+02:00,344.51,3
60,177,2024-03-31 15:18:02+02:00,13322.29,
61,30,2024-03-05 07:41:09+01:00,713.44,2
62,153,2024-06-18 18:58:18+01:00,2560.64,
63,154,2023-06-21 13:47:20+00:00,148.26,
64,196,2024-05-10 08:36:02+02:00,1064.58,
65,105,2023-11-18 10:42:06+02:00,3869.89,
66,83,2023-07-30 12:55:32+02:00,4452.25,9
67,53,2023-10-15 17:08:59+01:00,2539.13,
68,58,2024-08-04 03:29:07+00:00,2501.07,8
69,117,2024-03-09 04:24:12+00:00,1741.22,3
70,88,2024-07-08 16:17:52+02:00,956.55,
71,86,2024-03-09 17:24:29+01:00,4325.64,4
72,10,2023-08-04 16:37:21+02:00,2509.06,8
73,4,2024-06-04 04:26:55+00:00,3261.07,2
74,139,2023-06-19 19:04:15+00:00,397.58,5
75,114,2023-08-25 22:19:57+02:00,158.34,
76,96,2024-01-07 04:15:33+01:00,1096.4,3
77,128,2024-03-25 04:14:29+00:00,3829.36,
78,89,2024-03-27 09:40:27+00:00,18158.38,
79,147,2023-12-01 18:18:44+01:00,7294.78,
80,57,2024-04-21 06:39:16+00:00,90.07,3
81,113,2023-06-18 18:23:46+02:00,1365.0,
82,136,2024-02-12 08:53:10+01:00,2106.34,8
83,174,2024-06-05 21:25:54+00:00,2212.67,
84,164,2023-12-08 03:43:14+01:00,2203.03,
85,78,2024-02-08 03:06:15+00:00,21278.5,
86,72,2023-06-17 22:23:13+01:00,1702.17,
87,16,2023-12-21 08:12:07+01:00,2224.31,
88,33,2024-07-07 18:13:04+00:00,1601.28,
89,71,2024-08-13 04:08:34+01:00,353.64,2
90,92,2024-07-09 07:37:20+02:00,456.4,
91,135,2023-07-29 23:04:30+01:00,2693.06,9
92,103,2024-01-05 21:06:31+00:00,437.56,2
93,17,2023-08-04 08:39:40+00:00,283.44,6
94,111,2024-01-18 07:26:21+01:00,1035.88,
95,81,2024-05-06 08:23:09+00:00,73.77,2
96,111,2023-07-20 23:47:23+02:00,2325.63,10
97,27,2024-03-22 16:13:09+00:00,620.52,
98,30,2024-06-25 08:36:14+01:00,2379.46,10
99,47,2024-08-19 04:36:42+01:00,201.86,
100,97,2024-01-01 14:21:10+01:00,689.09,
101,173,2023-07-12 08:28:42+01:00,2474.18,
102,73,2024-05-13 21:37:31+00:00,188.39,1
103,78,2023-09-17 04:48:16+01:00,308.96,
104,45,2023-08-06 12:34:45+02:00,170.88,6
105,112,2023-06-10 14:58:04+01:00,14083.62,10
106,177,2023-12-03 02:27:54+02:00,1132.88,
107,131,2024-04-20 03:33:32+02:00,641.57,6
108,45,2024-04-04 04:48:48+00:00,863.12,
109,18,2024-01-27 14:40:19+01:00,2131.96,6
110,158,2024-03-31 16:24:29+00:00,18303.84,1
111,88,2024-05-31 02:32:41+02:00,2004.88,
112,105,2024-07-01 10:43:38+02:00,268.62,6
113,143,2024-05-13 12:18:16+00:00,578.27,10
114,80,2024-05-01 22:42:25+02:00,10985.28,2
115,131,2023-12-03 00:23:19+02:00,2376.12,6
116,170,2023-11-20 19:08:38+01:00,1347.78,
117,94,2024-05-12 23:15:28+00:00,3998.83,
118,119,2024-06-28 09:49:24+00:00,449.79,3
119,96,2024-03-10 03:45:54+00:00,290.37,5
120,116,2024-02-18 04:53:27+02:00,2511.88,4
121,21,2023-12-09 07:01:20+02:00,220.54,6
122,179,2024-07-30 04:48:45+01:00,82.03,
123,66,2023-09-19 04:35:46+00:00,792.82,2
124,164,2024-07-11 19:29:04+02:00,9007.44,8
125,62,2024-03-19 13:11:42+00:00,3441.61,
126,12,2024-04-21 12:23:16+00:00,347.84,
127,188,2024-05-02 20:06:49+00:00,950.14,6
128,200,2024-05-16 14:44:30+00:00,6222.35,
129,52,2023-06-23 06:56:02+01:00,1743.37,9
130,168,2023-11-17 08:07:51+01:00,1735.95,
131,22,2024-06-07 13:05:27+00:00,1225.94,3
132,177,2024-01-14 11:28:02+00:00,11771.01,6
133,9,2023-08-04 02:15:49+00:00,1527.3,
134,147,2023-08-10 16:23:25+01:00,700.54,4
135,128,2024-02-21 12:58:35+02:00,1039.11,
136,35,2024-08-10 02:28:11+00:00,778.29,
137,182,2023-07-04 17:34:18+01:00,1148.45,3
138,127,2023-06-14 11:35:36+01:00,43937.34,
139,82,2024-04-24 02:28:29+00:00,1578.82,3
140,83,2024-05-29 07:22:33+01:00,1844.94,5
141,158,2024-02-29 02:32:41+02:00,116.13,10
142,21,2023-06-24 20:49:36+01:00,632.39,10
143,77,2024-01-19 02:44:03+02:00,2461.5,
144,34,2024-06-24 11:32:35+02:00,1448.35,
145,99,2024-08-16 19:26:15+02:00,931.6,10
146,128,2023-06-12 02:25:32+01:00,2382.4,4
147,35,2023-10-14 23:23:48+01:00,5446.89,
148,130,2024-01-17 17:17:52+00:00,1026.81,2
149,143,2023-12-05 04:12:38+00:00,136.38,
150,36,2024-05-31 10:51:30+00:00,8037.44,
151,122,2024-07-22 00:23:21+00:00,2908.04,
152,44,2024-02-24 20:46:39+01:00,457.05,
153,5,2024-01-12 10:26:09+01:00,6023.3,7
154,118,2024-02-28 10:34:22+00:00,16095.39,5
155,177,2024-05-26 15:20:30+01:00,956.78,5
156,198,2024-07-16 04:18:02+01:00,631.89,2
157,144,2024-05-22 08:08:06+00:00,1585.94,4
158,14,2023-07-22 13:21:45+01:00,1572.22,
159,168,2024-08-24 15:30:41+02:00,346.44,5
160,107,2024-08-02 05:59:58+02:00,1579.29,7
161,117,2024-04-24 17:33:31+02:00,9885.44,8
162,184,2023-09-04 00:47:21+01:00,11999.6,4
163,103,2024-05-08 03:11:08+01:00,805.16,
164,115,2024-06-20 08:21:19+00:00,3095.38,1
165,41,2023-12-25 21:32:59+00:00,1278.77,2
166,117,2024-06-17 19:23:26+00:00,1671.14,8
167,147,2024-03-01 04:10:20+00:00,408.98,
168,15,2024-01-19 04:32:26+01:00,1013.99,9
169,109,2023-11-24 22:04:34+02:00,1338.0,2
170,115,2024-08-19 12:24:05+00:00,1151.63,9
171,136,2023-08-05 23:14:53+02:00,699.23,5
172,40,2023-10-20 06:59:56+00:00,3393.45,1
173,63,2024-06-14 01:25:28+02:00,275.05,1
174,148,2024-04-02 21:52:20+02:00,1286.83,
175,71,2023-07-02 17:37:56+00:00,2153.15,7
176,97,2023-09-03 17:30:15+02:00,1095.84,
177,143,2024-02-27 04:24:15+01:00,510.96,
178,24,2024-03-01 23:53:12+02:00,8480.08,
179,55,2023-09-06 23:07:47+01:00,1227.28,10
180,98,2024-01-25 17:41:22+01:00,3952.75,
181,145,2024-08-16 07:47:09+02:00,2899.82,
182,141,2024-05-01 21:21:16+01:00,1007.33,8
183,20,2024-07-23 21:03:48+02:00,671.79,
184,130,2024-01-20 11:03:39+00:00,2907.69,10
185,138,2023-10-25 00:32:52+00:00,469.42,3
186,62,2023-09-07 19:33:16+01:00,16209.5,
187,168,2024-08-13 20:48:02+02:00,2808.7,
188,166,2024-07-06 10:36:54+02:00,147.08,1
189,12,2023-07-09 21:59:17+00:00,3672.25,1
190,193,2024-07-25 22:52:25+02:00,2348.6,
191,26,2024-01-10 07:53:04+01:00,2858.87,10
192,48,2024-05-14 18:42:24+02:00,7571.07,5
193,98,2024-05-30 20:09:47+01:00,100.93,
194,79,2024-01-14 11:48:17+02:00,2004.36,
195,7,2023-07-16 11:35:05+00:00,2023.73,6
196,44,2023-08-11 08:19:17+01:00,3328.77,
197,124,2024-07-05 02:23:16+02:00,8029.36,8
198,113,2023-11-19 13:52:52+00:00,870.31,3
199,82,2023-10-28 23:44:40+01:00,22799.41,4
200,152,2024-03-06 05:43:49+00:00,3487.07,
201,62,2023-10-08 21:09:45+01:00,548.18,2
202,28,2024-06-28 07:42:42+01:00,4114.29,
203,131,2024-06-17 16:35:37+00:00,483.85,8
204,124,2023-07-24 09:26:58+02:00,1599.54,
205,53,2024-02-22 15:22:30+02:00,1459.92,
206,174,2024-07-14 05:59:47+02:00,4476.51,9
207,60,2024-07-13 12:40:11+02:00,2723.74,7
208,72,2024-06-20 22:51:50+02:00,480.08,9
209,30,2023-10-13 21:55:31+00:00,2490.32,6
210,81,2023-07-31 07:19:07+02:00,956.12,
211,148,2023-12-14 13:11:31+00:00,1746.11,3
212,125,2023-08-09 06:52:24+00:00,1387.97,8
213,75,2023-06-17 08:14:34+01:00,2467.05,
214,139,2024-07-26 01:48:46+01:00,691.01,7
215,9,2024-01-17 08:22:55+02:00,261.94,
216,189,2024-03-28 22:22:55+00:00,860.72,7
217,146,2023-11-27 17:17:38+00:00,1107.65,
218,16,2023-10-20 20:08:44+02:00,1143.88,
219,97,2024-01-18 02:40:50+02:00,1093.93,
220,188,2024-01-21 20:42:44+01:00,849.5,9
221,141,2024-03-22 04:36:54+01:00,805.32,1
222,5,2023-08-03 05:28:29+02:00,1019.58,7
223,24,2024-05-01 11:16:05+01:00,142.66,3
224,186,2024-05-24 07:27:41+02:00,248.09,1
225,133,2024-05-14 14:00:00+00:00,649.66,
226,123,2023-07-07 07:24:05+00:00,698.22,2
227,18,2024-02-27 18:00:39+00:00,1224.71,
228,26,2023-08-11 03:37:46+01:00,2459.25,
229,169,2024-08-22 09:13:33+00:00,812.92,7
230,128,2024-04-22 19:04:33+02:00,290.68,6
231,140,2024-05-15 05:48:30+02:00,276.93,
232,56,2023-06-21 01:50:25+00:00,4285.99,
233,131,2023-09-13 04:34:20+01:00,1197.28,2
234,30,2024-01-19 19:38:03+01:00,253.82,3
235,180,2023-06-06 05:31:22+00:00,532.34,5
236,198,2023-06-16 10:51:27+01:00,1020.89,5
237,66,2024-06-30 03:57:36+00:00,2077.27,4
238,10,2024-03-10 22:47:41+01:00,1825.64,
239,147,2023-12-08 03:32:43+02:00,3910.8,
240,95,2023-09-11 09:36:50+01:00,768.64,4
241,7,2023-09-28 17:22:40+00:00,14502.27,6
242,27,2023-09-14 16:15:26+01:00,2857.91,3
243,192,2023-07-14 18:06:32+02:00,24.34,7
244,112,2024-05-05 04:15:18+01:00,1457.71,7
245,35,2024-07-04 18:06:09+02:00,1932.89,
246,119,2023-10-14 03:05:10+00:00,1370.73,
247,67,2024-07-24 05:01:25+01:00,390.15,9
248,32,2023-06-07 01:53:49+02:00,692.62,
249,166,2024-01-14 04:05:57+01:00,4943.51,
250,175,2024-01-05 05:22:13+02:00,18350.66,
251,23,2023-10-22 12:08:26+02:00,236.52,9
252,123,2024-03-05 15:22:58+00:00,1289.31,7
253,15,2024-07-19 15:33:22+00:00,387.94,3
254,69,2024-02-29 23:03:48+02:00,929.97,7
255,181,2024-05-24 11:36:36+02:00,1470.38,4
256,155,2023-09-21 00:33:30+02:00,3875.67,
257,135,2024-08-14 11:04:23+00:00,1260.72,7
258,182,2024-03-14 22:56:59+00:00,1174.57,4
259,155,2023-11-10 19:14:40+00:00,4302.35,
260,182,2024-05-09 20:46:56+01:00,5362.36,
261,185,2023-06-01 01:24:28+00:00,5882.78,
262,140,2023-12-10 03:53:30+00:00,6815.98,4
263,6,2023-11-11 08:06:04+01:00,2010.11,
264,168,2023-08-24 19:56:27+02:00,1989.9,
265,61,2023-07-20 01:25:36+00:00,94.84,3
266,110,2023-07-15 09:52:42+00:00,700.54,4
267,44,2024-04-22 09:05:30+02:00,4995.57,
268,95,2023-09-04 14:02:16+01:00,151.02,
269,193,2024-05-22 21:06:05+00:00,13295.0,
270,21,2023-12-20 22:02:32+00:00,647.45,10
271,21,2024-05-15 13:12:52+00:00,22459.3,
272,180,2024-04-15 18:33:50+01:00,75.36,
273,145,2024-07-04 03:50:18+00:00,18825.24,7
274,71,2023-12-24 04:39:38+00:00,3709.46,1
275,78,2023-11-07 08:53:31+00:00,746.64,4
276,187,2023-12-31 19:41:05+02:00,2104.6,
277,35,2024-07-04 16:56:36+02:00,5619.36,
278,13,2023-12-02 22:12:17+01:00,1593.78,9
279,151,2024-03-09 11:22:10+01:00,2901.59,2
280,166,2023-09-24 21:13:17+00:00,1249.68,
281,34,2024-04-27 05:38:51+02:00,51393.36,
282,174,2024-02-22 19:25:37+02:00,1757.42,
283,87,2023-10-20 20:20:55+01:00,1256.22,
284,170,2023-11-11 21:08:46+02:00,7520.02,5
285,186,2024-05-31 07:43:34+00:00,500.9,6
286,175,2023-11-19 20:05:14+01:00,3165.67,
287,31,2024-01-27 01:55:40+00:00,958.24,10
288,129,2023-08-01 21:24:33+01:00,597.63,
289,146,2024-01-21 04:20:55+00:00,2175.06,
290,162,2023-08-30 10:40:03+02:00,611.66,
291,196,2024-07-04 02:08:39+01:00,704.19,7
292,194,2024-07-31 16:12:01+00:00,608.15,
293,27,2023-12-14 16:37:19+02:00,124.26,
294,117,2024-06-07 16:38:33+01:00,790.35,
295,43,2024-07-20 12:01:14+02:00,706.74,3
296,94,2024-05-30 20:50:02+01:00,3499.83,5
297,180,2023-08-18 06:44:43+00:00,984.83,
298,30,2024-07-06 03:31:12+00:00,8476.47,
299,11,2024-03-07 15:58:13+00:00,106.68,6
300,147,2024-05-08 15:09:05+00:00,305.68,
301,117,2023-10-30 08:29:03+02:00,915.91,1
302,3,2024-08-10 04:42:41+02:00,1964.35,
303,117,2023-10-18 12:44:54+01:00,332.84,3
304,41,2023-07-24 13:58:37+01:00,220.12,8
305,124,2024-02-05 03:56:26+01:00,1101.44,
306,111,2024-05-04 23:15:30+01:00,120.89,7
307,130,2024-08-08 15:54:31+02:00,4263.63,
308,61,2023-07-11 14:28:51+00:00,1997.82,
309,10,2024-03-12 17:00:52+02:00,1479.68,10
310,14,2024-07-23 07:54:29+01:00,3435.14,10
311,141,2024-02-23 11:44:06+02:00,889.8,8
312,49,2023-08-01 12:13:29+02:00,2042.04,2
313,142,2024-01-08 18:30:59+00:00,1960.27,3
314,88,2023-10-29 14:51:08+02:00,1494.98,
315,182,2024-04-28 05:32:34+00:00,1108.33,2
316,4,2024-02-23 03:01:24+02:00,265.14,
317,193,2024-07-07 05:18:43+01:00,267.88,
318,193,2024-03-04 01:22:52+01:00,3356.56,
319,176,2023-11-08 17:03:00+00:00,1383.74,
320,48,2023-08-28 23:32:07+01:00,15388.12,
321,85,2024-01-25 22:59:09+02:00,3264.58,
322,135,2023-09-21 05:33:04+00:00,2146.35,
323,56,2024-06-20 19:33:30+00:00,396.54,1
324,62,2024-04-24 19:58:39+02:00,2436.72,6
325,125,2023-06-23 09:57:41+02:00,468.34,
326,198,2024-03-02 17:00:40+02:00,393.12,
327,166,2024-07-23 02:47:43+02:00,19226.03,
328,143,2023-07-07 18:52:14+01:00,22640.19,
329,194,2024-06-16 18:02:44+02:00,8613.22,
330,41,2024-02-29 07:08:47+01:00,582.66,9
331,11,2023-06-03 18:38:25+00:00,1712.6,2
332,48,2023-09-22 19:53:16+02:00,7328.76,
333,85,2023-11-30 04:42:41+02:00,5102.71,
334,110,2023-08-26 00:20:15+02:00,4135.96,7
335,92,2024-07-01 09:31:35+02:00,3952.73,
336,149,2024-03-23 12:49:37+02:00,3098.18,9
337,58,2024-06-30 18:46:54+01:00,1443.18,
338,41,2023-08-31 18:36:42+02:00,2182.11,8
339,95,2023-09-28 01:42:13+00:00,670.02,6
340,149,2024-03-05 18:11:24+00:00,42101.94,
341,155,2023-06-04 16:56:08+01:00,3793.53,
342,55,2023-08-16 05:10:23+00:00,2776.81,2
343,173,2024-02-01 15:13:37+02:00,303.32,7
344,33,2024-03-20 18:10:08+00:00,299.76,10
345,133,2023-12-25 19:36:40+02:00,602.06,5
346,156,2024-01-28 15:10:14+01:00,946.54,10
347,117,2024-04-01 18:04:14+01:00,2711.1,
348,134,2024-08-14 16:43:26+02:00,827.08,3
349,199,2024-05-13 20:27:33+01:00,310.52,
350,59,2024-07-15 15:50:49+01:00,1949.47,
351,49,2023-06-03 22:47:50+02:00,10554.21,2
352,67,2024-08-11 17:27:36+01:00,8028.96,7
353,95,2024-03-13 17:30:16+01:00,902.39,7
354,26,2023-09-18 16:25:50+01:00,331.85,10
355,163,2023-06-03 02:52:09+01:00,1711.25,7
356,57,2023-12-07 02:38:02+00:00,2392.82,
357,169,2024-07-16 16:18:12+02:00,1885.98,9
358,91,2024-05-08 12:25:37+02:00,801.82,2
359,186,2024-07-29 17:58:37+01:00,1583.31,
360,45,2023-12-26 16:06:35+02:00,124.34,6
361,138,2024-07-21 18:16:44+01:00,1633.76,10
362,18,2023-12-13 20:50:14+00:00,806.96,6
363,103,2024-05-10 23:52:21+02:00,1705.46,3
364,189,2023-09-11 07:47:15+01:00,2956.04,
365,31,2023-07-11 21:42:31+00:00,5598.64,
366,57,2024-06-19 18:08:03+00:00,1537.37,8
367,4,2024-05-11 06:24:37+02:00,2042.92,
368,128,2024-01-04 06:26:44+01:00,31321.15,
369,61,2024-03-11 13:54:24+02:00,2192.28,
370,128,2023-08-08 20:33:34+00:00,918.8,
371,16,2023-09-19 08:30:53+00:00,1629.3,
372,106,2023-08-02 11:55:43+00:00,7606.12,
373,119,2024-04-19 04:55:10+00:00,22756.04,6
374,82,2024-04-30 09:45:17+00:00,3503.74,5
375,187,2023-09-29 21:16:47+00:00,276.12,4
376,122,2024-03-07 01:01:49+01:00,300.7,2
377,22,2024-05-01 12:19:14+02:00,1367.84,8
378,9,2024-05-05 11:55:58+01:00,2280.68,8
379,124,2024-03-03 07:51:05+01:00,2648.29,
380,121,2024-02-29 00:44:59+01:00,1442.98,8
381,49,2023-12-28 17:27:25+02:00,2415.17,
382,167,2024-06-15 17:51:17+01:00,123.68,
383,75,2023-07-27 20:29:39+01:00,1966.82,
384,69,2023-08-04 22:28:46+02:00,288.72,
385,108,2023-11-07 15:23:29+00:00,31.76,6
386,69,2024-07-02 12:04:34+01:00,1478.1,
387,64,2024-06-12 01:12:29+00:00,1254.46,9
388,41,2024-04-18 23:02:47+00:00,1609.89,5
389,84,2023-06-08 05:50:17+00:00,2556.92,
390,96,2024-06-29 02:15:10+01:00,1943.33,
391,143,2024-07-08 20:48:22+01:00,1578.31,1
392,49,2024-03-17 05:34:22+01:00,1439.7,5
393,1,2024-07-02 20:32:24+00:00,106.92,
394,83,2024-06-04 02:42:34+01:00,3396.59,
395,134,2024-05-03 02:02:53+02:00,2507.07,
396,125,2023-09-07 03:02:36+00:00,23283.86,8
397,164,2023-07-02 11:35:47+01:00,8479.04,1
398,137,2023-12-15 06:12:33+00:00,798.4,
399,173,2024-01-21 22:42:27+02:00,1194.22,
400,137,2024-04-03 14:59:22+01:00,2189.56,6
401,197,2024-03-08 23:16:23+01:00,17556.46,
402,57,2023-09-18 10:01:49+00:00,45088.42,9
403,94,2024-03-25 07:14:16+01:00,693.98,
404,153,2024-04-24 09:02:46+00:00,130.5,
405,112,2023-12-31 03:55:49+02:00,41.36,10
406,79,2024-02-24 01:20:34+00:00,5389.49,
407,38,2023-08-07 10:05:30+00:00,1204.4,9
408,144,2023-09-10 15:25:41+00:00,8462.55,
409,109,2023-12-05 11:12:20+01:00,1093.28,1
410,60,2023-09-11 21:23:09+00:00,559.88,2
411,74,2023-06-08 10:44:51+02:00,8465.07,
412,160,2024-06-08 04:44:44+00:00,4219.62,
413,168,2023-06-05 02:24:42+01:00,64.36,6
414,167,2023-12-15 07:24:32+00:00,1269.84,
415,144,2024-05-30 00:02:15+00:00,748.87,
416,129,2023-10-20 01:40:16+01:00,3530.06,1
417,62,2024-03-20 04:27:19+00:00,3908.88,
418,198,2023-08-14 20:59:36+02:00,2267.13,
419,114,2024-06-16 20:59:47+01:00,1139.89,
420,196,2024-04-09 19:17:38+00:00,850.96,10
421,177,2024-07-04 15:08:32+00:00,2190.3,
422,50,2023-09-24 01:26:48+02:00,2501.95,7
423,113,2024-08-17 19:31:44+01:00,16703.71,4
424,117,2024-07-28 01:56:15+00:00,4899.94,1
425,43,2024-01-03 09:39:58+02:00,1131.17,3
426,83,2024-01-17 00:11:29+00:00,902.19,4
427,163,2023-12-03 02:33:45+01:00,1854.58,9
428,46,2024-06-28 22:03:26+01:00,2298.69,
429,118,2024-02-10 15:34:51+02:00,572.08,8
430,114,2023-07-11 19:38:00+02:00,1366.33,5
431,171,2024-03-22 19:19:21+02:00,2265.64,
432,24,2024-06-28 09:20:23+01:00,18692.58,7
433,157,2023-06-30 03:36:46+00:00,3689.75,2
434,127,2024-07-18 05:56:39+02:00,131.95,4
435,120,2024-04-16 03:47:54+02:00,2276.24,7
436,66,2024-07-09 02:19:19+00:00,133.7,1
437,102,2024-06-05 18:39:01+02:00,2130.24,
438,161,2024-01-22 17:57:21+01:00,624.18,7
439,145,2024-06-06 21:20:35+00:00,26727.27,
440,48,2024-03-31 03:55:50+01:00,1116.52,6
441,23,2024-02-10 07:23:28+01:00,933.41,
442,114,2024-02-15 00:51:30+00:00,13813.47,
443,133,2024-05-12 04:13:46+02:00,17290.64,
444,6,2024-03-22 09:40:57+02:00,2608.01,
445,172,2023-07-31 08:09:10+01:00,7360.28,
446,147,2023-10-04 05:04:19+00:00,3761.27,9
447,23,2024-01-05 12:11:45+00:00,910.78,8
448,25,2024-01-20 09:43:41+00:00,2209.42,8
449,101,2023-09-02 22:58:42+01:00,10620.42,6
450,44,2023-10-23 11:38:36+02:00,118.77,7
451,78,2024-02-28 14:25:37+01:00,459.24,
452,17,2023-11-22 06:52:44+00:00,799.92,
453,152,2024-04-01 14:20:35+02:00,18133.99,3
454,166,2024-05-04 01:05:13+02:00,667.04,1
455,158,2024-03-22 14:12:13+00:00,1822.51,5
456,95,2024-03-08 01:00:45+00:00,184.9,6
457,61,2024-01-08 22:37:25+00:00,12554.86,
458,49,2024-03-11 12:53:59+01:00,1115.58,3
459,185,2024-02-05 21:27:08+02:00,1448.57,
460,58,2023-09-04 13:38:00+00:00,617.02,
461,9,2023-06-20 18:30:45+01:00,4211.97,
462,121,2024-04-18 23:42:42+02:00,2976.33,9
463,91,2024-07-13 09:18:10+02:00,766.78,10
464,169,2023-10-28 23:39:01+01:00,291.0,
465,34,2024-04-11 08:17:54+01:00,452.34,
466,169,2024-01-15 11:51:11+01:00,3159.02,4
467,193,2023-12-29 12:15:42+01:00,493.22,3
468,194,2024-07-24 03:03:10+01:00,3104.4,
469,68,2023-08-14 16:55:27+02:00,4917.61,
470,86,2023-10-17 08:51:06+01:00,3448.06,7
471,18,2023-06-07 13:06:33+02:00,417.18,6
472,7,2024-04-13 02:03:38+00:00,31220.44,4
473,120,2024-05-04 02:40:29+01:00,7126.7,6
474,86,2023-07-01 08:52:16+02:00,2358.38,
475,158,2024-04-25 03:58:28+00:00,2984.65,
476,147,2024-06-07 08:49:28+02:00,157.57,3
477,69,2023-08-17 22:21:57+01:00,1156.39,9
478,32,2024-03-17 17:59:22+01:00,287.65,7
479,137,2024-08-10 10:05:53+01:00,165.12,5
480,170,2023-09-06 09:44:24+02:00,555.64,6
481,126,2023-12-17 02:50:34+00:00,2429.0,
482,168,2024-05-07 16:29:43+00:00,23629.84,
483,4,2023-08-28 20:03:57+01:00,3877.28,2
484,110,2023-11-20 23:43:25+01:00,1299.61,
485,37,2024-06-22 13:10:44+01:00,207.09,8
486,162,2024-04-09 12:49:10+02:00,120.16,2
487,23,2024-05-27 20:37:56+01:00,3866.98,
488,157,2024-05-20 01:38:11+00:00,241.14,
489,108,2023-06-03 17:15:12+02:00,2152.23,2
490,39,2024-05-16 15:31:11+02:00,144.34,1
491,54,2024-01-09 08:21:39+01:00,2882.02,
492,41,2024-07-07 00:31:32+02:00,779.01,
493,51,2024-06-17 21:57:20+02:00,578.37,6
494,97,2023-09-21 02:30:37+01:00,2087.96,
495,185,2023-09-08 20:22:17+02:00,34.9,
496,72,2023-08-09 03:54:29+01:00,1465.9,
497,106,2024-08-12 16:31:55+02:00,1079.06,8
498,149,2023-09-22 18:09:58+00:00,142.61,7
499,188,2024-06-28 16:02:27+00:00,469.56,
500,62,2023-07-13 17:48:00+00:00,256.2,4
501,635,2025-03-24 15:53:50+02:00,3553.54,
502,965,2025-12-31 23:24:07+02:00,1116.15,
503,574,2025-10-16 02:14:00+02:00,1805.32,
504,800,2025-06-19 21:38:38+02:00,1155.00,
505,348,2025-12-07 18:40:27+02:00,1923.16,
506,465,2025-01-31 23:56:49+02:00,2101.16,
507,930,2025-01-02 05:58:42+02:00,198.03,13
508,972,2025-08-17 06:30:23+02:00,3697.83,
509,813,2025-11-13 07:42:03+02:00,805.74,
510,151,2025-02-09 18:26:11+02:00,4049.58,19
511,27,2025-05-02 18:46:26+02:00,633.21,
512,814,2025-09-09 22:57:56+02:00,1275.20,11
513,887,2025-06-30 20:59:29+02:00,1512.75,
514,467,2025-03-06 17:54:39+02:00,1970.52,
515,715,2025-01-15 23:08:46+02:00,5648.87,
516,572,2025-07-24 20:29:55+02:00,1358.56,
517,278,2025-03-16 12:28:03+02:00,744.45,16
518,919,2025-02-08 21:25:13+02:00,691.99,
519,892,2025-04-14 13:37:45+02:00,11927.00,
520,760,2025-11-10 09:26:53+02:00,3537.05,
521,395,2025-01-16 07:36:55+02:00,686.60,
522,272,2025-01-15 08:00:52+02:00,7231.31,
523,169,2025-08-02 12:15:21+02:00,1243.28,
524,114,2025-05-18 05:42:55+02:00,2211.92,
525,421,2025-12-12 07:47:32+02:00,773.74,27
526,646,2025-01-29 13:29:23+02:00,639.33,16
527,356,2025-08-12 05:00:12+02:00,3657.64,14
528,459,2025-02-05 19:15:45+02:00,4745.78,
529,806,2025-06-18 18:21:10+02:00,3378.55,17
530,843,2025-03-17 17:39:22+02:00,1515.60,
531,476,2025-01-07 17:37:20+02:00,772.51,
532,146,2025-08-02 12:32:13+02:00,1055.16,
533,513,2025-01-29 09:48:14+02:00,10367.06,
534,503,2025-07-14 20:19:51+02:00,601.12,28
535,390,2025-08-11 13:58:37+02:00,3306.44,
536,393,2025-11-06 16:11:26+02:00,1401.03,
537,218,2025-04-29 10:07:43+02:00,1030.62,
538,797,2025-06-27 22:43:13+02:00,2425.19,
539,394,2025-02-10 00:51:06+02:00,1053.16,20
540,67,2025-06-20 06:10:27+02:00,1946.28,
541,17,2025-12-08 20:24:40+02:00,470.28,19
542,123,2025-01-29 19:58:44+02:00,1128.23,
543,264,2025-02-28 13:10:03+02:00,5319.95,
544,939,2025-09-26 21:48:11+02:00,3568.05,
545,197,2025-11-22 21:54:37+02:00,8526.19,
546,123,2025-02-17 08:51:21+02:00,683.27,
547,756,2025-08-22 07:11:27+02:00,2266.82,
548,487,2025-11-23 09:13:50+02:00,1015.45,23
549,81,2025-12-05 15:32:44+02:00,2120.88,
550,148,2025-01-29 15:25:50+02:00,437.94,
551,248,2025-08-04 03:17:16+02:00,1220.55,17
552,980,2025-11-03 14:35:26+02:00,934.29,18
553,86,2025-05-31 10:36:04+02:00,513.58,29
554,514,2025-12-12 18:54:02+02:00,6377.80,
555,363,2025-10-28 21:45:37+02:00,1356.22,13
556,72,2025-05-10 03:08:57+02:00,5279.17,
557,183,2025-02-06 14:25:28+02:00,2462.55,
558,473,2025-11-18 10:22:39+02:00,216.70,21
559,763,2025-12-23 15:33:51+02:00,444.80,
560,778,2025-12-15 09:17:09+02:00,3029.53,
561,871,2025-08-15 04:55:14+02:00,1537.92,
562,563,2025-10-14 16:50:35+02:00,131.13,16
563,299,2025-04-05 14:21:25+02:00,3585.18,
564,275,2025-07-04 22:56:16+02:00,10961.33,
565,8,2025-11-12 02:57:45+02:00,5775.60,
566,15,2025-06-27 16:20:47+02:00,3449.54,
567,293,2025-11-15 08:39:58+02:00,1460.33,19
568,227,2025-07-10 05:25:05+02:00,688.99,
569,517,2025-12-24 07:00:47+02:00,2232.75,30
570,461,2025-02-16 06:32:16+02:00,918.34,
571,222,2025-01-21 03:18:26+02:00,3963.14,
572,429,2025-02-12 16:23:06+02:00,1053.47,13
573,794,2025-07-22 16:01:34+02:00,13644.29,11
574,777,2025-09-21 03:05:02+02:00,1877.62,
575,470,2025-02-04 13:14:15+02:00,834.47,20
576,181,2025-07-24 14:47:18+02:00,1306.20,
577,24,2025-01-30 07:17:06+02:00,864.59,15
578,315,2025-03-08 14:59:22+02:00,1667.80,
579,398,2025-06-12 23:44:56+02:00,377.99,
580,918,2025-02-04 01:04:58+02:00,1546.52,
581,601,2025-06-20 01:58:00+02:00,1039.72,11
582,251,2025-03-21 06:50:53+02:00,23553.17,
583,922,2025-01-31 05:30:46+02:00,10557.74,
584,451,2025-07-28 19:44:57+02:00,1219.49,
585,808,2025-02-18 21:01:48+02:00,1869.69,
586,753,2025-01-17 20:14:52+02:00,896.96,
587,378,2025-06-09 22:44:42+02:00,1223.10,
588,967,2025-07-19 03:18:19+02:00,1738.56,
589,630,2025-05-17 10:23:13+02:00,858.10,13
590,705,2025-09-02 12:13:37+02:00,2478.91,
591,421,2025-03-26 07:26:04+02:00,687.82,21
592,852,2025-06-23 05:36:09+02:00,1369.97,
593,28,2025-12-22 08:40:45+02:00,1750.16,
594,7,2025-12-03 16:50:28+02:00,2544.14,
595,67,2025-05-13 03:13:45+02:00,577.67,
596,810,2025-08-12 06:17:51+02:00,395.70,
597,922,2025-01-19 20:01:38+02:00,998.00,
598,796,2025-10-17 02:21:21+02:00,261.43,
599,95,2025-12-11 21:54:06+02:00,5014.68,
600,579,2025-04-25 01:12:48+02:00,17798.40,
601,171,2025-06-27 15:03:44+02:00,2459.64,
602,431,2025-01-28 12:18:59+02:00,352.20,
603,767,2025-06-29 06:10:51+02:00,6090.76,
604,453,2025-04-09 16:52:11+02:00,758.83,
605,621,2025-07-15 11:16:03+02:00,705.17,
606,871,2025-05-20 15:49:10+02:00,5103.30,
607,506,2025-08-09 00:45:37+02:00,499.60,
608,866,2025-11-14 02:31:03+02:00,20962.51,
609,177,2025-10-21 11:31:57+02:00,1814.90,
610,282,2025-03-25 08:23:43+02:00,1809.65,
611,775,2025-01-08 07:53:37+02:00,766.69,
612,843,2025-05-12 11:44:00+02:00,2197.82,
613,146,2025-09-18 21:49:49+02:00,621.42,20
614,989,2025-03-10 18:05:57+02:00,372.14,20
615,214,2025-09-02 07:27:25+02:00,642.57,
616,37,2025-01-21 21:35:17+02:00,483.76,24
617,853,2025-08-12 18:18:09+02:00,576.74,
618,406,2025-12-09 22:38:20+02:00,1951.23,
619,863,2025-08-25 11:30:43+02:00,1307.42,
620,232,2025-10-07 14:19:23+02:00,1608.37,
621,892,2025-01-04 11:40:25+02:00,3204.10,
622,922,2025-10-20 04:21:23+02:00,3327.94,
623,412,2025-02-25 19:01:28+02:00,1424.76,
624,604,2025-11-21 19:37:38+02:00,1061.97,27
625,205,2025-10-07 14:08:20+02:00,431.83,14
626,824,2025-10-24 21:37:01+02:00,16767.14,12
627,301,2025-05-25 03:51:51+02:00,1141.58,16
628,632,2025-06-19 14:05:52+02:00,2150.44,
629,413,2025-01-13 19:14:28+02:00,644.51,22
630,764,2025-04-26 18:42:09+02:00,11791.67,
631,145,2025-06-23 20:46:13+02:00,504.74,20
632,724,2025-02-14 16:05:10+02:00,2416.71,
633,846,2025-04-13 05:36:26+02:00,1441.76,
634,698,2025-03-30 19:32:19+02:00,3144.71,30
635,989,2025-10-31 21:52:58+02:00,1341.10,16
636,878,2025-08-04 04:41:30+02:00,11104.89,
637,543,2025-01-30 03:45:34+02:00,1744.28,
638,889,2025-12-04 15:29:53+02:00,7712.02,
639,669,2025-05-28 23:43:41+02:00,683.75,24
640,927,2025-02-14 16:57:58+02:00,3038.10,
641,734,2025-05-18 07:37:33+02:00,1141.87,
642,531,2025-05-30 12:52:11+02:00,3009.22,
643,586,2025-06-16 06:01:44+02:00,1729.57,13
644,560,2025-08-29 14:41:33+02:00,2007.98,
645,250,2025-01-14 11:44:41+02:00,519.76,26
646,691,2025-06-30 04:04:01+02:00,808.15,
647,73,2025-11-27 21:04:30+02:00,2367.31,
648,641,2025-06-12 23:52:41+02:00,9999.38,
649,69,2025-07-17 15:47:27+02:00,7651.44,
650,932,2025-05-12 05:17:51+02:00,1570.19,19
651,553,2025-11-26 02:53:04+02:00,755.26,
652,320,2025-09-23 14:28:46+02:00,1949.34,
653,787,2025-04-26 14:41:00+02:00,432.44,19
654,529,2025-08-03 18:43:18+02:00,1699.13,
655,552,2025-04-19 13:37:43+02:00,6645.63,29
656,223,2025-02-21 15:34:12+02:00,6401.60,
657,215,2025-04-19 08:55:57+02:00,13439.63,
658,79,2025-08-06 02:57:20+02:00,1270.78,17
659,249,2025-08-13 18:34:13+02:00,372.44,
660,112,2025-09-15 11:56:59+02:00,2775.24,20
661,953,2025-05-12 20:43:52+02:00,677.27,
662,34,2025-01-19 10:32:11+02:00,1174.05,
663,323,2025-11-27 15:05:44+02:00,19796.64,
664,850,2025-05-11 22:49:06+02:00,972.88,11
665,536,2025-09-29 08:03:19+02:00,1140.46,
666,239,2025-07-27 19:34:49+02:00,1189.07,
667,175,2025-06-05 00:21:16+02:00,1706.76,
668,440,2025-02-07 09:36:50+02:00,1991.44,
669,127,2025-08-30 14:15:04+02:00,2541.88,13
670,932,2025-06-25 02:19:33+02:00,387.69,
671,660,2025-02-25 10:05:19+02:00,759.48,
672,948,2025-04-23 14:44:39+02:00,348.60,
673,544,2025-08-24 18:17:31+02:00,4569.30,21
674,662,2025-12-25 14:58:05+02:00,2864.47,13
675,329,2025-02-18 10:22:37+02:00,11241.16,
676,633,2025-08-13 13:52:06+02:00,1937.49,
677,587,2025-07-11 15:51:35+02:00,2100.64,
678,214,2025-03-04 17:10:09+02:00,1899.11,
679,634,2025-03-19 22:25:33+02:00,1202.90,
680,5,2025-12-12 07:18:16+02:00,20630.80,
681,875,2025-02-16 18:43:45+02:00,6135.20,
682,210,2025-05-23 20:19:27+02:00,1193.53,
683,277,2025-08-15 01:29:54+02:00,295.16,14
684,719,2025-07-06 00:23:53+02:00,3506.46,
685,661,2025-02-18 18:57:43+02:00,9091.53,
686,190,2025-07-01 09:37:03+02:00,826.38,20
687,290,2025-06-09 18:16:23+02:00,963.83,
688,372,2025-05-17 01:39:46+02:00,13919.59,
689,175,2025-04-08 13:43:00+02:00,875.12,
690,780,2025-06-08 01:55:28+02:00,2028.61,
691,424,2025-05-19 19:39:48+02:00,2283.05,25
692,260,2025-10-17 02:39:37+02:00,1871.37,28
693,124,2025-10-01 07:10:15+02:00,11432.77,
694,161,2025-07-10 08:48:32+02:00,2357.87,
695,951,2025-10-02 11:08:46+02:00,1678.83,
696,966,2025-07-03 08:23:00+02:00,1876.18,
697,260,2025-09-13 18:04:56+02:00,6539.50,12
698,233,2025-07-22 17:40:41+02:00,39833.64,
699,939,2025-09-27 19:49:04+02:00,1063.10,
700,767,2025-05-03 12:16:27+02:00,1660.97,29
701,3,2025-03-26 21:01:28+02:00,2266.45,
702,702,2025-01-21 21:50:13+02:00,1179.05,26
703,919,2025-10-05 21:44:20+02:00,819.13,
704,419,2025-11-09 06:07:07+02:00,584.92,25
705,409,2025-05-13 23:40:07+02:00,848.50,
706,933,2025-12-28 06:09:55+02:00,1132.60,
707,968,2025-07-17 12:52:54+02:00,296.70,20
708,28,2025-03-15 20:43:42+02:00,13236.10,
709,216,2025-11-24 04:24:00+02:00,1444.17,
710,613,2025-10-20 10:15:22+02:00,2078.19,
711,40,2025-02-26 18:52:08+02:00,701.47,
712,149,2025-03-26 00:07:25+02:00,681.49,26
713,162,2025-09-07 00:40:29+02:00,3890.45,19
714,530,2025-09-15 21:12:08+02:00,542.59,
715,82,2025-02-19 08:04:04+02:00,768.57,27
716,556,2025-10-08 00:19:03+02:00,454.54,
717,579,2025-08-04 07:33:47+02:00,845.64,
718,850,2025-02-18 19:13:23+02:00,567.62,17
719,478,2025-09-01 09:50:19+02:00,5087.77,29
720,525,2025-05-26 05:48:29+02:00,5279.79,
721,568,2025-04-21 15:24:26+02:00,580.82,
722,760,2025-04-28 18:22:49+02:00,583.81,
723,750,2025-07-29 15:58:34+02:00,3535.30,
724,378,2025-01-17 01:04:50+02:00,4826.54,17
725,842,2025-09-29 21:37:23+02:00,717.10,
726,291,2025-12-20 04:20:09+02:00,11122.94,
727,569,2025-11-26 10:00:03+02:00,1576.94,
728,726,2025-11-10 15:34:21+02:00,13562.64,
729,502,2025-05-02 16:21:54+02:00,1172.94,16
730,54,2025-12-13 03:31:16+02:00,4060.45,
731,641,2025-12-08 07:43:33+02:00,1046.43,15
732,617,2025-03-19 19:46:59+02:00,1369.02,
733,403,2025-05-12 00:59:02+02:00,591.93,12
734,367,2025-01-29 13:13:40+02:00,802.20,
735,696,2025-11-29 12:53:02+02:00,2339.12,16
736,852,2025-06-02 10:17:13+02:00,1195.02,
737,233,2025-12-04 02:58:39+02:00,628.02,
738,966,2025-08-23 01:31:46+02:00,688.09,
739,411,2025-09-23 23:51:30+02:00,2550.50,19
740,965,2025-06-04 05:40:57+02:00,828.23,
741,67,2025-07-05 03:43:02+02:00,1488.22,28
742,809,2025-06-06 19:13:53+02:00,919.83,
743,496,2025-10-16 01:38:27+02:00,1657.60,
744,826,2025-08-06 21:38:21+02:00,257.70,
745,819,2025-01-24 03:45:12+02:00,10046.90,
746,76,2025-09-26 09:35:00+02:00,1095.14,
747,420,2025-12-08 07:43:51+02:00,1092.21,
748,341,2025-11-29 22:37:54+02:00,1545.17,
749,133,2025-07-14 23:51:57+02:00,2740.04,
750,670,2025-09-12 09:08:22+02:00,3573.09,
751,622,2025-05-24 07:26:42+02:00,2596.21,12
752,520,2025-07-08 22:17:25+02:00,4844.01,
753,509,2025-11-22 17:56:27+02:00,9465.29,
754,254,2025-04-07 14:35:37+02:00,3277.31,
755,385,2025-02-10 19:30:12+02:00,695.77,
756,890,2025-12-27 04:26:51+02:00,918.60,
757,935,2025-09-14 03:04:18+02:00,1750.72,
758,890,2025-11-22 10:46:24+02:00,463.67,
759,136,2025-09-19 13:37:43+02:00,2230.24,23
760,931,2025-03-28 05:00:12+02:00,1120.96,12
761,979,2025-11-20 15:23:03+02:00,4538.99,
762,321,2025-09-23 05:02:58+02:00,3563.73,
763,854,2025-11-23 12:20:40+02:00,5101.45,
764,580,2025-05-30 05:28:55+02:00,1957.04,
765,22,2025-11-19 07:40:35+02:00,1421.72,
766,567,2025-02-27 22:25:53+02:00,29335.74,
767,896,2025-03-31 12:31:28+02:00,445.78,16
768,594,2025-08-27 18:32:16+02:00,12462.72,
769,723,2025-03-29 11:05:54+02:00,955.21,
770,150,2025-08-12 14:21:46+02:00,5933.00,24
771,884,2025-06-23 06:54:24+02:00,3103.42,
772,653,2025-10-28 18:13:28+02:00,1921.24,26
773,753,2025-11-21 04:14:04+02:00,2009.34,
774,406,2025-03-13 08:24:31+02:00,1350.52,
775,159,2025-08-23 14:00:04+02:00,1491.88,15
776,997,2025-05-02 15:59:29+02:00,473.52,
777,612,2025-05-05 04:20:58+02:00,1108.09,
778,502,2025-11-11 12:29:02+02:00,2143.71,
779,729,2025-04-03 01:46:48+02:00,1892.57,
780,625,2025-08-31 22:47:50+02:00,957.86,13
781,223,2025-07-01 05:27:42+02:00,1281.41,
782,548,2025-11-30 22:58:56+02:00,669.41,
783,61,2025-11-23 22:04:49+02:00,8323.19,
784,163,2025-03-07 13:44:18+02:00,20460.32,
785,747,2025-05-11 09:53:44+02:00,450.20,19
786,79,2025-11-21 21:50:47+02:00,12206.90,15
787,639,2025-06-13 23:41:27+02:00,5530.95,
788,505,2025-07-29 23:59:55+02:00,1003.56,25
789,144,2025-12-02 02:13:10+02:00,792.23,
790,903,2025-03-25 18:19:19+02:00,667.08,21
791,942,2025-09-24 06:33:55+02:00,1567.41,
792,151,2025-02-23 13:14:46+02:00,1432.83,
793,439,2025-09-08 12:17:44+02:00,754.60,
794,659,2025-09-02 12:12:07+02:00,21881.87,
795,472,2025-12-04 09:44:38+02:00,3241.20,25
796,433,2025-05-24 21:08:52+02:00,3026.51,
797,430,2025-05-02 06:24:57+02:00,1270.87,
798,613,2025-07-12 06:22:10+02:00,2825.90,
799,544,2025-03-24 16:08:59+02:00,2899.91,24
800,161,2025-12-24 15:28:59+02:00,634.08,
801,68,2025-06-10 11:35:19+02:00,1587.82,11
802,635,2025-08-08 15:12:16+02:00,1688.85,
803,86,2025-10-09 02:19:43+02:00,1258.78,14
804,508,2025-12-29 20:01:26+02:00,2932.82,
805,481,2025-08-17 01:21:27+02:00,663.90,29
806,764,2025-03-19 09:51:49+02:00,1673.04,
807,434,2025-11-03 16:26:24+02:00,344.53,
808,824,2025-03-12 00:33:29+02:00,1931.77,
809,157,2025-07-21 13:33:09+02:00,7362.26,
810,787,2025-04-03 05:05:07+02:00,5132.03,
811,734,2025-08-06 09:11:24+02:00,395.99,
812,617,2025-03-31 15:11:11+02:00,835.60,
813,69,2025-10-05 21:19:30+02:00,249.19,
814,731,2025-02-16 18:12:20+02:00,17382.34,17
815,874,2025-01-18 08:13:57+02:00,3436.24,18
816,176,2025-01-28 23:19:07+02:00,892.48,30
817,804,2025-10-21 05:49:40+02:00,772.86,
818,683,2025-11-08 04:36:08+02:00,528.00,
819,367,2025-02-12 08:49:29+02:00,11027.03,
820,855,2025-01-13 07:34:26+02:00,1678.79,
821,21,2025-04-24 12:35:48+02:00,561.29,24
822,639,2025-03-28 17:38:13+02:00,10808.19,
823,468,2025-12-29 13:50:40+02:00,2591.57,18
824,137,2025-08-30 03:04:58+02:00,562.35,25
825,399,2025-06-23 12:45:47+02:00,734.82,
826,250,2025-01-04 12:32:14+02:00,2250.10,
827,322,2025-03-10 12:32:27+02:00,639.53,
828,14,2025-09-19 15:09:15+02:00,440.59,
829,73,2025-04-12 11:48:17+02:00,744.24,
830,505,2025-02-25 11:44:14+02:00,1730.84,
831,807,2025-02-16 00:01:27+02:00,1190.86,25
832,451,2025-02-19 02:19:26+02:00,10365.67,
833,141,2025-02-02 06:49:18+02:00,1931.32,
834,34,2025-02-06 22:35:29+02:00,1022.06,
835,123,2025-12-24 08:59:08+02:00,1323.10,
836,333,2025-08-17 03:08:21+02:00,15623.32,
837,6,2025-05-12 20:06:29+02:00,1121.86,17
838,373,2025-01-16 15:31:15+02:00,681.50,
839,79,2025-06-06 15:08:53+02:00,5034.50,
840,48,2025-12-04 15:07:05+02:00,506.06,16
841,452,2025-02-06 13:05:46+02:00,9041.10,25
842,30,2025-12-04 09:24:11+02:00,3651.39,
843,155,2025-12-04 07:35:43+02:00,871.95,
844,775,2025-04-02 02:09:36+02:00,895.10,
845,816,2025-01-05 23:23:27+02:00,645.75,
846,677,2025-10-02 05:44:10+02:00,1914.91,12
847,698,2025-12-10 05:37:08+02:00,816.64,
848,208,2025-11-22 02:33:44+02:00,949.50,
849,570,2025-08-05 16:57:44+02:00,2268.91,
850,642,2025-08-10 15:54:51+02:00,2136.69,
851,91,2025-09-26 17:43:27+02:00,3828.34,
852,882,2025-07-25 22:30:27+02:00,2034.44,
853,627,2025-12-10 09:48:57+02:00,433.86,
854,878,2025-02-07 03:51:02+02:00,23116.94,
855,75,2025-05-18 15:04:50+02:00,2270.79,
856,578,2025-06-25 18:11:25+02:00,10732.00,
857,947,2025-08-17 01:26:36+02:00,1275.01,
858,102,2025-12-14 13:59:20+02:00,2258.49,
859,52,2025-10-11 16:11:23+02:00,1854.30,22
860,576,2025-07-18 08:48:45+02:00,537.04,
861,517,2025-08-02 16:39:56+02:00,2927.12,
862,727,2025-12-25 03:01:48+02:00,1267.22,23
863,354,2025-01-20 00:27:56+02:00,388.43,
864,57,2025-10-26 14:28:41+02:00,2622.74,14
865,648,2025-04-11 22:00:13+02:00,1726.61,
866,892,2025-10-01 03:17:28+02:00,1424.20,
867,245,2025-07-30 16:46:15+02:00,707.88,14
868,597,2025-05-01 21:39:16+02:00,1774.50,
869,430,2025-06-16 01:19:52+02:00,1219.35,
870,425,2025-07-18 08:35:38+02:00,628.06,11
871,720,2025-07-06 19:26:02+02:00,1319.22,
872,587,2025-01-08 02:28:22+02:00,1167.88,
873,685,2025-01-28 16:42:26+02:00,1786.82,28
874,966,2025-07-13 23:55:28+02:00,1164.41,
875,381,2025-07-15 10:45:50+02:00,4091.45,24
876,452,2025-11-12 03:57:03+02:00,2960.36,
877,982,2025-04-24 10:39:18+02:00,4936.03,
878,806,2025-06-05 14:50:57+02:00,585.60,
879,789,2025-09-01 04:07:01+02:00,1271.54,17
880,207,2025-03-04 17:40:50+02:00,427.82,
881,12,2025-11-13 00:53:01+02:00,6289.59,
882,750,2025-05-30 02:36:58+02:00,2408.34,
883,134,2025-02-22 23:56:01+02:00,758.94,
884,763,2025-05-19 05:06:48+02:00,653.92,11
885,563,2025-03-23 03:58:43+02:00,563.91,
886,613,2025-09-26 13:05:37+02:00,455.22,30
887,725,2025-11-29 02:48:45+02:00,433.98,30
888,108,2025-01-30 08:00:30+02:00,14707.93,26
889,613,2025-01-01 07:15:24+02:00,1354.40,
890,40,2025-07-23 13:32:57+02:00,18196.28,
891,592,2025-04-18 19:43:00+02:00,1477.82,13
892,429,2025-04-02 03:02:09+02:00,569.12,
893,421,2025-07-01 21:33:46+02:00,554.82,30
894,742,2025-08-16 04:07:20+02:00,1549.36,
895,564,2025-01-27 02:06:47+02:00,1619.21,
896,61,2025-12-26 22:55:48+02:00,628.37,
897,132,2025-02-11 11:23:40+02:00,1910.37,
898,565,2025-04-19 23:05:38+02:00,1333.06,
899,132,2025-03-07 13:01:05+02:00,686.29,
900,499,2025-12-01 03:49:12+02:00,1355.02,
901,979,2025-10-18 01:02:35+02:00,11645.65,
902,393,2025-04-18 12:34:36+02:00,1122.03,
903,944,2025-08-31 04:57:30+02:00,1550.22,
904,642,2025-01-06 09:17:00+02:00,2521.07,
905,726,2025-10-28 14:45:43+02:00,861.41,
906,201,2025-12-01 12:47:07+02:00,2071.02,
907,791,2025-04-03 13:38:18+02:00,939.33,26
908,813,2025-07-07 04:50:16+02:00,1727.41,21
909,326,2025-04-21 10:59:29+02:00,21006.97,
910,843,2025-08-29 15:45:05+02:00,431.79,
911,337,2025-05-16 15:47:45+02:00,672.83,30
912,971,2025-08-22 05:07:01+02:00,2520.49,11
913,2,2025-03-25 00:17:21+02:00,224.62,13
914,214,2025-04-21 19:28:48+02:00,3877.51,
915,841,2025-05-14 19:15:06+02:00,973.78,21
916,166,2025-11-02 20:54:02+02:00,4647.93,19
917,755,2025-06-21 10:42:04+02:00,1387.49,
918,211,2025-06-27 11:14:45+02:00,2689.25,
919,269,2025-01-29 22:20:12+02:00,1057.21,
920,541,2025-07-16 01:14:56+02:00,974.05,27
921,686,2025-02-05 12:28:55+02:00,1662.40,
922,516,2025-11-15 11:51:28+02:00,1920.69,
923,141,2025-05-10 21:31:24+02:00,792.68,
924,114,2025-11-02 22:51:54+02:00,872.41,
925,117,2025-04-03 10:40:27+02:00,808.75,
926,981,2025-06-29 03:16:45+02:00,5499.91,
927,561,2025-05-03 17:59:38+02:00,2013.36,
928,955,2025-06-09 22:03:18+02:00,440.02,27
929,160,2025-12-28 11:23:49+02:00,9286.42,18
930,740,2025-07-05 02:10:40+02:00,1679.88,
931,692,2025-06-18 16:25:27+02:00,1763.78,
932,242,2025-04-22 17:11:50+02:00,434.33,
933,197,2025-08-09 20:10:34+02:00,2553.26,
934,340,2025-03-24 16:17:16+02:00,1607.62,
935,804,2025-10-27 10:04:19+02:00,3648.10,
936,55,2025-02-16 14:55:02+02:00,2592.89,
937,252,2025-08-31 06:12:21+02:00,640.78,28
938,468,2025-04-18 20:22:02+02:00,696.75,
939,315,2025-02-22 08:11:59+02:00,10550.04,28
940,773,2025-11-13 16:53:19+02:00,1617.69,27
941,401,2025-07-28 18:06:28+02:00,1820.79,
942,290,2025-08-28 12:54:54+02:00,1948.61,
943,424,2025-05-03 20:32:19+02:00,1035.60,
944,847,2025-10-26 12:46:40+02:00,747.49,29
945,727,2025-05-26 20:16:22+02:00,493.08,23
946,439,2025-09-24 22:52:28+02:00,1057.69,
947,980,2025-12-14 01:18:00+02:00,893.80,
948,884,2025-08-31 08:40:23+02:00,615.50,14
949,195,2025-08-11 23:42:49+02:00,1784.04,
950,986,2025-11-16 12:33:21+02:00,5896.47,
951,157,2025-06-26 14:04:08+02:00,1173.05,
952,304,2025-04-16 07:28:52+02:00,1004.57,
953,403,2025-10-06 11:02:41+02:00,1217.08,
954,46,2025-12-19 04:08:41+02:00,1510.20,
955,286,2025-07-26 15:58:57+02:00,537.64,
956,265,2025-06-03 21:53:39+02:00,383.58,25
957,363,2025-09-11 10:05:57+02:00,793.87,
958,502,2025-03-06 02:30:18+02:00,1482.32,22
959,343,2025-09-09 03:30:54+02:00,1191.84,15
960,505,2025-01-10 01:24:14+02:00,1059.78,18
961,690,2025-03-24 20:09:24+02:00,1649.75,11
962,545,2025-05-14 07:41:38+02:00,1354.00,13
963,76,2025-12-21 00:06:20+02:00,2562.73,
964,172,2025-10-09 16:33:45+02:00,1745.53,
965,87,2025-12-23 06:19:44+02:00,2328.27,
966,187,2025-04-13 16:26:42+02:00,1548.01,
967,193,2025-10-09 14:59:12+02:00,224.44,
968,638,2025-07-12 21:28:41+02:00,951.79,25
969,508,2025-09-24 23:21:58+02:00,1074.67,
970,968,2025-06-05 12:06:03+02:00,1381.68,
971,939,2025-03-28 00:51:42+02:00,2821.68,
972,793,2025-09-01 15:30:06+02:00,821.55,
973,803,2025-04-12 15:48:21+02:00,9915.76,
974,822,2025-12-22 20:18:40+02:00,5929.58,
975,482,2025-04-14 03:57:27+02:00,582.02,
976,244,2025-03-18 07:15:18+02:00,1322.76,30
977,212,2025-12-25 06:33:02+02:00,586.72,29
978,590,2025-07-19 08:07:50+02:00,392.73,
979,985,2025-05-09 18:32:03+02:00,1130.97,
980,890,2025-07-04 16:00:42+02:00,835.10,30
981,919,2025-07-21 00:32:03+02:00,1636.76,
982,548,2025-01-05 11:21:05+02:00,1249.29,
983,403,2025-02-17 17:55:15+02:00,595.26,26
984,213,2025-04-15 02:09:39+02:00,1064.28,25
985,108,2025-10-06 15:43:19+02:00,829.46,30
986,84,2025-09-20 00:58:59+02:00,19187.78,
987,895,2025-09-18 21:49:49+02:00,1751.85,
988,453,2025-07-25 22:46:01+02:00,1463.03,18
989,524,2025-11-08 20:55:14+02:00,1639.98,17
990,46,2025-10-05 07:54:42+02:00,1178.57,
991,466,2025-11-28 22:12:07+02:00,20239.97,
992,745,2025-10-26 16:52:00+02:00,556.28,
993,860,2025-11-07 20:57:26+02:00,19823.60,
994,699,2025-03-01 21:55:01+02:00,16945.48,29
995,708,2025-11-20 06:33:17+02:00,841.68,
996,31,2025-10-04 01:28:52+02:00,3508.11,
997,188,2025-09-13 03:26:51+02:00,637.97,
998,599,2025-07-13 03:57:59+02:00,1837.75,
999,217,2025-02-21 14:46:50+02:00,1837.52,
1000,524,2025-10-27 15:15:20+02:00,3244.57,28
1001,434,2025-08-15 12:56:36+02:00,6075.21,
1002,870,2025-06-14 16:22:17+02:00,3004.16,
1003,648,2025-03-25 21:23:02+02:00,26605.22,
1004,369,2025-01-12 23:18:12+02:00,1284.43,
1005,403,2025-10-30 07:20:53+02:00,4085.73,
1006,139,2025-05-27 08:03:49+02:00,4345.01,
1007,657,2025-02-21 05:38:30+02:00,1362.36,20
1008,782,2025-02-20 23:59:04+02:00,4003.06,
1009,661,2025-05-28 06:33:01+02:00,767.72,
1010,154,2025-04-18 14:19:41+02:00,754.45,
1011,172,2025-03-13 11:47:07+02:00,10463.99,24
1012,457,2025-04-15 09:45:53+02:00,683.88,
1013,109,2025-09-21 07:37:14+02:00,29939.31,
1014,302,2025-11-19 21:10:19+02:00,11655.39,
1015,615,2025-02-15 11:13:36+02:00,1125.55,
1016,184,2025-07-28 10:42:55+02:00,484.23,
1017,771,2025-07-29 16:57:02+02:00,5841.37,
1018,812,2025-09-25 02:24:21+02:00,5049.46,12
1019,330,2025-09-18 13:00:43+02:00,524.56,
1020,87,2025-08-14 15:08:54+02:00,846.68,
1021,334,2025-03-06 00:38:14+02:00,639.38,28
1022,965,2025-09-18 08:32:39+02:00,635.51,
1023,466,2025-06-06 19:02:10+02:00,1532.16,
1024,200,2025-04-11 13:13:02+02:00,1183.43,
1025,225,2025-03-26 10:32:34+02:00,5738.26,
1026,883,2025-08-25 02:12:34+02:00,358.71,
1027,432,2025-11-19 00:43:41+02:00,937.27,
1028,75,2025-05-19 09:48:35+02:00,1948.94,
1029,273,2025-09-02 14:01:21+02:00,1925.18,
1030,869,2025-08-04 01:23:30+02:00,3450.63,
1031,58,2025-02-06 23:12:21+02:00,1161.37,
1032,962,2025-07-11 09:20:03+02:00,2198.14,16
1033,276,2025-10-30 21:05:47+02:00,9149.06,12
1034,896,2025-11-01 16:01:19+02:00,10180.86,
1035,432,2025-05-18 22:36:54+02:00,1771.67,
1036,927,2025-04-24 01:49:15+02:00,984.98,20
1037,548,2025-05-14 10:10:26+02:00,2339.24,
1038,672,2025-02-13 08:51:36+02:00,894.47,28
1039,166,2025-12-09 12:00:53+02:00,5225.98,
1040,251,2025-06-19 08:18:41+02:00,652.51,
1041,427,2025-12-04 19:04:18+02:00,1610.56,
1042,685,2025-07-10 10:15:23+02:00,3244.01,23
1043,934,2025-07-03 14:49:40+02:00,443.14,15
1044,366,2025-05-01 07:50:09+02:00,1194.06,26
1045,925,2025-01-05 16:18:35+02:00,360.90,
1046,900,2025-06-16 11:03:30+02:00,825.46,
1047,787,2025-02-01 12:45:12+02:00,733.60,
1048,915,2025-05-01 22:05:24+02:00,2827.41,
1049,723,2025-09-01 13:48:25+02:00,1271.01,
1050,859,2025-07-02 19:18:04+02:00,1306.49,
1051,505,2025-07-15 11:38:37+02:00,638.59,
1052,715,2025-04-04 10:18:41+02:00,2992.40,
1053,596,2025-04-08 07:47:08+02:00,1007.82,25
1054,302,2025-04-18 08:31:13+02:00,706.60,
1055,300,2025-07-23 14:33:23+02:00,747.48,
1056,370,2025-02-08 16:35:54+02:00,1280.17,
1057,696,2025-05-14 02:59:49+02:00,609.35,
1058,160,2025-01-17 07:30:46+02:00,1928.37,
1059,447,2025-02-11 23:18:56+02:00,2090.04,13
1060,801,2025-10-28 22:40:57+02:00,499.85,18
1061,668,2025-01-01 16:00:45+02:00,1303.35,23
1062,731,2025-09-12 22:51:15+02:00,3267.19,
1063,772,2025-02-12 21:53:46+02:00,1163.72,
1064,760,2025-09-02 06:24:56+02:00,4131.73,
1065,269,2025-02-10 10:10:20+02:00,1390.30,
1066,597,2025-12-03 16:41:40+02:00,287.83,
1067,967,2025-03-29 14:08:16+02:00,1770.45,
1068,664,2025-01-26 21:26:26+02:00,586.06,
1069,329,2025-06-07 19:17:20+02:00,1733.71,
1070,195,2025-08-21 22:58:14+02:00,2823.86,
1071,791,2025-10-28 22:06:55+02:00,1105.05,
1072,994,2025-03-20 11:09:35+02:00,1878.18,
1073,288,2025-07-10 05:29:23+02:00,530.90,
1074,216,2025-04-24 03:22:16+02:00,371.71,21
1075,360,2025-07-31 16:41:30+02:00,1055.43,27
1076,877,2025-08-31 06:15:18+02:00,590.27,
1077,499,2025-05-16 23:23:09+02:00,1924.77,
1078,507,2025-12-08 22:17:44+02:00,6910.37,
1079,414,2025-08-27 15:13:57+02:00,6649.80,
1080,743,2025-05-13 01:21:09+02:00,1175.94,
1081,117,2025-05-20 23:53:53+02:00,1196.71,
1082,857,2025-05-11 20:17:17+02:00,2354.43,
1083,152,2025-01-27 17:04:07+02:00,15463.07,29
1084,744,2025-03-14 15:36:25+02:00,780.44,
1085,85,2025-10-30 05:55:32+02:00,3327.33,
1086,467,2025-10-01 22:56:15+02:00,1306.44,
1087,86,2025-06-03 03:58:14+02:00,1001.13,
1088,770,2025-10-06 10:23:56+02:00,765.60,
1089,163,2025-03-04 14:44:00+02:00,971.96,
1090,57,2025-11-14 11:43:31+02:00,3992.21,
1091,651,2025-12-29 04:09:05+02:00,8959.96,
1092,920,2025-05-29 02:07:11+02:00,1116.08,
1093,234,2025-05-14 13:34:01+02:00,2061.73,
1094,296,2025-10-25 04:20:23+02:00,422.86,16
1095,589,2025-04-05 20:08:13+02:00,1710.11,20
1096,427,2025-12-02 16:29:42+02:00,2503.91,
1097,323,2025-04-20 18:15:29+02:00,748.87,
1098,768,2025-04-01 21:30:09+02:00,1205.62,
1099,672,2025-12-12 19:57:59+02:00,922.23,11
1100,425,2025-10-23 01:07:19+02:00,895.28,
1101,130,2025-10-20 03:24:12+02:00,38584.64,
1102,941,2025-06-15 22:36:06+02:00,1839.54,
1103,326,2025-11-25 17:41:14+02:00,470.75,
1104,762,2025-06-05 01:19:28+02:00,627.78,
1105,990,2025-02-07 05:14:33+02:00,3060.02,
1106,41,2025-05-10 15:02:00+02:00,1802.49,27
1107,878,2025-10-29 06:11:43+02:00,354.92,24
1108,237,2025-03-28 09:49:16+02:00,995.34,28
1109,684,2025-02-21 03:29:33+02:00,2349.04,
1110,307,2025-12-23 23:12:59+02:00,4688.36,
1111,226,2025-01-16 07:57:26+02:00,1982.82,
1112,599,2025-02-27 10:28:23+02:00,3207.22,27
1113,596,2025-12-19 00:30:30+02:00,707.94,27
1114,738,2025-02-18 06:22:23+02:00,602.57,
1115,825,2025-07-19 07:29:17+02:00,3228.18,25
1116,416,2025-10-26 04:18:25+02:00,19918.70,
1117,135,2025-08-10 16:53:02+02:00,1197.21,
1118,124,2025-06-05 02:26:11+02:00,10038.84,
1119,17,2025-06-10 08:56:56+02:00,659.46,
1120,239,2025-12-15 17:17:36+02:00,1952.31,23
1121,786,2025-12-07 14:35:13+02:00,4032.11,
1122,157,2025-05-21 01:30:10+02:00,5658.74,
1123,837,2025-08-06 10:25:52+02:00,562.79,24
1124,910,2025-06-23 04:03:44+02:00,2094.76,
1125,975,2025-03-27 05:53:35+02:00,3257.93,
1126,732,2025-07-29 20:33:13+02:00,299.82,
1127,538,2025-02-25 22:57:28+02:00,15751.38,
1128,470,2025-09-08 21:19:30+02:00,1840.79,30
1129,512,2025-01-14 23:52:53+02:00,1143.92,
1130,238,2025-08-10 01:32:17+02:00,489.68,20
1131,575,2025-09-03 23:44:07+02:00,790.63,
1132,200,2025-04-25 02:39:42+02:00,544.98,
1133,274,2025-04-28 05:44:47+02:00,1446.13,
1134,283,2025-05-28 14:31:09+02:00,859.65,
1135,769,2025-03-16 18:31:41+02:00,1213.06,29
1136,939,2025-05-02 11:53:49+02:00,1499.93,
1137,401,2025-11-20 14:55:01+02:00,2363.81,
1138,370,2025-06-18 09:35:29+02:00,632.56,30
1139,12,2025-10-08 02:50:13+02:00,962.02,
1140,11,2025-01-15 20:55:47+02:00,1919.36,
1141,80,2025-10-21 11:26:02+02:00,1391.67,
1142,64,2025-12-20 23:10:54+02:00,772.49,20
1143,786,2025-04-12 03:08:17+02:00,2713.23,
1144,330,2025-11-08 19:59:56+02:00,608.95,
1145,371,2025-01-16 12:39:14+02:00,1376.78,
1146,716,2025-11-09 10:04:49+02:00,613.05,
1147,304,2025-10-10 23:00:36+02:00,5595.99,
1148,768,2025-11-30 20:35:44+02:00,1150.38,
1149,561,2025-05-19 10:01:56+02:00,290.71,
1150,179,2025-10-07 07:22:14+02:00,1310.98,
1151,878,2025-02-20 06:11:11+02:00,2462.93,
1152,149,2025-10-14 02:04:29+02:00,537.48,
1153,234,2025-05-06 01:42:14+02:00,724.77,
1154,916,2025-02-20 03:38:39+02:00,2161.74,
1155,574,2025-09-24 15:57:01+02:00,376.02,
1156,977,2025-02-25 16:21:02+02:00,551.02,
1157,639,2025-08-06 07:56:06+02:00,1200.28,16
1158,265,2025-02-12 03:22:58+02:00,39583.12,
1159,826,2025-08-23 02:31:31+02:00,542.83,
1160,683,2025-04-04 20:18:24+02:00,3059.79,
1161,685,2025-08-17 19:19:07+02:00,1214.32,
1162,323,2025-11-01 07:45:32+02:00,426.48,
1163,651,2025-07-08 07:19:22+02:00,807.53,
1164,909,2025-09-16 10:42:25+02:00,2943.56,
1165,719,2025-09-28 14:16:35+02:00,6353.27,22
1166,469,2025-06-28 00:01:29+02:00,3615.36,
1167,629,2025-10-10 19:57:23+02:00,686.67,14
1168,280,2025-07-24 19:05:55+02:00,3814.10,
1169,428,2025-04-26 06:05:47+02:00,13775.17,
1170,774,2025-01-18 19:10:37+02:00,1661.61,
1171,46,2025-05-24 20:21:57+02:00,1026.72,
1172,494,2025-12-17 04:40:28+02:00,3098.31,
1173,28,2025-03-08 04:36:17+02:00,3314.33,24
1174,934,2025-04-03 07:18:59+02:00,711.29,26
1175,246,2025-08-06 06:30:48+02:00,874.76,19
1176,936,2025-08-29 17:51:16+02:00,3604.95,
1177,634,2025-03-25 02:18:31+02:00,1493.61,
1178,645,2025-03-25 00:13:13+02:00,5179.62,
1179,986,2025-09-01 17:45:12+02:00,10008.03,
1180,192,2025-10-25 17:02:24+02:00,2614.92,
1181,792,2025-06-03 22:26:10+02:00,690.62,30
1182,589,2025-06-22 09:41:23+02:00,1822.04,21
1183,667,2025-07-12 13:22:06+02:00,1253.80,22
1184,157,2025-06-20 23:04:43+02:00,2519.17,
1185,612,2025-03-06 01:38:05+02:00,1179.86,
1186,476,2025-04-04 14:20:03+02:00,1019.76,
1187,35,2025-11-22 05:41:56+02:00,1101.85,20
1188,941,2025-05-29 11:54:33+02:00,4075.28,19
1189,975,2025-10-18 18:37:00+02:00,1914.50,13
1190,207,2025-02-14 03:30:03+02:00,1224.18,
1191,690,2025-02-25 15:14:51+02:00,8163.78,19
1192,13,2025-03-14 13:24:26+02:00,747.49,29
1193,195,2025-12-23 11:35:10+02:00,426.19,
1194,187,2025-01-13 07:27:10+02:00,1082.51,15
1195,57,2025-12-20 14:32:06+02:00,2629.87,
1196,157,2025-12-06 17:06:47+02:00,2607.32,11
1197,47,2025-02-22 18:14:09+02:00,1426.47,22
1198,728,2025-05-23 20:28:23+02:00,2305.37,
1199,932,2025-08-30 09:06:25+02:00,1352.84,
1200,514,2025-03-13 14:41:44+02:00,368.45,
1201,741,2025-01-16 14:41:35+02:00,2139.75,
1202,124,2025-07-20 08:41:28+02:00,834.32,
1203,464,2025-02-25 18:17:50+02:00,798.46,
1204,704,2025-12-13 05:37:10+02:00,2973.20,
1205,504,2025-07-31 20:28:14+02:00,781.50,
1206,524,2025-01-25 20:11:13+02:00,937.83,
1207,486,2025-01-28 09:24:56+02:00,336.28,30
1208,262,2025-05-31 21:34:00+02:00,11244.20,
1209,783,2025-04-16 13:39:19+02:00,2076.04,
1210,305,2025-12-16 05:01:31+02:00,2585.27,23
1211,626,2025-01-25 23:24:39+02:00,3364.29,
1212,878,2025-11-07 22:25:38+02:00,589.43,
1213,996,2025-10-30 06:32:09+02:00,22879.50,
1214,2,2025-01-29 06:12:31+02:00,493.39,19
1215,611,2025-11-02 05:23:18+02:00,804.50,
1216,530,2025-07-16 13:00:24+02:00,3450.51,22
1217,388,2025-11-11 22:29:13+02:00,496.94,24
1218,105,2025-03-28 09:28:47+02:00,1197.71,
1219,152,2025-11-18 10:48:41+02:00,5299.97,
1220,252,2025-02-11 02:08:39+02:00,1130.44,
1221,879,2025-06-06 20:21:49+02:00,1873.70,
1222,625,2025-08-08 07:37:04+02:00,1451.93,
1223,800,2025-12-09 20:41:31+02:00,1113.05,16
1224,292,2025-07-15 18:40:16+02:00,4249.16,
1225,395,2025-04-30 02:50:39+02:00,3686.09,
1226,443,2025-10-19 06:47:48+02:00,1202.46,
1227,30,2025-01-24 17:13:23+02:00,1003.35,
1228,44,2025-09-21 17:41:04+02:00,2069.17,
1229,455,2025-03-06 18:49:18+02:00,795.35,
1230,889,2025-02-18 20:46:18+02:00,420.16,28
1231,449,2025-11-28 13:07:49+02:00,1308.31,19
1232,43,2025-10-29 02:08:57+02:00,947.70,13
1233,45,2025-11-03 03:47:33+02:00,829.45,11
1234,275,2025-07-11 05:59:46+02:00,1014.82,
1235,63,2025-06-23 10:33:50+02:00,629.24,
1236,152,2025-09-21 23:41:53+02:00,900.83,
1237,74,2025-02-21 22:37:32+02:00,768.87,
1238,994,2025-10-28 19:19:34+02:00,924.22,
1239,744,2025-07-28 22:14:06+02:00,3054.03,
1240,997,2025-05-21 17:31:14+02:00,761.06,19
1241,498,2025-05-12 17:07:42+02:00,2487.54,
1242,743,2025-10-13 04:39:24+02:00,1383.72,26
1243,727,2025-03-02 08:27:56+02:00,5243.20,14
1244,697,2025-05-20 11:41:05+02:00,2343.23,30
1245,810,2025-12-06 04:14:12+02:00,2269.18,
1246,368,2025-05-05 00:04:31+02:00,1210.53,
1247,703,2025-10-26 01:45:07+02:00,1537.16,
1248,89,2025-04-18 12:52:57+02:00,988.18,30
1249,431,2025-07-14 21:07:08+02:00,2179.76,
1250,70,2025-07-22 17:35:09+02:00,1823.87,
1251,245,2025-03-14 13:51:22+02:00,954.58,
1252,170,2025-01-21 12:37:56+02:00,10959.96,16
1253,486,2025-08-10 23:25:10+02:00,1419.09,
1254,347,2025-06-24 12:37:56+02:00,1283.90,18
1255,15,2025-11-28 14:09:30+02:00,408.90,
1256,361,2025-12-31 16:58:57+02:00,14895.52,
1257,287,2025-03-06 22:05:40+02:00,1938.48,
1258,177,2025-09-11 08:05:49+02:00,1417.88,
1259,997,2025-02-12 05:02:36+02:00,659.01,
1260,819,2025-06-29 09:56:36+02:00,560.39,
1261,165,2025-02-16 08:38:40+02:00,1118.60,
1262,832,2025-06-08 03:28:27+02:00,1354.20,
1263,322,2025-03-10 07:40:51+02:00,3015.52,
1264,407,2025-04-12 22:48:22+02:00,1028.08,25
1265,627,2025-10-10 17:32:07+02:00,5726.08,
1266,592,2025-12-30 12:41:00+02:00,2948.98,
1267,21,2025-07-18 18:33:29+02:00,3606.48,
1268,49,2025-08-10 16:51:50+02:00,1883.78,
1269,373,2025-08-23 03:38:37+02:00,851.90,16
1270,589,2025-02-18 03:15:13+02:00,1497.97,
1271,192,2025-08-26 01:33:46+02:00,898.70,
1272,601,2025-10-14 04:48:01+02:00,3918.02,13
1273,625,2025-01-06 10:11:30+02:00,972.11,
1274,396,2025-10-19 02:50:49+02:00,13021.56,
1275,944,2025-07-10 16:07:51+02:00,18929.16,
1276,400,2025-07-17 00:43:40+02:00,816.23,
1277,349,2025-08-08 15:36:23+02:00,8009.61,
1278,764,2025-01-17 16:30:01+02:00,1307.80,
1279,913,2025-09-05 11:29:24+02:00,2574.91,
1280,170,2025-11-27 20:37:04+02:00,1143.07,19
1281,571,2025-03-08 13:37:16+02:00,1656.08,
1282,797,2025-07-25 06:30:15+02:00,2645.57,
1283,942,2025-11-08 18:47:29+02:00,977.04,
1284,110,2025-05-16 05:08:51+02:00,1237.84,
1285,918,2025-12-13 12:50:18+02:00,817.68,24
1286,38,2025-03-08 03:22:17+02:00,1923.33,
1287,512,2025-11-21 03:38:20+02:00,1012.68,
1288,646,2025-12-14 19:45:19+02:00,1918.04,21
1289,411,2025-05-18 12:42:53+02:00,2248.47,20
1290,16,2025-08-24 13:06:14+02:00,14553.73,28
1291,309,2025-12-28 10:12:34+02:00,3182.73,
1292,405,2025-01-14 01:19:14+02:00,669.51,25
1293,964,2025-07-14 15:01:17+02:00,231.23,15
1294,890,2025-08-28 08:46:02+02:00,679.04,
1295,433,2025-02-25 03:22:28+02:00,38891.09,
1296,281,2025-09-04 08:55:24+02:00,671.60,
1297,171,2025-09-02 07:54:04+02:00,6684.51,
1298,624,2025-04-05 19:12:07+02:00,1974.32,
1299,287,2025-05-23 04:31:09+02:00,2953.55,
1300,995,2025-03-12 13:23:50+02:00,8266.48,
1301,183,2025-01-22 10:24:09+02:00,791.71,
1302,847,2025-09-18 22:51:41+02:00,1820.96,
1303,641,2025-05-31 20:12:12+02:00,1599.32,
1304,485,2025-10-23 05:31:03+02:00,676.37,
1305,855,2025-07-07 03:45:11+02:00,506.86,
1306,923,2025-08-08 17:56:06+02:00,1117.44,
1307,54,2025-03-21 08:36:51+02:00,646.23,11
1308,813,2025-08-27 16:36:31+02:00,1631.09,
1309,75,2025-04-04 16:20:32+02:00,1746.38,
1310,254,2025-07-31 00:54:10+02:00,372.82,
1311,959,2025-10-31 09:04:34+02:00,3183.18,
1312,62,2025-11-25 04:48:01+02:00,1152.97,28
1313,583,2025-12-31 14:17:42+02:00,21783.93,
1314,692,2025-07-28 01:30:41+02:00,1463.95,12
1315,995,2025-09-30 10:38:23+02:00,1063.23,14
1316,173,2025-04-11 17:45:38+02:00,1033.20,14
1317,152,2025-08-18 20:53:47+02:00,1259.59,23
1318,604,2025-07-01 18:34:58+02:00,4266.19,22
1319,582,2025-10-31 03:01:56+02:00,2421.89,
1320,376,2025-07-10 07:18:36+02:00,2437.96,12
1321,834,2025-09-04 09:20:39+02:00,932.24,24
1322,420,2025-09-13 12:03:10+02:00,1556.70,
1323,590,2025-12-26 14:34:16+02:00,830.82,24
1324,762,2025-05-23 12:55:40+02:00,4406.58,17
1325,108,2025-10-30 13:05:39+02:00,572.81,
1326,578,2025-01-19 16:48:18+02:00,503.10,23
1327,163,2025-02-01 07:44:34+02:00,1266.88,
1328,370,2025-08-20 09:17:26+02:00,3859.21,
1329,924,2025-03-18 20:11:47+02:00,1177.72,22
1330,580,2025-09-13 22:12:05+02:00,811.19,
1331,847,2025-11-06 11:29:17+02:00,887.88,
1332,185,2025-05-29 13:01:36+02:00,900.23,
1333,929,2025-11-21 19:26:26+02:00,1486.75,
1334,387,2025-08-02 17:26:47+02:00,2860.15,
1335,86,2025-06-06 11:57:27+02:00,866.76,
1336,619,2025-07-14 13:35:50+02:00,492.15,
1337,326,2025-06-29 12:02:30+02:00,619.83,
1338,953,2025-09-11 11:01:05+02:00,2302.59,
1339,770,2025-06-27 19:34:44+02:00,2007.37,
1340,548,2025-07-22 06:06:30+02:00,3964.64,
1341,714,2025-06-27 01:59:58+02:00,2738.86,29
1342,996,2025-09-13 09:21:16+02:00,2119.19,
1343,947,2025-01-23 20:16:40+02:00,2129.56,
1344,259,2025-07-14 18:51:27+02:00,2170.08,
1345,50,2025-06-30 02:09:43+02:00,657.04,
1346,869,2025-02-21 05:53:58+02:00,663.83,
1347,166,2025-03-19 19:01:11+02:00,3921.66,
1348,194,2025-06-28 14:02:49+02:00,3254.50,
1349,499,2025-11-11 15:16:40+02:00,1047.10,
1350,633,2025-04-28 05:44:12+02:00,10053.27,
1351,782,2025-06-01 11:11:31+02:00,1185.39,
1352,101,2025-10-02 23:15:37+02:00,1774.64,
1353,253,2025-04-24 14:42:04+02:00,4189.55,
1354,576,2025-11-17 23:39:27+02:00,647.53,
1355,253,2025-11-17 15:51:38+02:00,1441.48,
1356,851,2025-07-09 09:29:01+02:00,4138.24,26
1357,124,2025-09-15 02:39:04+02:00,1200.46,
1358,322,2025-06-16 00:53:35+02:00,2918.46,
1359,818,2025-03-20 02:04:04+02:00,1147.67,
1360,105,2025-11-26 20:07:50+02:00,2878.51,
1361,195,2025-11-18 03:52:32+02:00,470.74,
1362,804,2025-01-04 00:35:08+02:00,2675.38,
1363,13,2025-05-24 07:41:30+02:00,864.92,14
1364,125,2025-01-12 05:09:28+02:00,11001.50,
1365,541,2025-04-23 05:00:02+02:00,417.31,
1366,959,2025-11-08 01:14:37+02:00,4247.69,15
1367,508,2025-05-21 00:24:08+02:00,745.90,
1368,771,2025-04-11 20:35:14+02:00,10140.46,
1369,407,2025-04-17 01:39:14+02:00,2238.50,28
1370,952,2025-11-08 23:47:41+02:00,1004.90,
1371,352,2025-09-22 06:24:15+02:00,1232.35,
1372,995,2025-08-29 00:55:36+02:00,1061.96,
1373,878,2025-05-12 15:18:40+02:00,1524.10,
1374,934,2025-06-04 16:21:43+02:00,2795.79,
1375,572,2025-09-07 23:35:06+02:00,1271.22,
1376,959,2025-12-21 09:18:22+02:00,764.97,21
1377,705,2025-02-28 18:52:36+02:00,1870.86,
1378,200,2025-05-14 03:09:27+02:00,2608.29,
1379,933,2025-05-01 14:23:47+02:00,1335.23,
1380,702,2025-03-06 12:19:52+02:00,6088.72,
1381,227,2025-05-22 14:59:58+02:00,819.32,
1382,501,2025-01-15 17:29:47+02:00,5814.72,
1383,979,2025-06-29 10:25:29+02:00,5511.54,18
1384,833,2025-11-28 20:30:11+02:00,961.34,
1385,665,2025-01-14 00:59:16+02:00,2280.78,23
1386,226,2025-03-21 20:00:15+02:00,15464.54,24
1387,596,2025-05-26 08:34:33+02:00,2813.76,
1388,520,2025-06-25 22:51:54+02:00,938.11,11
1389,153,2025-06-19 13:13:33+02:00,2181.28,
1390,250,2025-03-07 02:25:26+02:00,403.11,
1391,166,2025-12-28 22:12:32+02:00,15182.10,
1392,958,2025-11-23 13:44:52+02:00,2268.82,
1393,123,2025-04-29 02:28:09+02:00,1512.48,
1394,195,2025-12-27 12:15:56+02:00,1187.83,
1395,676,2025-06-20 16:07:14+02:00,1507.66,
1396,174,2025-04-23 07:01:15+02:00,1730.48,18
1397,434,2025-02-16 08:30:13+02:00,1216.11,
1398,438,2025-12-03 20:43:33+02:00,993.54,
1399,317,2025-02-22 23:02:55+02:00,8187.01,
1400,357,2025-12-21 21:52:47+02:00,438.43,18
1401,704,2025-05-03 07:34:55+02:00,649.17,
1402,665,2025-07-09 10:38:57+02:00,906.76,30
1403,433,2025-11-06 17:46:56+02:00,8232.76,
1404,50,2025-08-10 04:38:02+02:00,1041.57,
1405,685,2025-03-11 08:25:21+02:00,749.54,19
1406,338,2025-10-10 04:32:32+02:00,1869.58,
1407,412,2025-04-04 11:23:02+02:00,1323.75,11
1408,851,2025-01-31 08:35:30+02:00,4743.39,
1409,86,2025-05-31 06:09:48+02:00,993.63,
1410,278,2025-09-04 09:31:50+02:00,505.04,26
1411,363,2025-01-23 13:56:04+02:00,369.33,
1412,689,2025-02-12 06:39:54+02:00,28708.64,24
1413,292,2025-03-13 18:22:23+02:00,1701.18,
1414,195,2025-04-22 09:28:54+02:00,18834.31,
1415,167,2025-04-26 19:21:38+02:00,2127.00,
1416,88,2025-05-15 23:34:09+02:00,2611.43,
1417,786,2025-09-12 00:06:45+02:00,897.91,27
1418,704,2025-06-26 10:33:42+02:00,1574.42,27
1419,285,2025-02-17 21:44:10+02:00,1470.25,
1420,565,2025-12-31 05:49:51+02:00,896.50,30
1421,467,2025-05-08 12:47:26+02:00,1579.74,
1422,567,2025-11-12 10:52:26+02:00,1110.87,
1423,964,2025-10-24 19:41:50+02:00,1311.46,29
1424,801,2025-06-30 15:09:16+02:00,1155.81,
1425,116,2025-09-28 08:47:36+02:00,1593.66,
1426,124,2025-04-10 09:50:47+02:00,222.00,
1427,491,2025-05-10 08:07:32+02:00,2814.10,
1428,87,2025-01-16 20:43:29+02:00,2708.71,
1429,173,2025-05-24 11:53:33+02:00,1630.40,
1430,870,2025-02-16 10:42:24+02:00,1258.54,
1431,849,2025-04-28 09:05:27+02:00,1487.39,
1432,936,2025-08-24 04:16:53+02:00,1283.43,
1433,824,2025-06-01 21:21:23+02:00,1533.20,
1434,274,2025-10-04 09:56:40+02:00,2073.69,
1435,462,2025-08-30 15:46:37+02:00,1947.15,
1436,447,2025-09-12 05:40:27+02:00,17261.22,27
1437,166,2025-05-12 23:34:14+02:00,1615.32,26
1438,166,2025-01-15 08:24:35+02:00,3148.01,20
1439,329,2025-07-11 18:58:18+02:00,2513.22,
1440,839,2025-08-23 06:17:06+02:00,8984.46,
1441,812,2025-08-23 13:38:56+02:00,1393.26,25
1442,483,2025-07-29 16:18:33+02:00,843.28,
1443,879,2025-07-02 23:14:50+02:00,1200.23,
1444,132,2025-10-27 13:10:28+02:00,2048.88,28
1445,167,2025-04-25 07:30:53+02:00,1307.84,
1446,628,2025-12-13 08:12:18+02:00,7535.11,22
1447,617,2025-07-22 13:36:03+02:00,887.39,25
1448,531,2025-08-06 12:01:59+02:00,1107.46,26
1449,556,2025-01-08 16:07:23+02:00,6353.06,
1450,378,2025-03-25 04:34:36+02:00,409.04,
1451,523,2025-08-24 19:27:02+02:00,698.78,
1452,534,2025-08-11 22:45:29+02:00,296.71,11
1453,539,2025-08-02 05:43:53+02:00,606.25,
1454,853,2025-02-11 22:05:36+02:00,637.80,
1455,237,2025-03-25 06:47:10+02:00,13589.99,
1456,481,2025-03-18 14:32:53+02:00,2853.85,
1457,971,2025-03-12 12:43:09+02:00,1801.39,
1458,502,2025-02-24 13:37:54+02:00,568.68,30
1459,264,2025-10-18 23:25:01+02:00,3556.48,
1460,706,2025-04-19 13:54:10+02:00,2693.13,
1461,678,2025-03-06 21:18:55+02:00,1971.80,
1462,407,2025-03-31 13:37:44+02:00,1036.56,23
1463,24,2025-10-11 07:16:14+02:00,1291.98,26
1464,876,2025-02-16 02:59:56+02:00,772.17,
1465,957,2025-12-22 17:53:46+02:00,5260.38,
1466,896,2025-02-17 16:49:47+02:00,1791.65,12
1467,515,2025-10-23 14:00:01+02:00,3842.26,
1468,554,2025-04-17 08:26:03+02:00,5002.62,28
1469,967,2025-12-17 14:23:56+02:00,958.33,
1470,517,2025-04-07 18:15:25+02:00,570.79,
1471,392,2025-12-07 09:16:38+02:00,1265.02,14
1472,124,2025-01-21 03:20:01+02:00,1707.29,
1473,305,2025-09-15 06:34:29+02:00,4866.04,
1474,478,2025-09-01 02:59:55+02:00,1188.00,
1475,39,2025-07-19 13:12:49+02:00,2736.68,12
1476,335,2025-09-02 20:10:06+02:00,561.82,17
1477,772,2025-08-23 22:27:21+02:00,1017.92,
1478,955,2025-07-06 19:39:30+02:00,2683.78,
1479,225,2025-03-10 05:25:46+02:00,1925.77,18
1480,521,2025-04-17 14:28:42+02:00,2681.35,
1481,911,2025-04-13 06:00:31+02:00,23440.12,17
1482,189,2025-09-18 09:15:49+02:00,1336.44,
1483,79,2025-02-09 06:59:30+02:00,2097.06,28
1484,205,2025-06-12 02:38:53+02:00,1823.08,
1485,372,2025-12-23 01:31:32+02:00,1746.31,
1486,141,2025-03-29 17:00:42+02:00,1684.09,
1487,283,2025-07-19 03:34:17+02:00,428.74,19
1488,561,2025-04-11 09:58:07+02:00,15640.68,
1489,233,2025-06-29 01:50:00+02:00,7960.20,
1490,988,2025-06-17 11:27:03+02:00,2002.62,
1491,89,2025-12-17 14:41:06+02:00,1437.02,
1492,110,2025-01-29 13:52:44+02:00,2942.16,
1493,162,2025-11-20 15:16:00+02:00,6434.58,
1494,10,2025-05-16 21:37:53+02:00,579.23,
1495,654,2025-01-08 13:29:51+02:00,710.09,
1496,641,2025-11-29 20:12:26+02:00,1855.05,
1497,435,2025-01-22 08:04:24+02:00,371.87,
1498,806,2025-01-21 09:31:17+02:00,772.72,
1499,204,2025-05-28 05:00:55+02:00,422.09,
1500,216,2025-08-19 07:37:28+02:00,1285.34,
1501,891,2025-02-16 18:08:35+02:00,2064.95,
1502,770,2025-05-27 08:39:12+02:00,1224.37,
1503,557,2025-09-27 17:24:32+02:00,2173.89,16
1504,661,2025-04-13 02:01:24+02:00,4049.51,
1505,892,2025-04-29 00:18:32+02:00,525.00,27
1506,36,2025-09-10 05:34:13+02:00,1054.69,13
1507,130,2025-05-14 19:42:52+02:00,3848.84,
1508,643,2025-04-23 20:22:01+02:00,2126.78,29
1509,778,2025-01-06 03:00:13+02:00,734.22,
1510,776,2025-12-16 08:24:22+02:00,1370.92,
1511,281,2025-05-31 19:16:52+02:00,912.63,
1512,91,2025-04-19 20:07:04+02:00,890.70,
1513,515,2025-09-22 08:54:04+02:00,811.03,
1514,71,2025-03-08 18:52:34+02:00,2689.37,16
1515,227,2025-04-09 02:43:49+02:00,2584.90,
1516,596,2025-09-13 11:40:19+02:00,1480.16,
1517,107,2025-12-14 06:31:08+02:00,1885.04,
1518,464,2025-07-14 08:20:31+02:00,1532.29,
1519,527,2025-09-13 02:33:52+02:00,13011.31,18
1520,247,2025-12-11 19:59:39+02:00,413.77,
1521,355,2025-02-21 08:35:11+02:00,1076.27,
1522,171,2025-07-30 03:36:39+02:00,2003.06,27
1523,834,2025-07-21 15:02:18+02:00,514.86,
1524,244,2025-07-18 03:21:20+02:00,2145.59,
1525,681,2025-03-28 18:09:58+02:00,2643.49,
1526,386,2025-09-20 13:36:53+02:00,1726.58,
1527,575,2025-03-29 11:35:52+02:00,1867.00,
1528,502,2025-05-27 18:33:21+02:00,716.89,
1529,765,2025-01-20 07:16:12+02:00,1026.70,
1530,470,2025-12-03 06:21:15+02:00,741.16,
1531,884,2025-05-30 17:03:47+02:00,983.29,18
1532,762,2025-03-06 04:35:33+02:00,600.20,19
1533,214,2025-05-10 15:55:44+02:00,5150.60,26
1534,540,2025-09-30 18:43:24+02:00,1333.54,
1535,128,2025-10-28 21:01:15+02:00,1468.20,
1536,685,2025-04-08 12:22:21+02:00,1142.79,19
1537,124,2025-12-02 10:34:16+02:00,4797.37,23
1538,732,2025-03-29 18:57:21+02:00,10893.34,
1539,471,2025-02-07 03:39:52+02:00,1700.17,
1540,710,2025-04-18 06:24:19+02:00,543.02,20
1541,682,2025-04-22 14:34:18+02:00,3946.66,
1542,808,2025-04-10 15:34:41+02:00,891.34,16
1543,548,2025-04-25 23:07:03+02:00,5007.07,29
1544,707,2025-07-22 07:47:09+02:00,1482.84,16
1545,898,2025-08-18 17:32:27+02:00,218.04,
1546,63,2025-07-26 11:41:16+02:00,14378.10,29
1547,223,2025-06-11 12:03:13+02:00,4812.12,
1548,758,2025-09-24 16:35:30+02:00,694.25,
1549,862,2025-12-03 01:04:04+02:00,2298.82,
1550,308,2025-09-13 20:48:20+02:00,9602.03,14
1551,741,2025-04-14 18:00:18+02:00,1057.47,21
1552,894,2025-03-27 01:40:15+02:00,1338.54,29
1553,962,2025-10-12 03:35:00+02:00,7583.20,28
1554,861,2025-05-30 18:36:28+02:00,1514.76,14
1555,936,2025-03-29 14:08:15+02:00,16855.34,18
1556,583,2025-04-13 02:53:09+02:00,679.96,
1557,309,2025-02-05 21:53:36+02:00,8238.92,
1558,3,2025-09-05 19:29:13+02:00,6031.55,
1559,545,2025-02-06 10:50:24+02:00,4559.34,17
1560,547,2025-02-06 10:32:26+02:00,937.51,
1561,434,2025-11-10 22:29:21+02:00,3978.75,26
1562,25,2025-10-12 19:51:33+02:00,1685.72,
1563,668,2025-05-12 11:00:15+02:00,746.09,
1564,538,2025-12-13 17:14:51+02:00,1982.56,
1565,366,2025-10-15 20:02:57+02:00,670.74,
1566,827,2025-04-27 13:06:21+02:00,676.48,
1567,12,2025-05-21 01:15:02+02:00,554.21,24
1568,384,2025-05-19 14:06:08+02:00,633.71,
1569,130,2025-09-20 13:47:15+02:00,2080.84,
1570,261,2025-06-24 00:25:30+02:00,3427.56,
1571,240,2025-12-06 09:31:24+02:00,27462.51,12
1572,336,2025-11-30 08:50:06+02:00,4032.29,
1573,789,2025-06-12 02:08:12+02:00,890.44,
1574,613,2025-12-25 13:24:38+02:00,1611.64,
1575,504,2025-01-01 06:29:24+02:00,2049.53,
1576,649,2025-02-14 08:29:00+02:00,1532.14,
1577,251,2025-02-05 00:14:54+02:00,1024.63,
1578,525,2025-04-23 21:53:20+02:00,630.56,30
1579,389,2025-10-18 09:13:16+02:00,942.91,22
1580,65,2025-06-30 23:18:27+02:00,4589.74,
1581,143,2025-06-25 14:56:04+02:00,1217.36,27
1582,471,2025-09-28 13:05:05+02:00,2908.80,
1583,557,2025-03-09 19:32:39+02:00,2525.33,
1584,760,2025-01-16 17:40:47+02:00,30130.23,
1585,225,2025-01-22 08:43:03+02:00,876.25,20
1586,147,2025-07-09 14:05:28+02:00,1493.13,14
1587,186,2025-03-15 21:02:23+02:00,865.91,
1588,229,2025-03-27 21:41:17+02:00,2478.96,
1589,378,2025-02-11 19:23:41+02:00,993.38,
1590,66,2025-11-08 09:47:31+02:00,4403.91,
1591,902,2025-07-14 03:32:04+02:00,491.19,
1592,873,2025-03-15 21:39:07+02:00,1418.57,
1593,772,2025-09-16 01:21:32+02:00,2796.35,
1594,651,2025-11-06 02:16:41+02:00,646.56,13
1595,743,2025-09-04 08:30:33+02:00,1890.96,
1596,407,2025-04-19 18:08:49+02:00,1262.94,17
1597,364,2025-04-17 03:22:23+02:00,2246.38,13
1598,870,2025-01-04 12:19:07+02:00,1340.24,13
1599,723,2025-01-14 02:09:28+02:00,1593.48,
1600,81,2025-02-14 16:33:27+02:00,432.63,18
1601,904,2025-10-29 04:20:58+02:00,868.60,
1602,946,2025-06-17 18:38:10+02:00,1625.20,
1603,852,2025-03-13 09:11:42+02:00,1646.84,
1604,110,2025-08-26 17:21:20+02:00,1918.32,
1605,517,2025-07-05 14:26:15+02:00,1482.97,25
1606,525,2025-10-17 23:02:48+02:00,1529.98,18
1607,935,2025-06-02 17:34:18+02:00,1049.51,20
1608,832,2025-03-04 14:27:06+02:00,1697.78,
1609,392,2025-09-18 21:44:01+02:00,3051.80,
1610,697,2025-08-15 19:41:44+02:00,1111.10,26
1611,192,2025-07-05 07:03:12+02:00,3001.73,
1612,155,2025-10-06 22:18:34+02:00,2900.72,
1613,102,2025-09-12 05:44:48+02:00,11492.69,14
1614,666,2025-09-04 12:35:15+02:00,1440.95,
1615,509,2025-09-10 00:24:51+02:00,1681.50,
1616,607,2025-08-26 14:29:43+02:00,4915.28,
1617,167,2025-01-02 18:40:35+02:00,2396.78,
1618,134,2025-11-28 23:39:46+02:00,3988.66,19
1619,440,2025-05-20 14:46:59+02:00,17191.32,18
1620,729,2025-02-07 01:03:00+02:00,1351.84,
1621,300,2025-08-01 12:46:14+02:00,532.43,24
1622,304,2025-09-11 20:38:02+02:00,681.32,
1623,991,2025-03-19 02:09:15+02:00,3389.78,13
1624,411,2025-04-30 22:01:25+02:00,1174.92,
1625,473,2025-03-31 17:55:36+02:00,1907.35,
1626,326,2025-01-10 20:47:07+02:00,1128.10,
1627,944,2025-05-19 07:29:38+02:00,1551.14,12
1628,32,2025-07-09 23:39:50+02:00,463.22,
1629,560,2025-10-08 08:36:24+02:00,1008.65,
1630,194,2025-07-17 05:06:54+02:00,730.96,
1631,700,2025-12-23 11:57:08+02:00,20113.03,
1632,868,2025-12-07 10:01:04+02:00,2606.37,
1633,7,2025-11-27 06:37:25+02:00,652.18,25
1634,143,2025-09-12 19:42:05+02:00,638.74,13
1635,733,2025-05-23 07:58:38+02:00,4762.74,
1636,779,2025-07-28 14:02:38+02:00,1723.14,
1637,746,2025-03-15 00:55:40+02:00,7007.88,
1638,210,2025-11-15 15:19:00+02:00,16217.23,
1639,438,2025-02-05 08:03:16+02:00,3917.41,
1640,53,2025-02-24 20:23:00+02:00,783.19,
1641,773,2025-07-23 22:20:50+02:00,1718.57,
1642,348,2025-02-15 08:57:35+02:00,685.28,
1643,878,2025-07-12 17:25:00+02:00,778.66,
1644,203,2025-10-31 16:36:48+02:00,308.65,
1645,900,2025-03-23 23:22:54+02:00,9560.67,
1646,802,2025-10-29 00:17:55+02:00,1449.30,
1647,108,2025-11-22 02:53:46+02:00,1099.59,
1648,876,2025-08-05 20:27:15+02:00,433.63,
1649,843,2025-09-15 09:33:49+02:00,7962.95,
1650,943,2025-07-28 22:47:26+02:00,502.21,
1651,841,2025-05-05 00:01:39+02:00,611.01,
1652,205,2025-09-21 07:14:24+02:00,7681.19,
1653,446,2025-11-03 00:59:02+02:00,1091.24,
1654,796,2025-02-10 14:42:42+02:00,2041.38,20
1655,346,2025-10-25 21:06:40+02:00,2184.04,
1656,773,2025-02-04 04:17:36+02:00,4710.78,13
1657,146,2025-05-11 04:59:04+02:00,2304.18,
1658,298,2025-03-05 18:48:25+02:00,20054.44,
1659,206,2025-03-16 13:27:29+02:00,677.71,
1660,73,2025-06-25 08:59:59+02:00,6379.26,
1661,783,2025-10-09 02:19:46+02:00,17321.89,
1662,671,2025-03-14 18:56:11+02:00,20431.21,
1663,713,2025-09-09 06:09:56+02:00,1562.75,
1664,242,2025-08-05 17:42:35+02:00,715.34,
1665,226,2025-03-06 17:24:35+02:00,1040.32,
1666,810,2025-05-14 17:59:12+02:00,1257.71,
1667,297,2025-01-10 09:22:33+02:00,533.93,
1668,811,2025-02-10 06:31:30+02:00,630.38,14
1669,311,2025-12-16 03:54:07+02:00,932.38,
1670,291,2025-08-26 09:06:38+02:00,1538.36,26
1671,334,2025-12-24 15:44:39+02:00,813.71,
1672,520,2025-04-06 13:45:19+02:00,15102.15,
1673,274,2025-12-20 23:21:08+02:00,3081.25,
1674,558,2025-04-10 15:35:01+02:00,1382.98,
1675,507,2025-02-09 20:58:10+02:00,756.56,
1676,45,2025-12-25 22:57:50+02:00,1771.69,
1677,359,2025-06-15 15:28:12+02:00,938.00,
1678,579,2025-07-12 05:48:56+02:00,677.17,
1679,997,2025-07-18 03:25:46+02:00,9474.42,
1680,984,2025-08-22 19:38:01+02:00,1092.20,
1681,694,2025-07-28 08:11:23+02:00,10191.01,30
1682,771,2025-02-15 04:31:32+02:00,1229.50,29
1683,782,2025-05-03 17:53:04+02:00,3015.75,
1684,118,2025-08-21 17:38:25+02:00,2077.48,
1685,881,2025-08-14 04:08:27+02:00,644.65,
1686,216,2025-03-03 22:08:08+02:00,2537.17,
1687,516,2025-01-05 18:37:22+02:00,392.77,
1688,385,2025-02-04 01:04:28+02:00,868.03,
1689,916,2025-03-17 04:30:34+02:00,4162.43,
1690,681,2025-05-08 22:22:26+02:00,20856.63,
1691,927,2025-01-20 00:56:31+02:00,1678.46,
1692,5,2025-12-18 04:42:30+02:00,870.52,
1693,795,2025-05-17 12:22:24+02:00,811.06,15
1694,684,2025-06-03 00:41:56+02:00,1426.22,
1695,675,2025-12-18 00:23:43+02:00,964.57,
1696,191,2025-02-07 20:06:08+02:00,1373.72,
1697,11,2025-11-20 23:24:55+02:00,16358.74,15
1698,814,2025-10-05 05:19:37+02:00,1662.16,
1699,979,2025-08-09 01:56:38+02:00,1682.64,
1700,673,2025-12-12 11:30:46+02:00,1765.78,
1701,630,2025-04-17 09:10:26+02:00,453.59,
1702,388,2025-11-07 02:09:25+02:00,591.05,
1703,895,2025-10-17 02:05:23+02:00,1548.24,18
1704,978,2025-02-14 01:21:58+02:00,2126.52,
1705,667,2025-07-26 18:57:49+02:00,9550.94,11
1706,161,2025-01-09 14:14:51+02:00,362.03,15
1707,977,2025-08-08 13:02:07+02:00,1167.05,
1708,892,2025-12-02 02:35:00+02:00,1618.26,22
1709,495,2025-12-08 04:32:47+02:00,988.20,
1710,928,2025-07-17 18:27:15+02:00,441.79,
1711,996,2025-01-02 04:09:00+02:00,1442.63,
1712,507,2025-04-24 08:59:19+02:00,1409.27,30
1713,816,2025-06-08 04:20:32+02:00,773.97,12
1714,560,2025-08-26 07:02:13+02:00,1101.91,
1715,391,2025-07-08 12:29:08+02:00,17707.88,
1716,748,2025-04-10 15:53:27+02:00,2616.50,
1717,702,2025-11-28 15:10:16+02:00,4359.80,
1718,338,2025-09-10 01:33:03+02:00,374.49,28
1719,128,2025-03-07 12:59:00+02:00,2559.48,
1720,906,2025-07-28 23:15:10+02:00,2721.18,
1721,441,2025-05-30 14:06:07+02:00,1573.20,
1722,519,2025-09-01 04:07:24+02:00,2665.83,29
1723,127,2025-07-26 16:52:56+02:00,1118.61,30
1724,856,2025-01-23 18:05:45+02:00,1006.14,
1725,556,2025-01-03 12:06:11+02:00,1524.65,27
1726,485,2025-11-10 22:59:17+02:00,1548.01,
1727,609,2025-08-25 00:52:52+02:00,3088.21,23
1728,484,2025-04-29 06:28:35+02:00,1062.37,
1729,957,2025-10-20 19:34:33+02:00,3465.57,
1730,472,2025-02-15 11:18:42+02:00,2450.90,25
1731,711,2025-12-06 01:44:21+02:00,986.93,
1732,830,2025-08-22 07:27:41+02:00,861.78,
1733,522,2025-03-24 11:48:33+02:00,1988.69,30
1734,60,2025-07-30 09:13:12+02:00,2460.88,
1735,823,2025-08-09 08:25:31+02:00,803.16,
1736,908,2025-10-11 05:05:37+02:00,2225.09,
1737,55,2025-06-10 06:38:42+02:00,1604.12,
1738,910,2025-08-13 10:16:51+02:00,630.03,
1739,296,2025-12-27 18:38:21+02:00,722.86,
1740,800,2025-03-12 19:25:33+02:00,10047.24,23
1741,908,2025-04-04 13:40:34+02:00,1726.16,
1742,660,2025-08-10 03:42:14+02:00,4626.97,
1743,472,2025-11-06 02:03:11+02:00,999.87,
1744,94,2025-12-28 19:42:56+02:00,4732.76,23
1745,202,2025-10-03 11:34:12+02:00,2668.23,
1746,586,2025-12-05 08:01:13+02:00,1797.07,
1747,448,2025-09-29 15:09:37+02:00,6117.82,14
1748,802,2025-05-29 23:05:02+02:00,266.25,16
1749,352,2025-08-25 07:06:30+02:00,691.68,
1750,430,2025-04-26 01:46:27+02:00,1872.58,
1751,607,2025-01-09 11:33:42+02:00,1645.29,
1752,596,2025-05-01 08:30:09+02:00,433.99,
1753,266,2025-05-05 07:49:55+02:00,1654.00,
1754,905,2025-06-27 02:41:53+02:00,1156.64,
1755,821,2025-01-08 17:26:49+02:00,1148.47,13
1756,209,2025-08-07 22:16:56+02:00,3520.26,21
1757,787,2025-11-14 18:09:01+02:00,1354.28,
1758,354,2025-06-12 00:43:43+02:00,4854.51,
1759,801,2025-04-25 21:30:43+02:00,1916.13,
1760,24,2025-07-03 19:06:48+02:00,962.30,
1761,980,2025-05-04 12:34:52+02:00,899.41,
1762,213,2025-04-12 16:06:31+02:00,7793.38,
1763,91,2025-11-03 20:41:56+02:00,1406.98,
1764,842,2025-10-26 02:53:12+02:00,1747.74,26
1765,728,2025-05-03 06:58:33+02:00,3682.69,
1766,387,2025-02-04 06:49:18+02:00,1051.84,
1767,237,2025-11-13 17:08:39+02:00,647.87,
1768,222,2025-08-27 03:51:50+02:00,2729.50,29
1769,604,2025-05-01 23:50:59+02:00,1653.43,
1770,958,2025-06-19 06:04:22+02:00,14194.28,
1771,91,2025-04-21 23:22:58+02:00,2679.45,
1772,448,2025-04-07 05:10:17+02:00,1911.58,26
1773,806,2025-04-04 14:01:14+02:00,1467.58,
1774,967,2025-04-18 18:15:14+02:00,2751.90,
1775,591,2025-04-25 16:42:09+02:00,7465.62,13
1776,3,2025-01-13 04:06:48+02:00,487.17,
1777,809,2025-06-25 19:16:16+02:00,1799.96,11
1778,820,2025-09-17 06:00:23+02:00,14637.33,24
1779,480,2025-08-03 23:25:21+02:00,2448.69,
1780,473,2025-11-01 23:55:16+02:00,1292.25,
1781,344,2025-07-16 05:14:35+02:00,14199.81,14
1782,935,2025-07-19 15:03:17+02:00,1441.17,
1783,694,2025-11-22 00:57:18+02:00,3429.74,
1784,810,2025-06-11 23:36:43+02:00,5273.74,
1785,953,2025-10-11 04:52:37+02:00,1318.25,
1786,78,2025-03-26 05:15:01+02:00,858.21,
1787,760,2025-08-27 13:10:35+02:00,2969.02,
1788,11,2025-10-17 01:39:18+02:00,1623.48,
1789,903,2025-09-16 07:06:06+02:00,714.54,
1790,57,2025-10-20 00:25:56+02:00,273.88,
1791,948,2025-08-01 07:13:30+02:00,502.05,30
1792,257,2025-02-24 05:36:07+02:00,1603.95,
1793,450,2025-11-15 22:50:27+02:00,1680.87,
1794,908,2025-04-06 08:31:26+02:00,9810.57,
1795,205,2025-04-04 22:13:53+02:00,3695.94,
1796,944,2025-12-15 00:43:52+02:00,1543.78,
1797,892,2025-01-11 04:42:26+02:00,2750.84,16
1798,40,2025-11-18 12:54:38+02:00,683.19,22
1799,744,2025-09-28 00:03:37+02:00,5705.96,
1800,909,2025-05-30 07:44:19+02:00,1159.44,
1801,306,2025-07-18 19:13:19+02:00,3228.98,
1802,327,2025-01-06 22:02:54+02:00,343.80,
1803,687,2025-10-22 21:55:51+02:00,1623.88,
1804,230,2025-06-02 21:01:35+02:00,19032.54,
1805,510,2025-09-17 02:52:20+02:00,916.56,
1806,479,2025-06-04 11:23:27+02:00,3253.12,18
1807,172,2025-04-28 08:27:02+02:00,951.76,
1808,441,2025-09-07 09:16:37+02:00,2438.39,
1809,442,2025-11-19 15:08:23+02:00,253.64,28
1810,706,2025-06-26 03:35:09+02:00,1914.58,
1811,486,2025-11-03 05:17:15+02:00,39674.83,
1812,547,2025-09-09 23:16:58+02:00,733.01,
1813,45,2025-06-29 18:13:25+02:00,3772.95,
1814,225,2025-12-12 17:52:58+02:00,837.15,
1815,986,2025-02-10 05:08:50+02:00,1197.56,
1816,639,2025-06-11 21:47:25+02:00,620.12,
1817,879,2025-01-06 00:33:57+02:00,667.24,
1818,454,2025-12-27 00:13:11+02:00,497.10,25
1819,900,2025-11-28 01:48:09+02:00,1088.06,21
1820,751,2025-09-21 16:13:14+02:00,20016.81,
1821,143,2025-04-24 00:03:45+02:00,1402.45,
1822,352,2025-10-24 12:18:45+02:00,1017.99,28
1823,368,2025-12-20 14:24:49+02:00,507.92,
1824,855,2025-11-19 16:07:41+02:00,1867.18,
1825,335,2025-01-09 15:23:40+02:00,1563.59,
1826,629,2025-08-23 21:09:31+02:00,3736.52,
1827,16,2025-06-27 08:54:16+02:00,871.47,
1828,411,2025-12-05 11:12:11+02:00,1169.80,22
1829,786,2025-12-12 07:14:05+02:00,2005.18,
1830,195,2025-04-28 22:38:19+02:00,4062.02,
1831,133,2025-06-14 22:01:01+02:00,2637.69,
1832,814,2025-02-05 02:29:46+02:00,572.81,
1833,368,2025-12-13 19:18:02+02:00,939.01,
1834,890,2025-10-07 06:05:21+02:00,1317.98,
1835,448,2025-01-25 22:41:43+02:00,846.27,
1836,26,2025-11-28 23:43:25+02:00,4486.27,
1837,181,2025-12-08 03:03:16+02:00,23711.01,
1838,434,2025-09-26 01:31:03+02:00,1346.25,
1839,766,2025-07-23 09:54:07+02:00,18364.60,
1840,249,2025-07-12 03:40:06+02:00,652.50,
1841,120,2025-04-20 10:42:45+02:00,1644.71,
1842,545,2025-11-09 14:10:05+02:00,1384.48,
1843,611,2025-05-08 07:25:18+02:00,2715.54,
1844,996,2025-08-11 12:29:45+02:00,2963.66,13
1845,77,2025-05-29 19:27:05+02:00,4889.67,21
1846,882,2025-11-27 11:43:09+02:00,327.10,29
1847,547,2025-02-27 16:18:32+02:00,4544.93,
1848,162,2025-11-22 06:53:24+02:00,546.95,25
1849,267,2025-02-15 03:17:11+02:00,2238.08,
1850,975,2025-12-20 09:14:35+02:00,1524.84,
1851,331,2025-06-19 21:30:51+02:00,2588.20,18
1852,995,2025-08-12 04:20:51+02:00,548.45,
1853,891,2025-02-05 07:40:44+02:00,8250.42,
1854,394,2025-02-07 18:27:03+02:00,550.36,
1855,903,2025-03-26 03:42:40+02:00,15484.76,24
1856,457,2025-03-05 23:19:16+02:00,464.14,
1857,543,2025-04-18 02:45:27+02:00,2254.29,26
1858,684,2025-09-07 20:55:20+02:00,4002.00,24
1859,612,2025-02-14 17:07:16+02:00,11537.50,14
1860,458,2025-01-18 09:33:14+02:00,2381.32,
1861,488,2025-12-02 07:10:48+02:00,484.18,30
1862,992,2025-08-02 15:26:25+02:00,1093.92,22
1863,971,2025-02-19 01:56:42+02:00,1129.75,
1864,48,2025-04-19 21:27:33+02:00,4861.58,
1865,767,2025-02-01 01:43:59+02:00,18968.68,
1866,57,2025-11-25 11:56:57+02:00,16075.98,
1867,928,2025-11-12 12:03:56+02:00,21723.36,
1868,39,2025-11-08 06:51:39+02:00,855.29,
1869,603,2025-06-29 06:42:19+02:00,650.01,19
1870,576,2025-10-05 09:30:46+02:00,6344.20,
1871,560,2025-07-22 15:20:23+02:00,10894.81,
1872,790,2025-12-26 01:12:04+02:00,752.21,
1873,886,2025-04-06 01:28:09+02:00,525.77,
1874,39,2025-11-23 02:18:07+02:00,3946.34,
1875,184,2025-10-16 12:51:25+02:00,798.28,28
1876,415,2025-12-26 18:28:12+02:00,3261.27,18
1877,42,2025-03-02 11:56:55+02:00,1451.46,
1878,725,2025-02-07 08:11:00+02:00,9213.06,
1879,645,2025-03-12 16:17:50+02:00,1403.09,
1880,281,2025-01-07 04:17:52+02:00,2440.54,
1881,386,2025-06-02 02:38:01+02:00,14258.67,
1882,422,2025-12-08 02:43:12+02:00,3176.19,
1883,518,2025-08-07 06:47:23+02:00,648.02,
1884,270,2025-07-02 08:16:38+02:00,1330.00,
1885,318,2025-10-28 13:04:37+02:00,682.69,
1886,992,2025-01-12 01:23:46+02:00,869.39,
1887,200,2025-11-12 16:31:36+02:00,825.19,
1888,679,2025-03-14 04:29:44+02:00,605.85,30
1889,701,2025-03-07 21:39:39+02:00,729.74,
1890,938,2025-10-19 17:52:18+02:00,781.47,20
1891,107,2025-09-03 20:24:40+02:00,934.13,
1892,348,2025-05-26 05:21:05+02:00,2818.31,
1893,557,2025-07-12 14:06:36+02:00,5955.04,
1894,941,2025-06-04 11:21:12+02:00,881.59,14
1895,365,2025-09-17 02:28:47+02:00,668.01,
1896,316,2025-09-06 13:43:03+02:00,1401.48,
1897,789,2025-01-10 03:16:27+02:00,1164.92,23
1898,370,2025-07-02 04:53:17+02:00,2810.38,28
1899,581,2025-12-31 05:39:56+02:00,952.04,
1900,183,2025-06-23 03:09:33+02:00,1345.91,19
1901,258,2025-04-06 08:47:16+02:00,6891.32,15
1902,643,2025-01-31 00:53:12+02:00,501.22,
1903,575,2025-12-10 18:51:58+02:00,1307.98,
1904,817,2025-01-31 09:40:48+02:00,15076.18,29
1905,138,2025-11-06 00:29:34+02:00,662.78,17
1906,898,2025-11-18 14:09:44+02:00,1678.98,
1907,611,2025-06-26 05:36:47+02:00,16747.15,
1908,20,2025-11-22 16:20:45+02:00,12084.29,15
1909,214,2025-06-07 15:27:23+02:00,4337.98,
1910,328,2025-08-06 06:24:34+02:00,918.81,
1911,180,2025-08-11 13:01:12+02:00,3400.83,
1912,948,2025-04-06 00:25:17+02:00,878.54,
1913,475,2025-01-17 06:59:57+02:00,2315.79,
1914,655,2025-09-08 23:57:36+02:00,967.44,
1915,20,2025-07-14 00:26:32+02:00,1039.56,11
1916,958,2025-02-23 05:02:10+02:00,771.10,
1917,2,2025-07-08 12:01:00+02:00,902.05,
1918,710,2025-06-29 08:15:32+02:00,801.72,
1919,890,2025-11-13 09:57:20+02:00,3116.47,26
1920,949,2025-10-20 12:36:27+02:00,12393.21,
1921,791,2025-06-23 21:45:37+02:00,26024.37,14
1922,287,2025-12-20 23:14:19+02:00,1783.17,27
1923,886,2025-03-08 06:15:50+02:00,1828.34,
1924,790,2025-05-28 09:15:17+02:00,1452.12,
1925,370,2025-08-12 03:04:15+02:00,2065.55,14
1926,623,2025-07-07 11:15:35+02:00,739.93,
1927,770,2025-03-19 15:34:19+02:00,2264.08,
1928,321,2025-04-30 06:45:36+02:00,1845.88,
1929,720,2025-04-03 04:28:46+02:00,5650.04,
1930,354,2025-08-21 22:19:15+02:00,30971.34,
1931,540,2025-11-15 17:20:46+02:00,712.91,20
1932,566,2025-01-17 23:08:49+02:00,1977.16,18
1933,645,2025-05-14 03:55:23+02:00,262.13,
1934,122,2025-08-06 02:52:16+02:00,786.41,
1935,343,2025-06-03 12:01:32+02:00,791.94,12
1936,432,2025-12-25 03:35:51+02:00,1210.06,
1937,616,2025-05-02 03:21:31+02:00,18773.17,
1938,703,2025-05-29 12:06:16+02:00,15402.26,
1939,955,2025-09-18 21:33:57+02:00,867.09,
1940,364,2025-05-12 17:42:15+02:00,1555.63,12
1941,337,2025-05-30 13:00:02+02:00,4317.20,23
1942,574,2025-05-17 19:56:43+02:00,5221.65,15
1943,220,2025-11-06 15:54:00+02:00,4289.10,
1944,216,2025-08-04 11:02:20+02:00,2621.20,
1945,301,2025-02-05 04:07:08+02:00,975.60,
1946,706,2025-12-28 11:06:24+02:00,3159.43,
1947,463,2025-06-22 07:27:46+02:00,872.40,
1948,562,2025-01-02 07:58:20+02:00,1586.81,27
1949,466,2025-04-08 05:53:36+02:00,650.50,
1950,565,2025-01-08 12:55:58+02:00,400.59,
1951,183,2025-09-23 16:23:22+02:00,1302.48,
1952,70,2025-09-14 17:07:59+02:00,3078.92,
1953,605,2025-09-29 05:46:37+02:00,293.32,
1954,740,2025-02-24 02:00:57+02:00,1279.23,
1955,29,2025-10-13 07:11:50+02:00,2986.63,12
1956,902,2025-01-03 20:26:14+02:00,2415.54,
1957,328,2025-06-01 05:33:10+02:00,5203.08,
1958,136,2025-08-14 07:01:01+02:00,1725.21,
1959,671,2025-07-04 08:12:22+02:00,2258.88,
1960,443,2025-05-15 02:18:46+02:00,6765.56,
1961,858,2025-03-11 02:25:58+02:00,1138.93,
1962,50,2025-01-07 18:44:03+02:00,773.18,
1963,223,2025-01-09 12:24:15+02:00,603.39,
1964,200,2025-05-01 06:59:08+02:00,2356.79,
1965,299,2025-07-18 04:15:54+02:00,2081.39,
1966,245,2025-11-10 19:48:46+02:00,335.64,24
1967,965,2025-12-05 06:02:52+02:00,1724.56,16
1968,265,2025-09-26 03:27:20+02:00,7253.91,
1969,792,2025-09-17 04:35:58+02:00,28064.60,
1970,656,2025-05-17 10:34:00+02:00,38749.06,
1971,751,2025-08-30 22:29:30+02:00,4365.58,
1972,291,2025-09-13 08:21:24+02:00,670.09,
1973,895,2025-09-07 09:11:10+02:00,3149.54,16
1974,20,2025-12-08 10:26:24+02:00,172.05,30
1975,345,2025-07-20 12:30:16+02:00,2368.30,
1976,547,2025-03-25 23:48:45+02:00,2051.72,
1977,558,2025-02-06 04:34:20+02:00,6350.05,
1978,878,2025-11-09 07:35:32+02:00,1857.29,
1979,653,2025-06-13 01:19:34+02:00,829.38,
1980,543,2025-03-23 04:37:22+02:00,1544.31,
1981,545,2025-06-21 04:19:25+02:00,806.41,
1982,61,2025-04-05 04:46:08+02:00,10129.56,29
1983,653,2025-02-21 03:36:12+02:00,4556.98,
1984,854,2025-05-06 10:10:21+02:00,2458.74,18
1985,629,2025-04-30 01:32:35+02:00,4951.54,
1986,653,2025-07-19 15:39:43+02:00,18959.14,14
1987,170,2025-02-18 17:11:38+02:00,1657.62,
1988,476,2025-11-10 17:49:13+02:00,5254.61,
1989,710,2025-05-25 04:07:36+02:00,925.80,
1990,424,2025-09-14 19:41:44+02:00,806.25,
1991,907,2025-10-23 08:48:57+02:00,533.32,12
1992,244,2025-01-06 00:20:48+02:00,4638.22,
1993,445,2025-03-14 21:47:28+02:00,2766.16,
1994,334,2025-09-15 03:29:49+02:00,2118.80,
1995,522,2025-12-17 06:24:27+02:00,1482.36,
1996,319,2025-07-21 05:00:57+02:00,1143.40,
1997,865,2025-08-15 17:03:16+02:00,23999.06,
1998,910,2025-04-27 12:38:50+02:00,611.38,
1999,968,2025-08-19 15:01:49+02:00,1414.70,11
2000,223,2025-11-30 00:00:43+02:00,2230.21,
2001,637,2025-03-09 05:33:49+02:00,21837.06,24
2002,602,2025-02-17 20:22:32+02:00,2779.47,12
2003,514,2025-11-27 17:20:56+02:00,1568.34,30
2004,129,2025-02-08 12:17:48+02:00,1649.22,20
2005,121,2025-06-18 02:48:50+02:00,1041.31,
2006,346,2025-02-02 09:59:05+02:00,3678.88,
2007,134,2025-04-25 13:08:34+02:00,2171.76,
2008,978,2025-03-18 09:46:35+02:00,3223.69,17
2009,567,2025-11-26 19:57:20+02:00,7706.40,18
2010,263,2025-06-09 22:02:06+02:00,1267.29,11
2011,660,2025-11-27 10:31:23+02:00,423.55,
2012,983,2025-01-08 13:40:26+02:00,1157.28,
2013,814,2025-05-26 14:41:36+02:00,1500.86,
2014,612,2025-08-19 04:25:53+02:00,1129.18,
2015,496,2025-03-27 19:45:37+02:00,1181.10,29
2016,986,2025-12-03 00:48:23+02:00,1111.11,
2017,793,2025-09-09 12:01:49+02:00,3238.48,
2018,247,2025-07-14 01:59:45+02:00,1926.55,17
2019,236,2025-05-09 11:10:43+02:00,950.87,
2020,915,2025-08-30 20:11:27+02:00,1118.95,
2021,574,2025-06-15 14:18:10+02:00,681.88,
2022,374,2025-02-04 04:18:45+02:00,1555.63,
2023,76,2025-03-07 13:48:05+02:00,972.25,
2024,882,2025-02-04 10:18:59+02:00,1001.76,
2025,285,2025-09-03 10:28:52+02:00,1712.73,29
2026,319,2025-07-09 23:08:36+02:00,1007.60,
2027,827,2025-09-26 06:43:46+02:00,1145.22,15
2028,186,2025-01-01 08:29:47+02:00,2708.84,
2029,336,2025-08-29 14:39:43+02:00,745.07,28
2030,680,2025-02-27 12:41:08+02:00,979.85,26
2031,413,2025-02-08 15:34:07+02:00,3887.05,18
2032,245,2025-11-10 02:32:43+02:00,487.79,
2033,946,2025-12-06 03:25:22+02:00,578.44,11
2034,930,2025-01-21 20:59:08+02:00,584.34,
2035,981,2025-12-19 09:18:15+02:00,2073.09,
2036,687,2025-11-16 06:57:25+02:00,1435.95,
2037,746,2025-01-06 20:35:10+02:00,4364.95,
2038,249,2025-06-16 04:38:41+02:00,19562.56,
2039,962,2025-01-01 09:11:26+02:00,1107.67,25
2040,410,2025-06-05 13:57:07+02:00,1342.76,
2041,466,2025-01-05 14:08:30+02:00,29259.41,
2042,613,2025-09-26 04:00:34+02:00,2396.22,
2043,32,2025-08-26 17:11:45+02:00,1206.69,12
2044,931,2025-01-31 21:48:30+02:00,1025.51,
2045,141,2025-07-06 03:35:44+02:00,714.76,
2046,161,2025-04-29 06:25:10+02:00,2622.59,
2047,923,2025-10-25 12:42:18+02:00,1018.41,
2048,377,2025-10-29 04:27:47+02:00,921.57,
2049,373,2025-11-15 13:31:32+02:00,670.62,21
2050,762,2025-01-28 06:21:43+02:00,1827.22,
2051,863,2025-01-03 02:51:25+02:00,3069.98,
2052,269,2025-10-06 05:44:02+02:00,2820.71,
2053,765,2025-01-07 21:02:54+02:00,4435.21,
2054,902,2025-07-15 17:51:50+02:00,1031.66,29
2055,33,2025-07-31 03:02:53+02:00,1484.08,
2056,343,2025-01-23 20:10:58+02:00,2892.38,
2057,97,2025-03-22 21:13:33+02:00,739.65,
2058,532,2025-03-23 12:58:59+02:00,10429.64,
2059,931,2025-11-04 19:30:20+02:00,2060.02,
2060,792,2025-01-25 12:50:10+02:00,1525.00,
2061,726,2025-07-15 07:46:57+02:00,5718.70,
2062,918,2025-05-18 14:53:42+02:00,11931.15,24
2063,522,2025-12-23 23:27:37+02:00,523.88,11
2064,730,2025-03-28 20:05:21+02:00,900.51,
2065,701,2025-09-19 04:51:20+02:00,3053.77,
2066,394,2025-11-03 21:57:24+02:00,2557.29,
2067,635,2025-05-23 04:43:46+02:00,1756.24,
2068,19,2025-03-28 03:13:50+02:00,1095.09,
2069,642,2025-05-31 15:51:44+02:00,510.40,28
2070,611,2025-12-11 20:35:55+02:00,2178.77,
2071,936,2025-10-16 01:43:33+02:00,16423.72,
2072,10,2025-04-22 17:00:34+02:00,841.04,24
2073,538,2025-11-24 14:10:45+02:00,5517.37,
2074,551,2025-04-26 22:45:26+02:00,507.84,
2075,244,2025-08-22 03:03:00+02:00,967.85,16
2076,273,2025-11-23 18:37:31+02:00,4686.73,
2077,829,2025-03-07 03:06:08+02:00,18385.67,18
2078,790,2025-04-08 18:57:40+02:00,955.62,
2079,553,2025-11-06 03:25:17+02:00,1357.28,
2080,254,2025-04-10 04:12:18+02:00,27390.80,
2081,391,2025-04-26 02:33:47+02:00,13644.21,
2082,92,2025-09-30 08:07:12+02:00,807.03,
2083,739,2025-12-22 02:59:13+02:00,636.86,
2084,996,2025-08-14 01:02:51+02:00,1309.74,
2085,610,2025-01-14 12:35:39+02:00,1337.74,
2086,42,2025-08-06 04:09:51+02:00,6246.84,
2087,70,2025-12-23 09:52:54+02:00,1232.18,
2088,930,2025-07-02 12:06:37+02:00,1654.06,
2089,127,2025-09-15 17:00:30+02:00,1201.09,
2090,18,2025-03-07 22:43:16+02:00,689.80,30
2091,128,2025-07-23 01:16:56+02:00,718.33,
2092,577,2025-10-30 07:09:02+02:00,1099.52,
2093,117,2025-08-05 12:51:52+02:00,1226.94,
2094,241,2025-10-08 21:27:25+02:00,682.52,20
2095,477,2025-03-26 03:02:07+02:00,5281.68,
2096,776,2025-12-21 19:13:36+02:00,1371.32,18
2097,399,2025-03-23 02:27:45+02:00,2774.92,
2098,691,2025-07-09 18:14:09+02:00,810.98,
2099,424,2025-09-26 11:43:58+02:00,1321.00,
2100,262,2025-12-08 11:08:08+02:00,2980.37,21
2101,20,2025-12-20 07:24:59+02:00,699.99,
2102,316,2025-04-07 13:32:10+02:00,6022.85,
2103,787,2025-08-08 20:22:47+02:00,737.43,
2104,596,2025-11-03 19:32:43+02:00,839.18,
2105,485,2025-09-10 02:16:31+02:00,1397.33,12
2106,419,2025-12-25 00:08:27+02:00,2548.89,
2107,663,2025-03-16 13:36:50+02:00,1767.12,
2108,470,2025-06-18 05:15:23+02:00,3297.78,
2109,881,2025-09-23 15:27:54+02:00,742.75,21
2110,225,2025-06-10 02:07:25+02:00,2622.20,
2111,573,2025-08-29 10:55:42+02:00,1808.41,
2112,87,2025-10-29 08:06:38+02:00,4134.74,
2113,348,2025-05-30 06:27:53+02:00,887.56,20
2114,266,2025-01-16 22:01:50+02:00,1582.37,26
2115,957,2025-01-09 11:12:54+02:00,4338.04,
2116,587,2025-09-26 10:56:04+02:00,1051.56,13
2117,91,2025-04-04 23:05:22+02:00,907.03,
2118,520,2025-09-04 21:13:31+02:00,2584.57,
2119,70,2025-03-13 13:57:32+02:00,4723.44,
2120,63,2025-07-10 07:52:42+02:00,966.64,
2121,931,2025-01-31 17:45:02+02:00,615.19,
2122,223,2025-05-11 19:13:19+02:00,1392.55,17
2123,985,2025-08-21 16:29:51+02:00,502.08,
2124,191,2025-06-05 07:28:01+02:00,1149.20,
2125,442,2025-08-30 13:54:05+02:00,6518.60,
2126,635,2025-11-29 15:56:07+02:00,20044.98,
2127,501,2025-08-11 08:55:11+02:00,790.23,27
2128,539,2025-05-13 02:18:19+02:00,1616.64,12
2129,528,2025-03-04 17:07:27+02:00,16547.24,20
2130,822,2025-05-01 23:07:46+02:00,1186.16,
2131,965,2025-01-12 00:52:23+02:00,1923.20,
2132,533,2025-12-25 01:54:19+02:00,829.16,21
2133,154,2025-08-06 10:05:23+02:00,1084.61,29
2134,28,2025-06-12 20:45:32+02:00,5753.96,22
2135,273,2025-08-10 18:25:59+02:00,715.48,
2136,573,2025-01-14 18:59:46+02:00,3671.64,
2137,452,2025-11-28 14:40:34+02:00,713.78,29
2138,245,2025-08-12 18:21:38+02:00,2359.16,
2139,878,2025-03-18 03:59:23+02:00,1003.20,
2140,622,2025-02-25 00:32:26+02:00,2607.70,22
2141,962,2025-09-19 01:11:41+02:00,1069.09,
2142,631,2025-09-18 19:16:34+02:00,2241.51,
2143,346,2025-10-16 19:51:30+02:00,1115.02,
2144,765,2025-04-04 01:13:41+02:00,1456.77,20
2145,563,2025-08-15 03:43:48+02:00,767.74,
2146,457,2025-04-06 16:25:25+02:00,981.76,
2147,504,2025-07-17 16:39:26+02:00,1727.12,
2148,827,2025-10-27 23:58:16+02:00,707.11,
2149,894,2025-08-23 09:12:49+02:00,834.59,
2150,513,2025-12-14 08:17:42+02:00,1958.10,
2151,491,2025-06-28 04:00:08+02:00,898.13,
2152,269,2025-08-29 04:12:04+02:00,675.68,26
2153,596,2025-03-01 15:41:32+02:00,695.76,
2154,444,2025-03-06 12:22:40+02:00,4335.87,21
2155,378,2025-08-18 19:47:35+02:00,1158.55,
2156,471,2025-12-05 14:46:56+02:00,3310.02,14
2157,776,2025-09-10 13:21:00+02:00,5423.24,23
2158,27,2025-12-02 05:16:57+02:00,2210.31,
2159,834,2025-03-10 03:20:28+02:00,1667.89,
2160,805,2025-09-08 18:02:09+02:00,6019.22,
2161,437,2025-11-16 04:34:23+02:00,619.43,
2162,179,2025-02-01 01:47:47+02:00,36859.43,28
2163,259,2025-11-27 22:32:10+02:00,15156.65,27
2164,731,2025-11-24 03:24:25+02:00,440.41,
2165,982,2025-04-19 02:56:26+02:00,1010.27,
2166,77,2025-03-02 14:35:39+02:00,508.33,16
2167,596,2025-07-23 00:30:15+02:00,1472.42,
2168,733,2025-12-29 15:30:02+02:00,357.79,11
2169,896,2025-01-02 01:54:10+02:00,2172.66,15
2170,394,2025-12-18 20:53:25+02:00,895.45,11
2171,469,2025-08-25 05:09:18+02:00,328.16,
2172,116,2025-12-31 06:16:01+02:00,1911.74,28
2173,928,2025-01-02 19:58:12+02:00,4878.44,
2174,996,2025-02-28 21:51:12+02:00,622.89,
2175,340,2025-12-12 22:58:04+02:00,1056.18,
2176,110,2025-07-14 20:30:54+02:00,2585.84,
2177,913,2025-09-14 06:44:45+02:00,3533.79,
2178,738,2025-04-01 08:45:58+02:00,978.46,
2179,480,2025-06-11 19:49:15+02:00,2658.60,
2180,905,2025-02-14 04:40:54+02:00,9919.81,22
2181,28,2025-10-20 00:24:50+02:00,164.64,15
2182,92,2025-12-10 00:30:16+02:00,29905.77,
2183,622,2025-07-24 14:19:31+02:00,459.32,
2184,216,2025-06-02 08:07:14+02:00,989.86,
2185,849,2025-10-30 23:31:58+02:00,2126.68,
2186,833,2025-10-18 04:24:41+02:00,584.64,11
2187,525,2025-02-16 00:08:06+02:00,4824.37,
2188,132,2025-07-23 00:17:29+02:00,903.63,
2189,37,2025-11-25 14:44:40+02:00,1201.51,
2190,857,2025-10-28 05:16:37+02:00,1200.93,
2191,898,2025-11-21 22:37:21+02:00,1662.86,30
2192,358,2025-02-03 23:15:07+02:00,987.40,
2193,269,2025-12-08 15:56:04+02:00,3455.85,
2194,879,2025-04-21 06:44:14+02:00,1848.35,
2195,773,2025-09-30 22:19:04+02:00,3078.14,
2196,569,2025-11-24 09:35:42+02:00,1936.04,24
2197,572,2025-06-15 00:47:04+02:00,3333.98,
2198,949,2025-12-22 12:18:54+02:00,2022.75,
2199,684,2025-04-02 17:10:25+02:00,3064.60,
2200,459,2025-11-12 17:26:03+02:00,1106.89,
2201,266,2025-10-16 16:28:58+02:00,2675.23,14
2202,453,2025-12-08 07:59:46+02:00,232.04,29
2203,703,2025-05-24 06:15:22+02:00,210.00,
2204,889,2025-06-13 03:45:27+02:00,16635.17,12
2205,21,2025-03-26 06:34:49+02:00,1897.55,28
2206,945,2025-10-04 04:48:12+02:00,5432.35,
2207,555,2025-09-13 17:23:17+02:00,1186.70,
2208,228,2025-09-20 02:22:57+02:00,708.84,
2209,838,2025-11-10 22:53:01+02:00,3406.07,
2210,235,2025-05-17 04:03:23+02:00,22478.92,
2211,409,2025-01-16 00:08:01+02:00,2756.96,
2212,704,2025-06-25 23:21:02+02:00,1918.60,
2213,787,2025-07-30 09:01:16+02:00,1007.81,11
2214,564,2025-08-21 14:10:58+02:00,1072.71,
2215,251,2025-08-13 15:26:53+02:00,1059.20,27
2216,631,2025-02-24 16:07:57+02:00,2975.40,14
2217,223,2025-06-09 05:15:40+02:00,23167.00,
2218,65,2025-09-04 01:34:39+02:00,2520.44,
2219,300,2025-12-11 21:32:59+02:00,1674.86,
2220,554,2025-03-15 20:54:30+02:00,2108.70,
2221,832,2025-10-06 22:28:53+02:00,5563.47,
2222,476,2025-09-19 18:55:13+02:00,1221.38,29
2223,518,2025-03-21 09:24:33+02:00,665.76,
2224,373,2025-09-25 09:24:29+02:00,1037.44,29
2225,347,2025-06-08 04:17:03+02:00,1239.90,
2226,198,2025-05-18 10:18:50+02:00,13008.96,
2227,436,2025-03-03 10:00:59+02:00,528.25,
2228,892,2025-04-15 11:01:20+02:00,5540.30,
2229,119,2025-09-04 08:52:54+02:00,4258.10,
2230,820,2025-12-26 23:12:55+02:00,7624.66,
2231,218,2025-05-09 22:37:07+02:00,358.56,
2232,106,2025-08-05 14:16:21+02:00,263.76,19
2233,830,2025-06-04 21:41:20+02:00,3473.84,
2234,380,2025-04-22 23:49:05+02:00,698.95,26
2235,600,2025-04-21 12:27:12+02:00,10239.74,
2236,460,2025-01-15 21:50:38+02:00,1111.57,
2237,936,2025-06-12 17:33:11+02:00,7458.53,
2238,131,2025-01-05 13:49:07+02:00,770.51,
2239,789,2025-02-18 08:59:09+02:00,839.14,
2240,121,2025-01-28 23:58:14+02:00,15600.43,19
2241,896,2025-03-18 23:48:40+02:00,15501.88,
2242,271,2025-02-27 15:56:50+02:00,1006.84,
2243,998,2025-11-04 09:00:12+02:00,886.60,
2244,739,2025-01-05 17:47:20+02:00,1003.00,
2245,115,2025-04-25 10:10:35+02:00,751.70,
2246,125,2025-08-11 16:56:24+02:00,17424.53,30
2247,444,2025-10-28 03:29:19+02:00,12760.04,
2248,506,2025-06-27 19:06:55+02:00,1424.90,23
2249,777,2025-10-12 17:59:56+02:00,1152.64,28
2250,709,2025-01-11 15:15:21+02:00,3911.96,
2251,731,2025-01-10 03:10:26+02:00,1745.25,
2252,130,2025-03-14 11:21:56+02:00,729.52,
2253,673,2025-06-03 12:49:58+02:00,2620.49,
2254,532,2025-10-12 03:25:40+02:00,943.39,
2255,270,2025-01-17 01:43:52+02:00,1101.62,
2256,172,2025-11-09 10:17:09+02:00,18197.30,21
2257,672,2025-12-04 02:52:48+02:00,2326.99,
2258,432,2025-09-06 07:23:24+02:00,1561.82,
2259,729,2025-01-10 18:57:52+02:00,531.93,
2260,795,2025-11-13 18:49:51+02:00,4028.86,
2261,208,2025-01-11 04:18:18+02:00,449.71,
2262,547,2025-11-01 14:44:55+02:00,1353.59,
2263,131,2025-05-29 08:39:42+02:00,1384.68,
2264,149,2025-06-15 17:16:04+02:00,1073.13,12
2265,106,2025-06-11 05:18:36+02:00,5669.84,16
2266,560,2025-03-27 22:44:32+02:00,2393.50,
2267,565,2025-04-11 23:04:37+02:00,2609.50,
2268,212,2025-11-16 04:17:01+02:00,1993.91,
2269,1,2025-01-30 13:08:18+02:00,2348.74,13
2270,963,2025-04-01 05:55:23+02:00,10612.56,
2271,784,2025-01-29 15:04:18+02:00,831.14,27
2272,637,2025-04-23 01:30:55+02:00,966.24,29
2273,308,2025-12-21 10:14:17+02:00,2129.98,
2274,557,2025-02-11 19:24:15+02:00,3462.40,
2275,73,2025-06-05 23:29:31+02:00,14678.26,
2276,303,2025-01-04 01:01:28+02:00,15416.67,
2277,58,2025-12-28 19:30:24+02:00,4583.64,
2278,52,2025-01-08 00:07:25+02:00,18544.12,
2279,397,2025-06-14 16:30:45+02:00,712.44,
2280,321,2025-05-31 07:25:18+02:00,21252.98,20
2281,598,2025-03-28 07:12:19+02:00,990.88,
2282,818,2025-08-31 12:20:36+02:00,261.14,
2283,694,2025-03-05 08:57:53+02:00,806.66,
2284,274,2025-09-24 06:39:09+02:00,1854.80,
2285,827,2025-03-07 11:32:42+02:00,2122.91,16
2286,18,2025-06-08 19:10:46+02:00,11335.91,
2287,24,2025-07-15 19:40:31+02:00,1555.04,
2288,392,2025-10-29 10:25:52+02:00,727.50,
2289,535,2025-08-02 12:04:45+02:00,2630.62,
2290,481,2025-03-28 22:36:14+02:00,1191.36,
2291,433,2025-09-11 04:11:36+02:00,7652.88,
2292,613,2025-04-30 12:55:25+02:00,1207.15,
2293,438,2025-04-22 12:46:44+02:00,2032.21,14
2294,628,2025-08-31 00:00:03+02:00,940.18,11
2295,711,2025-11-18 15:44:11+02:00,11357.11,
2296,858,2025-11-07 11:50:25+02:00,6343.52,
2297,864,2025-09-15 18:37:19+02:00,1165.31,13
2298,330,2025-05-20 22:23:44+02:00,2529.68,
2299,82,2025-10-07 11:53:28+02:00,15758.91,
2300,708,2025-10-16 20:07:45+02:00,369.99,
2301,167,2025-10-17 01:29:47+02:00,1966.01,20
2302,495,2025-04-13 13:07:57+02:00,3364.91,
2303,491,2025-06-07 08:00:57+02:00,706.44,
2304,470,2025-08-30 20:37:52+02:00,35878.46,14
2305,261,2025-05-03 21:00:05+02:00,874.38,
2306,661,2025-11-17 04:46:46+02:00,1263.35,
2307,36,2025-11-23 05:35:25+02:00,1367.48,29
2308,148,2025-09-07 11:16:35+02:00,1424.86,
2309,387,2025-05-13 18:37:42+02:00,1634.04,
2310,611,2025-10-22 14:40:24+02:00,3660.16,
2311,94,2025-09-16 03:22:25+02:00,957.43,
2312,80,2025-12-25 13:10:50+02:00,1161.05,
2313,119,2025-07-26 20:22:56+02:00,3187.59,18
2314,514,2025-12-23 02:30:08+02:00,647.12,
2315,960,2025-07-31 02:32:19+02:00,289.39,
2316,786,2025-09-13 08:30:27+02:00,898.34,14
2317,965,2025-09-20 07:23:20+02:00,3200.32,
2318,318,2025-01-06 17:58:18+02:00,2121.04,
2319,855,2025-04-26 02:46:55+02:00,2657.75,
2320,97,2025-10-09 20:36:27+02:00,923.30,
2321,646,2025-03-17 19:36:31+02:00,312.90,
2322,792,2025-05-25 18:17:02+02:00,1597.54,
2323,180,2025-12-20 07:15:15+02:00,1296.35,
2324,727,2025-05-20 01:47:38+02:00,1991.57,20
2325,932,2025-10-08 11:48:30+02:00,1499.04,29
2326,822,2025-01-28 11:21:00+02:00,1637.68,
2327,694,2025-01-09 07:09:54+02:00,19704.99,
2328,635,2025-10-24 06:41:25+02:00,753.03,
2329,215,2025-07-27 20:04:29+02:00,1619.64,
2330,970,2025-06-16 23:09:08+02:00,1508.36,12
2331,509,2025-11-14 19:44:54+02:00,2052.25,
2332,321,2025-02-03 06:17:35+02:00,2217.04,
2333,431,2025-07-15 03:06:04+02:00,3096.63,
2334,652,2025-03-23 01:03:51+02:00,1027.63,12
2335,668,2025-04-19 06:17:48+02:00,3481.34,
2336,696,2025-02-02 22:18:02+02:00,1391.97,
2337,761,2025-07-17 05:29:54+02:00,1585.10,23
2338,227,2025-11-25 00:21:28+02:00,1097.97,
2339,1000,2025-06-27 11:58:09+02:00,1149.06,
2340,901,2025-04-02 14:38:12+02:00,3236.38,
2341,604,2025-03-28 16:29:13+02:00,4190.73,
2342,220,2025-06-08 14:43:17+02:00,324.86,26
2343,33,2025-12-11 21:59:53+02:00,1154.48,
2344,646,2025-01-05 16:21:22+02:00,1530.86,
2345,115,2025-05-23 15:05:21+02:00,592.12,
2346,499,2025-10-25 05:10:33+02:00,1165.19,
2347,702,2025-05-04 19:32:31+02:00,1678.22,
2348,394,2025-02-10 19:40:20+02:00,2214.98,
2349,826,2025-10-02 06:02:25+02:00,1908.74,13
2350,707,2025-02-02 02:07:15+02:00,28788.96,
2351,818,2025-07-11 21:01:04+02:00,666.28,15
2352,338,2025-01-11 22:56:29+02:00,940.18,22
2353,972,2025-09-03 13:03:14+02:00,1729.46,
2354,266,2025-01-17 03:16:07+02:00,1176.83,
2355,719,2025-11-25 18:41:42+02:00,657.46,13
2356,452,2025-03-02 09:02:43+02:00,494.56,
2357,96,2025-03-13 22:02:42+02:00,211.75,
2358,730,2025-12-23 03:18:29+02:00,827.72,
2359,609,2025-09-29 01:15:51+02:00,1480.78,
2360,854,2025-12-02 03:09:10+02:00,1251.96,
2361,708,2025-11-14 15:19:09+02:00,993.83,
2362,378,2025-07-21 05:49:59+02:00,1114.13,
2363,283,2025-01-06 20:55:42+02:00,3838.02,
2364,242,2025-07-16 18:19:28+02:00,2656.69,28
2365,983,2025-09-26 10:14:33+02:00,743.41,19
2366,119,2025-04-16 15:18:29+02:00,484.39,
2367,98,2025-02-02 13:40:12+02:00,1540.78,
2368,916,2025-04-05 14:38:43+02:00,485.47,
2369,295,2025-03-18 13:08:12+02:00,1550.05,
2370,31,2025-12-24 13:19:23+02:00,4090.38,
2371,582,2025-12-27 18:04:16+02:00,503.01,
2372,399,2025-09-13 09:28:39+02:00,1899.88,
2373,161,2025-05-20 20:12:20+02:00,5876.81,
2374,759,2025-03-06 19:30:29+02:00,1528.50,
2375,43,2025-05-24 17:19:04+02:00,17683.09,27
2376,385,2025-06-10 07:13:52+02:00,29742.40,
2377,45,2025-07-23 04:39:15+02:00,2317.99,
2378,26,2025-05-30 02:56:55+02:00,983.49,
2379,680,2025-05-17 03:55:59+02:00,2549.83,
2380,940,2025-04-30 08:31:41+02:00,1197.85,
2381,512,2025-07-01 03:05:48+02:00,2473.83,
2382,739,2025-01-16 03:03:36+02:00,2753.12,20
2383,721,2025-11-25 08:06:49+02:00,399.38,
2384,169,2025-04-05 21:35:04+02:00,1212.22,13
2385,447,2025-02-23 12:53:54+02:00,1220.62,
2386,216,2025-06-02 20:02:28+02:00,4696.31,23
2387,454,2025-08-02 15:44:03+02:00,1496.81,
2388,71,2025-03-07 07:03:13+02:00,2403.68,
2389,640,2025-07-27 17:40:58+02:00,4353.10,
2390,765,2025-08-27 11:51:53+02:00,2745.02,
2391,980,2025-01-15 11:19:23+02:00,1223.35,
2392,544,2025-08-16 09:45:37+02:00,2454.49,
2393,762,2025-04-05 00:18:10+02:00,291.32,
2394,2,2025-02-07 20:11:24+02:00,2014.02,
2395,430,2025-07-04 05:32:18+02:00,758.87,
2396,84,2025-10-29 20:20:45+02:00,387.01,
2397,80,2025-04-02 06:24:45+02:00,22324.21,
2398,10,2025-02-25 15:06:05+02:00,1274.64,
2399,732,2025-09-07 13:34:41+02:00,582.54,
2400,803,2025-04-28 21:45:52+02:00,689.77,
2401,690,2025-03-17 09:42:42+02:00,17232.36,
2402,1,2025-11-14 14:46:16+02:00,7105.24,
2403,626,2025-11-12 10:36:16+02:00,1038.47,21
2404,657,2025-06-28 21:27:33+02:00,12018.85,
2405,218,2025-02-12 06:26:08+02:00,2696.92,
2406,178,2025-12-31 03:37:30+02:00,1534.91,14
2407,616,2025-07-20 12:56:24+02:00,1385.71,
2408,15,2025-09-16 17:46:28+02:00,2869.23,
2409,425,2025-06-21 19:17:53+02:00,440.21,
2410,849,2025-10-16 17:25:04+02:00,556.62,
2411,52,2025-12-18 10:20:32+02:00,678.40,
2412,397,2025-01-31 07:25:29+02:00,1818.10,
2413,769,2025-05-11 17:38:56+02:00,878.65,
2414,11,2025-03-26 21:12:42+02:00,21080.35,
2415,745,2025-07-27 14:27:38+02:00,2138.29,
2416,933,2025-02-26 22:49:05+02:00,1040.30,29
2417,17,2025-01-05 07:32:36+02:00,1140.52,
2418,529,2025-09-19 03:36:27+02:00,1315.76,
2419,243,2025-03-08 10:57:52+02:00,5205.09,
2420,549,2025-11-03 16:56:55+02:00,2172.16,
2421,341,2025-12-15 11:13:51+02:00,361.21,30
2422,353,2025-08-17 06:27:45+02:00,2321.74,29
2423,442,2025-03-21 20:28:30+02:00,1092.54,11
2424,876,2025-02-15 19:42:06+02:00,1453.28,
2425,860,2025-08-03 23:05:43+02:00,2742.98,
2426,694,2025-06-22 00:23:38+02:00,17140.34,
2427,578,2025-04-21 07:17:40+02:00,1201.57,
2428,210,2025-05-31 19:43:11+02:00,390.68,28
2429,142,2025-02-05 11:34:39+02:00,1502.70,23
2430,363,2025-11-28 03:59:44+02:00,1988.01,
2431,117,2025-10-12 03:10:53+02:00,3128.59,
2432,143,2025-12-09 20:33:44+02:00,2051.84,24
2433,727,2025-06-30 23:35:06+02:00,1679.18,22
2434,129,2025-11-01 17:21:07+02:00,1130.83,29
2435,769,2025-01-26 00:28:31+02:00,1513.87,26
2436,521,2025-08-06 10:52:20+02:00,28866.42,
2437,804,2025-03-06 17:06:03+02:00,711.30,25
2438,842,2025-10-06 23:40:12+02:00,1013.30,
2439,543,2025-09-05 16:08:59+02:00,1582.38,
2440,844,2025-02-02 10:29:02+02:00,3396.97,
2441,73,2025-08-02 08:02:01+02:00,1540.94,24
2442,830,2025-03-13 04:39:54+02:00,803.14,
2443,282,2025-03-08 13:56:04+02:00,1034.02,16
2444,753,2025-12-18 13:38:44+02:00,1902.04,
2445,156,2025-02-22 22:44:39+02:00,1242.51,
2446,282,2025-02-21 07:03:57+02:00,654.77,27
2447,950,2025-11-21 06:36:07+02:00,4844.07,
2448,295,2025-02-04 07:37:54+02:00,2425.19,
2449,969,2025-10-28 07:24:16+02:00,1221.66,17
2450,34,2025-07-03 02:34:27+02:00,287.97,21
2451,458,2025-07-15 21:14:35+02:00,2176.45,21
2452,911,2025-04-13 20:51:34+02:00,1863.09,
2453,942,2025-09-03 04:51:16+02:00,1429.52,
2454,629,2025-03-19 19:03:40+02:00,2334.52,
2455,1000,2025-04-13 01:36:38+02:00,4775.20,
2456,582,2025-08-05 17:48:36+02:00,772.44,28
2457,414,2025-11-21 23:17:37+02:00,889.06,13
2458,897,2025-09-12 15:07:31+02:00,1434.23,
2459,865,2025-05-26 04:16:02+02:00,2534.24,
2460,207,2025-07-18 17:08:28+02:00,740.30,
2461,995,2025-05-01 08:08:02+02:00,1847.60,
2462,55,2025-01-01 18:10:43+02:00,1011.85,28
2463,37,2025-10-04 17:18:23+02:00,1451.98,13
2464,306,2025-09-01 02:40:34+02:00,6004.68,
2465,146,2025-12-08 21:05:42+02:00,691.54,19
2466,730,2025-10-01 00:26:39+02:00,2695.91,
2467,537,2025-01-25 12:36:38+02:00,3323.01,
2468,252,2025-05-31 16:30:05+02:00,1596.50,27
2469,872,2025-09-09 11:44:32+02:00,653.32,14
2470,843,2025-02-16 20:52:44+02:00,7596.02,
2471,370,2025-03-03 06:15:11+02:00,2298.97,26
2472,633,2025-09-26 12:35:16+02:00,1162.41,
2473,108,2025-02-23 23:13:30+02:00,807.37,23
2474,625,2025-08-22 17:19:32+02:00,2421.44,
2475,744,2025-10-06 04:40:57+02:00,1698.24,
2476,406,2025-05-24 08:13:57+02:00,901.28,
2477,428,2025-04-24 22:35:15+02:00,1090.38,24
2478,21,2025-07-07 18:34:12+02:00,674.80,
2479,381,2025-10-11 05:14:47+02:00,2036.28,
2480,701,2025-05-30 13:51:32+02:00,1427.96,
2481,553,2025-11-05 22:49:35+02:00,2884.26,12
2482,77,2025-01-15 23:30:00+02:00,1931.66,
2483,427,2025-03-25 22:49:34+02:00,1837.38,
2484,336,2025-08-18 00:44:08+02:00,2706.94,
2485,921,2025-10-23 18:22:14+02:00,470.14,
2486,581,2025-06-03 17:27:57+02:00,1834.58,13
2487,507,2025-12-15 19:06:49+02:00,2300.32,
2488,412,2025-09-24 18:22:38+02:00,385.04,
2489,166,2025-05-26 08:57:12+02:00,1217.86,
2490,617,2025-06-26 03:58:54+02:00,7618.46,
2491,795,2025-12-29 05:00:03+02:00,1414.91,
2492,792,2025-02-03 08:34:35+02:00,1037.39,14
2493,733,2025-04-09 01:01:22+02:00,12216.06,
2494,152,2025-05-29 21:09:05+02:00,1116.92,
2495,837,2025-09-11 02:51:58+02:00,1788.23,22
2496,72,2025-04-06 19:20:16+02:00,649.45,
2497,525,2025-08-13 23:42:20+02:00,1413.75,14
2498,524,2025-04-01 01:48:41+02:00,4527.59,
2499,534,2025-12-17 17:55:31+02:00,1011.89,
2500,680,2025-04-03 07:15:59+02:00,781.71,21
2501,93,2025-03-22 04:26:45+02:00,520.88,
2502,847,2025-08-23 02:11:10+02:00,3627.60,
2503,314,2025-10-09 20:12:25+02:00,1073.19,
2504,10,2025-02-01 17:20:55+02:00,1801.35,
2505,325,2025-06-05 04:47:51+02:00,1635.46,
2506,692,2025-02-06 21:06:51+02:00,4971.92,
2507,901,2025-08-15 17:11:34+02:00,1083.41,
2508,310,2025-12-08 17:37:02+02:00,7514.29,
2509,30,2025-10-16 20:06:21+02:00,2118.30,
2510,891,2025-04-30 16:28:05+02:00,1392.06,
2511,298,2025-03-06 08:53:37+02:00,774.22,15
2512,766,2025-06-13 12:29:24+02:00,819.17,
2513,136,2025-03-11 04:34:55+02:00,1777.64,21
2514,763,2025-12-15 05:09:32+02:00,960.49,
2515,90,2025-10-07 18:44:10+02:00,1080.64,
2516,226,2025-07-16 16:39:25+02:00,16360.37,21
2517,865,2025-11-10 19:34:31+02:00,1120.55,
2518,161,2025-09-29 18:11:05+02:00,1370.87,
2519,371,2025-10-11 19:43:29+02:00,576.86,
2520,62,2025-02-19 16:17:23+02:00,7603.08,
2521,466,2025-12-31 14:33:35+02:00,1484.28,
2522,495,2025-03-07 14:31:34+02:00,1639.21,12
2523,473,2025-03-01 22:41:06+02:00,19649.65,
2524,359,2025-03-27 15:50:26+02:00,3474.25,12
2525,932,2025-06-23 04:45:47+02:00,21048.56,
2526,301,2025-12-07 04:14:54+02:00,475.11,
2527,784,2025-12-29 23:17:20+02:00,820.62,
2528,608,2025-06-22 17:27:26+02:00,599.00,27
2529,910,2025-06-11 02:27:49+02:00,370.74,
2530,211,2025-07-08 17:43:42+02:00,21838.14,
2531,707,2025-04-06 11:09:20+02:00,892.91,
2532,920,2025-03-16 18:31:29+02:00,3193.69,18
2533,403,2025-09-08 15:59:33+02:00,2805.98,
2534,398,2025-11-05 15:55:25+02:00,1136.62,
2535,853,2025-02-19 20:07:24+02:00,665.51,
2536,946,2025-12-12 05:55:53+02:00,1127.06,
2537,575,2025-12-05 10:42:58+02:00,3660.99,
2538,670,2025-06-16 11:23:48+02:00,2915.44,
2539,257,2025-08-19 16:03:12+02:00,1520.92,29
2540,206,2025-12-17 10:47:43+02:00,1417.82,15
2541,102,2025-09-02 21:40:11+02:00,894.72,
2542,852,2025-03-26 21:33:56+02:00,1347.73,
2543,555,2025-09-15 23:49:50+02:00,576.92,
2544,553,2025-03-16 08:04:38+02:00,1496.06,
2545,324,2025-10-28 10:01:00+02:00,1797.88,
2546,989,2025-06-17 14:09:06+02:00,849.28,19
2547,471,2025-11-02 04:39:44+02:00,2974.68,
2548,443,2025-04-17 10:38:29+02:00,1061.05,
2549,429,2025-06-26 19:31:30+02:00,31261.10,27
2550,588,2025-07-16 19:30:58+02:00,846.65,13
2551,620,2025-09-30 23:52:49+02:00,1359.68,
2552,323,2025-12-20 09:16:11+02:00,2073.15,21
2553,338,2025-06-24 08:37:35+02:00,9333.48,20
2554,489,2025-07-05 19:50:27+02:00,4368.18,
2555,185,2025-09-22 22:50:07+02:00,643.50,12
2556,987,2025-01-11 17:40:05+02:00,2992.20,
2557,286,2025-09-16 21:38:23+02:00,2017.83,
2558,537,2025-03-30 13:50:16+02:00,13029.96,28
2559,771,2025-06-05 14:46:27+02:00,2621.51,
2560,261,2025-04-18 20:52:12+02:00,1004.20,
2561,846,2025-10-01 06:58:06+02:00,1215.00,
2562,762,2025-05-18 05:58:20+02:00,23194.17,18
2563,946,2025-08-13 17:22:59+02:00,1843.77,
2564,405,2025-01-28 09:56:23+02:00,961.58,
2565,365,2025-03-04 11:36:17+02:00,626.72,
2566,58,2025-12-07 15:04:21+02:00,2837.64,
2567,15,2025-08-08 01:13:02+02:00,560.05,
2568,205,2025-11-25 04:31:38+02:00,262.20,
2569,731,2025-05-03 03:56:52+02:00,4396.04,
2570,331,2025-12-08 19:48:44+02:00,1618.60,
2571,1000,2025-10-03 01:27:17+02:00,1404.15,29
2572,379,2025-05-13 02:05:18+02:00,768.26,
2573,310,2025-12-10 05:46:48+02:00,1204.78,14
2574,73,2025-06-22 02:46:14+02:00,592.86,
2575,675,2025-08-04 11:41:28+02:00,1106.27,
2576,950,2025-12-29 21:28:10+02:00,1216.64,
2577,793,2025-10-17 23:23:37+02:00,2405.00,25
2578,385,2025-10-02 23:28:51+02:00,1741.82,21
2579,480,2025-10-08 18:01:06+02:00,2723.05,18
2580,6,2025-01-19 03:30:11+02:00,1670.36,
2581,252,2025-12-12 17:38:12+02:00,830.86,30
2582,862,2025-01-25 03:21:13+02:00,3224.05,
2583,91,2025-10-29 14:37:17+02:00,1602.52,
2584,954,2025-11-21 20:48:54+02:00,28800.17,
2585,562,2025-02-02 10:30:43+02:00,897.53,11
2586,677,2025-03-16 18:46:44+02:00,442.24,
2587,347,2025-09-09 23:05:37+02:00,4580.27,
2588,927,2025-04-22 16:02:08+02:00,1342.44,
2589,342,2025-01-06 22:34:15+02:00,2748.19,
2590,795,2025-11-01 20:18:27+02:00,914.91,
2591,733,2025-02-11 04:39:14+02:00,39652.66,
2592,370,2025-12-02 11:06:56+02:00,2570.38,20
2593,661,2025-10-06 05:40:15+02:00,1147.34,17
2594,913,2025-10-08 16:28:31+02:00,23029.27,18
2595,505,2025-03-14 00:25:09+02:00,6382.32,30
2596,903,2025-07-06 16:36:40+02:00,414.48,
2597,101,2025-05-15 18:38:40+02:00,2032.41,
2598,839,2025-10-18 18:56:15+02:00,757.26,
2599,113,2025-02-20 04:49:33+02:00,906.44,
2600,80,2025-08-03 00:15:36+02:00,4322.95,19
2601,526,2025-11-17 16:15:33+02:00,2418.12,
2602,287,2025-03-24 13:45:21+02:00,1456.36,
2603,744,2025-12-06 08:55:21+02:00,23239.26,
2604,261,2025-10-21 19:59:11+02:00,851.08,12
2605,189,2025-08-22 18:12:08+02:00,11389.11,
2606,607,2025-03-13 12:34:03+02:00,16551.14,17
2607,130,2025-01-07 14:42:10+02:00,944.30,
2608,244,2025-10-12 02:37:45+02:00,1111.37,24
2609,204,2025-12-15 19:30:43+02:00,904.09,20
2610,589,2025-10-29 04:07:45+02:00,499.16,
2611,178,2025-10-01 16:03:42+02:00,1272.90,
2612,543,2025-02-08 18:30:06+02:00,705.15,
2613,295,2025-03-01 12:56:10+02:00,1067.60,20
2614,946,2025-07-20 15:51:43+02:00,683.31,
2615,112,2025-05-15 04:26:02+02:00,1490.12,
2616,321,2025-11-27 18:19:31+02:00,4200.27,
2617,260,2025-11-24 07:43:47+02:00,21180.25,
2618,916,2025-12-28 13:26:10+02:00,1612.70,22
2619,327,2025-01-24 19:15:51+02:00,783.95,16
2620,582,2025-11-26 10:54:17+02:00,1159.60,
2621,477,2025-02-19 05:01:15+02:00,3713.42,
2622,587,2025-03-13 20:30:18+02:00,21185.66,
2623,65,2025-12-24 01:33:18+02:00,780.02,
2624,341,2025-08-30 14:37:49+02:00,21566.92,
2625,974,2025-08-04 03:02:44+02:00,750.91,
2626,305,2025-01-05 16:25:44+02:00,493.18,13
2627,504,2025-09-27 11:11:35+02:00,770.29,29
2628,825,2025-08-06 23:19:30+02:00,832.14,27
2629,491,2025-12-31 17:14:29+02:00,556.55,18
2630,643,2025-03-19 19:31:23+02:00,1043.87,15
2631,35,2025-11-03 05:30:12+02:00,369.65,
2632,406,2025-01-10 14:57:23+02:00,2045.68,11
2633,334,2025-01-12 05:00:59+02:00,1486.04,
2634,249,2025-12-08 19:15:00+02:00,2384.84,
2635,848,2025-09-06 15:27:10+02:00,1547.44,
2636,317,2025-03-04 01:57:03+02:00,3209.91,
2637,814,2025-09-14 22:42:11+02:00,3869.70,
2638,617,2025-10-12 00:04:23+02:00,2392.62,
2639,886,2025-01-21 10:35:02+02:00,605.96,
2640,174,2025-09-22 03:11:58+02:00,3072.22,
2641,686,2025-05-27 03:53:25+02:00,18005.25,
2642,904,2025-09-11 06:20:54+02:00,1602.74,17
2643,642,2025-12-17 05:22:05+02:00,1989.65,30
2644,834,2025-04-23 16:22:27+02:00,1871.39,27
2645,765,2025-02-21 11:17:57+02:00,995.07,
2646,729,2025-02-04 00:00:16+02:00,844.34,
2647,201,2025-04-14 18:19:27+02:00,879.59,
2648,555,2025-10-13 11:41:13+02:00,2422.02,25
2649,862,2025-01-07 17:25:54+02:00,11856.26,12
2650,249,2025-05-19 21:02:04+02:00,1430.81,
2651,176,2025-10-27 07:15:35+02:00,1480.90,
2652,33,2025-01-02 18:56:15+02:00,1674.56,
2653,370,2025-12-22 10:57:27+02:00,8773.99,
2654,903,2025-05-30 09:42:03+02:00,1409.81,
2655,500,2025-03-21 10:59:37+02:00,845.77,13
2656,538,2025-08-16 14:28:19+02:00,1338.96,
2657,797,2025-05-01 04:54:19+02:00,1508.96,
2658,443,2025-05-05 15:25:06+02:00,14586.04,15
2659,974,2025-02-18 05:23:50+02:00,665.47,30
2660,931,2025-03-13 17:21:55+02:00,332.54,
2661,401,2025-12-18 09:03:47+02:00,1250.22,
2662,161,2025-11-12 18:37:15+02:00,910.97,
2663,25,2025-12-23 00:27:58+02:00,1369.58,21
2664,343,2025-09-07 00:38:32+02:00,3124.82,
2665,672,2025-03-03 20:07:32+02:00,930.50,
2666,714,2025-05-06 14:54:21+02:00,390.85,
2667,40,2025-09-26 19:21:34+02:00,1588.56,
2668,594,2025-02-16 04:36:04+02:00,3053.88,
2669,481,2025-02-22 07:08:22+02:00,401.91,23
2670,91,2025-08-30 02:33:13+02:00,783.20,29
2671,907,2025-08-30 23:05:56+02:00,1462.54,
2672,169,2025-06-28 04:16:27+02:00,1123.68,
2673,792,2025-03-28 15:07:43+02:00,1121.46,
2674,834,2025-05-15 09:58:10+02:00,1545.92,15
2675,942,2025-09-26 17:31:07+02:00,660.15,
2676,278,2025-12-07 02:28:17+02:00,40089.68,
2677,753,2025-04-15 13:33:34+02:00,1364.57,
2678,185,2025-03-17 08:27:18+02:00,567.58,
2679,271,2025-03-29 20:39:46+02:00,2238.13,
2680,674,2025-06-23 22:12:10+02:00,543.19,
2681,338,2025-11-12 19:40:56+02:00,2807.15,
2682,546,2025-11-30 12:05:57+02:00,391.90,13
2683,1000,2025-12-11 01:53:23+02:00,8973.31,30
2684,125,2025-05-30 05:00:01+02:00,11947.19,30
2685,869,2025-01-14 16:19:56+02:00,4439.54,
2686,702,2025-06-09 07:45:42+02:00,621.29,
2687,227,2025-02-16 12:51:25+02:00,1799.92,
2688,69,2025-05-31 14:37:41+02:00,1995.58,
2689,89,2025-12-18 13:33:45+02:00,2033.23,
2690,793,2025-10-08 23:15:53+02:00,38689.00,
2691,157,2025-03-02 21:05:26+02:00,457.60,
2692,553,2025-05-18 15:43:03+02:00,1949.49,
2693,930,2025-08-14 16:41:54+02:00,1695.36,
2694,765,2025-06-26 07:50:40+02:00,10247.52,
2695,245,2025-12-26 07:29:59+02:00,8111.84,
2696,843,2025-10-21 19:45:31+02:00,866.70,29
2697,221,2025-09-30 22:42:56+02:00,260.72,28
2698,13,2025-09-09 05:01:56+02:00,1043.97,18
2699,621,2025-09-22 15:59:04+02:00,594.89,
2700,381,2025-10-16 01:01:39+02:00,3572.42,
2701,23,2025-05-24 19:36:49+02:00,31078.80,
2702,717,2025-03-16 21:59:05+02:00,1044.29,20
2703,818,2025-09-06 19:03:36+02:00,3291.03,14
2704,42,2025-01-13 10:23:07+02:00,428.45,24
2705,144,2025-01-15 10:51:08+02:00,477.00,
2706,510,2025-10-11 08:35:37+02:00,598.89,27
2707,329,2025-05-09 22:56:13+02:00,626.81,
2708,614,2025-12-26 03:55:22+02:00,1301.04,
2709,646,2025-07-27 09:09:45+02:00,833.66,
2710,169,2025-12-16 19:25:40+02:00,39179.32,
2711,363,2025-05-08 22:02:58+02:00,1027.49,
2712,879,2025-10-09 04:21:48+02:00,3831.40,
2713,523,2025-06-26 10:07:28+02:00,2726.55,16
2714,200,2025-02-10 03:47:08+02:00,955.04,11
2715,58,2025-03-13 05:50:25+02:00,1447.38,
2716,24,2025-02-26 07:29:05+02:00,1128.89,
2717,777,2025-08-29 12:54:28+02:00,914.06,
2718,261,2025-05-22 12:48:48+02:00,29460.40,
2719,440,2025-02-24 01:19:43+02:00,13130.10,
2720,394,2025-11-15 17:57:14+02:00,1437.70,
2721,101,2025-03-09 00:39:33+02:00,926.56,
2722,606,2025-10-22 04:03:04+02:00,1639.72,
2723,798,2025-12-07 06:09:21+02:00,1873.40,
2724,302,2025-07-26 00:44:44+02:00,1242.56,22
2725,567,2025-04-26 04:17:17+02:00,4949.32,
2726,186,2025-03-30 14:21:42+02:00,239.62,
2727,755,2025-09-20 03:11:41+02:00,1939.51,
2728,176,2025-09-16 01:37:48+02:00,3246.50,28
2729,6,2025-05-09 09:55:27+02:00,946.95,27
2730,424,2025-08-06 03:10:50+02:00,902.23,
2731,266,2025-07-02 17:06:22+02:00,2095.30,29
2732,998,2025-11-04 12:37:27+02:00,4135.14,
2733,7,2025-04-29 06:47:44+02:00,2707.26,
2734,559,2025-04-07 14:19:51+02:00,1051.10,27
2735,102,2025-01-22 19:28:36+02:00,1702.53,
2736,225,2025-10-01 03:33:12+02:00,2803.02,
2737,663,2025-03-20 20:41:10+02:00,2297.49,
2738,543,2025-03-13 16:45:46+02:00,1958.48,
2739,496,2025-11-10 12:24:07+02:00,7543.32,
2740,171,2025-08-13 15:06:51+02:00,1495.39,18
2741,710,2025-08-29 04:50:57+02:00,2858.22,
2742,701,2025-06-24 05:31:31+02:00,253.17,24
2743,44,2025-01-05 15:25:41+02:00,12288.44,
2744,74,2025-09-04 22:23:28+02:00,1128.50,
2745,831,2025-04-04 20:21:18+02:00,3582.37,
2746,6,2025-06-01 06:18:42+02:00,1947.88,
2747,996,2025-04-24 15:47:04+02:00,2616.73,
2748,340,2025-06-16 17:10:30+02:00,1695.80,
2749,733,2025-05-21 05:40:51+02:00,2264.42,22
2750,119,2025-06-07 13:03:49+02:00,3955.65,30
2751,79,2025-07-16 16:28:04+02:00,3422.63,
2752,732,2025-06-19 00:17:19+02:00,832.11,
2753,748,2025-01-18 23:46:33+02:00,1141.16,28
2754,919,2025-08-08 09:52:07+02:00,886.98,
2755,262,2025-11-03 02:16:03+02:00,417.46,
2756,185,2025-02-23 08:59:01+02:00,19887.92,
2757,392,2025-06-23 05:13:12+02:00,1101.88,11
2758,386,2025-12-18 21:04:51+02:00,766.32,
2759,648,2025-04-28 02:27:09+02:00,1853.70,
2760,466,2025-02-18 05:18:52+02:00,1614.10,27
2761,19,2025-04-12 08:48:49+02:00,5983.79,
2762,92,2025-08-22 09:28:49+02:00,1734.42,23
2763,498,2025-08-31 04:05:27+02:00,809.10,
2764,417,2025-10-19 04:07:19+02:00,1234.51,22
2765,778,2025-11-26 05:42:57+02:00,1225.33,30
2766,956,2025-06-12 07:05:20+02:00,351.95,26
2767,884,2025-04-14 05:41:11+02:00,527.22,
2768,727,2025-05-04 04:08:00+02:00,823.51,
2769,150,2025-12-04 00:47:04+02:00,40066.05,
2770,374,2025-09-07 07:53:06+02:00,1116.96,
2771,513,2025-11-14 21:57:38+02:00,507.76,
2772,306,2025-12-26 19:45:53+02:00,1477.94,
2773,498,2025-04-18 14:42:16+02:00,3409.80,
2774,151,2025-09-01 14:07:06+02:00,2316.97,11
2775,883,2025-12-16 21:18:33+02:00,1102.87,
2776,787,2025-09-02 01:07:22+02:00,5103.09,
2777,171,2025-12-05 17:03:20+02:00,1332.19,
2778,16,2025-11-02 03:33:31+02:00,1759.14,
2779,947,2025-02-07 18:32:03+02:00,960.52,11
2780,296,2025-03-16 14:35:32+02:00,1016.70,
2781,904,2025-06-01 00:26:13+02:00,1447.52,
2782,541,2025-01-13 21:25:28+02:00,2541.32,17
2783,318,2025-02-06 18:40:25+02:00,1719.05,
2784,845,2025-08-09 08:02:47+02:00,797.39,
2785,627,2025-04-10 03:43:52+02:00,4626.70,
2786,209,2025-05-23 15:01:47+02:00,2888.51,
2787,930,2025-01-02 07:25:48+02:00,653.55,
2788,590,2025-03-17 03:49:38+02:00,699.21,19
2789,95,2025-10-30 21:14:37+02:00,1701.98,
2790,233,2025-12-09 09:10:03+02:00,3244.69,
2791,138,2025-12-26 04:10:51+02:00,9947.15,
2792,201,2025-01-10 19:08:15+02:00,1021.19,18
2793,659,2025-05-09 18:36:34+02:00,693.38,25
2794,67,2025-09-28 01:30:26+02:00,1411.90,
2795,257,2025-01-26 00:19:25+02:00,775.78,13
2796,226,2025-06-14 22:15:24+02:00,2067.49,
2797,754,2025-07-02 11:51:43+02:00,628.66,
2798,746,2025-12-07 19:34:13+02:00,1550.13,24
2799,957,2025-09-11 23:26:28+02:00,634.73,
2800,581,2025-06-25 16:14:42+02:00,10453.86,
2801,251,2025-12-12 21:24:56+02:00,2190.89,
2802,578,2025-04-06 06:47:05+02:00,17126.79,
2803,436,2025-09-22 10:51:27+02:00,12239.24,
2804,876,2025-09-03 08:00:21+02:00,550.19,
2805,164,2025-08-14 17:44:29+02:00,17515.15,
2806,610,2025-03-16 04:17:47+02:00,3881.04,
2807,753,2025-02-10 02:09:23+02:00,2298.88,27
2808,266,2025-12-16 15:14:53+02:00,789.76,24
2809,302,2025-08-08 14:57:38+02:00,1607.38,
2810,153,2025-06-14 01:55:31+02:00,5076.60,
2811,718,2025-09-24 17:42:49+02:00,1331.00,
2812,826,2025-08-21 11:07:30+02:00,1555.82,
2813,683,2025-04-20 20:49:00+02:00,1600.20,
2814,663,2025-03-20 20:09:58+02:00,570.90,
2815,231,2025-08-06 17:34:31+02:00,691.96,19
2816,538,2025-12-01 00:06:54+02:00,1586.49,
2817,11,2025-04-23 10:35:59+02:00,959.15,
2818,659,2025-10-06 05:09:39+02:00,641.17,
2819,930,2025-06-07 23:53:55+02:00,811.72,28
2820,808,2025-02-25 11:20:49+02:00,537.57,
2821,1,2025-02-23 04:38:24+02:00,1036.71,13
2822,173,2025-10-15 04:45:47+02:00,1749.33,
2823,850,2025-07-23 01:12:04+02:00,906.14,16
2824,335,2025-01-03 17:46:36+02:00,2606.63,12
2825,350,2025-11-24 20:24:45+02:00,662.53,
2826,901,2025-08-02 06:14:13+02:00,1339.04,18
2827,598,2025-12-05 17:27:48+02:00,962.87,
2828,292,2025-07-24 04:53:02+02:00,672.53,24
2829,859,2025-03-06 19:50:59+02:00,1605.56,
2830,943,2025-05-20 19:22:16+02:00,10189.89,
2831,280,2025-02-08 02:37:07+02:00,1016.94,17
2832,966,2025-04-11 22:07:57+02:00,991.68,22
2833,34,2025-06-14 09:27:52+02:00,891.01,
2834,269,2025-06-11 00:02:18+02:00,787.99,
2835,961,2025-02-11 17:58:56+02:00,974.87,
2836,3,2025-12-22 15:48:41+02:00,1677.10,
2837,707,2025-10-25 03:49:05+02:00,7431.85,
2838,885,2025-09-20 18:42:58+02:00,2481.10,
2839,19,2025-05-04 02:58:37+02:00,1282.80,23
2840,611,2025-06-27 17:46:10+02:00,785.09,
2841,550,2025-04-26 14:14:10+02:00,5790.43,
2842,731,2025-07-26 02:06:33+02:00,2985.75,
2843,874,2025-05-09 03:02:03+02:00,1427.24,19
2844,770,2025-07-23 14:03:26+02:00,586.36,11
2845,964,2025-02-20 14:51:06+02:00,5661.57,20
2846,105,2025-08-17 00:36:16+02:00,2966.88,
2847,5,2025-03-22 05:32:10+02:00,1126.46,
2848,904,2025-10-07 14:08:45+02:00,307.14,
2849,888,2025-02-12 23:51:53+02:00,1057.63,
2850,469,2025-07-19 10:22:32+02:00,6407.99,
2851,126,2025-08-15 08:22:53+02:00,2441.52,
2852,37,2025-05-13 20:53:54+02:00,748.37,
2853,627,2025-07-14 13:57:26+02:00,1261.62,
2854,330,2025-05-14 07:07:18+02:00,11727.32,14
2855,253,2025-11-16 03:30:56+02:00,1423.91,
2856,397,2025-11-24 13:30:27+02:00,380.49,18
2857,668,2025-10-24 01:38:47+02:00,1768.87,
2858,650,2025-09-08 03:14:21+02:00,2234.96,
2859,290,2025-02-18 20:45:04+02:00,2260.05,22
2860,500,2025-03-22 08:30:09+02:00,702.57,
2861,768,2025-05-20 19:04:11+02:00,389.67,19
2862,750,2025-10-05 00:08:19+02:00,2004.72,
2863,780,2025-12-05 03:37:17+02:00,2588.96,
2864,663,2025-03-28 20:28:20+02:00,2367.89,
2865,281,2025-11-10 03:42:52+02:00,3110.99,15
2866,183,2025-06-20 06:39:18+02:00,682.37,19
2867,194,2025-07-19 20:19:01+02:00,2537.08,
2868,638,2025-12-05 07:00:46+02:00,883.09,
2869,334,2025-02-10 01:35:13+02:00,3029.67,
2870,1,2025-03-20 07:04:34+02:00,8293.36,
2871,458,2025-07-09 12:41:54+02:00,762.84,12
2872,160,2025-12-31 07:17:00+02:00,2203.12,
2873,798,2025-02-27 13:58:36+02:00,5781.13,
2874,812,2025-04-20 23:31:14+02:00,582.17,12
2875,818,2025-07-15 11:59:28+02:00,2247.12,
2876,638,2025-09-14 03:08:20+02:00,481.60,
2877,978,2025-11-29 22:40:54+02:00,3272.52,12
2878,473,2025-09-20 16:03:01+02:00,1968.65,
2879,629,2025-08-19 20:40:57+02:00,2415.69,
2880,491,2025-06-13 07:31:21+02:00,1448.43,
2881,431,2025-03-24 17:23:21+02:00,443.61,
2882,242,2025-10-28 13:36:05+02:00,3013.74,
2883,595,2025-05-03 15:08:33+02:00,2828.64,
2884,599,2025-07-15 15:13:55+02:00,907.63,16
2885,626,2025-01-31 04:18:58+02:00,17682.59,
2886,87,2025-06-15 11:31:50+02:00,1832.61,
2887,104,2025-01-04 02:14:25+02:00,1689.32,
2888,503,2025-07-28 19:40:38+02:00,10197.68,25
2889,191,2025-06-25 00:33:59+02:00,872.39,
2890,340,2025-07-18 15:46:14+02:00,773.88,16
2891,692,2025-04-28 18:38:45+02:00,324.14,
2892,760,2025-12-30 11:18:24+02:00,12878.88,
2893,490,2025-05-06 16:52:05+02:00,500.91,15
2894,484,2025-06-18 18:32:10+02:00,1619.02,
2895,638,2025-09-07 18:23:06+02:00,9278.33,
2896,294,2025-01-25 19:07:57+02:00,364.04,
2897,448,2025-04-01 18:31:23+02:00,2000.14,
2898,71,2025-08-04 08:43:30+02:00,2593.44,14
2899,775,2025-12-18 08:42:29+02:00,2319.36,13
2900,725,2025-07-21 04:21:43+02:00,749.87,
2901,643,2025-07-28 11:13:57+02:00,2175.78,27
2902,93,2025-01-29 12:35:11+02:00,991.91,
2903,188,2025-07-09 23:30:14+02:00,1958.13,
2904,714,2025-06-28 04:38:00+02:00,2950.53,
2905,427,2025-06-10 16:07:37+02:00,1459.43,26
2906,606,2025-04-27 07:23:50+02:00,2408.81,
2907,147,2025-10-23 00:26:24+02:00,1591.64,
2908,727,2025-01-09 01:11:12+02:00,678.91,
2909,237,2025-11-26 13:47:20+02:00,1043.41,
2910,942,2025-08-09 07:16:03+02:00,1901.69,23
2911,512,2025-02-17 12:07:02+02:00,3994.42,
2912,481,2025-09-27 22:35:43+02:00,18150.66,28
2913,698,2025-08-01 18:33:35+02:00,1691.33,
2914,791,2025-10-30 15:53:05+02:00,331.83,
2915,700,2025-12-04 20:52:16+02:00,3679.23,
2916,266,2025-03-26 00:42:29+02:00,850.94,
2917,994,2025-03-13 12:19:41+02:00,5432.04,21
2918,587,2025-03-03 16:06:48+02:00,15824.21,
2919,869,2025-11-18 11:11:41+02:00,1971.18,29
2920,800,2025-02-20 05:11:07+02:00,2818.44,
2921,380,2025-07-25 23:22:04+02:00,5655.47,
2922,981,2025-06-07 01:59:09+02:00,1955.95,
2923,17,2025-06-28 07:00:39+02:00,3156.18,
2924,956,2025-04-07 17:43:59+02:00,4405.92,23
2925,144,2025-07-01 07:46:41+02:00,569.93,20
2926,922,2025-07-17 08:22:25+02:00,1681.16,
2927,356,2025-11-13 01:47:45+02:00,1944.72,
2928,892,2025-12-14 02:02:37+02:00,4049.15,
2929,566,2025-03-22 16:10:16+02:00,1040.07,
2930,607,2025-03-11 00:21:46+02:00,2075.39,16
2931,249,2025-08-15 22:15:12+02:00,1647.70,
2932,869,2025-07-15 10:11:34+02:00,783.97,
2933,901,2025-02-18 11:03:59+02:00,421.24,15
2934,505,2025-08-30 15:48:10+02:00,958.52,28
2935,485,2025-07-01 11:29:45+02:00,2887.08,
2936,971,2025-10-20 15:25:30+02:00,702.03,
2937,171,2025-02-26 18:05:53+02:00,3360.64,
2938,630,2025-09-16 01:09:34+02:00,2348.87,27
2939,617,2025-09-06 21:55:37+02:00,670.05,
2940,916,2025-10-28 12:58:47+02:00,14764.14,27
2941,59,2025-11-03 00:36:48+02:00,1014.23,
2942,507,2025-11-01 05:05:35+02:00,2563.12,
2943,18,2025-04-26 23:05:45+02:00,930.18,
2944,253,2025-03-09 15:18:16+02:00,1785.47,
2945,308,2025-04-20 03:43:45+02:00,658.15,
2946,567,2025-05-15 16:38:29+02:00,1899.74,
2947,231,2025-12-29 23:40:44+02:00,7015.13,
2948,381,2025-06-17 22:12:04+02:00,2101.33,
2949,114,2025-05-05 17:25:21+02:00,998.34,
2950,421,2025-05-08 12:58:47+02:00,949.58,
2951,483,2025-04-17 03:30:42+02:00,1659.82,
2952,272,2025-01-04 03:57:19+02:00,628.62,
2953,798,2025-10-06 14:28:57+02:00,997.55,19
2954,797,2025-07-17 20:36:16+02:00,2298.36,
2955,408,2025-12-28 04:06:34+02:00,38446.71,
2956,827,2025-07-07 14:40:22+02:00,1276.30,
2957,688,2025-06-06 08:00:40+02:00,1890.33,24
2958,580,2025-04-20 18:36:15+02:00,2128.99,
2959,40,2025-05-26 05:48:33+02:00,1739.41,
2960,578,2025-04-12 16:38:04+02:00,1533.38,25
2961,284,2025-09-03 10:47:45+02:00,1134.73,20
2962,4,2025-05-19 22:42:44+02:00,806.42,30
2963,30,2025-01-15 04:25:02+02:00,2769.03,20
2964,139,2025-10-05 02:12:26+02:00,654.61,24
2965,124,2025-01-30 20:25:26+02:00,816.87,
2966,449,2025-07-19 08:23:06+02:00,4242.78,
2967,629,2025-03-16 02:04:41+02:00,22177.36,
2968,734,2025-09-24 17:25:32+02:00,807.55,
2969,327,2025-11-19 18:31:19+02:00,8067.82,
2970,634,2025-09-29 10:31:01+02:00,640.83,25
2971,293,2025-11-29 23:48:09+02:00,284.83,
2972,167,2025-12-12 19:01:45+02:00,2458.87,
2973,13,2025-08-19 12:33:04+02:00,1089.32,23
2974,734,2025-06-26 10:43:49+02:00,828.84,
2975,208,2025-11-08 02:17:20+02:00,1098.40,16
2976,261,2025-09-21 07:47:06+02:00,16047.33,
2977,348,2025-09-13 04:19:40+02:00,648.04,
2978,132,2025-03-25 15:19:35+02:00,1024.06,11
2979,247,2025-03-21 18:15:16+02:00,335.97,
2980,259,2025-04-27 19:32:50+02:00,902.73,26
2981,745,2025-06-20 21:00:48+02:00,2222.26,
2982,34,2025-07-23 09:18:08+02:00,868.06,
2983,56,2025-12-04 16:36:12+02:00,363.17,
2984,661,2025-04-29 23:31:59+02:00,4650.72,20
2985,404,2025-04-25 02:45:07+02:00,5364.72,
2986,23,2025-04-07 04:07:33+02:00,2435.99,12
2987,7,2025-12-29 04:49:24+02:00,435.39,16
2988,975,2025-01-17 00:54:58+02:00,20258.30,15
2989,368,2025-06-17 12:22:28+02:00,3560.84,
2990,541,2025-04-28 00:35:02+02:00,1009.38,25
2991,673,2025-06-25 13:57:02+02:00,1357.56,
2992,513,2025-08-27 12:10:40+02:00,3060.10,21
2993,526,2025-06-11 19:27:15+02:00,1718.71,
2994,153,2025-03-15 14:01:33+02:00,347.67,
2995,275,2025-11-07 08:23:54+02:00,935.16,
2996,811,2025-03-31 19:50:37+02:00,1492.53,
2997,590,2025-09-05 12:33:03+02:00,4035.64,
2998,899,2025-04-09 01:25:59+02:00,7623.32,
2999,834,2025-02-04 03:19:30+02:00,874.37,
3000,299,2025-11-09 12:52:49+02:00,3276.50,12
3001,764,2025-10-02 07:58:36+02:00,6828.64,
3002,774,2025-03-04 19:26:10+02:00,1420.04,
3003,213,2025-06-29 06:01:56+02:00,12581.59,27
3004,815,2025-05-20 20:01:29+02:00,1112.67,
3005,35,2025-12-16 02:15:40+02:00,1086.56,
3006,952,2025-07-18 21:31:37+02:00,21804.16,
3007,109,2025-06-01 16:55:15+02:00,1641.75,
3008,61,2025-03-03 20:35:11+02:00,754.05,
3009,697,2025-12-28 01:31:47+02:00,567.19,
3010,131,2025-02-11 01:03:42+02:00,4455.81,14
3011,938,2025-05-28 06:10:29+02:00,1656.23,
3012,687,2025-10-21 20:05:48+02:00,2340.44,
3013,224,2025-02-18 17:01:55+02:00,1315.84,
3014,228,2025-06-19 18:21:27+02:00,1877.56,
3015,94,2025-10-13 11:14:19+02:00,366.32,
3016,378,2025-11-08 09:57:44+02:00,418.08,
3017,944,2025-06-02 07:45:45+02:00,1317.20,
3018,4,2025-11-15 16:43:59+02:00,1349.84,
3019,378,2025-01-08 09:57:43+02:00,703.16,
3020,757,2025-04-07 17:38:40+02:00,895.46,
3021,336,2025-09-24 05:06:37+02:00,19534.31,15
3022,45,2025-09-16 09:42:27+02:00,10894.42,
3023,73,2025-09-22 14:11:22+02:00,1289.40,
3024,847,2025-04-02 11:28:25+02:00,1425.01,
3025,604,2025-04-10 17:06:37+02:00,782.66,
3026,28,2025-07-20 11:36:10+02:00,608.61,
3027,202,2025-01-27 15:57:41+02:00,330.18,
3028,214,2025-04-15 09:29:41+02:00,10536.43,
3029,235,2025-01-21 21:29:03+02:00,430.25,
3030,548,2025-11-25 05:44:39+02:00,452.52,
3031,688,2025-03-14 04:43:25+02:00,1966.19,24
3032,153,2025-08-07 00:31:36+02:00,33120.56,26
3033,468,2025-03-02 09:20:24+02:00,3143.83,
3034,850,2025-03-05 08:48:06+02:00,717.42,16
3035,225,2025-11-01 08:17:59+02:00,6084.95,
3036,605,2025-02-27 10:23:50+02:00,1043.83,
3037,539,2025-11-20 03:45:49+02:00,613.27,
3038,202,2025-02-02 07:22:48+02:00,993.04,22
3039,373,2025-10-06 21:48:17+02:00,1014.55,
3040,227,2025-05-13 04:39:00+02:00,585.74,
3041,509,2025-04-16 08:42:46+02:00,1452.72,17
3042,966,2025-07-18 21:33:16+02:00,977.32,
3043,787,2025-07-28 06:37:55+02:00,698.38,
3044,508,2025-05-26 00:02:30+02:00,1720.66,18
3045,696,2025-06-01 00:50:32+02:00,1365.50,
3046,33,2025-10-08 19:17:29+02:00,3096.10,
3047,749,2025-04-20 18:18:09+02:00,14797.94,
3048,198,2025-03-15 12:52:30+02:00,2573.08,
3049,59,2025-12-17 06:33:34+02:00,4838.82,11
3050,68,2025-02-01 12:38:36+02:00,6282.31,
3051,409,2025-03-10 11:27:11+02:00,595.91,
3052,428,2025-05-12 16:58:10+02:00,2780.60,
3053,726,2025-11-21 04:12:03+02:00,838.60,27
3054,273,2025-07-19 14:33:41+02:00,2279.53,22
3055,724,2025-09-02 05:08:21+02:00,1334.61,14
3056,345,2025-11-20 17:26:02+02:00,3008.64,
3057,933,2025-01-10 03:45:43+02:00,666.08,
3058,400,2025-02-05 10:08:28+02:00,3525.41,14
3059,702,2025-11-26 02:02:48+02:00,2723.99,13
3060,130,2025-04-07 22:11:40+02:00,1840.22,
3061,390,2025-09-02 22:07:25+02:00,2383.49,
3062,793,2025-02-10 09:30:17+02:00,1088.23,
3063,404,2025-06-15 12:07:00+02:00,2670.79,
3064,693,2025-05-16 12:58:32+02:00,1335.75,
3065,84,2025-04-09 13:02:44+02:00,2247.71,
3066,564,2025-01-18 17:18:35+02:00,838.05,
3067,504,2025-09-28 18:11:08+02:00,11402.51,
3068,326,2025-08-12 13:45:28+02:00,537.82,
3069,77,2025-11-20 01:34:04+02:00,629.51,
3070,608,2025-09-05 22:07:52+02:00,4642.00,
3071,145,2025-11-09 03:41:48+02:00,1176.93,
3072,518,2025-07-26 23:03:55+02:00,1049.22,
3073,720,2025-08-28 12:33:58+02:00,18620.02,
3074,321,2025-09-21 16:09:52+02:00,2697.74,
3075,727,2025-08-04 23:48:45+02:00,1192.12,
3076,745,2025-11-24 11:28:29+02:00,2388.47,
3077,433,2025-02-25 07:53:32+02:00,545.06,
3078,500,2025-04-13 08:38:11+02:00,5484.07,14
3079,486,2025-01-16 11:14:20+02:00,2257.34,
3080,342,2025-07-31 03:27:25+02:00,1821.78,
3081,854,2025-12-17 20:53:36+02:00,1643.16,
3082,611,2025-09-27 12:14:02+02:00,1487.51,17
3083,600,2025-01-06 02:16:29+02:00,5752.79,24
3084,974,2025-11-27 16:35:06+02:00,18171.46,
3085,168,2025-11-21 10:39:59+02:00,6797.02,
3086,628,2025-02-09 09:01:08+02:00,1128.56,23
3087,223,2025-12-01 23:35:54+02:00,3680.61,
3088,424,2025-10-03 01:49:59+02:00,1086.22,
3089,938,2025-09-18 00:37:10+02:00,596.13,20
3090,18,2025-10-10 16:54:25+02:00,2730.60,
3091,821,2025-02-08 12:01:56+02:00,10052.52,
3092,239,2025-08-08 21:10:34+02:00,598.17,
3093,201,2025-04-14 10:46:03+02:00,351.28,12
3094,708,2025-02-24 07:49:49+02:00,2595.89,
3095,127,2025-07-01 07:40:36+02:00,376.97,
3096,450,2025-02-12 16:53:19+02:00,9499.92,25
3097,613,2025-04-17 17:05:35+02:00,923.31,
3098,205,2025-07-14 11:54:50+02:00,940.00,
3099,822,2025-05-26 17:39:05+02:00,2892.04,
3100,356,2025-06-16 02:51:25+02:00,1439.89,
3101,558,2025-05-01 11:20:38+02:00,3318.27,
3102,889,2025-03-02 14:34:46+02:00,1023.49,
3103,276,2025-06-01 13:59:42+02:00,2088.47,
3104,105,2025-01-04 08:21:53+02:00,2622.63,
3105,976,2025-09-16 05:45:41+02:00,204.37,25
3106,254,2025-07-02 03:38:35+02:00,974.68,
3107,869,2025-04-09 23:44:06+02:00,7775.56,
3108,552,2025-02-17 05:47:02+02:00,813.09,
3109,719,2025-01-03 13:11:57+02:00,3225.10,
3110,241,2025-12-18 16:08:54+02:00,454.65,
3111,954,2025-08-03 06:09:45+02:00,1705.68,
3112,532,2025-02-06 17:01:18+02:00,1072.74,
3113,547,2025-12-11 12:38:39+02:00,447.00,
3114,368,2025-10-24 17:54:58+02:00,653.66,18
3115,563,2025-01-22 21:11:25+02:00,1666.63,
3116,371,2025-02-10 15:05:45+02:00,5509.67,16
3117,437,2025-12-06 09:49:12+02:00,1401.77,
3118,89,2025-07-26 18:58:27+02:00,1002.86,15
3119,823,2025-01-25 11:54:13+02:00,596.21,
3120,647,2025-03-13 03:15:28+02:00,3140.81,
3121,381,2025-08-23 08:21:52+02:00,1017.96,
3122,90,2025-11-05 01:44:35+02:00,1006.25,16
3123,128,2025-01-10 21:09:31+02:00,829.02,
3124,670,2025-12-27 10:41:59+02:00,1297.02,
3125,682,2025-08-29 03:55:20+02:00,2105.13,14
3126,315,2025-06-05 14:12:38+02:00,937.71,
3127,820,2025-04-21 13:08:45+02:00,36569.73,12
3128,659,2025-08-12 15:39:34+02:00,1635.94,27
3129,21,2025-08-09 10:17:00+02:00,1268.05,27
3130,807,2025-05-26 17:59:51+02:00,1625.27,
3131,483,2025-01-29 18:40:51+02:00,790.95,25
3132,218,2025-03-22 07:37:15+02:00,1245.62,26
3133,475,2025-11-12 17:26:59+02:00,945.83,
3134,98,2025-02-23 20:01:09+02:00,3604.38,
3135,728,2025-09-03 22:04:18+02:00,660.88,
3136,407,2025-05-29 07:33:47+02:00,1854.78,
3137,582,2025-07-11 01:15:45+02:00,3105.85,18
3138,625,2025-06-03 19:28:36+02:00,1083.24,17
3139,55,2025-01-24 05:20:40+02:00,809.56,
3140,337,2025-11-28 17:06:54+02:00,6509.04,19
3141,507,2025-03-11 22:39:48+02:00,545.24,19
3142,769,2025-08-17 06:36:25+02:00,2636.05,
3143,231,2025-05-22 14:15:41+02:00,2906.84,
3144,908,2025-06-04 15:00:24+02:00,19724.85,
3145,311,2025-06-02 19:12:27+02:00,2060.41,17
3146,299,2025-05-25 23:28:28+02:00,512.78,
3147,710,2025-05-03 01:13:00+02:00,708.49,22
3148,794,2025-03-09 04:25:30+02:00,418.68,
3149,459,2025-08-28 18:54:46+02:00,2912.40,
3150,781,2025-12-28 17:38:45+02:00,1137.80,
3151,27,2025-04-23 11:16:45+02:00,809.95,16
3152,562,2025-09-19 20:07:19+02:00,1097.20,
3153,910,2025-08-11 15:40:17+02:00,734.58,12
3154,540,2025-08-30 23:34:20+02:00,745.98,21
3155,813,2025-04-04 22:55:29+02:00,16215.76,11
3156,784,2025-11-08 07:33:56+02:00,7181.98,
3157,686,2025-01-10 08:55:54+02:00,439.12,21
3158,582,2025-09-07 08:30:55+02:00,2223.72,12
3159,712,2025-01-24 07:16:00+02:00,4262.31,
3160,667,2025-02-27 22:42:11+02:00,308.78,13
3161,333,2025-05-05 00:26:59+02:00,29533.06,
3162,73,2025-10-30 20:30:04+02:00,7924.88,
3163,892,2025-10-27 00:47:04+02:00,1132.57,16
3164,987,2025-06-28 19:44:01+02:00,3039.46,
3165,433,2025-07-21 02:14:32+02:00,1085.31,
3166,177,2025-09-18 13:58:36+02:00,3736.24,12
3167,687,2025-11-08 04:34:45+02:00,996.71,
3168,877,2025-03-13 12:37:27+02:00,1224.56,
3169,200,2025-02-18 14:54:01+02:00,657.98,19
3170,687,2025-02-01 07:58:40+02:00,7897.81,25
3171,123,2025-03-24 05:19:58+02:00,1687.82,
3172,670,2025-08-27 21:05:59+02:00,17227.59,
3173,76,2025-12-03 07:07:59+02:00,14750.30,26
3174,150,2025-03-05 09:43:17+02:00,1908.07,14
3175,32,2025-04-15 01:36:11+02:00,2336.12,
3176,199,2025-07-02 09:19:05+02:00,5580.45,
3177,901,2025-12-20 14:12:44+02:00,670.26,
3178,319,2025-04-07 05:50:40+02:00,1357.74,17
3179,777,2025-08-09 19:40:47+02:00,1697.54,
3180,177,2025-07-22 00:14:40+02:00,675.48,
3181,273,2025-07-29 17:55:01+02:00,1179.56,21
3182,273,2025-09-26 04:15:13+02:00,938.94,18
3183,433,2025-08-06 21:34:37+02:00,10140.79,16
3184,81,2025-03-14 14:02:31+02:00,1381.57,23
3185,959,2025-02-04 23:23:30+02:00,3008.91,
3186,605,2025-10-28 02:57:46+02:00,6909.61,
3187,709,2025-11-13 16:25:02+02:00,934.12,
3188,706,2025-12-30 02:46:47+02:00,1225.00,
3189,683,2025-12-19 17:20:51+02:00,1011.44,24
3190,541,2025-02-22 21:05:16+02:00,1067.40,
3191,128,2025-08-22 13:18:30+02:00,3602.39,
3192,766,2025-03-01 20:18:29+02:00,7837.14,
3193,84,2025-07-03 14:41:37+02:00,1220.41,
3194,474,2025-04-06 15:33:08+02:00,4048.92,
3195,570,2025-10-05 21:52:52+02:00,1074.10,
3196,223,2025-03-18 14:42:24+02:00,16708.89,16
3197,569,2025-12-21 07:38:39+02:00,912.67,13
3198,252,2025-06-04 10:14:24+02:00,5647.34,
3199,955,2025-08-02 09:51:05+02:00,1203.57,
3200,88,2025-09-14 19:21:04+02:00,8584.32,
3201,73,2025-02-09 05:45:55+02:00,359.45,12
3202,532,2025-09-30 15:48:03+02:00,633.33,20
3203,962,2025-02-28 07:56:12+02:00,594.56,
3204,555,2025-06-12 21:28:17+02:00,38518.98,
3205,802,2025-01-22 12:15:21+02:00,2427.64,
3206,822,2025-05-12 16:13:28+02:00,5338.89,
3207,594,2025-11-29 19:17:41+02:00,1246.40,
3208,823,2025-06-09 03:32:50+02:00,3415.92,23
3209,819,2025-09-18 01:47:20+02:00,1844.70,13
3210,756,2025-10-03 23:55:48+02:00,1836.52,
3211,898,2025-02-05 17:09:11+02:00,879.36,
3212,114,2025-04-12 03:45:24+02:00,272.65,
3213,64,2025-12-30 14:06:20+02:00,3903.72,
3214,854,2025-07-12 08:36:30+02:00,1681.63,
3215,836,2025-03-10 01:46:53+02:00,1300.87,
3216,1000,2025-04-07 09:21:16+02:00,1237.33,18
3217,641,2025-03-13 06:59:10+02:00,1172.73,
3218,539,2025-03-16 03:05:11+02:00,1605.90,
3219,242,2025-03-10 11:48:11+02:00,775.72,
3220,887,2025-05-17 09:53:48+02:00,2286.53,
3221,960,2025-09-02 03:18:45+02:00,1394.30,
3222,779,2025-01-22 18:29:44+02:00,1701.07,
3223,115,2025-05-14 05:08:51+02:00,14869.10,
3224,924,2025-11-18 01:49:46+02:00,1073.99,
3225,145,2025-04-24 22:13:12+02:00,1560.29,
3226,560,2025-03-10 00:02:30+02:00,922.74,29
3227,266,2025-12-01 09:10:03+02:00,906.17,
3228,142,2025-10-12 19:02:03+02:00,637.28,24
3229,148,2025-08-23 04:36:04+02:00,2524.91,
3230,890,2025-09-11 19:35:03+02:00,1725.45,
3231,571,2025-04-11 03:19:21+02:00,5646.49,
3232,879,2025-06-27 10:36:18+02:00,40482.20,
3233,664,2025-07-30 19:47:05+02:00,4391.25,
3234,439,2025-06-22 16:42:26+02:00,703.60,
3235,562,2025-04-21 23:31:57+02:00,932.89,14
3236,651,2025-08-24 14:00:42+02:00,864.24,
3237,167,2025-08-04 00:01:41+02:00,2495.54,
3238,782,2025-01-07 15:39:06+02:00,942.54,
3239,630,2025-06-15 14:27:21+02:00,1092.15,20
3240,886,2025-11-22 03:00:17+02:00,2103.24,
3241,593,2025-01-11 00:07:25+02:00,1885.85,
3242,28,2025-07-22 20:36:50+02:00,2351.17,
3243,647,2025-02-16 11:27:35+02:00,1311.16,23
3244,26,2025-03-06 02:03:27+02:00,13425.11,
3245,131,2025-11-18 09:26:23+02:00,1169.27,
3246,124,2025-09-14 19:51:52+02:00,2422.66,
3247,933,2025-01-20 20:59:14+02:00,1518.28,12
3248,539,2025-03-07 05:45:11+02:00,3848.45,
3249,934,2025-07-13 16:04:00+02:00,1001.86,
3250,84,2025-01-01 01:30:58+02:00,492.83,
3251,315,2025-01-31 14:26:07+02:00,3321.71,20
3252,108,2025-09-17 08:42:15+02:00,1042.65,
3253,762,2025-04-26 16:16:23+02:00,655.22,
3254,31,2025-11-30 23:17:35+02:00,835.72,
3255,552,2025-05-21 23:40:19+02:00,971.43,
3256,688,2025-06-26 06:05:49+02:00,2395.76,22
3257,362,2025-08-13 19:08:46+02:00,1918.60,
3258,159,2025-08-10 13:49:35+02:00,440.12,19
3259,240,2025-10-09 08:37:21+02:00,715.07,15
3260,207,2025-02-24 09:54:33+02:00,3238.60,
3261,177,2025-06-03 00:01:48+02:00,11221.49,
3262,20,2025-01-09 01:45:44+02:00,1125.30,
3263,828,2025-03-14 01:42:07+02:00,27822.97,23
3264,989,2025-04-26 00:42:39+02:00,970.24,
3265,544,2025-03-31 14:37:58+02:00,120.86,24
3266,256,2025-07-23 01:06:31+02:00,4763.74,
3267,582,2025-07-15 22:27:26+02:00,1194.95,
3268,901,2025-02-13 16:31:01+02:00,7355.00,
3269,377,2025-09-27 02:35:16+02:00,3173.81,28
3270,246,2025-08-23 07:35:50+02:00,1065.08,
3271,445,2025-07-12 18:24:47+02:00,12448.64,
3272,696,2025-07-28 10:00:06+02:00,1121.62,
3273,535,2025-03-15 12:02:01+02:00,1956.80,
3274,798,2025-09-12 02:17:30+02:00,908.24,18
3275,331,2025-08-22 01:48:22+02:00,4930.21,28
3276,353,2025-01-24 14:13:27+02:00,999.34,
3277,405,2025-05-15 14:18:11+02:00,11236.32,
3278,347,2025-04-02 21:44:55+02:00,3245.18,
3279,643,2025-11-23 08:17:17+02:00,988.52,
3280,253,2025-04-18 03:02:54+02:00,615.51,
3281,288,2025-03-12 19:48:11+02:00,470.51,20
3282,162,2025-12-17 17:52:17+02:00,607.71,30
3283,807,2025-09-28 07:18:47+02:00,1233.45,
3284,573,2025-06-19 00:22:11+02:00,745.20,
3285,176,2025-08-24 16:58:29+02:00,701.37,
3286,28,2025-08-15 13:03:58+02:00,4853.18,
3287,394,2025-07-28 17:21:44+02:00,972.47,
3288,870,2025-08-04 03:09:56+02:00,2577.10,29
3289,721,2025-11-30 09:19:57+02:00,7500.40,
3290,321,2025-11-18 05:03:38+02:00,1628.04,
3291,846,2025-03-06 16:50:01+02:00,1146.80,
3292,817,2025-12-09 02:07:01+02:00,929.66,19
3293,805,2025-05-22 00:56:29+02:00,16167.59,29
3294,426,2025-11-07 18:43:07+02:00,928.01,
3295,506,2025-07-09 13:00:03+02:00,413.08,
3296,921,2025-07-30 10:28:05+02:00,1762.70,23
3297,721,2025-04-09 10:33:45+02:00,1046.47,
3298,729,2025-02-20 11:02:18+02:00,891.67,
3299,962,2025-11-09 12:18:58+02:00,2764.23,
3300,919,2025-04-14 20:58:13+02:00,542.36,
3301,918,2025-10-29 12:58:00+02:00,6411.77,
3302,924,2025-04-20 06:36:52+02:00,1711.30,
3303,813,2025-08-10 07:16:15+02:00,14994.56,
3304,520,2025-07-01 22:15:30+02:00,195.29,
3305,927,2025-03-28 12:15:53+02:00,543.89,
3306,393,2025-06-07 19:30:49+02:00,2189.04,
3307,511,2025-11-22 15:12:08+02:00,1201.14,
3308,433,2025-10-27 05:52:12+02:00,1655.23,
3309,32,2025-01-02 01:22:23+02:00,867.41,
3310,71,2025-04-05 22:59:50+02:00,6002.61,
3311,499,2025-08-05 02:55:28+02:00,697.92,27
3312,636,2025-08-27 09:34:46+02:00,883.38,26
3313,826,2025-05-27 17:46:08+02:00,3462.75,
3314,145,2025-11-06 10:48:37+02:00,2295.10,
3315,617,2025-05-09 06:37:33+02:00,2682.56,27
3316,915,2025-06-24 04:46:45+02:00,3468.03,
3317,127,2025-04-25 13:43:01+02:00,873.90,
3318,593,2025-08-07 04:00:51+02:00,1268.68,22
3319,848,2025-08-03 09:49:37+02:00,412.07,30
3320,872,2025-07-11 01:04:52+02:00,2488.83,
3321,639,2025-09-28 19:59:58+02:00,4027.14,
3322,52,2025-04-28 04:00:38+02:00,19657.17,
3323,577,2025-05-26 06:30:54+02:00,1165.01,
3324,822,2025-08-30 08:43:30+02:00,548.91,
3325,781,2025-11-27 22:31:21+02:00,728.38,
3326,79,2025-07-25 20:05:51+02:00,11038.68,
3327,715,2025-11-21 18:48:06+02:00,1334.89,
3328,888,2025-04-22 21:14:06+02:00,6893.38,
3329,400,2025-01-12 21:38:04+02:00,571.60,
3330,55,2025-07-03 06:19:51+02:00,941.26,
3331,382,2025-11-30 02:15:49+02:00,1050.96,11
3332,195,2025-02-28 00:34:24+02:00,2610.74,11
3333,570,2025-05-16 06:51:16+02:00,1077.03,
3334,782,2025-11-17 22:49:50+02:00,798.55,16
3335,855,2025-10-19 07:50:06+02:00,2097.71,29
3336,561,2025-01-20 12:25:04+02:00,1783.46,
3337,946,2025-04-25 08:13:33+02:00,1276.55,12
3338,878,2025-02-13 11:25:12+02:00,3213.15,
3339,988,2025-10-21 04:42:44+02:00,814.75,
3340,815,2025-02-22 22:47:08+02:00,599.97,
3341,340,2025-11-05 11:04:19+02:00,14714.67,
3342,332,2025-11-12 23:48:22+02:00,2937.46,
3343,467,2025-06-18 02:37:40+02:00,742.21,
3344,201,2025-11-17 00:31:03+02:00,823.70,
3345,302,2025-11-12 07:08:59+02:00,1475.14,
3346,385,2025-06-23 22:18:25+02:00,1122.44,
3347,980,2025-04-03 03:23:37+02:00,1406.41,
3348,433,2025-11-28 00:38:11+02:00,957.94,12
3349,875,2025-11-24 13:06:40+02:00,428.86,
3350,884,2025-07-17 18:31:42+02:00,6678.62,18
3351,827,2025-12-29 19:18:17+02:00,1310.42,28
3352,516,2025-05-19 21:27:46+02:00,1119.86,25
3353,61,2025-01-10 00:24:18+02:00,3946.26,
3354,224,2025-12-01 06:03:58+02:00,6528.22,
3355,437,2025-03-04 01:41:34+02:00,712.32,
3356,993,2025-10-14 02:51:58+02:00,657.13,
3357,179,2025-02-16 14:45:21+02:00,28404.71,
3358,561,2025-05-20 23:13:00+02:00,987.31,
3359,949,2025-08-27 06:41:19+02:00,7544.78,
3360,411,2025-05-01 10:22:37+02:00,609.52,12
3361,216,2025-02-24 14:22:21+02:00,764.67,16
3362,247,2025-06-10 21:35:04+02:00,468.38,
3363,236,2025-04-05 12:42:25+02:00,2423.67,
3364,578,2025-09-19 05:47:34+02:00,1264.87,15
3365,712,2025-11-30 20:37:25+02:00,469.57,
3366,605,2025-11-01 13:59:27+02:00,3183.34,
3367,296,2025-01-04 04:23:45+02:00,1065.85,
3368,117,2025-02-23 20:02:44+02:00,3099.12,
3369,180,2025-10-19 19:12:22+02:00,2293.91,
3370,309,2025-09-03 03:58:07+02:00,667.71,
3371,506,2025-01-26 03:45:14+02:00,345.90,
3372,566,2025-10-28 01:21:36+02:00,1448.86,23
3373,277,2025-10-05 02:32:18+02:00,1954.00,
3374,982,2025-06-08 17:02:33+02:00,1169.78,
3375,800,2025-09-20 14:15:54+02:00,1697.73,
3376,768,2025-05-28 19:28:33+02:00,1842.15,17
3377,937,2025-12-04 23:11:17+02:00,2285.05,
3378,972,2025-08-28 16:06:55+02:00,118.02,
3379,461,2025-11-04 01:28:04+02:00,3479.98,
3380,376,2025-10-09 14:09:10+02:00,764.18,
3381,897,2025-05-18 12:16:46+02:00,657.14,
3382,206,2025-03-21 13:07:22+02:00,22060.54,
3383,313,2025-05-23 11:07:56+02:00,747.78,
3384,454,2025-02-09 09:28:46+02:00,424.63,21
3385,45,2025-08-11 12:13:57+02:00,1086.12,
3386,858,2025-01-21 18:24:42+02:00,683.63,
3387,648,2025-01-10 08:18:34+02:00,2804.65,
3388,479,2025-02-06 18:24:56+02:00,1161.12,14
3389,361,2025-02-25 04:25:58+02:00,1313.00,
3390,660,2025-10-17 08:53:31+02:00,1314.76,14
3391,467,2025-10-22 23:12:08+02:00,5366.12,
3392,593,2025-11-15 17:58:18+02:00,945.47,19
3393,933,2025-12-23 12:01:29+02:00,1059.40,
3394,485,2025-07-10 17:16:48+02:00,1540.64,
3395,268,2025-01-12 06:30:21+02:00,2216.81,22
3396,417,2025-09-18 20:35:02+02:00,1044.50,
3397,917,2025-02-10 15:56:50+02:00,2323.18,
3398,601,2025-10-09 23:35:16+02:00,2060.50,
3399,341,2025-03-01 14:21:04+02:00,844.02,
3400,537,2025-07-26 13:29:40+02:00,1216.66,
3401,72,2025-01-03 03:50:02+02:00,1794.63,
3402,770,2025-05-27 09:40:39+02:00,1107.81,
3403,580,2025-11-25 21:04:12+02:00,1013.46,13
3404,308,2025-09-28 02:14:12+02:00,720.04,
3405,288,2025-06-25 23:16:02+02:00,15102.76,15
3406,682,2025-10-01 15:43:29+02:00,1596.50,
3407,358,2025-01-03 22:33:36+02:00,2082.05,
3408,22,2025-09-02 14:31:42+02:00,9318.73,16
3409,11,2025-05-08 16:04:04+02:00,1183.79,27
3410,430,2025-10-19 06:55:09+02:00,634.86,
3411,984,2025-01-01 12:18:06+02:00,851.10,12
3412,945,2025-05-04 04:39:45+02:00,1644.51,
3413,146,2025-08-26 17:39:57+02:00,4949.72,
3414,11,2025-10-01 18:24:54+02:00,799.83,
3415,182,2025-05-30 14:54:34+02:00,1554.32,12
3416,155,2025-10-14 11:30:49+02:00,5290.30,
3417,959,2025-09-10 22:40:03+02:00,1534.10,
3418,65,2025-10-10 07:12:35+02:00,928.62,
3419,46,2025-05-12 20:35:53+02:00,5429.85,
3420,436,2025-05-09 23:47:32+02:00,917.45,23
3421,768,2025-11-06 21:00:00+02:00,5525.68,
3422,785,2025-06-24 11:43:39+02:00,2682.29,17
3423,963,2025-07-03 12:37:58+02:00,2882.89,
3424,910,2025-03-13 19:25:29+02:00,510.39,18
3425,730,2025-11-27 03:42:08+02:00,447.46,
3426,57,2025-01-01 21:25:09+02:00,1268.16,
3427,451,2025-01-03 13:19:57+02:00,7613.67,
3428,313,2025-06-06 00:25:48+02:00,3559.02,
3429,473,2025-04-29 10:31:33+02:00,842.46,
3430,506,2025-07-26 01:47:26+02:00,443.59,15
3431,455,2025-10-17 08:00:06+02:00,628.70,
3432,859,2025-08-01 02:29:38+02:00,1792.40,
3433,133,2025-03-25 09:43:23+02:00,2575.56,
3434,132,2025-02-05 00:05:48+02:00,2861.69,
3435,586,2025-12-11 00:31:50+02:00,22728.16,
3436,414,2025-08-30 04:13:32+02:00,4376.63,
3437,704,2025-08-08 00:40:26+02:00,317.47,17
3438,650,2025-04-22 21:24:50+02:00,967.26,
3439,897,2025-08-21 05:19:02+02:00,16033.60,17
3440,889,2025-03-01 09:25:11+02:00,974.94,
3441,493,2025-08-29 23:44:38+02:00,2670.58,
3442,637,2025-12-01 09:54:48+02:00,1666.02,
3443,399,2025-01-09 22:51:31+02:00,996.08,
3444,445,2025-03-30 21:21:31+02:00,957.18,
3445,988,2025-09-19 23:38:04+02:00,1917.12,
3446,441,2025-08-21 23:17:38+02:00,1141.00,
3447,126,2025-06-19 23:44:48+02:00,602.49,
3448,20,2025-04-12 00:39:13+02:00,604.97,
3449,14,2025-08-03 03:47:47+02:00,1056.47,30
3450,116,2025-08-20 11:33:58+02:00,5384.45,
3451,540,2025-10-19 12:26:38+02:00,850.08,
3452,750,2025-08-18 18:57:30+02:00,1069.55,
3453,642,2025-07-10 05:53:39+02:00,8096.61,
3454,267,2025-05-09 12:53:21+02:00,746.19,
3455,800,2025-05-17 09:34:45+02:00,3085.88,
3456,652,2025-10-13 10:23:31+02:00,336.11,
3457,852,2025-07-02 21:55:13+02:00,643.79,
3458,584,2025-06-16 15:28:25+02:00,6070.82,28
3459,478,2025-11-04 23:52:57+02:00,6312.30,
3460,357,2025-12-24 05:09:27+02:00,1581.72,
3461,498,2025-11-07 00:16:40+02:00,527.39,
3462,968,2025-08-13 16:30:31+02:00,6490.58,
3463,511,2025-10-13 23:18:37+02:00,4814.30,
3464,804,2025-05-23 10:17:41+02:00,1003.62,
3465,584,2025-01-14 02:51:53+02:00,1076.46,
3466,302,2025-10-24 05:46:47+02:00,2688.90,28
3467,706,2025-02-19 19:46:10+02:00,984.38,
3468,332,2025-12-09 19:46:30+02:00,1690.80,
3469,977,2025-10-04 14:03:14+02:00,530.98,
3470,194,2025-10-15 13:49:57+02:00,930.84,
3471,480,2025-05-03 07:03:13+02:00,10046.99,
3472,601,2025-04-22 23:21:03+02:00,5731.37,
3473,824,2025-11-08 19:45:58+02:00,1194.86,
3474,2,2025-11-23 15:03:00+02:00,685.16,15
3475,444,2025-11-15 18:00:38+02:00,4731.82,
3476,894,2025-06-12 20:59:33+02:00,333.18,
3477,837,2025-11-30 14:13:00+02:00,16625.30,
3478,827,2025-11-19 14:37:08+02:00,1032.32,14
3479,466,2025-02-13 21:01:39+02:00,2271.33,
3480,773,2025-12-19 22:15:27+02:00,928.67,
3481,612,2025-12-09 02:44:12+02:00,180.92,19
3482,428,2025-08-29 10:52:13+02:00,2464.70,
3483,760,2025-10-10 18:57:19+02:00,988.27,
3484,18,2025-07-09 03:01:06+02:00,429.02,
3485,515,2025-07-28 01:33:03+02:00,880.52,
3486,582,2025-09-30 07:58:45+02:00,790.23,
3487,453,2025-02-09 20:10:09+02:00,308.25,17
3488,610,2025-01-05 17:26:18+02:00,10698.07,
3489,911,2025-01-06 19:13:11+02:00,3642.78,
3490,285,2025-09-04 08:25:56+02:00,3277.23,
3491,79,2025-11-16 12:51:25+02:00,1338.78,
3492,204,2025-06-20 20:59:53+02:00,25239.13,14
3493,736,2025-12-29 16:43:27+02:00,709.36,
3494,999,2025-01-31 07:12:23+02:00,5509.59,
3495,661,2025-08-23 05:51:23+02:00,19748.44,
3496,599,2025-11-25 02:25:39+02:00,617.88,
3497,231,2025-01-24 20:15:45+02:00,13966.70,21
3498,82,2025-04-21 02:19:45+02:00,2540.37,
3499,881,2025-01-14 21:54:22+02:00,1396.88,
3500,746,2025-09-21 08:02:03+02:00,1493.49,
3501,919,2025-04-16 19:15:44+02:00,606.18,16
3502,359,2025-01-21 01:58:19+02:00,3339.36,
3503,147,2025-10-22 13:16:26+02:00,2939.78,30
3504,241,2025-11-24 23:31:31+02:00,3159.74,
3505,161,2025-03-22 13:38:18+02:00,2585.15,
3506,95,2025-10-23 08:39:51+02:00,10458.16,15
3507,83,2025-09-20 13:34:55+02:00,2011.88,
3508,403,2025-10-07 09:28:52+02:00,1340.93,
3509,379,2025-05-24 09:21:32+02:00,280.36,
3510,732,2025-01-31 05:34:27+02:00,958.88,24
3511,978,2025-04-05 22:18:57+02:00,591.52,
3512,568,2025-05-27 08:30:29+02:00,526.20,
3513,412,2025-07-01 05:44:37+02:00,2252.34,15
3514,559,2025-10-13 23:58:11+02:00,3368.40,25
3515,311,2025-04-01 17:36:10+02:00,484.70,
3516,310,2025-07-22 02:17:39+02:00,2953.94,
3517,987,2025-09-26 20:07:42+02:00,14634.79,
3518,301,2025-11-29 20:41:19+02:00,1163.10,
3519,173,2025-12-14 16:55:42+02:00,8330.27,
3520,753,2025-04-01 23:48:38+02:00,491.65,
3521,106,2025-12-12 11:46:26+02:00,1777.97,
3522,6,2025-12-18 16:41:41+02:00,1294.19,
3523,466,2025-01-01 12:22:16+02:00,1567.86,
3524,489,2025-05-20 10:10:10+02:00,998.61,
3525,937,2025-04-01 13:58:16+02:00,416.02,
3526,462,2025-01-06 00:09:16+02:00,1043.26,17
3527,631,2025-05-02 20:48:28+02:00,1558.93,
3528,109,2025-11-12 13:52:34+02:00,834.72,
3529,724,2025-08-11 04:06:01+02:00,886.72,28
3530,988,2025-09-04 01:35:54+02:00,1989.65,
3531,45,2025-07-14 11:50:34+02:00,1490.74,
3532,310,2025-01-06 05:30:45+02:00,326.67,
3533,540,2025-05-19 03:05:15+02:00,874.79,
3534,530,2025-05-09 17:22:27+02:00,2048.22,27
3535,266,2025-06-21 10:02:05+02:00,997.13,
3536,400,2025-05-24 02:32:04+02:00,837.92,
3537,447,2025-05-08 01:08:35+02:00,462.99,
3538,577,2025-04-20 10:25:23+02:00,3555.51,
3539,510,2025-07-20 03:57:45+02:00,1994.77,27
3540,843,2025-11-12 16:51:30+02:00,1209.84,
3541,855,2025-11-13 08:45:10+02:00,3972.26,28
3542,86,2025-07-19 02:44:02+02:00,1036.92,
3543,480,2025-01-27 13:18:48+02:00,317.10,25
3544,890,2025-10-17 08:21:14+02:00,2079.74,
3545,650,2025-03-13 10:41:53+02:00,393.13,
3546,587,2025-12-29 19:50:00+02:00,719.82,
3547,616,2025-05-25 04:02:45+02:00,685.29,18
3548,14,2025-11-05 03:02:17+02:00,874.68,30
3549,439,2025-10-26 19:04:21+02:00,634.30,26
3550,330,2025-03-02 11:07:09+02:00,23352.09,
3551,358,2025-08-07 15:54:35+02:00,591.80,
3552,711,2025-02-20 22:31:10+02:00,857.90,
3553,268,2025-01-14 05:49:22+02:00,453.66,
3554,749,2025-07-30 10:07:34+02:00,1505.86,
3555,175,2025-12-08 03:07:17+02:00,852.26,
3556,636,2025-12-30 12:00:08+02:00,552.67,
3557,562,2025-04-22 08:57:08+02:00,1052.80,14
3558,158,2025-10-13 17:06:48+02:00,541.67,
3559,796,2025-03-24 13:16:43+02:00,2414.78,
3560,927,2025-11-07 05:20:47+02:00,335.48,14
3561,871,2025-05-02 04:46:48+02:00,2780.90,
3562,934,2025-02-19 12:50:43+02:00,1868.96,
3563,762,2025-04-13 13:37:56+02:00,1125.14,
3564,238,2025-01-18 23:30:56+02:00,1687.23,
3565,491,2025-03-21 08:54:01+02:00,1490.31,
3566,139,2025-03-22 00:53:00+02:00,202.23,15
3567,814,2025-12-16 14:23:03+02:00,2384.01,25
3568,55,2025-11-04 11:55:19+02:00,1512.87,
3569,151,2025-06-02 13:49:30+02:00,3465.36,25
3570,687,2025-11-10 21:36:42+02:00,4793.24,
3571,194,2025-07-15 09:56:26+02:00,1081.78,26
3572,183,2025-09-05 15:10:47+02:00,518.20,
3573,97,2025-09-01 17:17:12+02:00,9842.13,
3574,894,2025-07-31 21:28:45+02:00,946.08,
3575,144,2025-06-27 23:16:56+02:00,1734.70,
3576,181,2025-08-13 21:50:01+02:00,2506.87,
3577,315,2025-05-18 18:49:56+02:00,3060.89,
3578,714,2025-12-24 14:08:59+02:00,22103.47,
3579,847,2025-01-18 04:30:53+02:00,1301.11,
3580,610,2025-08-17 23:53:18+02:00,494.15,
3581,909,2025-08-26 00:09:30+02:00,949.05,
3582,929,2025-09-23 15:36:10+02:00,862.69,
3583,230,2025-09-05 11:00:26+02:00,2394.70,
3584,472,2025-02-09 02:53:23+02:00,3970.22,22
3585,708,2025-07-14 15:31:53+02:00,294.65,
3586,835,2025-06-23 07:30:56+02:00,559.61,
3587,588,2025-05-27 21:33:38+02:00,20419.16,
3588,405,2025-07-05 15:22:42+02:00,1607.40,
3589,462,2025-06-09 19:44:36+02:00,465.05,
3590,975,2025-05-05 07:57:57+02:00,6330.29,
3591,824,2025-08-31 08:20:05+02:00,1871.81,
3592,396,2025-08-31 00:18:04+02:00,710.74,
3593,881,2025-02-25 17:46:06+02:00,3655.41,25
3594,79,2025-07-17 07:41:11+02:00,1164.76,
3595,725,2025-08-14 18:14:41+02:00,21157.11,
3596,96,2025-05-22 22:04:41+02:00,7483.07,
3597,72,2025-03-04 05:49:28+02:00,1862.38,13
3598,224,2025-02-28 16:28:20+02:00,1937.99,
3599,7,2025-07-02 16:36:08+02:00,511.51,
3600,898,2025-07-28 16:50:29+02:00,2868.94,
3601,761,2025-02-03 02:29:45+02:00,856.32,11
3602,551,2025-03-15 03:49:00+02:00,608.87,12
3603,123,2025-12-26 12:25:11+02:00,1687.00,
3604,540,2025-09-25 13:03:30+02:00,654.11,20
3605,204,2025-05-17 21:45:40+02:00,1939.50,15
3606,931,2025-04-30 10:18:21+02:00,2064.65,
3607,570,2025-10-14 16:37:51+02:00,342.07,
3608,696,2025-12-08 21:19:53+02:00,1697.28,19
3609,320,2025-10-24 18:22:55+02:00,1007.71,30
3610,148,2025-04-11 18:19:13+02:00,1902.62,
3611,273,2025-10-24 20:11:58+02:00,1463.34,
3612,92,2025-01-06 03:37:03+02:00,2326.90,
3613,59,2025-06-04 23:01:55+02:00,3126.05,
3614,117,2025-04-04 00:57:39+02:00,699.83,
3615,435,2025-04-15 18:39:10+02:00,1958.81,11
3616,975,2025-07-08 05:10:23+02:00,1490.60,
3617,834,2025-01-22 09:10:02+02:00,2635.10,
3618,556,2025-01-10 21:56:37+02:00,978.09,
3619,449,2025-06-03 11:38:31+02:00,1486.69,
3620,341,2025-03-07 18:43:12+02:00,749.55,18
3621,55,2025-09-23 13:03:13+02:00,799.24,
3622,29,2025-09-16 08:02:50+02:00,1463.04,17
3623,648,2025-10-18 03:51:04+02:00,2419.30,
3624,566,2025-09-02 01:05:30+02:00,1005.72,
3625,876,2025-07-21 08:27:19+02:00,3325.79,21
3626,143,2025-12-23 17:03:19+02:00,3982.64,24
3627,55,2025-09-23 06:46:07+02:00,1355.00,24
3628,938,2025-08-21 00:12:42+02:00,1229.94,
3629,879,2025-06-17 11:29:56+02:00,618.73,
3630,283,2025-09-05 14:53:59+02:00,1651.77,
3631,539,2025-05-07 20:19:10+02:00,1104.91,23
3632,954,2025-06-24 00:35:15+02:00,611.98,
3633,45,2025-06-10 13:29:05+02:00,558.71,
3634,429,2025-03-23 12:25:38+02:00,1042.59,16
3635,568,2025-12-05 04:17:37+02:00,1545.55,
3636,780,2025-06-06 04:50:30+02:00,1747.27,13
3637,699,2025-07-16 10:18:37+02:00,1830.15,
3638,399,2025-06-16 04:29:37+02:00,711.51,
3639,907,2025-02-17 05:09:32+02:00,1469.16,
3640,812,2025-12-03 23:44:20+02:00,797.68,
3641,2,2025-11-20 09:04:55+02:00,703.40,
3642,490,2025-11-28 03:44:28+02:00,1729.44,
3643,997,2025-09-23 14:57:40+02:00,920.03,
3644,873,2025-03-27 10:48:39+02:00,3117.89,
3645,349,2025-08-19 11:50:17+02:00,779.09,
3646,575,2025-07-27 07:49:46+02:00,4705.05,21
3647,487,2025-01-07 09:40:47+02:00,588.73,
3648,769,2025-04-12 02:19:10+02:00,935.96,
3649,866,2025-11-05 19:22:57+02:00,2443.11,
3650,686,2025-10-20 11:14:38+02:00,22579.59,
3651,374,2025-12-18 09:37:19+02:00,1004.65,
3652,19,2025-08-24 03:55:36+02:00,4659.75,
3653,659,2025-12-20 20:04:02+02:00,2312.27,
3654,85,2025-02-10 23:32:13+02:00,1860.56,
3655,356,2025-05-24 12:10:37+02:00,3078.20,22
3656,691,2025-06-17 21:06:39+02:00,303.78,
3657,397,2025-07-09 22:56:09+02:00,8186.65,
3658,846,2025-05-25 12:39:59+02:00,1395.78,16
3659,216,2025-12-27 12:32:36+02:00,1345.16,
3660,441,2025-05-21 23:53:06+02:00,497.32,
3661,605,2025-05-02 08:40:30+02:00,4432.06,
3662,841,2025-09-12 04:21:40+02:00,1641.31,17
3663,65,2025-11-01 07:21:20+02:00,632.77,
3664,679,2025-01-08 02:26:41+02:00,1445.44,
3665,386,2025-08-07 17:20:10+02:00,1481.88,
3666,54,2025-08-16 11:49:14+02:00,1480.69,13
3667,668,2025-06-08 09:42:26+02:00,618.84,25
3668,826,2025-02-20 05:59:49+02:00,1204.51,21
3669,561,2025-12-01 21:32:46+02:00,13732.44,
3670,396,2025-08-21 10:41:51+02:00,480.87,20
3671,886,2025-04-09 15:15:25+02:00,1004.19,
3672,82,2025-04-02 01:16:57+02:00,796.57,
3673,42,2025-06-12 05:10:27+02:00,21166.74,
3674,458,2025-05-25 21:26:26+02:00,2293.16,
3675,895,2025-03-23 10:50:17+02:00,2326.16,
3676,12,2025-01-17 11:39:24+02:00,2258.52,
3677,876,2025-06-16 11:53:14+02:00,674.08,
3678,400,2025-10-03 04:14:48+02:00,1037.38,
3679,899,2025-05-31 17:14:59+02:00,1798.44,
3680,908,2025-03-24 07:03:55+02:00,1350.72,
3681,418,2025-09-28 04:16:21+02:00,663.14,29
3682,441,2025-05-02 22:54:29+02:00,2638.28,
3683,759,2025-09-14 12:49:54+02:00,1640.53,29
3684,704,2025-03-04 03:26:33+02:00,3225.44,
3685,217,2025-05-14 08:29:33+02:00,2604.16,
3686,258,2025-06-16 04:59:35+02:00,628.98,15
3687,432,2025-12-06 23:33:43+02:00,1063.18,
3688,401,2025-11-01 14:47:41+02:00,1435.64,22
3689,555,2025-03-12 13:58:09+02:00,572.40,27
3690,878,2025-03-02 20:33:03+02:00,1738.68,
3691,642,2025-03-19 10:28:46+02:00,645.93,
3692,867,2025-06-28 20:30:59+02:00,276.27,14
3693,886,2025-02-03 12:46:50+02:00,841.55,
3694,270,2025-01-27 22:17:47+02:00,663.51,23
3695,16,2025-09-04 03:39:39+02:00,3046.30,
3696,256,2025-01-16 06:11:52+02:00,906.16,12
3697,347,2025-07-03 06:42:20+02:00,10598.40,
3698,279,2025-12-28 03:23:19+02:00,1387.78,
3699,454,2025-06-20 10:10:23+02:00,866.21,21
3700,890,2025-04-13 07:16:38+02:00,2274.40,
3701,417,2025-08-25 02:31:36+02:00,6288.97,14
3702,449,2025-01-29 21:54:24+02:00,861.76,29
3703,644,2025-01-06 04:39:33+02:00,3637.03,
3704,631,2025-11-28 17:43:12+02:00,799.20,
3705,863,2025-06-25 05:21:11+02:00,436.89,
3706,345,2025-04-27 21:09:20+02:00,913.50,
3707,545,2025-09-30 08:04:35+02:00,995.22,
3708,238,2025-07-04 23:28:17+02:00,11223.79,18
3709,868,2025-04-07 14:21:02+02:00,599.55,
3710,897,2025-12-04 01:08:31+02:00,238.18,
3711,182,2025-07-17 12:15:14+02:00,1020.90,18
3712,524,2025-11-16 20:51:55+02:00,596.76,
3713,620,2025-07-28 21:47:19+02:00,1643.40,
3714,377,2025-11-05 13:55:19+02:00,5241.53,21
3715,26,2025-02-12 15:08:35+02:00,642.49,
3716,163,2025-04-13 12:45:20+02:00,3044.27,
3717,193,2025-03-06 20:30:43+02:00,13493.57,
3718,312,2025-06-05 13:37:18+02:00,1543.25,
3719,304,2025-10-06 12:28:56+02:00,1320.55,
3720,185,2025-05-08 20:05:23+02:00,2892.71,
3721,44,2025-06-13 15:09:47+02:00,1995.98,
3722,400,2025-11-22 07:05:38+02:00,770.88,
3723,809,2025-04-23 16:25:46+02:00,2476.72,
3724,241,2025-06-17 11:50:44+02:00,1267.60,
3725,213,2025-04-22 05:06:53+02:00,1245.72,
3726,488,2025-08-17 02:36:22+02:00,1153.08,
3727,917,2025-12-05 08:58:10+02:00,3143.96,
3728,429,2025-08-25 20:06:04+02:00,4841.58,
3729,444,2025-10-13 15:21:35+02:00,3969.53,
3730,626,2025-01-07 06:18:20+02:00,1135.69,28
3731,859,2025-04-16 03:06:19+02:00,596.19,22
3732,403,2025-11-26 02:22:47+02:00,791.05,
3733,504,2025-12-29 13:07:06+02:00,1980.50,
3734,570,2025-02-03 00:55:57+02:00,101.62,27
3735,903,2025-08-24 21:40:25+02:00,14620.12,
3736,239,2025-03-17 02:54:08+02:00,2137.94,
3737,317,2025-01-06 09:58:23+02:00,1986.54,30
3738,270,2025-05-21 05:11:59+02:00,4923.28,
3739,76,2025-02-08 21:23:29+02:00,253.65,
3740,307,2025-05-15 20:37:54+02:00,785.38,
3741,895,2025-02-24 21:44:36+02:00,1051.74,18
3742,842,2025-01-24 15:17:38+02:00,5775.73,22
3743,641,2025-08-04 17:27:45+02:00,6789.46,19
3744,107,2025-03-12 01:32:13+02:00,1450.05,
3745,43,2025-09-03 17:55:07+02:00,4639.82,
3746,876,2025-10-09 16:42:19+02:00,1522.38,27
3747,217,2025-02-12 15:06:17+02:00,1320.54,16
3748,756,2025-11-03 02:33:03+02:00,1559.65,
3749,755,2025-12-31 09:15:47+02:00,700.56,
3750,442,2025-04-30 02:23:17+02:00,2879.88,20
3751,190,2025-04-15 09:02:59+02:00,2979.27,
3752,102,2025-09-02 14:00:31+02:00,8871.61,
3753,773,2025-03-08 09:46:29+02:00,1795.05,
3754,889,2025-09-17 15:12:30+02:00,1431.31,
3755,986,2025-10-11 03:35:09+02:00,650.70,19
3756,539,2025-05-26 04:08:59+02:00,1356.48,
3757,147,2025-11-25 15:42:48+02:00,14330.40,
3758,270,2025-07-14 10:38:29+02:00,1180.79,
3759,32,2025-12-13 00:11:10+02:00,1111.19,23
3760,972,2025-04-10 12:10:51+02:00,2380.78,
3761,953,2025-06-27 07:14:03+02:00,914.02,
3762,193,2025-11-21 04:57:57+02:00,3658.92,
3763,380,2025-09-13 15:02:10+02:00,1151.12,
3764,424,2025-04-04 12:14:46+02:00,1704.96,
3765,586,2025-07-14 14:29:53+02:00,2693.56,
3766,519,2025-06-05 19:00:01+02:00,1165.00,
3767,867,2025-06-15 23:38:59+02:00,1200.81,23
3768,337,2025-02-18 10:20:01+02:00,1042.90,
3769,473,2025-07-18 01:49:39+02:00,2942.57,25
3770,660,2025-06-18 05:30:24+02:00,2793.46,
3771,908,2025-11-10 11:20:46+02:00,1032.38,17
3772,173,2025-12-09 18:37:51+02:00,9259.22,
3773,908,2025-10-16 09:05:52+02:00,19439.63,14
3774,278,2025-09-11 14:29:41+02:00,981.23,
3775,282,2025-11-18 13:17:30+02:00,578.32,
3776,560,2025-07-05 11:11:25+02:00,4662.68,
3777,804,2025-03-15 03:49:14+02:00,4420.25,
3778,996,2025-03-08 14:00:33+02:00,811.91,
3779,561,2025-01-06 21:35:29+02:00,996.77,
3780,601,2025-05-15 02:59:52+02:00,759.08,
3781,664,2025-09-16 15:22:02+02:00,16843.21,23
3782,757,2025-01-02 19:08:53+02:00,2671.95,18
3783,506,2025-05-23 21:20:34+02:00,1468.41,
3784,569,2025-07-17 01:48:12+02:00,1450.54,
3785,292,2025-03-23 04:14:26+02:00,503.22,
3786,422,2025-10-28 00:33:36+02:00,341.55,21
3787,843,2025-03-21 19:11:05+02:00,27163.52,
3788,814,2025-12-04 03:44:21+02:00,1328.54,
3789,930,2025-04-24 16:37:00+02:00,30082.82,
3790,757,2025-09-03 20:19:59+02:00,1412.61,
3791,616,2025-08-24 04:28:41+02:00,1606.33,19
3792,613,2025-10-28 02:32:08+02:00,3215.70,22
3793,442,2025-04-18 00:00:59+02:00,1525.85,19
3794,905,2025-10-26 11:30:53+02:00,5820.87,
3795,408,2025-10-27 15:46:11+02:00,383.33,26
3796,224,2025-11-12 09:37:23+02:00,1574.92,22
3797,830,2025-11-26 07:41:06+02:00,1485.62,
3798,712,2025-04-29 04:13:27+02:00,13939.46,
3799,463,2025-11-24 16:28:20+02:00,1345.05,
3800,126,2025-05-29 14:17:25+02:00,1233.01,
3801,564,2025-10-17 16:09:57+02:00,645.76,
3802,373,2025-06-07 10:02:41+02:00,1422.23,11
3803,341,2025-03-19 22:54:16+02:00,3196.01,
3804,64,2025-02-09 02:24:41+02:00,2082.72,
3805,841,2025-07-24 05:05:40+02:00,652.84,
3806,11,2025-02-23 23:43:57+02:00,1390.25,30
3807,901,2025-06-05 01:21:53+02:00,3576.73,
3808,31,2025-07-31 02:35:11+02:00,8917.11,
3809,573,2025-06-13 20:28:26+02:00,1662.46,
3810,214,2025-08-11 12:00:17+02:00,29678.92,
3811,274,2025-11-07 11:38:25+02:00,6997.42,
3812,139,2025-10-02 21:36:44+02:00,1816.12,
3813,310,2025-09-14 10:22:03+02:00,1018.60,24
3814,994,2025-03-01 22:37:10+02:00,4430.67,
3815,451,2025-11-15 15:04:09+02:00,3625.17,
3816,434,2025-08-09 18:05:07+02:00,2611.66,28
3817,581,2025-09-03 23:47:35+02:00,1947.49,21
3818,457,2025-11-20 18:57:27+02:00,2520.97,20
3819,123,2025-08-12 10:24:51+02:00,420.24,
3820,371,2025-07-12 01:42:01+02:00,1070.51,20
3821,356,2025-12-24 19:56:29+02:00,2840.54,
3822,447,2025-09-11 09:41:42+02:00,2072.83,19
3823,844,2025-08-03 08:03:52+02:00,732.14,
3824,322,2025-02-21 10:45:41+02:00,2870.10,18
3825,956,2025-03-16 22:38:29+02:00,1876.03,
3826,861,2025-09-20 09:23:52+02:00,12097.67,
3827,738,2025-08-24 21:55:30+02:00,521.23,
3828,635,2025-01-09 01:09:38+02:00,15289.08,
3829,356,2025-10-30 02:44:52+02:00,2250.59,
3830,368,2025-06-24 21:31:43+02:00,6836.93,
3831,615,2025-10-25 10:15:38+02:00,495.65,
3832,287,2025-08-17 15:50:36+02:00,1561.08,
3833,808,2025-02-02 19:47:34+02:00,2278.56,
3834,65,2025-02-18 09:00:19+02:00,429.46,21
3835,521,2025-01-24 23:04:41+02:00,2052.68,
3836,764,2025-09-10 03:58:50+02:00,589.32,
3837,451,2025-11-03 08:21:54+02:00,2440.15,
3838,605,2025-09-14 02:16:01+02:00,392.57,
3839,243,2025-01-29 07:15:12+02:00,9321.29,11
3840,91,2025-02-21 10:35:46+02:00,619.94,
3841,457,2025-03-20 19:56:08+02:00,6203.75,
3842,907,2025-07-03 14:26:04+02:00,6297.83,
3843,89,2025-12-26 21:23:14+02:00,1914.30,13
3844,14,2025-01-12 10:09:15+02:00,2363.32,
3845,392,2025-12-22 04:31:57+02:00,1229.57,14
3846,907,2025-12-06 13:33:19+02:00,655.96,
3847,146,2025-02-06 01:03:54+02:00,2003.44,
3848,86,2025-02-01 17:05:33+02:00,737.15,24
3849,889,2025-10-28 15:25:21+02:00,10994.17,
3850,115,2025-04-16 01:27:46+02:00,1352.94,12
3851,728,2025-12-29 09:24:33+02:00,1959.91,
3852,987,2025-07-14 21:26:22+02:00,855.03,14
3853,268,2025-12-09 10:11:48+02:00,1359.71,
3854,813,2025-03-02 00:48:43+02:00,3350.93,
3855,871,2025-12-13 02:06:51+02:00,1211.85,16
3856,826,2025-11-29 23:30:24+02:00,1487.52,
3857,716,2025-06-14 09:44:19+02:00,3393.57,30
3858,168,2025-04-29 06:17:53+02:00,310.75,
3859,654,2025-04-27 01:39:32+02:00,573.65,
3860,398,2025-10-01 14:50:14+02:00,18866.20,
3861,358,2025-07-13 12:38:31+02:00,835.45,18
3862,466,2025-10-25 21:21:44+02:00,638.15,
3863,32,2025-04-18 01:17:16+02:00,6703.14,
3864,324,2025-01-01 19:49:42+02:00,12218.35,14
3865,10,2025-09-05 12:05:27+02:00,2823.50,
3866,850,2025-07-28 15:20:20+02:00,2137.33,
3867,899,2025-01-07 05:52:30+02:00,327.75,
3868,497,2025-02-23 00:10:21+02:00,2970.32,
3869,377,2025-05-15 04:14:03+02:00,1489.01,
3870,113,2025-12-28 10:56:01+02:00,843.54,
3871,891,2025-07-03 07:38:15+02:00,835.25,
3872,218,2025-04-25 01:47:20+02:00,663.23,
3873,210,2025-01-11 03:03:03+02:00,2490.07,
3874,716,2025-10-16 03:25:40+02:00,1737.14,18
3875,576,2025-05-31 07:00:31+02:00,1328.81,
3876,468,2025-11-27 11:42:58+02:00,745.01,14
3877,984,2025-02-08 22:38:48+02:00,1321.18,
3878,990,2025-11-04 08:36:25+02:00,2971.06,
3879,538,2025-08-03 18:27:52+02:00,744.20,
3880,848,2025-03-27 16:41:51+02:00,441.31,
3881,803,2025-10-22 06:49:38+02:00,735.05,
3882,989,2025-05-05 15:47:08+02:00,1274.06,29
3883,726,2025-03-13 03:00:35+02:00,873.09,
3884,470,2025-06-30 01:21:19+02:00,1975.35,
3885,489,2025-10-06 01:20:57+02:00,15931.71,
3886,880,2025-06-19 19:40:24+02:00,3661.48,
3887,980,2025-06-25 16:00:33+02:00,316.76,
3888,569,2025-01-14 10:57:05+02:00,3083.20,
3889,932,2025-02-17 11:24:39+02:00,1458.16,
3890,387,2025-08-30 06:48:23+02:00,426.26,20
3891,876,2025-03-14 22:43:33+02:00,1179.43,13
3892,655,2025-04-16 04:23:19+02:00,621.32,28
3893,402,2025-06-09 01:30:12+02:00,2172.81,23
3894,37,2025-04-30 04:40:26+02:00,465.13,20
3895,938,2025-07-28 18:56:23+02:00,1526.59,
3896,740,2025-09-08 10:33:25+02:00,1766.03,
3897,705,2025-05-03 02:06:22+02:00,651.42,
3898,233,2025-03-02 02:57:50+02:00,901.06,
3899,5,2025-01-01 19:33:44+02:00,253.34,27
3900,150,2025-05-20 18:37:43+02:00,10685.28,
3901,936,2025-04-15 18:31:10+02:00,1389.36,
3902,182,2025-07-21 11:37:54+02:00,4008.96,
3903,343,2025-10-23 12:54:37+02:00,10375.70,
3904,879,2025-01-30 03:59:56+02:00,436.41,
3905,871,2025-02-24 22:45:19+02:00,1469.85,15
3906,670,2025-10-12 10:11:54+02:00,2001.68,
3907,770,2025-01-06 18:29:43+02:00,828.94,
3908,908,2025-08-26 18:33:52+02:00,466.72,29
3909,450,2025-05-17 17:30:38+02:00,949.62,28
3910,477,2025-05-10 12:40:52+02:00,2289.44,
3911,501,2025-10-06 17:01:31+02:00,23990.96,
3912,179,2025-03-12 03:37:57+02:00,633.75,
3913,948,2025-12-29 04:39:07+02:00,504.62,12
3914,682,2025-11-15 19:54:11+02:00,2203.14,
3915,873,2025-05-19 09:05:10+02:00,13232.84,23
3916,474,2025-03-10 12:33:21+02:00,657.67,
3917,508,2025-05-29 08:13:42+02:00,532.29,
3918,638,2025-12-06 17:48:01+02:00,2047.78,
3919,187,2025-03-08 21:06:02+02:00,691.43,
3920,916,2025-12-11 17:43:19+02:00,361.99,
3921,866,2025-11-18 17:36:33+02:00,1399.07,
3922,311,2025-09-22 01:52:13+02:00,737.67,14
3923,868,2025-03-30 17:24:32+02:00,6728.60,
3924,454,2025-07-22 07:56:33+02:00,1395.57,
3925,642,2025-09-22 11:58:30+02:00,1840.85,
3926,124,2025-01-21 07:07:15+02:00,1798.48,
3927,284,2025-03-23 10:44:16+02:00,2229.49,
3928,798,2025-09-19 11:16:36+02:00,555.32,24
3929,620,2025-03-03 01:37:36+02:00,6100.42,21
3930,135,2025-02-15 08:18:58+02:00,1050.73,
3931,129,2025-02-23 12:02:05+02:00,1826.74,
3932,710,2025-05-27 04:39:55+02:00,1644.96,15
3933,910,2025-11-26 02:49:07+02:00,1742.59,
3934,366,2025-06-21 01:34:27+02:00,3674.54,13
3935,571,2025-11-26 16:09:37+02:00,392.99,
3936,163,2025-07-26 20:43:20+02:00,852.84,
3937,370,2025-02-04 02:55:24+02:00,623.26,14
3938,355,2025-10-24 18:18:03+02:00,854.90,
3939,641,2025-08-28 09:47:48+02:00,16579.81,29
3940,682,2025-02-18 11:07:04+02:00,951.63,
3941,391,2025-11-26 20:43:24+02:00,1899.66,
3942,798,2025-04-27 13:02:20+02:00,697.56,11
3943,945,2025-11-17 18:52:53+02:00,310.94,19
3944,826,2025-12-17 15:51:54+02:00,2509.09,
3945,451,2025-06-30 10:53:45+02:00,2005.07,
3946,226,2025-10-29 13:16:58+02:00,993.03,
3947,56,2025-03-12 20:40:55+02:00,440.53,
3948,508,2025-11-03 22:49:45+02:00,588.15,30
3949,90,2025-05-22 17:12:38+02:00,2229.11,
3950,553,2025-01-23 10:49:37+02:00,2195.60,
3951,636,2025-04-12 01:59:16+02:00,609.07,30
3952,844,2025-11-22 13:56:54+02:00,1501.36,
3953,333,2025-04-09 18:53:32+02:00,946.22,
3954,86,2025-05-25 04:02:53+02:00,692.65,25
3955,8,2025-06-19 01:51:59+02:00,2111.95,
3956,230,2025-12-20 21:44:47+02:00,1370.92,19
3957,9,2025-05-20 13:00:52+02:00,3472.14,
3958,984,2025-06-18 01:30:50+02:00,676.93,19
3959,900,2025-04-10 00:43:25+02:00,1238.99,
3960,454,2025-12-23 23:01:10+02:00,584.08,
3961,316,2025-04-25 09:41:15+02:00,1743.04,14
3962,859,2025-10-22 09:33:52+02:00,1567.09,24
3963,895,2025-06-24 01:30:43+02:00,15642.40,
3964,845,2025-11-29 09:18:14+02:00,774.51,
3965,678,2025-08-07 02:17:46+02:00,1653.93,
3966,381,2025-04-07 06:01:22+02:00,698.50,22
3967,531,2025-05-10 08:53:31+02:00,499.79,
3968,31,2025-11-23 19:13:44+02:00,10748.94,
3969,279,2025-05-19 10:22:07+02:00,449.88,
3970,559,2025-05-16 09:10:36+02:00,1829.73,23
3971,665,2025-12-29 05:03:18+02:00,966.08,
3972,520,2025-10-01 18:01:45+02:00,1036.02,
3973,77,2025-02-11 21:39:07+02:00,625.35,25
3974,559,2025-04-20 09:10:28+02:00,10015.21,
3975,801,2025-08-03 15:30:36+02:00,2271.48,24
3976,464,2025-03-12 14:06:34+02:00,12146.74,
3977,569,2025-07-14 23:24:15+02:00,1910.53,
3978,16,2025-08-12 00:55:28+02:00,704.36,
3979,955,2025-12-04 05:05:30+02:00,1641.31,29
3980,388,2025-04-06 21:58:53+02:00,1232.20,
3981,988,2025-09-05 03:04:50+02:00,974.68,
3982,275,2025-12-25 18:58:59+02:00,972.64,
3983,834,2025-02-23 12:17:37+02:00,202.49,
3984,232,2025-05-12 08:11:10+02:00,8137.42,
3985,115,2025-01-31 16:39:43+02:00,2985.43,
3986,157,2025-05-13 20:04:15+02:00,20224.27,
3987,837,2025-10-23 20:24:46+02:00,2002.19,
3988,557,2025-07-28 17:40:53+02:00,772.11,30
3989,260,2025-02-18 06:32:51+02:00,14667.01,
3990,168,2025-01-11 10:37:14+02:00,473.38,26
3991,359,2025-07-22 11:28:37+02:00,1005.68,
3992,726,2025-09-30 04:31:28+02:00,853.11,
3993,333,2025-02-03 07:03:13+02:00,3206.70,
3994,720,2025-09-17 09:58:55+02:00,2752.70,
3995,178,2025-05-30 15:03:33+02:00,1092.78,
3996,337,2025-10-18 00:41:48+02:00,29426.94,
3997,7,2025-02-01 16:53:37+02:00,1041.82,
3998,874,2025-09-18 15:24:24+02:00,944.40,
3999,216,2025-03-25 19:14:10+02:00,1077.38,
4000,216,2025-12-31 23:45:22+02:00,649.68,24
4001,728,2025-09-13 17:42:30+02:00,2353.74,
4002,742,2025-01-19 20:35:28+02:00,1240.54,17
4003,515,2025-03-27 05:32:30+02:00,1584.75,
4004,481,2025-04-20 09:00:30+02:00,1335.01,
4005,678,2025-08-29 03:08:59+02:00,873.22,22
4006,583,2025-12-08 08:27:21+02:00,1638.80,
4007,681,2025-09-22 00:58:02+02:00,540.97,
4008,778,2025-07-18 06:44:44+02:00,504.28,
4009,650,2025-12-25 05:10:44+02:00,1450.58,
4010,317,2025-08-31 01:21:35+02:00,1801.14,
4011,434,2025-06-02 16:04:54+02:00,913.40,15
4012,162,2025-10-05 08:24:06+02:00,2146.15,
4013,572,2025-12-22 06:48:26+02:00,1131.46,27
4014,989,2025-12-08 02:15:36+02:00,827.74,16
4015,823,2025-11-26 07:19:24+02:00,13760.63,15
4016,770,2025-05-22 22:38:53+02:00,11246.67,30
4017,38,2025-01-28 04:53:08+02:00,593.67,
4018,605,2025-01-25 23:00:43+02:00,216.19,11
4019,60,2025-02-24 15:14:33+02:00,6004.05,25
4020,419,2025-09-21 00:59:29+02:00,342.91,27
4021,256,2025-07-18 05:19:05+02:00,745.46,20
4022,934,2025-06-01 23:14:15+02:00,1388.44,12
4023,702,2025-10-31 13:14:09+02:00,5465.19,
4024,290,2025-12-10 01:42:03+02:00,3882.19,
4025,156,2025-01-29 08:40:41+02:00,434.82,
4026,672,2025-04-09 14:22:08+02:00,1437.67,
4027,869,2025-03-30 12:36:00+02:00,1448.89,29
4028,962,2025-02-03 06:27:27+02:00,2285.43,
4029,319,2025-01-29 19:29:44+02:00,14041.26,
4030,715,2025-09-13 00:21:58+02:00,1010.43,
4031,624,2025-11-06 07:40:48+02:00,3042.54,29
4032,967,2025-07-16 00:23:40+02:00,1880.41,28
4033,655,2025-11-07 12:26:39+02:00,352.92,15
4034,580,2025-03-24 14:27:30+02:00,18445.41,
4035,121,2025-08-29 15:40:59+02:00,418.25,
4036,858,2025-02-05 11:21:18+02:00,2719.67,
4037,137,2025-01-23 10:53:36+02:00,1179.02,
4038,858,2025-10-03 12:16:31+02:00,1484.31,
4039,696,2025-10-03 01:42:15+02:00,3070.91,
4040,774,2025-11-07 11:15:25+02:00,1222.53,
4041,891,2025-12-07 18:55:19+02:00,695.96,
4042,784,2025-02-27 00:46:35+02:00,696.68,
4043,84,2025-06-20 09:39:28+02:00,1559.25,
4044,348,2025-09-11 09:06:26+02:00,1399.70,
4045,555,2025-08-09 14:11:39+02:00,21807.65,
4046,552,2025-06-26 16:38:07+02:00,1570.15,30
4047,213,2025-01-10 06:32:24+02:00,1753.38,16
4048,595,2025-02-21 21:00:12+02:00,2247.09,13
4049,561,2025-09-21 22:30:16+02:00,1641.69,
4050,909,2025-02-27 07:33:41+02:00,2202.84,
4051,635,2025-11-04 14:13:18+02:00,2622.02,
4052,92,2025-01-05 14:21:05+02:00,849.08,
4053,283,2025-07-02 06:58:20+02:00,1439.79,
4054,27,2025-12-23 20:11:15+02:00,1265.36,
4055,438,2025-11-19 12:39:22+02:00,714.46,
4056,7,2025-11-06 04:26:54+02:00,824.62,13
4057,41,2025-09-04 12:39:57+02:00,1337.88,
4058,849,2025-05-11 18:14:23+02:00,2014.36,
4059,922,2025-08-31 14:17:12+02:00,2272.73,
4060,5,2025-02-16 14:36:05+02:00,908.15,
4061,241,2025-01-08 22:33:38+02:00,2946.72,
4062,49,2025-10-13 12:42:03+02:00,2329.63,16
4063,151,2025-06-14 09:22:43+02:00,406.41,29
4064,475,2025-02-27 16:39:25+02:00,6931.84,
4065,880,2025-05-25 16:02:56+02:00,1087.69,25
4066,112,2025-10-07 23:38:12+02:00,1341.39,
4067,166,2025-06-14 16:12:04+02:00,614.50,14
4068,391,2025-12-01 15:07:57+02:00,1395.97,
4069,330,2025-08-02 10:43:44+02:00,1316.18,
4070,243,2025-08-03 16:29:00+02:00,2643.38,18
4071,44,2025-01-07 02:13:11+02:00,1425.48,
4072,267,2025-06-14 00:45:51+02:00,1830.63,28
4073,861,2025-12-16 04:14:47+02:00,2768.08,
4074,942,2025-05-02 21:08:48+02:00,13871.87,
4075,537,2025-07-30 23:07:51+02:00,867.75,
4076,815,2025-01-13 17:10:24+02:00,959.22,
4077,463,2025-05-11 22:10:07+02:00,4026.24,
4078,608,2025-05-24 19:58:30+02:00,771.59,
4079,499,2025-10-01 17:14:35+02:00,8556.81,27
4080,636,2025-05-14 07:08:49+02:00,710.85,11
4081,587,2025-10-28 18:19:44+02:00,5361.69,
4082,966,2025-10-26 17:59:39+02:00,2175.92,
4083,373,2025-11-20 17:32:05+02:00,3921.40,14
4084,705,2025-12-12 01:42:56+02:00,634.06,
4085,676,2025-12-29 19:11:24+02:00,2704.48,
4086,368,2025-05-21 22:15:13+02:00,784.00,
4087,527,2025-09-21 15:43:17+02:00,698.99,
4088,265,2025-07-02 02:08:56+02:00,548.95,12
4089,435,2025-11-29 23:51:00+02:00,1630.84,30
4090,112,2025-08-24 14:53:58+02:00,1836.28,
4091,776,2025-06-18 09:26:53+02:00,1500.31,
4092,977,2025-10-07 22:56:07+02:00,1662.98,
4093,179,2025-08-03 05:08:25+02:00,2365.96,
4094,772,2025-11-15 17:27:46+02:00,2032.97,
4095,361,2025-01-22 02:23:58+02:00,1173.71,25
4096,180,2025-06-28 01:59:25+02:00,1652.00,
4097,317,2025-09-21 13:13:58+02:00,1491.84,
4098,424,2025-10-05 21:07:05+02:00,782.71,
4099,6,2025-09-30 02:47:50+02:00,1505.80,
4100,132,2025-04-25 10:56:41+02:00,1400.86,
4101,243,2025-06-14 23:28:26+02:00,3474.58,
4102,461,2025-05-21 11:36:19+02:00,558.32,
4103,706,2025-05-06 04:18:46+02:00,757.51,
4104,898,2025-10-26 01:57:04+02:00,3024.76,
4105,524,2025-02-26 09:58:58+02:00,1275.85,
4106,110,2025-06-15 20:41:57+02:00,3136.02,
4107,929,2025-05-24 22:40:55+02:00,6001.21,16
4108,272,2025-09-22 04:42:00+02:00,555.84,16
4109,224,2025-03-26 12:20:22+02:00,2214.23,
4110,77,2025-07-31 01:16:32+02:00,587.50,13
4111,171,2025-12-16 03:34:20+02:00,1209.86,
4112,748,2025-12-17 15:14:47+02:00,602.23,
4113,295,2025-12-19 23:29:59+02:00,10412.18,
4114,682,2025-08-17 06:43:35+02:00,181.71,
4115,788,2025-03-24 03:50:53+02:00,1452.89,
4116,295,2025-03-10 20:46:06+02:00,930.02,23
4117,930,2025-05-04 16:55:55+02:00,564.80,20
4118,100,2025-06-28 02:51:23+02:00,1956.26,
4119,894,2025-01-29 10:17:02+02:00,1302.31,21
4120,567,2025-07-05 17:29:22+02:00,381.50,18
4121,334,2025-05-10 20:22:09+02:00,995.14,23
4122,141,2025-09-23 00:08:01+02:00,645.28,
4123,258,2025-05-21 20:19:45+02:00,1215.97,
4124,945,2025-02-20 20:02:35+02:00,2727.66,
4125,541,2025-08-21 22:44:00+02:00,968.28,23
4126,802,2025-12-11 00:57:33+02:00,2669.68,11
4127,740,2025-05-18 12:33:29+02:00,682.87,
4128,862,2025-11-06 11:11:47+02:00,8758.63,
4129,724,2025-10-08 20:15:06+02:00,291.00,
4130,912,2025-12-28 13:47:48+02:00,3601.76,
4131,64,2025-02-19 02:15:19+02:00,614.24,
4132,582,2025-12-21 13:44:58+02:00,40153.84,
4133,103,2025-06-25 07:06:29+02:00,750.23,26
4134,412,2025-12-30 09:38:28+02:00,1090.53,
4135,198,2025-05-25 23:07:38+02:00,945.11,
4136,836,2025-12-29 08:32:42+02:00,1586.34,
4137,289,2025-01-22 08:54:18+02:00,1292.02,
4138,862,2025-10-22 15:22:51+02:00,442.13,
4139,572,2025-05-31 02:58:08+02:00,1706.57,
4140,164,2025-08-26 02:04:57+02:00,821.30,
4141,549,2025-05-22 17:48:18+02:00,1952.95,21
4142,974,2025-09-06 02:25:59+02:00,460.58,14
4143,413,2025-11-26 14:12:18+02:00,499.90,
4144,786,2025-04-24 18:59:47+02:00,1017.84,
4145,918,2025-02-05 10:53:03+02:00,15986.45,
4146,405,2025-11-22 19:31:05+02:00,1736.79,
4147,733,2025-09-10 21:57:47+02:00,1092.45,
4148,340,2025-06-04 15:51:18+02:00,1365.87,
4149,110,2025-06-27 04:38:23+02:00,917.09,
4150,902,2025-08-16 16:02:56+02:00,758.79,18
4151,16,2025-10-23 04:48:18+02:00,784.31,19
4152,524,2025-01-05 22:10:52+02:00,1078.91,
4153,48,2025-04-08 17:32:07+02:00,3468.78,
4154,865,2025-08-01 00:27:13+02:00,751.91,
4155,68,2025-06-06 08:07:49+02:00,22309.74,
4156,273,2025-09-12 08:40:08+02:00,1614.72,
4157,772,2025-09-30 09:43:01+02:00,1671.57,11
4158,255,2025-05-04 15:55:45+02:00,9120.37,
4159,104,2025-08-21 19:52:27+02:00,1241.84,
4160,109,2025-03-11 07:47:14+02:00,3459.11,
4161,610,2025-04-17 17:04:15+02:00,1651.98,
4162,255,2025-07-31 03:40:44+02:00,9033.96,16
4163,213,2025-09-23 11:25:04+02:00,849.55,
4164,258,2025-09-17 19:49:12+02:00,655.94,
4165,387,2025-01-13 09:52:47+02:00,20987.14,
4166,239,2025-09-04 17:48:15+02:00,31385.05,13
4167,569,2025-09-11 10:03:30+02:00,913.91,
4168,762,2025-01-23 23:19:11+02:00,1318.70,23
4169,145,2025-11-19 06:39:56+02:00,930.95,
4170,763,2025-01-19 11:46:40+02:00,1850.38,
4171,677,2025-09-06 05:24:35+02:00,1121.88,
4172,864,2025-11-12 17:11:16+02:00,416.50,
4173,520,2025-11-04 17:04:12+02:00,789.66,
4174,516,2025-05-20 20:40:25+02:00,1438.94,
4175,238,2025-08-08 17:46:46+02:00,931.15,
4176,878,2025-11-16 15:22:24+02:00,934.82,
4177,533,2025-08-09 20:59:34+02:00,23888.32,
4178,762,2025-05-26 14:39:43+02:00,939.28,30
4179,398,2025-01-12 09:33:54+02:00,1553.83,
4180,831,2025-05-05 09:55:18+02:00,2401.64,
4181,543,2025-12-18 02:44:16+02:00,859.24,12
4182,592,2025-03-15 22:17:40+02:00,1362.90,
4183,261,2025-05-29 05:39:52+02:00,746.43,
4184,787,2025-04-24 06:06:06+02:00,838.78,
4185,78,2025-08-12 14:12:59+02:00,2128.18,
4186,205,2025-12-26 00:38:06+02:00,742.00,19
4187,51,2025-07-15 08:14:20+02:00,2257.08,
4188,802,2025-04-13 21:40:37+02:00,2538.93,
4189,511,2025-05-16 12:48:25+02:00,1069.96,27
4190,39,2025-06-29 10:59:48+02:00,2256.71,
4191,412,2025-08-22 12:46:35+02:00,948.47,
4192,603,2025-09-28 00:27:16+02:00,1536.50,
4193,15,2025-01-26 18:06:38+02:00,15599.82,19
4194,910,2025-07-09 04:11:07+02:00,1296.72,
4195,948,2025-08-09 13:58:34+02:00,1040.54,
4196,240,2025-06-01 07:01:52+02:00,39461.24,
4197,794,2025-02-16 02:40:40+02:00,2615.49,
4198,852,2025-11-11 20:15:40+02:00,1402.02,
4199,597,2025-01-22 20:37:13+02:00,3296.17,
4200,848,2025-11-27 07:07:06+02:00,2907.04,
4201,680,2025-06-27 05:50:46+02:00,1824.42,14
4202,880,2025-01-28 01:30:45+02:00,2510.20,
4203,479,2025-04-20 06:53:33+02:00,1046.78,
4204,579,2025-07-26 03:34:13+02:00,916.84,24
4205,775,2025-04-22 20:27:56+02:00,1474.33,
4206,298,2025-10-06 12:41:09+02:00,527.06,29
4207,842,2025-10-06 15:42:21+02:00,1086.85,
4208,590,2025-07-20 21:21:44+02:00,251.87,17
4209,16,2025-02-11 11:09:30+02:00,1280.20,
4210,423,2025-11-08 04:45:30+02:00,28819.08,
4211,490,2025-06-12 21:55:00+02:00,1022.99,
4212,320,2025-10-14 13:20:22+02:00,2030.37,
4213,918,2025-01-28 20:39:27+02:00,1894.27,
4214,664,2025-02-12 16:02:50+02:00,805.13,27
4215,364,2025-12-08 11:26:32+02:00,9955.89,
4216,608,2025-01-07 01:19:12+02:00,633.18,
4217,873,2025-05-14 03:25:51+02:00,1110.02,
4218,893,2025-01-08 11:55:48+02:00,718.71,
4219,801,2025-11-02 20:37:03+02:00,20945.67,
4220,156,2025-09-27 22:14:48+02:00,447.56,
4221,174,2025-07-29 01:27:14+02:00,289.44,24
4222,121,2025-04-17 03:05:12+02:00,5393.30,
4223,137,2025-09-17 05:08:13+02:00,10904.26,
4224,672,2025-11-24 19:36:27+02:00,378.00,26
4225,424,2025-05-02 05:54:28+02:00,20522.78,
4226,204,2025-10-27 11:14:52+02:00,1413.43,
4227,801,2025-02-21 11:31:47+02:00,3413.07,
4228,269,2025-07-31 14:15:29+02:00,2498.28,
4229,7,2025-07-04 19:23:48+02:00,1169.24,
4230,473,2025-05-24 13:23:41+02:00,2077.70,
4231,794,2025-10-15 04:40:34+02:00,32203.00,
4232,2,2025-03-13 06:37:00+02:00,1366.50,
4233,328,2025-09-26 13:17:12+02:00,1242.40,
4234,587,2025-02-22 13:33:42+02:00,2313.66,
4235,140,2025-04-21 00:35:39+02:00,766.63,15
4236,894,2025-11-27 11:51:43+02:00,685.53,
4237,697,2025-06-17 01:19:47+02:00,445.37,
4238,105,2025-04-23 18:49:33+02:00,738.82,
4239,364,2025-10-14 20:58:12+02:00,700.36,
4240,230,2025-01-23 23:52:03+02:00,1160.17,12
4241,875,2025-01-11 02:56:45+02:00,16361.55,14
4242,713,2025-08-22 17:03:11+02:00,3091.22,
4243,29,2025-04-20 23:05:08+02:00,5449.64,
4244,866,2025-06-17 14:51:05+02:00,6544.74,
4245,161,2025-09-11 05:59:53+02:00,3530.74,14
4246,268,2025-10-10 02:06:31+02:00,17192.26,
4247,113,2025-02-04 08:27:23+02:00,793.16,16
4248,320,2025-07-15 12:25:13+02:00,26599.80,
4249,502,2025-02-09 04:27:27+02:00,751.23,
4250,362,2025-07-08 05:03:40+02:00,926.47,
4251,676,2025-12-25 05:29:25+02:00,22350.03,15
4252,769,2025-07-13 10:05:48+02:00,648.32,
4253,889,2025-07-15 06:40:13+02:00,1650.51,26
4254,948,2025-01-15 15:24:06+02:00,1434.22,
4255,388,2025-03-26 18:01:20+02:00,3711.37,
4256,249,2025-01-21 04:06:57+02:00,782.37,
4257,518,2025-08-14 16:09:16+02:00,585.22,
4258,756,2025-10-08 02:15:55+02:00,22923.96,
4259,56,2025-12-10 07:25:12+02:00,946.57,19
4260,13,2025-10-04 21:41:47+02:00,1943.95,
4261,873,2025-07-22 15:41:49+02:00,4428.78,
4262,114,2025-05-09 20:18:12+02:00,1181.82,
4263,949,2025-09-21 20:01:34+02:00,1483.64,
4264,755,2025-09-18 15:41:59+02:00,1129.66,
4265,748,2025-10-10 08:48:26+02:00,2169.62,
4266,773,2025-12-14 00:02:37+02:00,603.34,
4267,607,2025-08-05 22:51:41+02:00,1526.32,
4268,885,2025-11-22 20:03:55+02:00,283.70,
4269,14,2025-08-30 18:51:32+02:00,301.05,20
4270,258,2025-06-13 05:51:26+02:00,16649.13,
4271,723,2025-06-25 23:24:20+02:00,5079.50,
4272,717,2025-03-19 04:38:07+02:00,702.87,
4273,306,2025-01-15 19:52:56+02:00,274.21,
4274,112,2025-06-30 16:23:09+02:00,3181.61,
4275,40,2025-05-16 01:10:59+02:00,1670.66,
4276,349,2025-11-12 02:24:16+02:00,5315.80,
4277,860,2025-11-03 11:48:52+02:00,8186.80,20
4278,390,2025-08-13 09:12:49+02:00,1048.97,
4279,6,2025-09-18 05:13:08+02:00,2440.20,
4280,773,2025-05-19 12:56:23+02:00,2273.11,
4281,662,2025-08-02 14:17:09+02:00,1821.63,15
4282,127,2025-10-18 06:09:32+02:00,994.14,
4283,915,2025-04-22 11:11:24+02:00,678.72,
4284,779,2025-04-04 05:54:19+02:00,453.28,
4285,255,2025-01-27 07:04:49+02:00,1057.85,24
4286,758,2025-02-28 15:12:34+02:00,263.25,24
4287,63,2025-12-09 22:50:21+02:00,1566.05,
4288,821,2025-07-20 17:47:39+02:00,2644.79,
4289,316,2025-12-12 09:44:43+02:00,1215.63,
4290,326,2025-02-05 11:42:42+02:00,2425.38,
4291,653,2025-01-14 04:24:14+02:00,3895.58,25
4292,162,2025-06-08 10:48:43+02:00,661.71,22
4293,136,2025-04-12 10:19:36+02:00,20385.48,
4294,971,2025-12-13 22:10:30+02:00,2380.04,20
4295,369,2025-06-25 20:20:07+02:00,851.85,24
4296,121,2025-09-09 11:45:34+02:00,599.39,27
4297,242,2025-10-11 04:48:09+02:00,1275.30,19
4298,40,2025-01-08 12:25:06+02:00,22770.20,
4299,764,2025-08-04 12:07:58+02:00,15628.58,
4300,129,2025-02-20 23:33:24+02:00,338.14,
4301,661,2025-06-29 10:42:01+02:00,890.84,19
4302,823,2025-08-24 23:15:02+02:00,1557.76,
4303,35,2025-07-28 22:30:21+02:00,1735.79,
4304,530,2025-05-27 18:22:12+02:00,938.57,
4305,379,2025-05-05 05:23:50+02:00,1298.40,
4306,347,2025-02-26 20:29:20+02:00,543.87,13
4307,578,2025-07-16 07:08:56+02:00,415.96,24
4308,164,2025-06-13 01:02:28+02:00,1212.93,25
4309,826,2025-10-11 04:17:40+02:00,2133.92,
4310,983,2025-01-11 04:49:11+02:00,3831.00,
4311,27,2025-12-05 04:52:35+02:00,1548.40,
4312,765,2025-07-11 15:19:17+02:00,838.97,
4313,748,2025-07-05 09:35:31+02:00,628.24,
4314,848,2025-12-16 10:03:10+02:00,450.84,24
4315,813,2025-05-12 15:48:44+02:00,276.82,27
4316,605,2025-03-07 16:41:01+02:00,2183.04,
4317,388,2025-04-06 15:51:59+02:00,1661.39,
4318,210,2025-08-03 13:44:43+02:00,1148.64,
4319,74,2025-12-19 00:39:41+02:00,1348.13,
4320,627,2025-12-26 01:41:38+02:00,6383.81,
4321,315,2025-09-06 21:18:29+02:00,3475.69,
4322,73,2025-07-25 02:37:58+02:00,299.05,
4323,146,2025-01-16 02:54:47+02:00,931.34,
4324,336,2025-11-24 05:05:40+02:00,8513.65,21
4325,51,2025-05-12 00:58:19+02:00,26633.69,
4326,710,2025-02-12 15:40:36+02:00,1171.45,19
4327,617,2025-11-28 05:44:05+02:00,4471.95,
4328,515,2025-09-19 10:05:13+02:00,2174.00,28
4329,293,2025-09-07 21:43:56+02:00,7639.77,16
4330,984,2025-01-17 07:15:02+02:00,295.09,
4331,452,2025-11-14 14:36:08+02:00,424.66,29
4332,816,2025-10-23 08:16:10+02:00,3093.33,
4333,54,2025-06-24 11:24:50+02:00,1290.90,
4334,353,2025-05-01 07:48:16+02:00,476.76,
4335,987,2025-09-04 06:05:39+02:00,1455.19,
4336,335,2025-01-03 06:02:18+02:00,1664.72,13
4337,908,2025-11-04 15:35:40+02:00,1086.87,15
4338,688,2025-08-31 04:55:13+02:00,898.88,
4339,520,2025-10-16 19:43:46+02:00,753.47,
4340,222,2025-05-21 08:59:11+02:00,4071.07,
4341,793,2025-11-10 12:34:18+02:00,952.21,
4342,136,2025-08-26 12:45:12+02:00,1051.62,
4343,73,2025-07-13 19:09:38+02:00,1564.14,
4344,224,2025-04-30 13:55:37+02:00,740.78,16
4345,528,2025-07-19 01:24:28+02:00,1147.36,
4346,177,2025-12-14 00:47:51+02:00,3461.11,
4347,800,2025-08-06 03:37:03+02:00,1542.97,
4348,618,2025-02-06 11:34:43+02:00,1379.46,13
4349,84,2025-12-28 15:44:15+02:00,5209.28,
4350,833,2025-01-28 11:49:46+02:00,439.29,
4351,835,2025-05-01 10:29:12+02:00,630.38,
4352,909,2025-08-29 17:01:31+02:00,3074.16,26
4353,12,2025-03-13 06:40:26+02:00,25752.58,
4354,982,2025-04-29 04:29:41+02:00,812.39,21
4355,193,2025-05-14 21:54:21+02:00,727.77,
4356,34,2025-07-16 18:58:51+02:00,5218.06,
4357,434,2025-05-15 13:56:28+02:00,17390.52,
4358,696,2025-06-04 06:31:13+02:00,1779.29,23
4359,401,2025-06-24 01:36:13+02:00,1622.87,25
4360,253,2025-03-30 01:27:11+02:00,2391.28,
4361,975,2025-04-01 05:49:11+02:00,1939.40,
4362,785,2025-10-09 09:50:33+02:00,1063.96,
4363,1000,2025-06-21 07:30:36+02:00,6275.97,
4364,278,2025-06-07 06:56:05+02:00,1441.33,26
4365,926,2025-09-23 00:07:28+02:00,836.81,
4366,490,2025-11-16 10:26:08+02:00,930.73,
4367,979,2025-11-12 05:35:54+02:00,1183.10,
4368,192,2025-09-25 14:06:22+02:00,2640.22,14
4369,252,2025-05-02 21:52:01+02:00,1572.47,
4370,130,2025-11-20 03:10:33+02:00,1942.40,12
4371,253,2025-01-15 05:55:05+02:00,1099.60,
4372,983,2025-09-08 20:07:37+02:00,2568.71,25
4373,485,2025-06-05 22:13:48+02:00,1804.41,
4374,855,2025-04-22 09:40:02+02:00,1024.72,
4375,51,2025-02-12 20:27:25+02:00,712.21,
4376,304,2025-05-14 14:21:20+02:00,3298.92,
4377,909,2025-12-28 02:39:19+02:00,904.83,
4378,879,2025-03-26 01:30:03+02:00,1529.95,
4379,491,2025-06-05 09:06:14+02:00,716.00,
4380,596,2025-01-09 19:57:46+02:00,1829.21,27
4381,900,2025-01-08 01:20:42+02:00,1809.77,
4382,320,2025-04-10 20:25:02+02:00,9364.41,
4383,888,2025-07-29 15:56:22+02:00,1152.99,
4384,186,2025-10-12 05:47:05+02:00,1662.00,
4385,571,2025-12-06 14:12:14+02:00,3028.69,
4386,871,2025-01-28 03:34:48+02:00,2863.16,
4387,175,2025-01-26 06:52:43+02:00,593.05,
4388,354,2025-11-08 04:22:39+02:00,2020.47,
4389,266,2025-02-28 12:51:48+02:00,1789.94,
4390,503,2025-05-14 22:38:55+02:00,718.37,
4391,96,2025-03-22 17:28:42+02:00,939.24,
4392,561,2025-08-06 13:24:05+02:00,1074.30,
4393,242,2025-06-21 08:25:21+02:00,3825.03,
4394,982,2025-01-01 20:53:17+02:00,4903.95,20
4395,314,2025-01-12 21:46:18+02:00,1547.46,
4396,420,2025-01-22 03:32:00+02:00,948.63,
4397,310,2025-01-21 20:53:26+02:00,2391.86,
4398,410,2025-03-08 15:57:07+02:00,826.28,
4399,540,2025-01-23 23:45:42+02:00,995.13,26
4400,228,2025-11-08 12:42:41+02:00,874.58,
4401,520,2025-03-03 02:35:12+02:00,6642.63,
4402,213,2025-06-19 01:17:20+02:00,1690.43,
4403,268,2025-01-14 20:52:44+02:00,4107.92,
4404,62,2025-02-16 19:57:38+02:00,1797.12,
4405,193,2025-10-26 03:21:20+02:00,6024.23,
4406,140,2025-12-18 09:35:06+02:00,1456.08,16
4407,870,2025-05-22 22:41:03+02:00,1673.14,
4408,637,2025-12-14 12:52:46+02:00,623.24,
4409,327,2025-11-06 23:42:33+02:00,1093.16,
4410,356,2025-04-30 18:51:30+02:00,527.37,16
4411,116,2025-02-22 14:55:11+02:00,4907.29,
4412,989,2025-05-19 09:33:47+02:00,1158.53,
4413,664,2025-09-03 09:04:43+02:00,3554.33,
4414,855,2025-06-02 15:30:11+02:00,1503.57,
4415,558,2025-05-06 10:48:35+02:00,4370.30,30
4416,23,2025-08-16 21:42:56+02:00,1109.18,
4417,82,2025-01-22 06:31:27+02:00,815.86,30
4418,625,2025-07-01 18:39:44+02:00,29857.39,
4419,923,2025-01-10 15:35:31+02:00,2608.56,
4420,295,2025-11-02 21:08:25+02:00,2189.58,
4421,440,2025-05-12 09:56:44+02:00,867.01,
4422,675,2025-11-21 05:33:54+02:00,1022.26,
4423,529,2025-01-26 04:28:13+02:00,995.14,20
4424,867,2025-05-01 12:32:57+02:00,808.33,
4425,225,2025-05-13 09:45:08+02:00,28065.66,
4426,976,2025-03-07 14:31:27+02:00,1277.72,
4427,612,2025-08-20 14:52:16+02:00,1040.66,
4428,330,2025-09-18 09:19:39+02:00,1107.92,
4429,75,2025-08-15 07:38:05+02:00,1484.68,
4430,296,2025-09-26 18:59:55+02:00,4369.34,
4431,194,2025-05-01 15:39:33+02:00,1994.66,
4432,394,2025-12-11 20:04:49+02:00,1241.72,12
4433,207,2025-06-18 16:12:35+02:00,759.15,
4434,866,2025-09-22 20:04:10+02:00,943.22,
4435,382,2025-06-07 17:22:46+02:00,3099.89,27
4436,873,2025-07-22 14:16:14+02:00,16926.86,17
4437,161,2025-02-18 13:30:15+02:00,5862.39,
4438,667,2025-03-26 22:17:41+02:00,941.91,
4439,434,2025-12-30 22:34:18+02:00,1194.58,
4440,447,2025-11-08 00:43:47+02:00,927.79,
4441,647,2025-09-11 01:30:01+02:00,487.16,
4442,45,2025-05-03 12:27:59+02:00,926.97,24
4443,150,2025-07-09 08:55:41+02:00,1369.49,
4444,944,2025-02-23 20:25:11+02:00,371.89,
4445,670,2025-10-26 23:12:11+02:00,905.69,
4446,438,2025-09-22 17:16:25+02:00,496.94,
4447,617,2025-10-01 15:44:50+02:00,2360.47,
4448,293,2025-03-29 22:46:42+02:00,3491.20,
4449,272,2025-02-23 05:16:16+02:00,1211.91,
4450,947,2025-10-30 11:52:22+02:00,3553.00,23
4451,686,2025-11-21 23:07:19+02:00,2130.67,
4452,301,2025-06-23 05:32:54+02:00,900.81,15
4453,162,2025-12-30 17:43:15+02:00,2407.92,
4454,320,2025-11-28 14:13:39+02:00,1358.62,
4455,982,2025-04-24 09:11:47+02:00,3883.47,
4456,900,2025-12-21 04:40:52+02:00,1061.21,
4457,881,2025-08-27 13:57:17+02:00,20677.73,
4458,879,2025-11-23 05:50:46+02:00,1496.07,13
4459,282,2025-12-04 00:18:56+02:00,1671.77,
4460,21,2025-11-06 16:00:12+02:00,1305.42,
4461,672,2025-06-15 06:54:00+02:00,16580.93,
4462,376,2025-07-06 13:04:10+02:00,4239.81,26
4463,661,2025-07-24 13:22:45+02:00,1463.50,17
4464,855,2025-03-17 23:00:38+02:00,1920.11,
4465,726,2025-03-21 03:16:15+02:00,3490.39,
4466,559,2025-11-21 09:44:54+02:00,3648.00,
4467,621,2025-08-24 13:53:20+02:00,664.18,
4468,458,2025-07-16 21:04:07+02:00,1799.72,26
4469,609,2025-02-09 22:04:30+02:00,4031.28,
4470,553,2025-11-22 07:31:17+02:00,6771.64,
4471,489,2025-01-31 12:05:33+02:00,18615.85,
4472,170,2025-07-07 04:26:32+02:00,2476.05,18
4473,556,2025-11-10 23:28:34+02:00,1997.00,
4474,607,2025-03-17 06:40:51+02:00,1142.90,
4475,782,2025-09-28 06:56:25+02:00,925.51,
4476,497,2025-12-09 14:58:40+02:00,972.23,12
4477,580,2025-03-09 10:53:04+02:00,2286.86,
4478,441,2025-09-10 01:10:26+02:00,693.27,25
4479,482,2025-12-13 02:16:04+02:00,1860.84,22
4480,726,2025-04-16 18:22:09+02:00,359.21,14
4481,921,2025-05-04 03:16:24+02:00,1543.11,
4482,694,2025-07-15 02:51:44+02:00,3428.23,
4483,152,2025-10-01 15:36:07+02:00,9424.45,
4484,631,2025-02-26 08:52:48+02:00,657.88,28
4485,919,2025-08-22 19:20:18+02:00,1644.58,
4486,395,2025-05-03 00:09:31+02:00,7412.45,
4487,259,2025-02-01 15:32:30+02:00,1226.37,
4488,840,2025-07-11 00:29:48+02:00,809.55,
4489,769,2025-02-11 00:03:50+02:00,1005.37,
4490,67,2025-07-02 11:24:31+02:00,987.40,
4491,739,2025-08-19 20:06:38+02:00,1265.00,
4492,418,2025-01-17 07:43:40+02:00,4673.34,29
4493,657,2025-01-17 22:23:50+02:00,2331.67,12
4494,306,2025-03-23 13:54:49+02:00,595.56,
4495,358,2025-11-12 23:18:00+02:00,2277.50,15
4496,77,2025-01-23 10:10:51+02:00,4247.46,
4497,658,2025-11-03 12:20:25+02:00,2318.91,29
4498,928,2025-10-10 08:15:05+02:00,7553.62,
4499,373,2025-06-11 09:42:53+02:00,1237.09,
4500,608,2025-04-18 16:17:32+02:00,916.36,
4501,954,2025-08-22 10:00:40+02:00,2263.18,
4502,747,2025-10-12 04:05:04+02:00,1960.36,
4503,209,2025-05-14 00:26:38+02:00,1001.15,
4504,436,2025-09-02 09:30:55+02:00,861.99,26
4505,82,2025-07-14 19:51:45+02:00,564.38,
4506,793,2025-06-17 16:57:56+02:00,6094.94,
4507,692,2025-08-22 20:48:43+02:00,1166.72,23
4508,49,2025-03-07 02:55:59+02:00,3474.88,
4509,261,2025-09-21 07:15:28+02:00,850.94,19
4510,306,2025-07-30 04:53:06+02:00,1788.09,
4511,666,2025-05-11 23:15:53+02:00,1004.04,
4512,383,2025-04-14 03:37:09+02:00,14714.34,23
4513,499,2025-03-21 14:24:15+02:00,994.58,
4514,75,2025-09-15 23:54:29+02:00,8749.15,16
4515,807,2025-11-26 13:39:34+02:00,5027.96,22
4516,585,2025-08-10 01:20:56+02:00,799.09,23
4517,381,2025-10-16 09:53:19+02:00,1853.24,
4518,650,2025-11-21 11:22:53+02:00,1781.90,
4519,690,2025-06-20 02:48:01+02:00,1064.24,
4520,912,2025-03-05 22:14:51+02:00,1751.59,
4521,263,2025-03-02 04:55:17+02:00,10104.42,
4522,615,2025-06-30 12:55:37+02:00,16500.56,
4523,396,2025-03-05 23:48:28+02:00,38462.48,
4524,643,2025-04-23 04:08:04+02:00,965.00,12
4525,512,2025-04-14 15:45:31+02:00,2693.06,29
4526,133,2025-06-09 02:40:45+02:00,681.23,
4527,240,2025-02-25 09:30:49+02:00,769.36,
4528,62,2025-12-17 12:36:28+02:00,1274.43,20
4529,948,2025-07-15 08:15:07+02:00,2569.82,27
4530,732,2025-02-04 08:57:46+02:00,5313.26,
4531,700,2025-04-13 01:33:13+02:00,1487.43,
4532,843,2025-09-05 05:46:24+02:00,4071.42,12
4533,370,2025-06-09 22:53:28+02:00,22973.00,
4534,214,2025-06-09 02:56:16+02:00,3266.98,
4535,518,2025-09-11 05:14:12+02:00,9104.61,25
4536,326,2025-08-27 21:22:26+02:00,1051.06,
4537,594,2025-08-30 14:58:15+02:00,816.79,
4538,543,2025-09-10 22:46:57+02:00,3235.40,
4539,807,2025-06-22 17:07:30+02:00,2510.75,17
4540,725,2025-12-30 17:39:36+02:00,2004.26,
4541,629,2025-02-05 21:02:51+02:00,2590.99,
4542,720,2025-01-23 23:48:58+02:00,566.21,
4543,393,2025-01-16 00:14:42+02:00,1076.46,
4544,109,2025-09-10 11:05:49+02:00,849.74,
4545,698,2025-07-26 20:12:34+02:00,408.91,
4546,721,2025-07-28 21:43:50+02:00,15048.12,25
4547,454,2025-11-29 07:15:29+02:00,450.82,
4548,997,2025-02-15 02:57:21+02:00,915.96,
4549,455,2025-10-24 13:07:38+02:00,21614.81,
4550,169,2025-01-28 21:14:59+02:00,1178.78,
4551,365,2025-09-10 15:54:21+02:00,3904.35,28
4552,79,2025-09-08 12:16:41+02:00,1184.71,
4553,51,2025-10-04 13:57:55+02:00,1568.15,
4554,110,2025-10-25 21:42:56+02:00,15739.88,
4555,887,2025-03-04 18:55:07+02:00,1984.43,
4556,315,2025-07-21 12:49:39+02:00,980.75,30
4557,18,2025-05-16 22:02:12+02:00,1264.18,
4558,128,2025-05-29 03:08:01+02:00,450.65,20
4559,630,2025-08-01 21:17:46+02:00,805.50,30
4560,244,2025-09-22 06:12:39+02:00,2176.16,12
4561,908,2025-11-14 08:08:42+02:00,1642.31,
4562,158,2025-12-11 09:44:58+02:00,1375.35,
4563,908,2025-02-23 06:53:26+02:00,1638.75,
4564,579,2025-06-14 22:29:06+02:00,4174.61,
4565,655,2025-05-18 09:19:54+02:00,1147.82,
4566,756,2025-03-19 22:47:34+02:00,1266.91,
4567,553,2025-05-13 17:11:31+02:00,7066.77,
4568,94,2025-01-01 02:21:11+02:00,6875.78,
4569,246,2025-08-30 21:52:39+02:00,749.53,
4570,117,2025-07-11 04:59:54+02:00,275.27,
4571,211,2025-08-05 22:09:48+02:00,21907.95,20
4572,856,2025-05-09 19:47:22+02:00,2493.31,
4573,77,2025-08-19 01:32:00+02:00,1043.90,
4574,411,2025-06-11 09:10:23+02:00,3201.56,
4575,186,2025-12-17 10:03:43+02:00,703.87,
4576,660,2025-03-19 00:47:23+02:00,13073.48,
4577,90,2025-02-28 18:21:58+02:00,1704.03,
4578,519,2025-09-29 10:50:18+02:00,2979.27,
4579,521,2025-03-15 01:10:02+02:00,1123.37,
4580,34,2025-12-05 23:02:19+02:00,614.13,19
4581,233,2025-05-07 05:06:06+02:00,417.50,
4582,926,2025-05-03 16:56:41+02:00,2058.06,
4583,285,2025-02-16 13:01:02+02:00,1384.67,23
4584,733,2025-11-20 03:48:00+02:00,1199.17,24
4585,871,2025-03-07 01:09:13+02:00,15592.46,
4586,30,2025-08-24 05:07:13+02:00,7466.96,
4587,807,2025-03-10 17:09:33+02:00,15848.47,29
4588,203,2025-11-01 18:40:34+02:00,551.82,
4589,213,2025-09-04 06:23:44+02:00,2203.59,
4590,821,2025-03-15 07:35:10+02:00,1045.48,26
4591,67,2025-09-06 02:48:47+02:00,1647.52,
4592,388,2025-03-18 21:53:42+02:00,6336.26,
4593,122,2025-11-29 22:48:12+02:00,2080.60,
4594,382,2025-08-25 12:16:54+02:00,2073.74,
4595,80,2025-11-02 16:49:47+02:00,1541.36,12
4596,115,2025-10-21 02:22:38+02:00,1639.24,
4597,953,2025-04-29 18:21:39+02:00,3079.85,
4598,937,2025-07-01 07:08:47+02:00,2441.74,
4599,552,2025-03-28 00:42:04+02:00,1588.19,
4600,649,2025-06-16 03:03:19+02:00,943.42,18
4601,265,2025-12-22 11:16:40+02:00,386.50,11
4602,776,2025-02-14 17:33:59+02:00,4100.73,27
4603,613,2025-12-15 22:19:19+02:00,4581.13,
4604,677,2025-07-14 15:21:22+02:00,1230.19,29
4605,389,2025-08-09 04:45:01+02:00,1499.63,
4606,946,2025-09-26 10:05:08+02:00,1116.77,
4607,149,2025-01-26 19:41:14+02:00,2232.94,
4608,468,2025-06-03 14:56:44+02:00,3756.33,
4609,666,2025-02-28 06:42:14+02:00,5159.07,
4610,949,2025-12-07 20:56:37+02:00,3557.79,30
4611,910,2025-09-19 21:16:33+02:00,1801.81,
4612,19,2025-03-17 06:11:42+02:00,2567.57,
4613,58,2025-01-30 18:01:20+02:00,1442.20,
4614,43,2025-05-02 06:04:06+02:00,4374.04,
4615,273,2025-02-09 13:05:06+02:00,6359.22,
4616,455,2025-07-27 03:14:33+02:00,688.97,
4617,447,2025-01-31 05:36:56+02:00,4920.33,14
4618,232,2025-08-07 12:17:30+02:00,1027.18,21
4619,580,2025-02-15 08:05:23+02:00,556.97,
4620,48,2025-06-04 15:17:21+02:00,20537.97,
4621,959,2025-09-09 13:11:40+02:00,490.89,
4622,739,2025-03-13 08:42:01+02:00,1949.68,
4623,635,2025-02-09 00:14:01+02:00,672.72,
4624,300,2025-06-16 02:22:56+02:00,624.69,
4625,346,2025-07-31 20:22:48+02:00,3568.80,
4626,977,2025-06-28 02:28:44+02:00,5677.02,
4627,711,2025-08-26 01:01:28+02:00,6351.49,
4628,93,2025-08-12 17:59:53+02:00,986.93,
4629,991,2025-05-21 07:29:26+02:00,9833.68,
4630,900,2025-07-18 04:24:32+02:00,675.54,18
4631,526,2025-07-29 15:36:49+02:00,6851.22,
4632,502,2025-12-26 00:50:10+02:00,2927.60,
4633,9,2025-11-10 11:10:30+02:00,1078.65,
4634,166,2025-10-07 06:07:06+02:00,2001.24,
4635,287,2025-12-13 19:48:22+02:00,932.07,
4636,466,2025-10-23 19:06:19+02:00,526.87,27
4637,267,2025-01-24 19:37:03+02:00,1581.51,
4638,26,2025-02-22 14:30:18+02:00,253.58,
4639,770,2025-10-11 07:34:41+02:00,3115.17,
4640,382,2025-07-02 11:33:17+02:00,1539.80,
4641,586,2025-06-05 02:15:26+02:00,18464.92,
4642,576,2025-06-26 09:00:55+02:00,1771.85,
4643,293,2025-05-28 06:03:20+02:00,949.04,22
4644,202,2025-11-04 12:51:19+02:00,2888.76,
4645,729,2025-12-20 11:57:28+02:00,1100.47,26
4646,854,2025-04-13 08:35:17+02:00,2948.30,30
4647,1,2025-12-07 23:17:33+02:00,19826.35,
4648,143,2025-09-30 03:34:43+02:00,20489.28,
4649,657,2025-08-13 18:21:21+02:00,854.26,
4650,428,2025-03-28 23:14:33+02:00,14953.60,
4651,734,2025-01-18 20:12:46+02:00,3310.32,
4652,383,2025-02-15 01:17:04+02:00,1247.59,26
4653,206,2025-12-16 07:09:33+02:00,817.26,
4654,897,2025-06-02 11:12:22+02:00,1880.41,
4655,939,2025-04-01 00:55:25+02:00,4220.91,
4656,289,2025-12-12 17:48:55+02:00,1840.00,
4657,128,2025-12-02 16:15:00+02:00,773.17,
4658,95,2025-10-14 23:45:03+02:00,1237.57,24
4659,616,2025-05-12 18:13:29+02:00,1318.03,13
4660,229,2025-03-13 07:27:52+02:00,40231.76,
4661,614,2025-11-12 04:57:40+02:00,2497.83,
4662,49,2025-12-04 08:45:27+02:00,5865.52,
4663,456,2025-01-21 08:33:51+02:00,433.42,
4664,481,2025-03-31 07:21:23+02:00,3065.30,
4665,629,2025-01-29 20:51:47+02:00,1495.44,
4666,530,2025-08-01 15:42:33+02:00,2050.66,
4667,935,2025-04-10 13:36:15+02:00,13847.37,
4668,343,2025-08-09 13:34:49+02:00,831.40,22
4669,502,2025-10-16 12:32:34+02:00,451.52,20
4670,317,2025-05-08 05:07:36+02:00,2571.10,16
4671,348,2025-05-15 02:13:32+02:00,698.53,
4672,228,2025-01-17 03:36:03+02:00,636.91,25
4673,516,2025-04-09 22:48:34+02:00,14758.14,29
4674,271,2025-09-20 08:52:22+02:00,976.88,
4675,949,2025-01-25 02:49:26+02:00,3020.72,23
4676,585,2025-12-12 15:56:02+02:00,1156.68,
4677,709,2025-04-27 21:50:27+02:00,715.76,
4678,408,2025-03-09 22:26:26+02:00,2601.35,
4679,562,2025-07-12 20:51:43+02:00,2457.69,
4680,460,2025-01-27 07:12:31+02:00,1122.45,
4681,238,2025-11-04 20:59:04+02:00,950.49,
4682,762,2025-05-18 05:12:07+02:00,582.04,
4683,83,2025-08-30 17:16:45+02:00,1626.34,
4684,54,2025-01-21 09:09:39+02:00,509.43,
4685,423,2025-10-16 10:32:32+02:00,584.84,
4686,167,2025-06-21 12:06:41+02:00,1638.46,
4687,578,2025-01-16 16:32:08+02:00,998.31,
4688,278,2025-09-16 05:56:39+02:00,1316.24,15
4689,658,2025-05-21 15:08:37+02:00,940.91,24
4690,914,2025-06-10 01:30:16+02:00,2127.40,
4691,952,2025-05-16 01:33:45+02:00,798.48,
4692,166,2025-10-24 17:59:56+02:00,7867.08,
4693,101,2025-05-30 16:32:49+02:00,6694.99,
4694,748,2025-01-31 13:54:04+02:00,561.42,14
4695,570,2025-08-27 23:53:04+02:00,1017.81,13
4696,642,2025-08-05 18:28:05+02:00,398.49,
4697,727,2025-05-04 02:39:32+02:00,3890.28,
4698,88,2025-08-18 12:20:53+02:00,1597.23,
4699,232,2025-05-18 15:53:39+02:00,800.88,19
4700,337,2025-06-10 16:45:25+02:00,2243.05,
4701,959,2025-12-07 12:04:41+02:00,274.17,
4702,115,2025-04-07 15:52:47+02:00,2886.62,15
4703,911,2025-03-23 19:57:54+02:00,511.61,
4704,284,2025-11-20 07:23:37+02:00,6304.61,
4705,958,2025-12-19 04:28:04+02:00,1160.02,
4706,442,2025-10-11 11:12:47+02:00,1144.37,
4707,859,2025-01-09 00:31:57+02:00,603.18,16
4708,704,2025-07-17 10:56:54+02:00,786.37,
4709,518,2025-11-17 05:03:05+02:00,783.82,
4710,341,2025-10-02 02:14:50+02:00,686.02,27
4711,193,2025-01-03 03:20:23+02:00,2059.85,22
4712,686,2025-09-16 21:46:01+02:00,1598.66,
4713,255,2025-01-19 21:10:15+02:00,5238.58,
4714,636,2025-02-10 03:16:32+02:00,317.60,19
4715,422,2025-02-15 06:57:26+02:00,505.07,14
4716,684,2025-07-17 22:45:23+02:00,1419.37,
4717,769,2025-05-19 10:56:27+02:00,1959.08,
4718,888,2025-06-22 10:37:58+02:00,1036.49,12
4719,221,2025-11-03 19:46:16+02:00,704.14,
4720,871,2025-02-23 19:04:46+02:00,2564.85,
4721,577,2025-08-23 02:15:11+02:00,872.70,
4722,723,2025-11-08 09:47:13+02:00,787.25,
4723,485,2025-08-02 07:09:15+02:00,2723.64,
4724,671,2025-07-25 19:07:19+02:00,1821.72,
4725,87,2025-12-17 05:48:04+02:00,1421.87,17
4726,438,2025-09-30 06:02:09+02:00,4831.35,
4727,706,2025-05-16 09:03:24+02:00,1311.88,
4728,275,2025-06-23 21:50:55+02:00,3282.14,
4729,88,2025-10-17 20:35:48+02:00,1015.72,25
4730,221,2025-03-07 03:26:24+02:00,1296.39,
4731,23,2025-10-06 21:33:28+02:00,2025.30,12
4732,124,2025-09-09 05:06:55+02:00,2140.37,
4733,167,2025-12-14 01:38:56+02:00,5305.87,
4734,820,2025-12-14 12:44:08+02:00,2731.63,
4735,158,2025-10-29 00:16:27+02:00,2007.03,
4736,947,2025-04-02 03:52:02+02:00,1909.18,
4737,302,2025-01-12 01:38:16+02:00,15379.47,
4738,464,2025-11-24 18:50:57+02:00,725.68,
4739,44,2025-05-02 12:22:04+02:00,1161.64,
4740,76,2025-07-03 18:55:17+02:00,1232.00,
4741,267,2025-04-29 01:37:21+02:00,2230.34,
4742,157,2025-02-12 15:19:09+02:00,2558.09,
4743,884,2025-06-30 04:34:23+02:00,5139.26,
4744,522,2025-07-07 02:53:22+02:00,1408.41,
4745,239,2025-01-14 15:20:46+02:00,1378.71,
4746,904,2025-08-01 06:57:19+02:00,540.05,
4747,409,2025-10-04 12:09:03+02:00,911.36,
4748,289,2025-08-19 16:05:58+02:00,797.46,
4749,955,2025-11-18 03:35:08+02:00,1348.72,22
4750,600,2025-04-10 10:43:58+02:00,3734.28,
4751,140,2025-02-05 21:39:24+02:00,3749.96,
4752,173,2025-07-27 16:16:01+02:00,3605.18,15
4753,586,2025-01-18 16:25:12+02:00,2025.80,
4754,245,2025-09-08 13:27:28+02:00,2496.66,
4755,971,2025-01-28 22:01:49+02:00,2029.68,
4756,475,2025-01-19 09:14:07+02:00,20969.36,
4757,990,2025-12-18 11:20:59+02:00,841.70,30
4758,49,2025-04-17 17:33:55+02:00,943.77,28
4759,111,2025-02-14 16:16:42+02:00,2615.20,26
4760,394,2025-09-29 08:00:08+02:00,954.44,
4761,578,2025-10-26 02:06:26+02:00,792.92,
4762,810,2025-10-21 00:45:42+02:00,5900.65,
4763,346,2025-05-21 20:11:41+02:00,404.36,20
4764,484,2025-07-23 22:58:27+02:00,706.63,30
4765,598,2025-10-24 20:04:11+02:00,1521.85,30
4766,632,2025-12-15 01:18:24+02:00,1099.91,
4767,668,2025-12-15 22:13:44+02:00,1025.51,21
4768,129,2025-03-02 01:24:21+02:00,3053.22,12
4769,73,2025-12-29 01:37:39+02:00,1125.56,
4770,999,2025-03-23 14:53:01+02:00,883.92,
4771,333,2025-06-27 01:40:19+02:00,4442.38,30
4772,41,2025-08-19 11:11:50+02:00,1085.19,
4773,515,2025-03-09 09:49:00+02:00,3667.26,
4774,507,2025-12-30 21:43:04+02:00,2731.38,
4775,668,2025-05-24 16:30:04+02:00,4613.61,
4776,57,2025-10-11 15:46:37+02:00,2540.34,
4777,956,2025-12-03 21:50:49+02:00,2133.08,
4778,64,2025-06-24 03:56:40+02:00,709.74,27
4779,407,2025-11-30 09:54:03+02:00,2035.46,
4780,786,2025-11-25 14:10:22+02:00,7246.10,
4781,845,2025-02-01 21:37:50+02:00,2198.35,25
4782,754,2025-09-05 10:59:58+02:00,2035.47,
4783,637,2025-11-04 15:32:47+02:00,2127.36,
4784,421,2025-02-24 15:21:30+02:00,4453.85,26
4785,671,2025-04-03 22:00:27+02:00,398.13,
4786,505,2025-02-14 07:27:40+02:00,894.36,12
4787,500,2025-08-14 04:11:40+02:00,539.97,13
4788,989,2025-02-10 00:13:28+02:00,4593.73,
4789,998,2025-04-02 07:13:55+02:00,1022.76,
4790,706,2025-02-01 21:15:49+02:00,1013.27,12
4791,93,2025-09-05 22:55:00+02:00,867.41,11
4792,20,2025-02-24 07:08:20+02:00,1975.00,
4793,879,2025-04-30 02:13:00+02:00,1165.62,13
4794,725,2025-01-04 13:00:59+02:00,3996.85,
4795,413,2025-02-10 10:51:12+02:00,1085.96,25
4796,757,2025-01-01 01:30:11+02:00,1176.70,
4797,301,2025-04-29 14:07:00+02:00,779.62,
4798,582,2025-02-25 20:46:54+02:00,2033.59,
4799,829,2025-11-23 10:31:21+02:00,12315.77,22
4800,526,2025-03-23 11:39:29+02:00,840.13,
4801,289,2025-01-01 11:49:52+02:00,1887.17,23
4802,711,2025-10-20 20:13:07+02:00,6082.52,
4803,808,2025-01-14 21:51:35+02:00,3077.55,24
4804,441,2025-12-23 16:56:35+02:00,398.25,
4805,969,2025-02-04 06:28:12+02:00,3200.96,17
4806,516,2025-12-24 13:44:26+02:00,940.26,22
4807,377,2025-10-02 19:04:16+02:00,2438.68,
4808,664,2025-05-08 22:42:03+02:00,1479.65,
4809,572,2025-11-18 15:58:53+02:00,2127.46,
4810,720,2025-07-09 09:28:40+02:00,499.72,
4811,640,2025-11-19 04:29:34+02:00,1712.90,
4812,429,2025-06-03 23:38:29+02:00,1593.87,25
4813,803,2025-07-02 12:00:44+02:00,1101.91,
4814,501,2025-08-27 10:47:08+02:00,325.40,20
4815,53,2025-11-07 23:01:08+02:00,586.12,24
4816,897,2025-08-07 17:04:18+02:00,937.93,
4817,413,2025-12-11 04:18:35+02:00,16791.36,24
4818,63,2025-04-29 02:47:57+02:00,9400.84,
4819,425,2025-02-15 12:19:49+02:00,5174.29,
4820,448,2025-06-11 06:20:08+02:00,2454.53,
4821,474,2025-09-21 15:38:50+02:00,3557.60,22
4822,589,2025-10-12 18:14:49+02:00,3407.80,14
4823,696,2025-03-29 01:26:48+02:00,1022.38,19
4824,865,2025-10-09 04:11:21+02:00,968.34,
4825,316,2025-01-06 03:31:36+02:00,895.04,14
4826,217,2025-07-12 18:47:14+02:00,913.38,
4827,962,2025-04-26 10:20:10+02:00,713.70,
4828,987,2025-04-17 22:47:16+02:00,1129.80,
4829,556,2025-03-14 10:12:20+02:00,7352.96,
4830,405,2025-01-05 20:26:49+02:00,688.71,
4831,559,2025-01-01 14:33:07+02:00,1723.10,13
4832,248,2025-05-26 16:38:33+02:00,1693.57,
4833,81,2025-02-10 07:25:55+02:00,1473.14,
4834,311,2025-11-01 19:39:18+02:00,19588.10,
4835,648,2025-02-01 01:02:01+02:00,719.60,
4836,760,2025-08-10 02:55:14+02:00,6401.90,
4837,263,2025-04-12 17:26:34+02:00,313.15,23
4838,544,2025-12-21 16:17:20+02:00,1539.26,
4839,585,2025-04-10 10:47:03+02:00,482.37,
4840,756,2025-05-31 12:31:52+02:00,1785.09,29
4841,945,2025-02-02 11:17:48+02:00,828.81,13
4842,187,2025-11-01 08:53:14+02:00,2197.22,
4843,634,2025-02-12 23:00:21+02:00,884.81,
4844,704,2025-10-02 02:56:31+02:00,1711.96,12
4845,727,2025-12-25 09:56:00+02:00,1541.83,
4846,25,2025-06-04 13:11:14+02:00,1583.56,
4847,546,2025-07-05 09:32:17+02:00,2877.41,21
4848,140,2025-12-30 12:56:14+02:00,3317.82,
4849,939,2025-02-24 06:38:40+02:00,11773.14,
4850,565,2025-08-20 16:05:16+02:00,2544.40,
4851,921,2025-05-26 09:57:24+02:00,3131.50,
4852,524,2025-09-16 10:18:34+02:00,1344.05,
4853,110,2025-04-16 05:42:19+02:00,676.71,
4854,150,2025-06-03 17:53:11+02:00,1035.37,
4855,750,2025-12-12 17:55:27+02:00,756.19,
4856,763,2025-12-27 15:27:01+02:00,12499.94,21
4857,112,2025-03-23 15:49:17+02:00,376.27,
4858,283,2025-11-12 01:26:58+02:00,1158.50,
4859,466,2025-12-20 20:20:37+02:00,1850.39,
4860,35,2025-10-26 08:21:41+02:00,4883.77,14
4861,260,2025-09-11 11:30:45+02:00,3007.89,28
4862,740,2025-05-23 13:05:11+02:00,1911.50,22
4863,699,2025-01-13 17:12:21+02:00,778.80,
4864,660,2025-03-28 09:08:24+02:00,648.84,
4865,413,2025-11-01 16:50:09+02:00,7439.70,30
4866,308,2025-06-30 13:59:19+02:00,5316.16,
4867,921,2025-05-02 15:33:55+02:00,3336.78,
4868,618,2025-05-02 14:42:49+02:00,20583.48,
4869,84,2025-01-16 21:16:10+02:00,2498.25,27
4870,192,2025-02-01 23:59:27+02:00,2105.30,
4871,604,2025-02-26 10:55:19+02:00,2705.72,23
4872,206,2025-08-10 02:20:09+02:00,1322.40,
4873,162,2025-05-06 16:08:14+02:00,6708.76,
4874,666,2025-07-23 03:21:16+02:00,302.09,25
4875,126,2025-12-17 09:15:04+02:00,2172.92,
4876,881,2025-07-14 03:11:59+02:00,2189.68,22
4877,164,2025-03-30 20:47:14+02:00,1440.27,
4878,699,2025-09-29 14:14:17+02:00,21327.48,
4879,885,2025-04-10 20:19:35+02:00,39202.19,
4880,927,2025-03-06 14:27:37+02:00,38963.71,
4881,830,2025-09-08 03:23:35+02:00,2087.88,
4882,518,2025-11-13 07:39:38+02:00,3415.48,
4883,35,2025-05-26 05:35:42+02:00,566.88,
4884,378,2025-01-19 20:00:53+02:00,496.97,
4885,59,2025-01-24 03:14:47+02:00,10616.07,
4886,940,2025-11-06 09:07:54+02:00,1163.01,
4887,605,2025-03-17 18:55:38+02:00,1101.75,21
4888,757,2025-11-09 01:24:41+02:00,7902.52,
4889,31,2025-12-30 12:45:01+02:00,589.65,
4890,213,2025-02-25 03:44:04+02:00,2003.27,13
4891,180,2025-04-21 11:20:17+02:00,2336.94,
4892,560,2025-02-18 02:04:12+02:00,4328.18,
4893,501,2025-07-07 03:51:14+02:00,807.60,
4894,983,2025-07-06 01:06:16+02:00,3152.10,20
4895,208,2025-05-18 03:56:32+02:00,730.63,14
4896,585,2025-11-22 00:45:53+02:00,2589.29,
4897,763,2025-04-04 22:34:34+02:00,14816.29,
4898,607,2025-10-13 12:39:23+02:00,1734.98,
4899,388,2025-03-29 12:18:02+02:00,296.45,24
4900,736,2025-04-30 15:20:25+02:00,16245.96,15
4901,773,2025-02-11 22:25:55+02:00,571.02,
4902,146,2025-11-20 22:37:31+02:00,10500.23,
4903,660,2025-11-18 06:40:49+02:00,1856.70,
4904,96,2025-10-11 22:26:05+02:00,3038.47,
4905,618,2025-03-26 00:20:59+02:00,586.25,
4906,502,2025-12-25 09:44:43+02:00,2012.37,
4907,585,2025-11-07 08:00:24+02:00,224.29,28
4908,553,2025-07-01 23:51:01+02:00,359.06,
4909,838,2025-02-27 07:02:47+02:00,884.22,15
4910,108,2025-05-31 20:26:59+02:00,935.04,
4911,789,2025-08-28 07:33:56+02:00,692.46,13
4912,624,2025-05-01 03:02:47+02:00,4544.17,
4913,595,2025-04-06 19:09:37+02:00,1467.09,
4914,585,2025-12-28 02:01:17+02:00,723.75,
4915,393,2025-05-30 05:37:08+02:00,726.33,
4916,934,2025-09-12 19:29:20+02:00,724.40,11
4917,52,2025-02-09 02:23:08+02:00,804.42,
4918,327,2025-04-27 01:19:31+02:00,1150.15,21
4919,646,2025-09-11 19:09:56+02:00,657.56,
4920,452,2025-07-18 04:43:17+02:00,603.70,
4921,651,2025-05-26 03:01:18+02:00,1965.93,
4922,856,2025-10-13 02:07:33+02:00,22760.57,21
4923,271,2025-09-28 11:19:40+02:00,1076.86,
4924,337,2025-11-16 17:00:23+02:00,748.95,
4925,191,2025-01-07 02:43:31+02:00,22098.13,
4926,635,2025-09-02 17:45:02+02:00,548.70,
4927,173,2025-08-15 03:15:27+02:00,1224.81,
4928,866,2025-09-03 06:41:30+02:00,1291.57,
4929,438,2025-12-10 09:26:59+02:00,1133.83,
4930,675,2025-12-01 16:33:07+02:00,492.25,18
4931,757,2025-05-16 09:43:04+02:00,727.64,26
4932,723,2025-05-29 12:55:32+02:00,998.26,
4933,5,2025-08-07 12:51:18+02:00,729.61,
4934,39,2025-03-09 07:41:30+02:00,720.43,
4935,691,2025-06-23 01:36:45+02:00,29851.44,
4936,521,2025-08-08 06:51:13+02:00,1973.23,
4937,531,2025-11-01 12:24:32+02:00,2870.29,
4938,453,2025-05-10 03:43:41+02:00,1940.92,
4939,364,2025-08-07 14:40:46+02:00,1396.04,
4940,661,2025-11-07 05:42:19+02:00,1447.19,
4941,809,2025-11-26 16:26:17+02:00,2680.12,
4942,560,2025-05-17 17:30:42+02:00,640.22,
4943,489,2025-01-16 01:39:46+02:00,2864.82,17
4944,289,2025-04-09 18:22:34+02:00,492.44,20
4945,600,2025-09-21 04:23:58+02:00,4270.79,26
4946,348,2025-07-16 13:00:25+02:00,885.82,24
4947,779,2025-02-21 21:11:17+02:00,465.44,
4948,977,2025-12-23 06:12:49+02:00,6284.98,
4949,207,2025-11-21 00:52:04+02:00,1152.64,
4950,13,2025-08-11 09:13:53+02:00,4929.76,
4951,19,2025-10-02 17:22:06+02:00,1922.67,27
4952,117,2025-04-04 05:04:17+02:00,872.64,26
4953,293,2025-04-28 18:54:08+02:00,3180.14,27
4954,255,2025-11-30 20:56:32+02:00,22348.03,
4955,934,2025-09-06 11:32:40+02:00,4180.29,
4956,65,2025-09-19 00:56:12+02:00,516.09,
4957,296,2025-09-11 08:31:06+02:00,709.68,
4958,991,2025-07-11 22:36:15+02:00,2012.96,25
4959,553,2025-08-09 14:06:28+02:00,324.86,
4960,510,2025-10-26 00:22:23+02:00,2554.15,26
4961,207,2025-09-10 08:58:10+02:00,29357.40,
4962,526,2025-10-26 05:28:32+02:00,1224.86,
4963,216,2025-07-29 20:05:51+02:00,2999.17,30
4964,424,2025-09-01 22:34:00+02:00,653.12,
4965,374,2025-01-09 10:47:54+02:00,2557.62,16
4966,895,2025-10-01 08:30:06+02:00,614.87,20
4967,494,2025-11-09 04:59:53+02:00,1305.68,
4968,965,2025-05-11 05:38:12+02:00,5233.74,
4969,896,2025-05-24 20:20:50+02:00,1163.64,
4970,119,2025-02-01 07:39:08+02:00,2282.53,
4971,361,2025-11-30 22:23:03+02:00,1117.25,17
4972,712,2025-10-17 14:44:42+02:00,1481.02,
4973,593,2025-12-18 08:56:16+02:00,1442.67,
4974,807,2025-08-11 18:51:30+02:00,19996.64,
4975,37,2025-02-13 10:39:42+02:00,404.71,19
4976,58,2025-02-04 20:00:29+02:00,1121.18,
4977,644,2025-03-01 05:47:04+02:00,1347.20,
4978,350,2025-11-17 21:39:10+02:00,4690.76,
4979,169,2025-07-29 08:44:35+02:00,1132.96,
4980,987,2025-03-10 23:17:42+02:00,398.34,
4981,586,2025-06-22 23:33:29+02:00,2656.21,
4982,187,2025-11-07 20:21:49+02:00,978.49,28
4983,72,2025-11-12 14:06:25+02:00,1388.22,14
4984,707,2025-03-21 20:52:43+02:00,1291.45,16
4985,330,2025-05-06 10:50:37+02:00,1120.14,
4986,901,2025-01-18 04:54:05+02:00,12537.97,
4987,151,2025-07-25 18:29:35+02:00,1432.98,11
4988,724,2025-08-25 05:53:27+02:00,10126.99,27
4989,279,2025-09-04 19:50:28+02:00,2571.33,
4990,646,2025-09-21 10:12:03+02:00,1051.08,
4991,756,2025-07-01 08:26:45+02:00,8140.77,
4992,266,2025-01-10 06:59:28+02:00,675.76,
4993,908,2025-07-25 13:56:00+02:00,4512.28,
4994,57,2025-07-08 12:39:55+02:00,865.05,30
4995,385,2025-08-20 02:04:36+02:00,645.02,
4996,394,2025-08-02 13:28:34+02:00,1409.72,
4997,665,2025-11-21 01:27:25+02:00,659.24,
4998,991,2025-11-10 17:59:52+02:00,817.22,
4999,952,2025-01-19 05:37:16+02:00,1161.57,
5000,493,2025-09-21 14:26:27+02:00,12091.19,19
5001,392,2025-09-03 04:07:05+02:00,792.80,
5002,432,2025-12-15 08:54:24+02:00,2752.88,
5003,538,2025-11-08 05:08:55+02:00,5787.64,
5004,66,2025-08-11 07:38:32+02:00,958.39,
5005,785,2025-08-30 07:17:20+02:00,374.93,24
5006,689,2025-03-24 08:18:33+02:00,1500.07,
5007,722,2025-09-04 01:25:16+02:00,2798.29,
5008,279,2025-04-15 00:37:05+02:00,952.57,
5009,432,2025-07-03 09:41:10+02:00,725.06,
5010,898,2025-08-26 13:54:10+02:00,690.05,
5011,849,2025-10-02 13:04:29+02:00,1308.11,22
5012,380,2025-07-31 01:49:17+02:00,1651.16,
5013,114,2025-12-10 12:49:58+02:00,1106.89,
5014,885,2025-05-08 14:52:43+02:00,2553.58,
5015,253,2025-10-13 12:17:48+02:00,6155.16,20
5016,558,2025-09-03 01:10:51+02:00,4189.84,
5017,147,2025-06-09 19:27:36+02:00,387.73,
5018,370,2025-06-28 02:00:09+02:00,4673.80,
5019,63,2025-08-24 05:40:42+02:00,1191.81,
5020,95,2025-12-24 11:19:19+02:00,1160.24,
5021,73,2025-03-12 07:00:15+02:00,1301.57,23
5022,181,2025-05-31 08:07:04+02:00,2367.81,
5023,514,2025-04-24 12:40:31+02:00,478.18,27
5024,939,2025-08-02 23:14:46+02:00,6992.99,21
5025,745,2025-02-18 19:08:54+02:00,182.51,
5026,291,2025-09-02 10:22:32+02:00,2163.11,
5027,121,2025-11-14 06:54:41+02:00,656.38,17
5028,585,2025-10-30 05:18:49+02:00,2420.88,
5029,102,2025-08-03 11:35:16+02:00,1630.00,
5030,293,2025-07-15 00:30:44+02:00,2712.26,
5031,915,2025-08-28 07:11:35+02:00,783.05,
5032,313,2025-11-01 17:56:30+02:00,878.07,
5033,810,2025-06-15 10:30:21+02:00,4309.79,
5034,47,2025-01-26 01:29:55+02:00,1403.44,
5035,690,2025-12-10 22:23:25+02:00,655.02,
5036,595,2025-02-07 18:37:39+02:00,2513.88,
5037,345,2025-09-03 09:08:45+02:00,1530.94,
5038,820,2025-03-15 23:20:43+02:00,704.13,
5039,214,2025-05-30 02:59:15+02:00,186.29,28
5040,21,2025-02-23 08:23:30+02:00,834.42,
5041,355,2025-06-10 13:55:46+02:00,16750.76,13
5042,873,2025-08-11 22:48:36+02:00,2207.74,
5043,716,2025-09-18 06:16:56+02:00,7032.95,
5044,751,2025-01-24 13:01:27+02:00,6917.15,
5045,742,2025-03-08 21:29:39+02:00,10186.01,
5046,218,2025-02-28 13:36:33+02:00,3856.54,
5047,886,2025-08-20 20:23:55+02:00,1694.48,
5048,696,2025-06-13 22:33:03+02:00,1032.63,
5049,979,2025-01-16 08:50:20+02:00,1310.16,11
5050,623,2025-02-05 08:08:34+02:00,7882.74,20
5051,437,2025-12-13 04:44:19+02:00,2092.78,13
5052,781,2025-05-03 05:40:35+02:00,363.60,
5053,713,2025-07-14 23:07:38+02:00,20546.44,
5054,17,2025-10-23 08:20:22+02:00,14680.08,
5055,672,2025-09-22 19:53:40+02:00,29866.01,25
5056,557,2025-11-07 17:42:50+02:00,33006.94,
5057,296,2025-03-01 01:22:46+02:00,1184.71,
5058,205,2025-09-18 14:05:09+02:00,1133.36,19
5059,175,2025-09-04 02:51:46+02:00,4813.84,25
5060,886,2025-01-30 00:02:16+02:00,3309.75,
5061,116,2025-01-19 16:24:01+02:00,669.21,26
5062,643,2025-10-10 22:39:53+02:00,717.16,
5063,16,2025-05-17 01:17:20+02:00,21560.80,
5064,909,2025-04-22 09:19:58+02:00,1632.16,
5065,951,2025-02-24 15:52:03+02:00,602.00,27
5066,843,2025-01-29 00:49:55+02:00,2659.98,26
5067,310,2025-11-19 14:24:47+02:00,1654.36,
5068,651,2025-07-15 03:16:07+02:00,1229.59,
5069,633,2025-12-07 23:52:39+02:00,1948.26,
5070,23,2025-12-12 07:02:35+02:00,1036.39,
5071,672,2025-02-27 19:05:17+02:00,1720.67,
5072,183,2025-03-05 00:30:10+02:00,641.68,
5073,593,2025-05-26 04:45:24+02:00,1133.42,
5074,514,2025-07-31 13:08:26+02:00,737.51,
5075,25,2025-08-05 11:03:54+02:00,740.88,
5076,785,2025-02-23 22:54:14+02:00,1841.82,12
5077,975,2025-09-09 01:54:23+02:00,941.12,
5078,784,2025-03-12 17:36:12+02:00,3215.15,
5079,716,2025-08-07 05:34:22+02:00,5231.71,
5080,522,2025-09-29 05:25:48+02:00,774.28,
5081,158,2025-07-28 09:17:18+02:00,935.19,
5082,227,2025-04-06 02:27:35+02:00,841.62,16
5083,455,2025-09-05 23:12:42+02:00,733.87,
5084,320,2025-10-24 22:30:10+02:00,1584.49,
5085,866,2025-02-22 12:15:14+02:00,20987.33,
5086,582,2025-04-16 13:50:09+02:00,1130.37,
5087,819,2025-08-07 05:07:10+02:00,1826.45,
5088,646,2025-04-15 10:50:54+02:00,493.54,
5089,847,2025-11-17 10:17:31+02:00,1091.23,
5090,148,2025-12-04 10:49:12+02:00,784.05,
5091,928,2025-11-22 09:29:25+02:00,3532.30,12
5092,463,2025-01-08 09:00:26+02:00,2203.35,
5093,32,2025-09-27 10:36:02+02:00,11664.46,
5094,636,2025-08-05 03:04:46+02:00,1466.88,29
5095,799,2025-03-15 07:01:55+02:00,934.52,
5096,367,2025-04-09 16:13:49+02:00,1895.11,13
5097,968,2025-11-16 10:44:31+02:00,9309.00,30
5098,684,2025-05-31 11:51:13+02:00,602.05,
5099,147,2025-04-13 15:33:32+02:00,719.74,30
5100,721,2025-01-24 00:32:08+02:00,1817.12,25
5101,993,2025-09-01 19:14:18+02:00,18654.74,30
5102,599,2025-03-14 09:06:05+02:00,1047.13,
5103,993,2025-01-01 20:32:28+02:00,18182.19,
5104,363,2025-04-05 19:39:12+02:00,1543.46,14
5105,772,2025-06-03 15:27:33+02:00,2728.02,24
5106,928,2025-07-03 16:26:11+02:00,1482.01,
5107,222,2025-03-03 05:47:59+02:00,546.20,
5108,826,2025-10-15 23:22:44+02:00,2382.40,
5109,630,2025-11-06 02:30:51+02:00,25505.73,23
5110,419,2025-04-01 08:04:21+02:00,1382.51,
5111,506,2025-08-13 03:38:58+02:00,5937.04,
5112,480,2025-05-02 09:28:15+02:00,727.24,
5113,813,2025-11-01 23:17:22+02:00,905.99,
5114,518,2025-10-29 18:56:06+02:00,1940.30,
5115,619,2025-05-18 23:18:29+02:00,10795.36,23
5116,244,2025-07-19 00:48:50+02:00,7797.54,
5117,513,2025-08-22 01:33:11+02:00,2416.79,
5118,412,2025-07-30 09:09:02+02:00,782.55,
5119,20,2025-05-02 14:16:30+02:00,766.94,
5120,605,2025-02-13 11:38:40+02:00,1284.00,30
5121,571,2025-06-27 19:34:44+02:00,2628.48,
5122,167,2025-04-01 03:13:32+02:00,736.33,
5123,660,2025-02-20 20:26:21+02:00,972.76,17
5124,921,2025-03-17 21:50:30+02:00,11956.79,20
5125,271,2025-02-11 21:05:58+02:00,948.09,
5126,142,2025-03-03 14:04:55+02:00,1331.98,18
5127,747,2025-01-01 19:08:16+02:00,14632.71,
5128,410,2025-07-19 16:44:54+02:00,930.40,
5129,187,2025-07-01 04:24:21+02:00,818.98,
5130,99,2025-08-20 05:35:00+02:00,1592.37,
5131,912,2025-01-30 05:58:43+02:00,2931.38,13
5132,418,2025-08-30 06:56:52+02:00,655.66,16
5133,366,2025-01-12 17:14:57+02:00,370.46,23
5134,146,2025-02-08 21:31:19+02:00,997.06,
5135,5,2025-01-19 08:15:08+02:00,635.17,23
5136,70,2025-02-26 01:02:46+02:00,979.43,
5137,337,2025-11-30 22:59:41+02:00,1211.72,
5138,50,2025-12-29 21:18:47+02:00,1009.59,
5139,722,2025-05-13 18:09:44+02:00,666.13,
5140,59,2025-10-31 09:05:53+02:00,4440.87,19
5141,33,2025-04-16 03:59:44+02:00,1964.84,
5142,673,2025-07-31 17:55:00+02:00,8417.16,
5143,699,2025-03-20 04:36:55+02:00,6333.47,
5144,975,2025-02-09 18:48:50+02:00,873.56,15
5145,471,2025-02-10 02:48:11+02:00,1147.29,17
5146,786,2025-06-01 07:14:45+02:00,1928.33,
5147,855,2025-12-28 16:01:01+02:00,1241.57,29
5148,449,2025-04-18 01:04:27+02:00,2866.74,
5149,690,2025-09-12 18:44:11+02:00,843.33,
5150,660,2025-11-09 02:47:16+02:00,758.50,13
5151,915,2025-02-23 03:19:42+02:00,4712.21,
5152,598,2025-09-06 03:11:20+02:00,2476.06,
5153,523,2025-11-13 13:38:35+02:00,2264.02,
5154,846,2025-05-27 12:49:35+02:00,2411.53,
5155,921,2025-06-10 23:28:26+02:00,503.90,29
5156,265,2025-07-12 20:35:31+02:00,560.83,
5157,210,2025-06-19 09:01:16+02:00,421.44,
5158,50,2025-05-02 19:15:11+02:00,4335.73,
5159,348,2025-11-15 05:08:47+02:00,2219.76,
5160,508,2025-09-05 03:35:12+02:00,10005.38,
5161,354,2025-05-25 07:25:18+02:00,21292.25,
5162,106,2025-11-19 00:57:22+02:00,1071.88,
5163,423,2025-12-31 01:11:54+02:00,1421.12,15
5164,20,2025-05-20 03:56:49+02:00,2471.20,
5165,525,2025-01-14 19:59:31+02:00,2969.26,
5166,873,2025-07-11 06:01:31+02:00,2175.94,
5167,864,2025-07-17 00:14:21+02:00,338.95,
5168,730,2025-07-06 01:25:34+02:00,937.87,
5169,97,2025-12-08 22:57:28+02:00,617.76,
5170,23,2025-04-20 05:13:23+02:00,853.32,
5171,787,2025-03-26 11:25:35+02:00,21078.56,
5172,195,2025-10-16 13:10:33+02:00,708.01,
5173,724,2025-08-23 13:19:55+02:00,983.44,
5174,907,2025-11-29 22:46:12+02:00,826.68,21
5175,402,2025-02-02 03:24:09+02:00,21447.18,
5176,371,2025-02-24 17:49:10+02:00,519.19,
5177,511,2025-09-13 03:56:47+02:00,1357.54,26
5178,395,2025-10-24 08:59:23+02:00,808.83,13
5179,393,2025-07-30 23:21:28+02:00,924.72,11
5180,433,2025-07-09 03:28:16+02:00,24828.55,26
5181,10,2025-12-15 04:54:47+02:00,511.28,15
5182,395,2025-05-26 17:43:25+02:00,1661.98,
5183,792,2025-11-09 00:20:35+02:00,2303.38,
5184,475,2025-03-20 01:42:37+02:00,1953.06,
5185,781,2025-09-20 05:33:39+02:00,1266.87,
5186,535,2025-09-09 22:08:01+02:00,7342.69,
5187,893,2025-01-20 20:56:18+02:00,1648.43,
5188,618,2025-03-20 12:55:43+02:00,1685.02,25
5189,874,2025-03-30 13:03:06+02:00,5451.97,14
5190,358,2025-05-20 04:40:58+02:00,1496.63,
5191,464,2025-10-02 22:01:22+02:00,1153.35,
5192,70,2025-02-23 04:24:24+02:00,337.06,16
5193,723,2025-07-10 11:09:40+02:00,4049.46,
5194,273,2025-03-04 06:09:50+02:00,2544.25,
5195,223,2025-06-17 19:18:00+02:00,1088.97,
5196,341,2025-03-18 19:22:37+02:00,1577.07,
5197,700,2025-09-27 21:09:46+02:00,1459.26,
5198,755,2025-09-18 12:42:47+02:00,1516.33,
5199,727,2025-03-12 17:55:58+02:00,720.13,
5200,343,2025-03-11 13:20:07+02:00,708.97,
5201,671,2025-12-21 17:55:55+02:00,298.96,
5202,208,2025-06-05 20:00:02+02:00,3138.93,
5203,576,2025-12-12 03:02:25+02:00,29093.88,
5204,396,2025-04-10 10:19:56+02:00,1353.46,
5205,781,2025-07-23 14:21:58+02:00,1046.02,29
5206,777,2025-02-07 15:37:51+02:00,7823.42,
5207,475,2025-06-17 12:04:47+02:00,4124.66,14
5208,184,2025-02-10 20:48:03+02:00,3235.49,
5209,724,2025-01-29 11:35:44+02:00,970.84,14
5210,92,2025-05-01 00:16:16+02:00,621.50,
5211,419,2025-01-21 04:53:34+02:00,16767.07,
5212,577,2025-06-16 20:20:48+02:00,406.50,30
5213,562,2025-02-18 05:41:01+02:00,3820.12,
5214,693,2025-10-23 10:25:26+02:00,791.17,
5215,576,2025-11-15 13:08:11+02:00,1512.26,19
5216,541,2025-03-16 13:22:47+02:00,2349.31,
5217,880,2025-03-05 15:25:54+02:00,804.23,11
5218,141,2025-10-18 21:21:27+02:00,5339.54,
5219,825,2025-11-09 06:02:21+02:00,680.55,15
5220,205,2025-01-06 13:23:33+02:00,993.95,
5221,904,2025-04-15 05:31:42+02:00,15567.65,
5222,156,2025-08-24 10:44:00+02:00,18285.61,
5223,242,2025-06-06 10:04:25+02:00,751.78,
5224,150,2025-07-30 10:54:12+02:00,1066.42,
5225,698,2025-08-20 08:21:19+02:00,3024.66,
5226,832,2025-11-25 00:03:08+02:00,749.79,
5227,91,2025-08-05 03:40:54+02:00,4336.74,18
5228,393,2025-09-30 01:09:10+02:00,2075.33,
5229,53,2025-05-24 22:51:39+02:00,3425.80,
5230,803,2025-08-16 19:54:25+02:00,3188.01,
5231,742,2025-05-05 07:03:43+02:00,1816.02,
5232,549,2025-03-20 00:50:17+02:00,960.72,
5233,795,2025-08-26 15:36:44+02:00,2140.70,29
5234,917,2025-11-06 03:48:32+02:00,1662.89,
5235,774,2025-07-01 12:14:12+02:00,2119.61,
5236,236,2025-08-30 23:21:31+02:00,2405.95,
5237,777,2025-03-24 12:09:04+02:00,3985.97,
5238,14,2025-04-15 02:56:13+02:00,1205.64,
5239,453,2025-09-10 11:23:14+02:00,1840.60,20
5240,74,2025-12-07 23:07:30+02:00,1612.80,
5241,207,2025-04-13 08:22:32+02:00,1522.40,
5242,835,2025-07-08 05:25:28+02:00,17821.72,
5243,209,2025-11-13 23:18:20+02:00,1005.69,
5244,738,2025-12-26 19:49:35+02:00,876.00,
5245,64,2025-12-15 19:45:25+02:00,967.43,
5246,474,2025-05-12 11:59:52+02:00,4939.74,
5247,536,2025-08-03 11:20:54+02:00,1748.86,
5248,262,2025-06-17 06:59:40+02:00,2741.88,
5249,789,2025-04-08 03:54:18+02:00,723.31,
5250,268,2025-05-23 20:27:40+02:00,550.50,
5251,617,2025-12-10 00:36:58+02:00,5536.74,
5252,386,2025-02-16 17:09:59+02:00,4089.96,
5253,120,2025-02-27 13:52:52+02:00,1014.38,
5254,588,2025-04-04 17:01:23+02:00,291.13,17
5255,997,2025-08-25 18:58:51+02:00,1220.33,20
5256,227,2025-08-30 14:35:15+02:00,1264.79,28
5257,9,2025-10-11 04:45:36+02:00,2347.14,12
5258,117,2025-08-09 05:43:03+02:00,3286.21,24
5259,678,2025-03-08 03:50:53+02:00,782.11,16
5260,916,2025-07-08 12:16:48+02:00,1040.15,
5261,903,2025-06-30 04:20:12+02:00,1414.66,29
5262,900,2025-08-24 12:43:26+02:00,600.50,14
5263,994,2025-01-18 01:05:13+02:00,1364.84,
5264,49,2025-07-21 14:20:48+02:00,954.71,
5265,754,2025-06-23 19:47:21+02:00,12395.18,
5266,514,2025-11-29 05:43:35+02:00,366.05,
5267,916,2025-03-03 11:12:40+02:00,2316.86,27
5268,965,2025-06-10 08:16:21+02:00,8418.86,
5269,368,2025-08-16 09:53:07+02:00,5384.22,
5270,678,2025-02-01 10:57:49+02:00,1746.34,15
5271,761,2025-07-03 14:14:27+02:00,1735.25,28
5272,270,2025-01-12 06:43:49+02:00,1847.68,
5273,791,2025-01-31 03:37:11+02:00,1320.20,
5274,645,2025-10-20 09:51:30+02:00,15512.49,23
5275,812,2025-07-28 11:08:59+02:00,1168.38,
5276,707,2025-03-07 21:50:43+02:00,476.88,22
5277,974,2025-11-12 13:02:06+02:00,3767.52,
5278,339,2025-01-08 22:20:39+02:00,1677.69,11
5279,117,2025-07-08 17:28:04+02:00,2177.95,
5280,66,2025-10-14 01:34:56+02:00,1776.99,
5281,866,2025-02-11 14:28:01+02:00,2498.46,
5282,997,2025-01-20 23:31:52+02:00,1960.32,
5283,47,2025-03-20 18:15:44+02:00,4765.14,
5284,825,2025-10-27 06:15:56+02:00,463.08,28
5285,953,2025-10-12 19:18:58+02:00,2239.60,
5286,88,2025-08-22 17:09:28+02:00,880.95,
5287,600,2025-04-19 07:42:34+02:00,1324.57,27
5288,449,2025-11-03 12:03:28+02:00,3031.86,
5289,459,2025-07-28 07:03:00+02:00,5777.76,
5290,894,2025-01-23 12:21:20+02:00,771.56,
5291,957,2025-11-23 07:26:11+02:00,277.85,
5292,44,2025-10-18 08:58:45+02:00,4301.03,
5293,925,2025-05-29 15:40:01+02:00,4248.29,
5294,139,2025-12-08 03:21:51+02:00,1920.91,
5295,431,2025-12-05 01:55:09+02:00,3004.89,
5296,929,2025-03-07 14:24:59+02:00,4382.25,
5297,189,2025-08-23 02:24:49+02:00,1192.78,
5298,570,2025-10-25 15:38:12+02:00,19137.60,18
5299,108,2025-05-27 06:19:57+02:00,2367.15,19
5300,499,2025-08-10 08:13:24+02:00,769.85,
5301,974,2025-01-02 03:42:36+02:00,2941.85,24
5302,924,2025-02-02 16:15:26+02:00,3677.01,
5303,188,2025-05-08 09:41:18+02:00,1170.81,
5304,942,2025-12-04 19:07:15+02:00,1058.86,
5305,837,2025-11-20 11:22:21+02:00,859.90,
5306,968,2025-02-15 21:18:41+02:00,737.83,30
5307,324,2025-12-12 03:56:16+02:00,1989.23,23
5308,951,2025-04-07 17:48:34+02:00,7134.77,
5309,528,2025-10-23 14:19:34+02:00,356.57,
5310,738,2025-11-26 08:05:40+02:00,680.42,23
5311,555,2025-09-23 07:04:07+02:00,925.10,
5312,766,2025-06-11 22:16:42+02:00,1483.54,
5313,529,2025-07-12 07:54:25+02:00,2038.88,
5314,225,2025-02-01 01:12:43+02:00,2300.59,
5315,75,2025-01-22 12:23:17+02:00,9868.34,13
5316,777,2025-07-28 13:50:07+02:00,1252.85,
5317,917,2025-10-31 10:03:43+02:00,753.10,
5318,834,2025-09-18 15:24:36+02:00,4115.79,
5319,320,2025-08-25 03:21:33+02:00,5809.63,14
5320,243,2025-08-22 22:21:54+02:00,1127.19,22
5321,55,2025-09-11 03:05:34+02:00,538.99,17
5322,585,2025-09-08 03:08:02+02:00,2369.26,
5323,399,2025-01-04 10:18:31+02:00,678.51,
5324,131,2025-03-05 08:59:14+02:00,1529.51,
5325,957,2025-05-17 02:44:10+02:00,1015.19,
5326,862,2025-02-10 02:17:18+02:00,2278.15,
5327,192,2025-05-31 15:30:20+02:00,881.06,
5328,355,2025-03-25 16:50:23+02:00,1619.23,
5329,352,2025-02-17 07:49:12+02:00,1160.90,
5330,47,2025-03-04 05:01:37+02:00,2766.86,
5331,273,2025-12-27 00:10:46+02:00,814.46,
5332,305,2025-12-16 11:44:52+02:00,1492.13,
5333,993,2025-02-10 09:19:11+02:00,1180.44,
5334,795,2025-04-27 11:59:45+02:00,1769.38,
5335,343,2025-05-23 08:45:29+02:00,3273.23,22
5336,651,2025-11-30 04:49:27+02:00,6127.34,17
5337,53,2025-03-29 14:53:23+02:00,7435.67,
5338,68,2025-01-11 23:20:47+02:00,801.39,14
5339,530,2025-05-12 16:51:52+02:00,356.78,19
5340,949,2025-08-03 03:51:15+02:00,920.49,
5341,85,2025-10-08 07:54:49+02:00,341.28,
5342,66,2025-10-14 11:07:36+02:00,1540.67,28
5343,384,2025-02-24 22:47:13+02:00,3967.13,
5344,949,2025-05-27 01:55:43+02:00,2052.34,
5345,546,2025-03-23 02:23:09+02:00,1205.08,22
5346,452,2025-08-26 17:32:32+02:00,24987.88,26
5347,839,2025-03-27 03:57:11+02:00,208.15,
5348,699,2025-10-06 18:21:17+02:00,1736.88,
5349,182,2025-06-07 11:35:27+02:00,669.87,
5350,747,2025-02-13 01:37:22+02:00,666.31,
5351,322,2025-10-28 01:16:35+02:00,3168.42,
5352,213,2025-12-31 10:39:07+02:00,1453.92,
5353,921,2025-03-14 06:53:00+02:00,2007.27,27
5354,284,2025-07-19 08:12:36+02:00,1097.00,
5355,444,2025-08-02 12:38:29+02:00,3175.65,26
5356,588,2025-10-19 12:27:25+02:00,622.09,
5357,905,2025-10-06 08:37:45+02:00,550.92,22
5358,562,2025-06-23 16:25:05+02:00,631.55,
5359,964,2025-07-14 22:15:01+02:00,1236.30,
5360,538,2025-09-16 04:15:19+02:00,738.26,
5361,19,2025-12-29 16:55:53+02:00,2447.27,
5362,249,2025-06-12 12:48:17+02:00,2444.09,
5363,112,2025-10-20 14:30:18+02:00,2214.43,13
5364,870,2025-09-07 12:00:42+02:00,12975.61,
5365,55,2025-06-06 18:23:31+02:00,2360.46,
5366,237,2025-10-26 08:11:25+02:00,1088.06,
5367,458,2025-11-13 21:36:07+02:00,2131.07,
5368,229,2025-10-09 03:07:15+02:00,697.96,
5369,602,2025-10-30 22:35:06+02:00,1068.14,
5370,810,2025-11-29 11:23:46+02:00,610.98,
5371,8,2025-12-30 14:18:47+02:00,577.45,
5372,43,2025-11-04 08:10:15+02:00,2439.72,
5373,362,2025-03-16 12:43:45+02:00,1810.25,
5374,769,2025-11-21 16:43:48+02:00,695.88,
5375,628,2025-03-14 15:58:11+02:00,13706.07,18
5376,237,2025-10-06 08:28:43+02:00,2133.35,
5377,856,2025-03-04 00:19:15+02:00,1527.76,
5378,16,2025-06-11 17:00:54+02:00,1921.27,
5379,479,2025-01-26 19:09:18+02:00,10456.86,
5380,161,2025-02-16 13:29:34+02:00,4815.80,
5381,390,2025-09-19 12:52:20+02:00,1053.89,
5382,212,2025-03-18 03:08:36+02:00,989.09,
5383,392,2025-08-24 22:05:34+02:00,21114.00,
5384,348,2025-01-29 02:35:04+02:00,2992.30,29
5385,392,2025-01-23 10:39:49+02:00,1070.89,
5386,37,2025-11-14 10:29:04+02:00,2796.64,11
5387,774,2025-01-14 12:46:27+02:00,6527.07,
5388,939,2025-11-29 21:21:58+02:00,385.37,
5389,348,2025-08-13 05:03:24+02:00,6154.09,
5390,600,2025-09-21 21:56:28+02:00,1714.73,
5391,919,2025-08-23 06:23:02+02:00,15834.74,27
5392,23,2025-05-02 17:31:45+02:00,569.19,
5393,498,2025-11-14 21:46:33+02:00,4156.91,
5394,508,2025-10-14 19:01:37+02:00,792.04,
5395,276,2025-12-13 11:32:39+02:00,2608.44,
5396,159,2025-02-22 09:58:59+02:00,2423.64,
5397,765,2025-04-27 22:46:15+02:00,739.42,
5398,819,2025-08-25 10:04:18+02:00,1739.77,20
5399,498,2025-07-24 10:46:51+02:00,1915.52,
5400,602,2025-03-31 04:23:38+02:00,1695.66,
5401,400,2025-05-06 19:00:50+02:00,594.66,
5402,835,2025-10-12 05:12:03+02:00,960.49,28
5403,200,2025-11-15 14:07:26+02:00,1736.76,18
5404,159,2025-04-05 23:42:49+02:00,2207.84,
5405,673,2025-12-10 18:27:09+02:00,1831.72,
5406,461,2025-02-02 20:22:12+02:00,1705.22,
5407,706,2025-07-20 21:30:02+02:00,896.17,20
5408,476,2025-09-29 01:01:08+02:00,2512.80,
5409,643,2025-11-09 01:35:31+02:00,1920.74,
5410,545,2025-12-23 20:18:32+02:00,2503.54,22
5411,210,2025-03-22 01:17:30+02:00,7073.62,
5412,708,2025-06-16 10:33:35+02:00,560.74,12
5413,199,2025-10-11 23:43:11+02:00,518.40,
5414,283,2025-11-21 14:19:55+02:00,1946.67,
5415,243,2025-07-16 09:19:48+02:00,1068.30,
5416,389,2025-12-22 13:39:45+02:00,3376.56,
5417,178,2025-09-13 09:56:29+02:00,922.53,
5418,717,2025-05-10 18:42:39+02:00,13726.34,
5419,76,2025-05-30 06:39:44+02:00,275.55,
5420,600,2025-05-13 08:14:03+02:00,5368.10,
5421,847,2025-03-09 13:05:56+02:00,409.28,
5422,557,2025-01-17 14:00:07+02:00,1051.11,
5423,836,2025-09-24 20:00:22+02:00,1657.45,
5424,470,2025-09-15 18:41:06+02:00,989.44,14
5425,953,2025-07-17 14:06:15+02:00,2141.39,
5426,515,2025-01-24 04:13:04+02:00,4345.78,26
5427,21,2025-11-11 19:14:59+02:00,884.65,11
5428,886,2025-11-10 09:13:35+02:00,2724.92,
5429,696,2025-01-01 08:09:27+02:00,538.76,16
5430,995,2025-07-24 22:54:34+02:00,1522.91,12
5431,916,2025-04-18 12:36:59+02:00,1858.02,
5432,555,2025-12-31 20:09:05+02:00,3791.64,
5433,512,2025-11-03 19:27:35+02:00,1875.10,
5434,678,2025-11-05 01:50:39+02:00,1694.28,
5435,50,2025-07-04 20:36:49+02:00,6106.45,
5436,827,2025-04-29 23:35:17+02:00,463.09,
5437,689,2025-04-27 03:00:46+02:00,474.04,
5438,157,2025-01-22 23:58:26+02:00,1571.94,
5439,341,2025-08-07 22:28:42+02:00,37359.54,
5440,172,2025-04-25 19:40:15+02:00,12838.08,
5441,789,2025-07-08 17:58:20+02:00,11432.03,19
5442,165,2025-08-31 12:08:52+02:00,702.31,
5443,603,2025-09-08 17:28:47+02:00,2200.37,19
5444,553,2025-09-16 07:41:46+02:00,10075.37,15
5445,879,2025-06-11 15:54:07+02:00,705.80,
5446,221,2025-12-29 14:15:05+02:00,1456.52,
5447,907,2025-08-03 09:10:24+02:00,891.05,14
5448,512,2025-09-07 10:59:13+02:00,39152.66,
5449,948,2025-12-06 23:13:04+02:00,4776.10,
5450,803,2025-03-06 02:28:07+02:00,1486.13,24
5451,694,2025-04-13 09:16:36+02:00,985.94,
5452,543,2025-09-12 18:24:22+02:00,543.71,28
5453,238,2025-09-28 14:29:17+02:00,1378.89,
5454,272,2025-09-23 12:00:32+02:00,909.89,
5455,436,2025-06-05 22:01:02+02:00,2007.19,
5456,691,2025-12-05 08:10:57+02:00,3091.98,
5457,18,2025-06-15 09:32:25+02:00,2566.56,
5458,340,2025-07-23 01:34:21+02:00,561.69,
5459,101,2025-02-07 03:16:11+02:00,924.32,
5460,926,2025-03-07 23:11:09+02:00,1866.68,
5461,282,2025-03-13 22:58:13+02:00,873.91,
5462,440,2025-08-22 20:37:24+02:00,626.49,
5463,189,2025-03-15 14:49:59+02:00,903.55,18
5464,451,2025-01-24 19:32:09+02:00,3912.18,
5465,847,2025-08-28 12:59:34+02:00,1747.09,28
5466,381,2025-05-01 14:16:39+02:00,17997.68,14
5467,522,2025-02-07 15:45:50+02:00,1714.24,
5468,76,2025-09-02 19:27:33+02:00,682.35,14
5469,849,2025-03-23 08:53:37+02:00,645.04,
5470,500,2025-09-20 17:45:10+02:00,40418.27,
5471,493,2025-12-10 19:21:17+02:00,10547.13,
5472,992,2025-01-07 08:59:20+02:00,1452.24,
5473,761,2025-12-08 22:54:31+02:00,1323.94,14
5474,798,2025-01-09 09:24:13+02:00,2340.76,
5475,26,2025-01-19 07:25:27+02:00,1325.13,
5476,464,2025-09-08 08:33:17+02:00,4769.03,28
5477,140,2025-07-27 15:38:08+02:00,1286.32,
5478,972,2025-02-14 20:42:30+02:00,1029.62,30
5479,264,2025-07-11 14:33:17+02:00,1484.70,
5480,716,2025-10-29 04:15:59+02:00,27296.49,21
5481,687,2025-07-03 23:22:08+02:00,1768.10,
5482,353,2025-12-13 16:55:13+02:00,1356.06,
5483,163,2025-09-20 03:39:00+02:00,455.09,26
5484,335,2025-06-20 21:33:54+02:00,1262.98,18
5485,413,2025-01-22 06:05:18+02:00,2643.02,
5486,364,2025-05-13 00:52:24+02:00,6274.62,
5487,842,2025-01-23 06:57:08+02:00,2326.49,
5488,171,2025-10-26 17:07:15+02:00,1888.29,
5489,378,2025-03-28 23:52:14+02:00,274.32,
5490,315,2025-06-23 10:42:03+02:00,2084.30,
5491,110,2025-01-16 12:21:29+02:00,1528.27,22
5492,142,2025-05-18 03:06:05+02:00,1258.73,25
5493,621,2025-06-23 20:31:00+02:00,839.24,
5494,361,2025-03-20 17:48:03+02:00,1193.32,26
5495,682,2025-03-28 20:56:06+02:00,19994.81,
5496,671,2025-05-08 20:49:34+02:00,872.30,11
5497,62,2025-07-14 13:12:39+02:00,17171.54,13
5498,956,2025-11-06 11:56:59+02:00,398.79,22
5499,672,2025-09-07 06:31:01+02:00,1662.64,28
5500,15,2025-09-12 10:34:16+02:00,2328.24,24
5501,578,2025-03-21 15:16:43+02:00,1070.43,
5502,287,2025-08-28 10:59:57+02:00,30309.70,
5503,343,2025-12-09 14:44:40+02:00,552.08,20
5504,160,2025-06-07 14:41:49+02:00,1232.88,
5505,163,2025-03-12 11:31:05+02:00,789.38,
5506,252,2025-06-18 00:45:01+02:00,1972.31,
5507,810,2025-01-08 00:41:14+02:00,2795.96,16
5508,34,2025-03-19 09:41:48+02:00,582.23,
5509,718,2025-03-13 01:20:09+02:00,1339.78,
5510,102,2025-07-02 15:51:52+02:00,7349.85,
5511,371,2025-06-22 22:22:14+02:00,928.84,
5512,106,2025-01-01 06:21:36+02:00,1561.84,
5513,951,2025-01-03 21:27:54+02:00,1944.14,
5514,353,2025-02-01 19:52:05+02:00,1372.26,20
5515,491,2025-01-18 23:22:35+02:00,2635.10,
5516,938,2025-12-21 01:12:16+02:00,1962.20,
5517,317,2025-03-04 09:50:16+02:00,494.08,25
5518,735,2025-12-30 23:22:59+02:00,449.71,
5519,783,2025-02-08 19:32:29+02:00,1053.54,19
5520,442,2025-05-28 14:33:51+02:00,1228.64,
5521,896,2025-08-14 14:48:01+02:00,753.12,
5522,442,2025-05-23 11:38:22+02:00,712.36,
5523,62,2025-04-10 16:51:10+02:00,3923.02,23
5524,512,2025-07-01 13:32:42+02:00,4855.79,13
5525,573,2025-03-11 04:57:21+02:00,877.95,
5526,438,2025-02-08 02:38:37+02:00,4099.83,
5527,115,2025-06-02 19:22:08+02:00,778.79,17
5528,456,2025-10-04 10:24:01+02:00,1658.15,
5529,196,2025-05-03 12:14:43+02:00,374.16,
5530,830,2025-01-25 03:08:20+02:00,1841.80,
5531,613,2025-03-27 03:23:09+02:00,22233.54,
5532,44,2025-08-11 02:44:41+02:00,4275.53,
5533,893,2025-11-10 16:40:49+02:00,8292.62,27
5534,507,2025-02-08 12:33:51+02:00,2817.68,11
5535,176,2025-11-07 06:53:17+02:00,4145.92,23
5536,926,2025-07-22 21:46:25+02:00,2403.68,
5537,419,2025-04-15 03:52:01+02:00,17029.74,
5538,545,2025-08-03 23:57:52+02:00,2471.04,
5539,389,2025-10-10 15:43:28+02:00,3052.26,18
5540,512,2025-03-26 10:41:26+02:00,792.92,
5541,964,2025-01-10 11:50:52+02:00,7846.04,
5542,602,2025-01-20 12:40:28+02:00,1462.32,
5543,479,2025-03-10 11:51:21+02:00,3355.25,
5544,328,2025-03-07 12:22:51+02:00,4424.69,
5545,732,2025-01-27 09:54:09+02:00,910.26,29
5546,430,2025-10-01 17:26:53+02:00,9112.80,
5547,226,2025-04-05 03:31:25+02:00,1161.46,28
5548,463,2025-09-18 04:00:46+02:00,6960.63,
5549,355,2025-01-24 01:17:39+02:00,737.05,
5550,593,2025-05-04 06:58:56+02:00,2317.42,
5551,940,2025-05-30 14:04:04+02:00,738.61,
5552,609,2025-05-15 01:08:15+02:00,911.62,27
5553,781,2025-09-09 00:42:59+02:00,3730.09,
5554,27,2025-10-17 04:21:14+02:00,1009.29,
5555,570,2025-02-12 10:44:46+02:00,1791.98,
5556,554,2025-02-22 23:05:35+02:00,1819.28,22
5557,526,2025-11-18 06:35:26+02:00,4910.57,
5558,323,2025-07-25 03:23:46+02:00,627.14,
5559,649,2025-06-01 15:53:33+02:00,1748.88,27
5560,118,2025-03-18 13:40:24+02:00,3910.36,
5561,96,2025-06-02 13:46:07+02:00,2005.00,
5562,613,2025-02-25 08:58:27+02:00,955.63,23
5563,272,2025-11-01 12:14:26+02:00,13076.26,
5564,511,2025-01-16 20:45:21+02:00,340.08,
5565,859,2025-09-21 23:50:19+02:00,38960.55,
5566,703,2025-02-02 10:19:23+02:00,584.31,
5567,553,2025-05-23 20:44:31+02:00,626.07,
5568,801,2025-10-10 15:02:37+02:00,585.67,11
5569,744,2025-10-30 05:46:56+02:00,3924.18,
5570,217,2025-10-18 10:02:38+02:00,13486.62,
5571,187,2025-03-11 01:51:15+02:00,1697.31,
5572,233,2025-05-23 18:29:21+02:00,1895.18,
5573,800,2025-08-28 18:29:27+02:00,1232.50,18
5574,202,2025-01-21 06:26:30+02:00,844.25,
5575,230,2025-12-13 18:51:20+02:00,922.37,
5576,445,2025-08-04 00:16:37+02:00,733.21,
5577,612,2025-07-26 10:20:50+02:00,1242.16,21
5578,492,2025-12-04 08:41:27+02:00,3005.02,
5579,361,2025-01-01 00:23:31+02:00,577.95,15
5580,371,2025-02-18 06:31:32+02:00,1195.52,
5581,68,2025-09-13 22:32:54+02:00,552.90,
5582,391,2025-12-18 10:13:19+02:00,745.09,26
5583,614,2025-12-10 19:02:33+02:00,2512.67,
5584,805,2025-08-08 23:17:11+02:00,1293.36,
5585,546,2025-02-11 03:54:03+02:00,2109.94,23
5586,405,2025-07-04 04:32:29+02:00,1365.60,
5587,24,2025-12-29 12:28:42+02:00,2123.85,11
5588,234,2025-04-17 19:26:22+02:00,568.54,
5589,578,2025-08-03 20:32:23+02:00,1997.79,
5590,122,2025-09-28 05:00:49+02:00,1402.97,
5591,815,2025-09-03 21:18:21+02:00,2207.25,17
5592,761,2025-03-18 14:15:07+02:00,1114.65,
5593,469,2025-10-31 13:03:41+02:00,1154.68,
5594,67,2025-10-19 16:30:09+02:00,15995.49,
5595,736,2025-03-20 10:28:34+02:00,2446.59,
5596,751,2025-01-12 08:45:13+02:00,2418.36,
5597,395,2025-06-22 15:14:17+02:00,11210.21,
5598,958,2025-02-03 06:07:38+02:00,1618.22,
5599,169,2025-04-02 18:12:03+02:00,4686.15,23
5600,822,2025-11-27 01:01:47+02:00,1196.71,
5601,994,2025-07-17 02:03:10+02:00,2869.53,
5602,728,2025-04-29 19:05:31+02:00,1246.20,
5603,796,2025-02-28 16:53:03+02:00,460.57,17
5604,977,2025-01-20 08:48:58+02:00,1741.41,11
5605,650,2025-12-15 10:29:26+02:00,2435.62,24
5606,970,2025-02-28 18:30:09+02:00,764.31,25
5607,67,2025-07-05 16:02:36+02:00,1764.09,
5608,661,2025-03-06 00:52:39+02:00,1996.58,
5609,343,2025-12-04 05:53:26+02:00,1827.79,
5610,159,2025-06-03 17:11:54+02:00,335.67,
5611,568,2025-06-16 19:08:32+02:00,962.72,
5612,182,2025-08-16 17:04:20+02:00,1306.63,
5613,970,2025-05-03 11:33:55+02:00,1198.37,20
5614,812,2025-03-30 07:44:10+02:00,1013.02,
5615,255,2025-08-13 21:39:11+02:00,2668.43,
5616,507,2025-05-08 02:58:53+02:00,1656.48,
5617,435,2025-06-15 17:33:54+02:00,2835.62,26
5618,283,2025-06-04 20:56:20+02:00,21940.27,
5619,830,2025-07-26 08:55:43+02:00,273.73,
5620,797,2025-09-25 16:31:41+02:00,691.20,
5621,419,2025-12-25 15:54:39+02:00,2695.88,
5622,155,2025-03-19 07:07:36+02:00,1280.75,
5623,731,2025-12-09 07:54:18+02:00,1016.80,
5624,125,2025-04-23 00:48:25+02:00,1309.30,
5625,870,2025-05-25 17:12:16+02:00,19030.61,
5626,382,2025-01-29 19:09:40+02:00,2714.93,
5627,30,2025-05-13 19:43:58+02:00,15373.01,
5628,642,2025-08-28 21:24:51+02:00,3176.63,16
5629,129,2025-07-30 05:46:20+02:00,975.13,
5630,4,2025-07-13 22:03:10+02:00,3772.86,
5631,249,2025-07-21 19:10:44+02:00,4961.96,13
5632,966,2025-11-03 21:06:32+02:00,1153.91,18
5633,88,2025-01-07 05:57:17+02:00,1167.23,
5634,455,2025-01-21 10:42:57+02:00,780.37,
5635,793,2025-07-22 21:33:40+02:00,537.65,
5636,203,2025-01-03 14:18:29+02:00,1066.81,18
5637,374,2025-08-16 07:49:02+02:00,1633.17,
5638,51,2025-01-08 02:24:32+02:00,995.84,24
5639,573,2025-07-22 15:52:46+02:00,695.12,28
5640,62,2025-08-22 06:28:44+02:00,3111.53,
5641,998,2025-08-23 04:18:57+02:00,1326.33,15
5642,884,2025-01-26 02:53:33+02:00,1061.20,25
5643,670,2025-09-15 01:35:02+02:00,1014.08,26
5644,198,2025-01-17 19:51:10+02:00,2032.70,
5645,881,2025-12-06 14:44:40+02:00,2166.00,23
5646,83,2025-05-09 11:10:45+02:00,5697.72,
5647,50,2025-04-23 01:46:08+02:00,553.04,
5648,323,2025-05-02 09:28:03+02:00,2309.44,
5649,758,2025-05-26 20:16:51+02:00,1123.95,23
5650,921,2025-11-20 03:26:36+02:00,1560.33,
5651,573,2025-04-16 16:03:37+02:00,3431.06,
5652,749,2025-05-01 21:02:24+02:00,18525.92,
5653,749,2025-11-03 06:53:53+02:00,638.70,
5654,826,2025-10-31 13:54:37+02:00,2749.54,
5655,296,2025-05-16 10:18:36+02:00,672.25,24
5656,918,2025-06-05 09:34:47+02:00,1290.14,
5657,573,2025-06-11 13:38:52+02:00,1268.92,
5658,743,2025-10-12 09:38:27+02:00,503.62,24
5659,2,2025-05-29 07:37:07+02:00,875.30,
5660,917,2025-11-10 16:12:35+02:00,2493.29,
5661,821,2025-07-08 21:41:11+02:00,1830.05,12
5662,21,2025-10-19 18:19:11+02:00,22397.12,
5663,328,2025-06-02 11:28:31+02:00,4786.77,
5664,638,2025-07-26 23:50:06+02:00,4538.46,
5665,519,2025-11-13 10:02:27+02:00,3815.24,
5666,261,2025-03-02 07:53:19+02:00,2389.68,
5667,769,2025-08-11 11:51:25+02:00,786.16,
5668,192,2025-07-22 12:51:46+02:00,574.28,20
5669,489,2025-11-04 11:29:16+02:00,956.18,
5670,662,2025-06-17 01:11:45+02:00,1039.85,
5671,912,2025-04-05 09:56:53+02:00,3229.12,29
5672,969,2025-01-22 14:19:41+02:00,877.65,25
5673,377,2025-05-13 12:59:02+02:00,1825.99,
5674,697,2025-10-29 20:15:04+02:00,791.24,
5675,609,2025-02-06 10:18:46+02:00,4030.81,
5676,619,2025-07-20 18:11:05+02:00,846.38,
5677,350,2025-09-18 15:09:29+02:00,706.14,
5678,674,2025-04-09 04:01:16+02:00,6530.17,13
5679,8,2025-01-06 07:35:51+02:00,478.18,
5680,678,2025-07-23 03:18:41+02:00,2885.61,
5681,588,2025-06-05 19:00:04+02:00,1359.74,22
5682,763,2025-10-22 17:04:14+02:00,2256.26,
5683,940,2025-04-06 18:14:13+02:00,1556.60,
5684,859,2025-09-19 20:38:33+02:00,2328.72,14
5685,688,2025-02-17 12:52:30+02:00,448.41,
5686,67,2025-12-18 07:25:47+02:00,1144.73,
5687,45,2025-11-27 20:40:46+02:00,1091.56,
5688,50,2025-04-27 17:31:01+02:00,5934.21,
5689,260,2025-05-09 04:25:40+02:00,1217.44,
5690,929,2025-01-03 18:18:52+02:00,738.96,
5691,820,2025-06-12 15:01:01+02:00,1459.41,
5692,736,2025-03-04 12:18:58+02:00,2520.00,
5693,895,2025-06-13 20:24:46+02:00,898.76,
5694,657,2025-06-25 00:14:41+02:00,908.92,
5695,342,2025-09-15 11:53:28+02:00,2321.96,
5696,806,2025-03-09 02:14:05+02:00,1756.69,
5697,234,2025-02-04 22:28:24+02:00,2319.31,
5698,357,2025-02-19 15:40:18+02:00,793.12,19
5699,164,2025-06-26 15:17:54+02:00,3117.86,
5700,30,2025-10-24 21:23:43+02:00,1946.19,
5701,338,2025-10-25 16:03:02+02:00,17182.64,20
5702,870,2025-09-12 14:55:03+02:00,282.98,
5703,996,2025-10-06 18:09:24+02:00,2431.18,
5704,376,2025-08-27 10:59:26+02:00,475.17,
5705,923,2025-08-19 05:21:03+02:00,804.24,16
5706,797,2025-07-14 21:16:37+02:00,1372.22,
5707,607,2025-03-30 05:37:35+02:00,1549.67,
5708,19,2025-04-08 23:40:57+02:00,5392.78,
5709,93,2025-12-05 16:36:38+02:00,1061.00,28
5710,698,2025-04-01 14:23:31+02:00,770.14,13
5711,164,2025-05-31 16:30:47+02:00,1212.01,
5712,694,2025-03-21 07:21:26+02:00,3393.03,
5713,870,2025-11-01 20:17:31+02:00,2195.66,27
5714,745,2025-02-16 09:18:18+02:00,1012.77,
5715,690,2025-07-31 16:13:38+02:00,543.04,13
5716,886,2025-02-05 05:30:07+02:00,505.69,24
5717,337,2025-01-20 08:23:48+02:00,1535.86,20
5718,349,2025-08-09 07:11:52+02:00,814.54,
5719,296,2025-10-02 12:01:13+02:00,675.20,
5720,655,2025-06-18 17:18:34+02:00,713.81,
5721,208,2025-01-14 12:16:43+02:00,1648.38,
5722,103,2025-06-24 08:35:39+02:00,14171.91,
5723,937,2025-02-06 06:43:22+02:00,1529.56,
5724,882,2025-05-09 11:29:26+02:00,449.10,
5725,96,2025-09-26 09:28:55+02:00,789.08,
5726,782,2025-02-03 03:05:17+02:00,668.67,
5727,943,2025-01-08 08:50:29+02:00,2053.38,
5728,627,2025-04-11 15:14:14+02:00,1682.42,
5729,517,2025-10-05 23:30:27+02:00,1402.35,
5730,194,2025-09-06 00:13:43+02:00,1058.98,
5731,656,2025-01-10 15:27:14+02:00,548.02,
5732,17,2025-03-22 07:00:55+02:00,2534.76,
5733,51,2025-02-18 20:09:49+02:00,1084.41,
5734,748,2025-09-26 06:38:13+02:00,4090.10,
5735,260,2025-01-08 18:20:53+02:00,30000.94,
5736,100,2025-12-16 20:03:16+02:00,1404.11,
5737,804,2025-08-24 05:36:53+02:00,19883.92,
5738,498,2025-07-08 00:25:55+02:00,6514.41,21
5739,503,2025-04-26 08:34:59+02:00,1494.66,
5740,620,2025-12-15 08:38:30+02:00,2113.24,
5741,904,2025-08-10 15:51:27+02:00,1276.95,
5742,393,2025-08-20 04:27:44+02:00,8006.29,
5743,266,2025-10-20 10:14:03+02:00,3055.76,
5744,519,2025-08-21 09:19:18+02:00,11264.26,
5745,533,2025-12-29 13:49:55+02:00,2114.19,
5746,401,2025-12-28 00:09:11+02:00,2036.86,
5747,390,2025-03-27 11:34:24+02:00,10853.48,
5748,659,2025-11-04 21:54:51+02:00,643.01,
5749,469,2025-04-13 17:34:30+02:00,1585.43,
5750,538,2025-05-21 02:11:29+02:00,3023.92,
5751,847,2025-06-08 03:07:04+02:00,812.09,20
5752,119,2025-05-23 23:35:14+02:00,1357.20,
5753,210,2025-09-11 03:35:06+02:00,2585.27,14
5754,536,2025-03-10 15:01:43+02:00,613.09,
5755,507,2025-12-13 20:29:18+02:00,1838.94,
5756,401,2025-01-24 15:08:18+02:00,4757.42,21
5757,96,2025-01-09 13:13:29+02:00,15701.11,
5758,145,2025-06-20 14:35:28+02:00,1888.65,
5759,635,2025-07-14 06:23:34+02:00,461.91,29
5760,204,2025-12-22 13:33:13+02:00,1931.91,
5761,187,2025-12-31 02:17:44+02:00,799.76,
5762,372,2025-02-05 22:01:56+02:00,2468.16,
5763,183,2025-01-25 02:56:44+02:00,7236.74,
5764,616,2025-10-21 19:44:48+02:00,1309.52,17
5765,900,2025-08-27 20:07:22+02:00,4164.53,
5766,119,2025-11-07 16:37:51+02:00,4587.94,
5767,697,2025-02-15 02:44:33+02:00,3428.72,
5768,733,2025-05-31 23:23:28+02:00,2572.39,
5769,638,2025-11-21 00:14:00+02:00,1920.98,
5770,553,2025-04-13 07:24:49+02:00,242.40,
5771,1,2025-12-15 15:28:20+02:00,2941.18,
5772,107,2025-11-22 19:52:56+02:00,2033.15,25
5773,18,2025-05-14 01:52:57+02:00,2115.07,
5774,745,2025-07-24 04:01:50+02:00,1729.79,
5775,546,2025-05-14 18:33:43+02:00,18622.68,
5776,205,2025-01-17 04:04:00+02:00,672.41,
5777,540,2025-10-25 16:25:56+02:00,499.52,
5778,566,2025-09-22 03:44:41+02:00,786.36,
5779,802,2025-06-07 11:41:33+02:00,797.51,20
5780,10,2025-03-09 19:01:47+02:00,618.26,23
5781,91,2025-06-28 09:15:31+02:00,740.34,
5782,25,2025-01-30 01:07:52+02:00,282.72,22
5783,693,2025-01-15 07:11:23+02:00,1285.81,
5784,885,2025-04-14 05:05:40+02:00,1092.04,
5785,531,2025-04-28 03:37:08+02:00,2643.38,24
5786,631,2025-06-10 18:59:02+02:00,868.02,
5787,302,2025-09-21 00:28:27+02:00,4936.64,
5788,258,2025-07-19 13:52:19+02:00,645.19,
5789,590,2025-12-29 08:10:11+02:00,300.34,
5790,272,2025-05-17 06:42:45+02:00,2794.90,
5791,148,2025-04-29 08:33:20+02:00,3189.61,
5792,679,2025-05-17 08:57:26+02:00,700.07,15
5793,989,2025-01-29 14:55:10+02:00,668.90,16
5794,377,2025-11-16 11:26:33+02:00,4657.92,
5795,187,2025-05-20 12:02:11+02:00,1102.44,
5796,300,2025-12-22 17:36:46+02:00,2927.46,
5797,57,2025-09-12 23:08:41+02:00,8141.83,26
5798,389,2025-01-23 21:48:28+02:00,2495.07,16
5799,904,2025-02-06 06:49:09+02:00,1363.39,
5800,874,2025-05-27 21:31:34+02:00,1662.56,
5801,625,2025-11-16 02:31:15+02:00,1153.31,13
5802,569,2025-12-19 01:10:38+02:00,1047.65,29
5803,884,2025-07-13 04:14:48+02:00,15337.70,15
5804,414,2025-07-21 15:05:33+02:00,6854.81,24
5805,483,2025-07-21 20:15:02+02:00,654.40,
5806,847,2025-10-09 09:29:27+02:00,4277.77,
5807,495,2025-08-14 15:17:35+02:00,1756.78,
5808,379,2025-05-31 11:54:08+02:00,816.85,
5809,842,2025-05-03 14:33:15+02:00,438.94,13
5810,124,2025-02-27 17:03:48+02:00,719.41,
5811,605,2025-12-12 13:57:24+02:00,2688.77,25
5812,523,2025-12-15 02:08:14+02:00,1355.06,25
5813,210,2025-06-11 17:26:06+02:00,8101.74,
5814,466,2025-02-16 06:43:24+02:00,26591.52,
5815,259,2025-06-08 10:32:55+02:00,548.55,
5816,1,2025-03-25 07:10:03+02:00,1623.35,20
5817,21,2025-11-11 07:54:04+02:00,716.39,28
5818,995,2025-08-14 18:44:30+02:00,2934.68,
5819,988,2025-03-29 04:47:24+02:00,1695.20,29
5820,455,2025-02-15 21:37:39+02:00,11426.63,
5821,280,2025-08-15 08:15:55+02:00,648.30,
5822,712,2025-04-01 17:36:43+02:00,728.77,12
5823,678,2025-03-15 21:12:26+02:00,1108.77,
5824,293,2025-03-29 06:53:01+02:00,1084.10,
5825,680,2025-06-29 15:41:57+02:00,2203.37,
5826,477,2025-04-04 07:57:32+02:00,1569.80,25
5827,215,2025-09-15 06:09:55+02:00,6484.94,
5828,384,2025-10-09 13:20:02+02:00,2979.35,25
5829,692,2025-06-04 17:11:10+02:00,407.17,19
5830,65,2025-11-25 15:22:24+02:00,862.28,15
5831,640,2025-04-04 09:08:31+02:00,1011.51,
5832,554,2025-10-14 10:02:40+02:00,633.43,
5833,477,2025-02-26 09:07:00+02:00,1436.27,20
5834,940,2025-04-18 00:56:28+02:00,493.64,
5835,238,2025-08-30 02:50:03+02:00,552.95,
5836,198,2025-05-06 05:09:29+02:00,2433.54,
5837,951,2025-02-01 20:35:11+02:00,1312.58,
5838,292,2025-12-13 00:33:45+02:00,882.51,
5839,296,2025-12-10 09:20:57+02:00,992.79,21
5840,664,2025-02-14 12:17:32+02:00,2046.09,
5841,725,2025-09-13 10:13:40+02:00,1244.44,
5842,31,2025-01-01 12:39:00+02:00,2717.93,
5843,979,2025-10-04 12:47:31+02:00,9071.23,
5844,138,2025-06-09 03:20:19+02:00,825.67,13
5845,899,2025-01-24 23:22:37+02:00,1045.22,24
5846,369,2025-10-27 21:49:18+02:00,22271.69,
5847,14,2025-03-24 11:42:43+02:00,551.13,
5848,267,2025-08-29 20:48:50+02:00,4958.13,
5849,925,2025-10-30 19:40:44+02:00,2210.30,
5850,768,2025-01-23 18:05:36+02:00,587.94,28
5851,561,2025-10-01 03:18:49+02:00,481.62,
5852,242,2025-10-20 23:26:42+02:00,595.70,
5853,86,2025-01-21 19:15:32+02:00,2801.87,
5854,897,2025-11-29 04:16:18+02:00,4917.26,
5855,547,2025-11-15 16:30:37+02:00,866.37,
5856,870,2025-06-23 13:34:52+02:00,1936.56,
5857,125,2025-10-31 07:42:38+02:00,609.50,14
5858,619,2025-12-24 04:53:08+02:00,19419.49,
5859,855,2025-10-11 10:51:47+02:00,652.60,24
5860,823,2025-02-10 21:26:08+02:00,730.56,
5861,783,2025-09-19 12:06:08+02:00,2082.09,
5862,297,2025-12-01 01:07:12+02:00,792.86,13
5863,217,2025-06-20 15:22:35+02:00,39746.21,
5864,987,2025-10-14 16:52:14+02:00,481.85,12
5865,465,2025-06-12 10:09:28+02:00,2985.79,
5866,736,2025-03-22 13:52:04+02:00,22374.04,
5867,858,2025-01-14 17:18:05+02:00,3522.10,
5868,190,2025-02-07 18:32:58+02:00,1872.62,
5869,280,2025-05-05 18:33:10+02:00,1782.03,
5870,434,2025-05-08 02:22:55+02:00,1146.05,
5871,178,2025-05-26 07:31:08+02:00,5652.76,
5872,484,2025-09-06 08:03:19+02:00,905.98,17
5873,942,2025-09-28 08:34:26+02:00,3048.81,
5874,211,2025-03-05 15:13:50+02:00,1834.59,16
5875,153,2025-09-10 05:07:14+02:00,906.45,
5876,498,2025-05-28 14:39:05+02:00,1737.59,30
5877,834,2025-10-08 17:36:20+02:00,949.21,14
5878,438,2025-11-19 15:19:37+02:00,4095.67,27
5879,505,2025-12-10 01:34:56+02:00,38425.28,
5880,529,2025-12-21 14:52:51+02:00,454.53,
5881,576,2025-05-20 13:24:17+02:00,1984.19,21
5882,546,2025-11-01 23:51:19+02:00,1244.24,
5883,136,2025-12-01 15:57:08+02:00,9634.95,20
5884,758,2025-09-28 13:44:27+02:00,997.19,
5885,187,2025-08-28 02:47:56+02:00,1858.80,
5886,918,2025-08-19 19:12:53+02:00,18611.96,
5887,279,2025-07-19 05:37:16+02:00,6833.21,19
5888,730,2025-06-24 19:45:20+02:00,1974.21,
5889,620,2025-07-11 18:55:27+02:00,1758.02,
5890,33,2025-04-27 13:15:47+02:00,652.87,
5891,862,2025-04-19 06:20:14+02:00,3677.90,
5892,849,2025-12-20 12:33:47+02:00,3363.08,
5893,497,2025-02-18 04:25:56+02:00,2702.32,20
5894,942,2025-09-10 01:56:49+02:00,946.25,
5895,577,2025-12-28 10:33:01+02:00,1102.78,
5896,327,2025-12-05 07:43:50+02:00,985.43,
5897,926,2025-07-18 05:08:32+02:00,17438.94,22
5898,980,2025-11-06 15:25:50+02:00,1431.34,
5899,161,2025-04-13 07:01:33+02:00,1501.02,
5900,747,2025-04-14 17:05:18+02:00,1467.79,
5901,418,2025-02-11 02:25:58+02:00,1086.49,23
5902,694,2025-03-28 15:04:23+02:00,2032.17,23
5903,496,2025-04-24 19:10:18+02:00,1740.62,17
5904,643,2025-12-31 02:30:49+02:00,1504.64,
5905,216,2025-11-10 03:08:55+02:00,1043.96,22
5906,825,2025-11-20 07:42:32+02:00,3684.90,
5907,397,2025-08-25 19:21:31+02:00,4794.25,24
5908,870,2025-05-09 21:30:32+02:00,4047.67,
5909,415,2025-02-12 11:10:48+02:00,571.88,
5910,59,2025-09-11 00:39:09+02:00,1819.60,
5911,284,2025-01-11 17:13:29+02:00,13336.37,
5912,832,2025-10-19 17:32:14+02:00,115.69,27
5913,259,2025-05-15 09:57:51+02:00,657.66,
5914,648,2025-10-16 10:05:57+02:00,890.08,
5915,573,2025-09-04 15:00:01+02:00,1781.18,16
5916,440,2025-05-21 21:43:53+02:00,2351.59,
5917,955,2025-12-30 01:26:03+02:00,2479.31,
5918,514,2025-11-12 21:29:25+02:00,834.01,
5919,40,2025-10-07 22:44:16+02:00,683.84,
5920,863,2025-05-09 14:29:12+02:00,2824.78,
5921,341,2025-01-16 13:21:03+02:00,863.97,
5922,436,2025-03-06 07:34:53+02:00,2348.36,30
5923,396,2025-01-06 19:52:13+02:00,16044.67,
5924,817,2025-07-10 13:25:36+02:00,1391.26,
5925,260,2025-12-13 18:31:25+02:00,6024.28,28
5926,528,2025-07-07 06:32:16+02:00,3327.58,
5927,146,2025-05-08 06:37:56+02:00,2433.93,18
5928,22,2025-05-17 11:18:13+02:00,1116.95,
5929,869,2025-03-02 16:48:10+02:00,635.81,
5930,149,2025-06-13 09:17:10+02:00,1402.49,
5931,912,2025-06-23 05:38:52+02:00,2151.38,26
5932,647,2025-12-02 05:31:19+02:00,2218.76,
5933,126,2025-06-19 03:59:20+02:00,17291.50,
5934,59,2025-11-07 22:47:29+02:00,917.76,
5935,920,2025-06-18 16:00:04+02:00,9408.65,
5936,86,2025-04-19 12:37:35+02:00,536.50,26
5937,896,2025-09-30 10:06:32+02:00,11736.94,11
5938,398,2025-12-25 18:22:28+02:00,1595.36,
5939,430,2025-05-02 11:16:06+02:00,5104.94,
5940,134,2025-03-27 10:06:57+02:00,3284.04,
5941,885,2025-12-08 21:31:02+02:00,685.52,15
5942,523,2025-05-08 18:39:55+02:00,5114.69,
5943,54,2025-08-02 07:44:37+02:00,3216.21,
5944,914,2025-08-27 12:15:42+02:00,2709.92,
5945,326,2025-08-13 00:44:11+02:00,870.76,12
5946,721,2025-05-31 07:48:49+02:00,460.58,
5947,632,2025-01-04 20:15:36+02:00,2889.55,
5948,763,2025-07-23 19:33:21+02:00,2574.62,
5949,697,2025-10-27 05:59:25+02:00,1743.04,23
5950,622,2025-10-20 09:07:37+02:00,1007.92,
5951,774,2025-11-09 12:47:56+02:00,1329.92,
5952,866,2025-09-25 21:58:56+02:00,1562.85,
5953,727,2025-12-30 07:08:16+02:00,1209.16,15
5954,283,2025-04-09 16:11:15+02:00,292.46,
5955,612,2025-07-03 14:58:29+02:00,39589.39,
5956,894,2025-01-12 16:32:59+02:00,392.75,
5957,144,2025-06-17 04:14:56+02:00,1316.01,
5958,762,2025-05-24 10:11:11+02:00,1345.69,25
5959,818,2025-11-02 07:07:04+02:00,1753.45,
5960,339,2025-05-09 23:40:08+02:00,1102.77,
5961,815,2025-03-05 01:21:56+02:00,595.87,
5962,648,2025-07-15 12:48:06+02:00,1012.42,
5963,845,2025-02-09 04:35:16+02:00,1742.64,
5964,507,2025-12-20 11:36:46+02:00,432.80,19
5965,12,2025-06-10 00:43:31+02:00,2447.32,
5966,913,2025-09-16 11:19:08+02:00,924.70,
5967,2,2025-05-03 22:08:16+02:00,1075.32,16
5968,524,2025-03-28 07:27:01+02:00,8827.65,
5969,338,2025-07-16 15:59:02+02:00,625.64,
5970,114,2025-09-23 12:12:47+02:00,1366.70,
5971,733,2025-03-05 01:48:29+02:00,1418.18,
5972,701,2025-09-11 10:05:17+02:00,3041.02,
5973,417,2025-05-08 15:57:44+02:00,1341.90,
5974,998,2025-09-30 01:29:56+02:00,938.63,
5975,877,2025-06-23 13:21:06+02:00,2118.70,
5976,10,2025-09-16 16:12:01+02:00,1702.16,
5977,839,2025-02-20 18:28:06+02:00,17748.90,
5978,561,2025-06-26 05:02:29+02:00,6298.63,
5979,709,2025-08-22 20:32:57+02:00,4579.92,
5980,79,2025-09-26 02:55:01+02:00,1005.12,
5981,425,2025-01-01 13:58:17+02:00,2719.08,
5982,158,2025-09-12 04:36:28+02:00,878.14,16
5983,673,2025-03-15 22:50:27+02:00,18010.90,
5984,586,2025-12-01 09:45:14+02:00,4278.88,
5985,180,2025-04-12 15:10:16+02:00,318.19,14
5986,548,2025-07-19 14:48:19+02:00,859.20,21
5987,366,2025-03-05 17:28:31+02:00,1024.54,
5988,833,2025-01-11 14:22:39+02:00,1005.27,
5989,339,2025-12-30 18:42:54+02:00,586.92,
5990,672,2025-10-11 20:21:27+02:00,717.39,26
5991,741,2025-02-04 21:53:06+02:00,2384.43,30
5992,729,2025-08-27 06:23:39+02:00,3806.11,
5993,509,2025-01-28 08:52:04+02:00,1003.53,
5994,648,2025-01-04 15:18:28+02:00,2615.56,
5995,251,2025-01-19 08:09:39+02:00,1221.71,
5996,547,2025-04-19 19:21:05+02:00,1640.88,
5997,136,2025-10-13 01:58:30+02:00,10296.37,
5998,976,2025-03-13 08:53:44+02:00,1092.87,
5999,435,2025-06-20 06:50:54+02:00,1871.45,
6000,179,2025-09-27 16:56:23+02:00,530.36,15
6001,916,2025-12-11 10:23:42+02:00,2534.24,
6002,486,2025-06-15 14:26:42+02:00,2260.61,20
6003,590,2025-01-16 22:29:18+02:00,1548.43,
6004,97,2025-03-23 09:47:38+02:00,733.10,14
6005,192,2025-01-09 10:16:51+02:00,1187.76,
6006,921,2025-03-28 09:03:56+02:00,1575.16,29
6007,552,2025-05-28 19:00:09+02:00,869.71,11
6008,865,2025-01-04 23:39:39+02:00,1628.84,
6009,459,2025-06-04 02:01:15+02:00,2263.82,
6010,148,2025-03-22 06:28:56+02:00,2064.46,
6011,596,2025-10-15 07:32:27+02:00,487.11,
6012,691,2025-10-08 07:10:59+02:00,692.59,
6013,460,2025-08-30 19:19:30+02:00,34057.46,
6014,364,2025-06-19 03:18:01+02:00,2029.05,
6015,828,2025-01-12 01:07:27+02:00,1501.88,
6016,403,2025-10-10 12:38:44+02:00,671.73,
6017,866,2025-01-21 05:19:50+02:00,1391.91,
6018,586,2025-12-15 17:31:59+02:00,572.62,
6019,995,2025-04-27 01:08:40+02:00,1185.61,28
6020,854,2025-07-16 09:51:49+02:00,1442.16,
6021,124,2025-11-24 21:28:39+02:00,863.28,16
6022,67,2025-07-06 10:23:07+02:00,680.62,
6023,37,2025-07-07 08:18:15+02:00,677.13,
6024,697,2025-12-11 07:31:04+02:00,3504.94,
6025,52,2025-03-27 01:22:45+02:00,1550.46,
6026,878,2025-02-13 01:01:50+02:00,680.30,27
6027,859,2025-04-05 01:18:40+02:00,1727.74,
6028,263,2025-05-25 03:03:37+02:00,4835.06,17
6029,165,2025-06-03 23:42:21+02:00,7616.93,23
6030,902,2025-03-12 01:28:51+02:00,19789.57,
6031,807,2025-05-26 08:15:23+02:00,4528.41,29
6032,409,2025-02-12 20:05:22+02:00,1124.45,24
6033,942,2025-07-02 23:49:17+02:00,9619.01,16
6034,398,2025-05-19 23:35:22+02:00,387.29,13
6035,805,2025-10-25 01:16:57+02:00,806.52,22
6036,878,2025-03-22 12:48:52+02:00,3343.38,
6037,523,2025-03-11 04:41:31+02:00,9052.50,17
6038,221,2025-11-23 13:09:00+02:00,2527.09,
6039,55,2025-06-10 12:00:00+02:00,1359.76,
6040,252,2025-06-11 06:42:43+02:00,1601.62,29
6041,839,2025-07-11 20:17:58+02:00,988.09,25
6042,386,2025-05-22 20:20:52+02:00,13265.66,
6043,613,2025-11-16 16:40:28+02:00,1493.86,
6044,430,2025-11-22 12:37:35+02:00,7232.94,13
6045,317,2025-01-09 21:14:20+02:00,626.50,11
6046,311,2025-07-20 13:01:59+02:00,1891.33,
6047,599,2025-11-14 22:51:02+02:00,1193.03,18
6048,621,2025-05-12 00:19:31+02:00,1369.71,
6049,445,2025-04-01 12:47:23+02:00,2276.64,
6050,397,2025-05-26 22:33:05+02:00,2257.12,
6051,889,2025-08-12 21:47:59+02:00,1996.09,
6052,839,2025-08-03 19:31:47+02:00,844.47,
6053,113,2025-04-13 15:07:20+02:00,1124.59,
6054,819,2025-02-02 16:26:15+02:00,1299.42,
6055,283,2025-04-09 06:47:10+02:00,1357.01,
6056,360,2025-01-08 21:47:11+02:00,470.46,29
6057,402,2025-09-28 23:45:16+02:00,328.70,
6058,784,2025-03-15 21:32:12+02:00,551.67,
6059,875,2025-03-23 06:25:15+02:00,950.39,
6060,307,2025-03-12 04:14:38+02:00,927.30,
6061,358,2025-10-12 18:50:23+02:00,652.72,18
6062,816,2025-01-04 19:38:36+02:00,835.71,
6063,661,2025-12-26 23:20:54+02:00,1157.02,
6064,923,2025-01-24 04:24:12+02:00,1946.51,
6065,442,2025-06-07 15:21:38+02:00,717.33,
6066,697,2025-12-25 09:26:09+02:00,872.93,
6067,316,2025-08-01 14:01:51+02:00,2537.93,18
6068,88,2025-04-12 05:42:10+02:00,425.38,14
6069,34,2025-07-05 20:41:12+02:00,4638.67,
6070,406,2025-09-01 12:11:57+02:00,2494.38,
6071,227,2025-02-23 21:32:08+02:00,3267.93,
6072,637,2025-11-25 14:21:00+02:00,1087.52,
6073,26,2025-05-07 13:35:08+02:00,950.93,
6074,437,2025-09-08 18:41:02+02:00,2678.00,
6075,13,2025-05-21 19:41:03+02:00,980.78,
6076,460,2025-06-30 10:02:59+02:00,1122.62,
6077,283,2025-11-15 14:02:44+02:00,1669.32,
6078,141,2025-12-28 03:09:48+02:00,962.19,
6079,751,2025-04-29 03:37:59+02:00,1584.73,
6080,568,2025-12-28 18:43:16+02:00,1493.69,
6081,66,2025-12-16 06:32:03+02:00,1151.48,
6082,197,2025-01-02 20:20:54+02:00,2877.38,
6083,962,2025-08-04 21:46:04+02:00,1018.56,
6084,741,2025-12-20 16:45:06+02:00,858.33,
6085,627,2025-11-21 16:57:42+02:00,1813.96,
6086,42,2025-05-18 06:26:37+02:00,1034.32,
6087,420,2025-11-01 04:20:40+02:00,1014.04,
6088,304,2025-10-01 12:53:45+02:00,648.00,22
6089,830,2025-10-02 05:27:59+02:00,621.95,
6090,592,2025-10-21 02:51:08+02:00,1412.98,
6091,543,2025-05-16 15:40:35+02:00,2139.00,
6092,785,2025-01-12 03:26:05+02:00,6081.00,
6093,654,2025-06-07 04:00:33+02:00,15638.56,
6094,720,2025-04-27 08:48:00+02:00,3563.48,
6095,726,2025-01-05 07:02:15+02:00,785.48,
6096,433,2025-10-11 16:47:08+02:00,5228.85,
6097,981,2025-03-16 10:20:17+02:00,3462.18,
6098,868,2025-09-28 14:50:23+02:00,1885.03,14
6099,983,2025-11-03 11:22:11+02:00,2734.96,
6100,122,2025-08-23 19:01:49+02:00,1703.33,
6101,571,2025-09-24 06:26:50+02:00,1784.71,13
6102,577,2025-07-29 14:01:24+02:00,560.61,
6103,222,2025-04-13 20:18:23+02:00,639.22,
6104,928,2025-12-29 15:35:35+02:00,1241.67,
6105,952,2025-07-28 06:50:42+02:00,846.32,
6106,177,2025-12-03 05:34:19+02:00,3385.65,
6107,521,2025-08-25 11:57:24+02:00,10998.74,
6108,328,2025-05-21 10:05:51+02:00,327.43,16
6109,577,2025-05-25 10:34:11+02:00,1102.89,
6110,687,2025-01-20 04:23:27+02:00,10477.26,
6111,857,2025-05-19 06:04:46+02:00,1478.17,
6112,532,2025-08-11 17:55:53+02:00,480.80,
6113,604,2025-10-27 13:29:48+02:00,1118.72,
6114,658,2025-03-15 05:30:28+02:00,6190.56,
6115,870,2025-02-16 07:21:36+02:00,1073.43,
6116,950,2025-06-14 22:55:13+02:00,906.88,
6117,458,2025-05-19 01:49:02+02:00,320.14,
6118,411,2025-06-25 04:37:12+02:00,1493.58,
6119,216,2025-06-20 03:55:35+02:00,25845.93,
6120,429,2025-06-04 07:24:32+02:00,699.07,
6121,204,2025-08-20 14:20:00+02:00,639.68,13
6122,699,2025-06-16 17:29:41+02:00,992.34,
6123,589,2025-10-04 13:46:56+02:00,301.65,
6124,957,2025-02-11 07:18:34+02:00,2782.82,
6125,868,2025-08-03 08:19:15+02:00,1810.96,
6126,284,2025-10-06 04:24:28+02:00,960.48,
6127,615,2025-06-29 01:32:23+02:00,394.02,
6128,916,2025-10-31 01:15:11+02:00,3341.09,
6129,237,2025-09-19 20:54:09+02:00,1783.18,
6130,414,2025-03-25 10:45:33+02:00,1349.06,
6131,113,2025-11-14 03:28:17+02:00,5903.34,14
6132,401,2025-12-17 07:26:51+02:00,2321.39,
6133,568,2025-02-25 06:13:52+02:00,243.44,24
6134,46,2025-03-08 09:48:04+02:00,819.29,
6135,498,2025-03-14 18:55:04+02:00,29524.55,
6136,652,2025-08-25 11:08:20+02:00,735.78,
6137,751,2025-06-09 11:46:08+02:00,19143.75,
6138,615,2025-03-06 01:24:37+02:00,654.08,24
6139,461,2025-10-10 18:40:56+02:00,2298.34,
6140,70,2025-02-19 01:17:13+02:00,1601.11,25
6141,940,2025-12-20 07:48:51+02:00,771.92,
6142,311,2025-10-01 12:00:00+02:00,1444.82,27
6143,832,2025-04-04 23:58:07+02:00,551.88,
6144,123,2025-05-23 13:28:12+02:00,2341.63,
6145,191,2025-04-05 10:10:02+02:00,1814.87,
6146,455,2025-02-26 13:48:24+02:00,775.53,16
6147,131,2025-01-01 22:55:28+02:00,13683.54,
6148,715,2025-09-16 03:52:16+02:00,16104.95,
6149,609,2025-02-10 23:25:35+02:00,5237.69,
6150,182,2025-02-18 14:43:07+02:00,1579.49,21
6151,729,2025-01-30 01:16:56+02:00,431.34,
6152,145,2025-03-05 17:18:48+02:00,1654.97,
6153,269,2025-07-03 02:22:46+02:00,868.90,
6154,907,2025-01-03 16:24:55+02:00,4081.16,13
6155,908,2025-03-22 05:57:28+02:00,7518.36,
6156,492,2025-11-29 18:14:06+02:00,1422.79,
6157,738,2025-08-05 23:33:16+02:00,860.95,
6158,948,2025-09-08 13:49:25+02:00,2441.25,19
6159,15,2025-09-01 21:30:33+02:00,1077.24,23
6160,583,2025-08-21 08:16:51+02:00,1536.15,
6161,909,2025-01-02 04:27:14+02:00,579.94,
6162,770,2025-12-10 16:53:46+02:00,472.77,23
6163,658,2025-11-18 18:05:24+02:00,18431.73,
6164,427,2025-11-01 09:34:28+02:00,539.46,
6165,341,2025-02-18 09:08:17+02:00,2188.14,
6166,507,2025-02-21 20:40:23+02:00,3628.07,23
6167,779,2025-01-11 06:22:05+02:00,22896.56,
6168,667,2025-10-07 06:37:14+02:00,481.82,
6169,153,2025-03-15 03:28:39+02:00,1086.54,
6170,129,2025-08-08 12:42:42+02:00,4142.99,
6171,408,2025-04-04 12:25:23+02:00,1782.44,
6172,777,2025-03-13 18:51:38+02:00,379.58,26
6173,697,2025-05-13 05:11:13+02:00,2434.88,
6174,740,2025-04-07 18:51:13+02:00,6960.32,20
6175,409,2025-01-29 21:23:03+02:00,1169.82,
6176,299,2025-02-01 10:15:06+02:00,448.10,
6177,402,2025-01-02 15:38:11+02:00,2450.19,
6178,992,2025-11-17 02:36:50+02:00,2412.58,
6179,312,2025-12-16 23:59:43+02:00,320.32,
6180,927,2025-06-28 16:36:13+02:00,21081.50,
6181,307,2025-11-20 05:11:42+02:00,827.66,
6182,233,2025-08-18 05:11:40+02:00,2973.25,
6183,763,2025-09-16 02:57:11+02:00,562.04,
6184,544,2025-01-15 06:03:12+02:00,1958.86,21
6185,254,2025-02-02 21:40:36+02:00,1462.58,17
6186,943,2025-09-21 11:57:11+02:00,871.09,
6187,31,2025-06-15 14:12:49+02:00,1625.18,
6188,285,2025-10-27 01:06:04+02:00,2993.79,
6189,14,2025-11-04 05:41:13+02:00,2366.09,
6190,542,2025-11-30 03:54:16+02:00,750.72,
6191,79,2025-02-20 04:06:41+02:00,750.25,
6192,373,2025-06-19 10:30:32+02:00,520.82,
6193,973,2025-05-05 12:00:32+02:00,4132.51,
6194,629,2025-04-19 16:56:23+02:00,5273.38,
6195,785,2025-02-21 06:19:15+02:00,808.67,24
6196,250,2025-04-02 02:46:56+02:00,1191.40,
6197,490,2025-08-01 07:19:23+02:00,5830.42,
6198,326,2025-05-23 21:37:47+02:00,1439.44,
6199,599,2025-02-20 02:08:27+02:00,1607.75,
6200,67,2025-10-30 18:01:12+02:00,2808.31,
6201,407,2025-12-04 00:16:46+02:00,5401.88,
6202,337,2025-03-14 10:34:53+02:00,1787.96,
6203,667,2025-06-22 14:11:57+02:00,2331.96,23
6204,805,2025-10-31 13:23:16+02:00,497.95,21
6205,773,2025-10-17 18:40:07+02:00,883.48,
6206,977,2025-08-26 16:39:51+02:00,1758.86,25
6207,640,2025-02-17 09:36:25+02:00,5988.32,
6208,155,2025-08-30 15:14:34+02:00,15336.87,23
6209,969,2025-04-22 12:58:38+02:00,3692.45,
6210,745,2025-04-03 18:30:22+02:00,5769.84,29
6211,451,2025-10-30 17:48:48+02:00,1354.71,
6212,148,2025-11-27 05:22:09+02:00,2597.72,20
6213,533,2025-07-16 02:10:07+02:00,1522.63,
6214,790,2025-05-09 18:58:26+02:00,11314.92,
6215,503,2025-01-25 07:25:05+02:00,460.87,
6216,389,2025-07-31 04:01:05+02:00,1500.81,18
6217,96,2025-08-02 18:56:46+02:00,577.44,
6218,785,2025-06-13 16:55:47+02:00,1027.07,
6219,837,2025-08-08 00:57:47+02:00,474.36,
6220,281,2025-03-14 17:33:03+02:00,1624.99,
6221,657,2025-03-14 10:46:38+02:00,4430.53,
6222,5,2025-06-20 03:52:57+02:00,6155.90,
6223,875,2025-12-04 14:36:11+02:00,1194.78,
6224,884,2025-02-28 00:08:24+02:00,39149.18,
6225,317,2025-08-29 18:17:30+02:00,616.27,
6226,588,2025-06-30 06:37:31+02:00,3574.64,
6227,316,2025-03-02 16:41:40+02:00,970.50,16
6228,580,2025-09-10 07:29:37+02:00,2875.75,16
6229,814,2025-09-16 04:11:15+02:00,400.50,14
6230,437,2025-01-20 10:03:42+02:00,1728.01,
6231,384,2025-11-03 11:24:22+02:00,1597.65,14
6232,74,2025-05-10 12:46:39+02:00,1659.74,19
6233,407,2025-04-12 09:39:24+02:00,1550.16,
6234,221,2025-06-03 19:26:49+02:00,799.71,29
6235,31,2025-07-31 12:08:09+02:00,3402.84,
6236,624,2025-08-25 18:12:16+02:00,5156.41,
6237,807,2025-09-01 00:18:59+02:00,1361.27,28
6238,678,2025-06-05 10:11:59+02:00,513.21,
6239,540,2025-08-24 19:08:13+02:00,6556.11,
6240,110,2025-11-18 20:39:42+02:00,895.26,
6241,254,2025-08-02 21:07:05+02:00,636.07,26
6242,797,2025-07-13 00:57:18+02:00,944.58,
6243,171,2025-01-09 21:21:05+02:00,3472.27,
6244,523,2025-02-20 18:03:40+02:00,1328.42,
6245,541,2025-01-27 15:01:34+02:00,3110.89,19
6246,632,2025-10-29 05:56:36+02:00,15515.09,24
6247,622,2025-02-26 11:35:03+02:00,306.35,30
6248,871,2025-08-02 07:58:27+02:00,27905.25,22
6249,220,2025-04-11 06:42:00+02:00,2405.43,
6250,350,2025-10-25 04:18:54+02:00,317.80,
6251,284,2025-02-14 21:08:04+02:00,475.62,
6252,944,2025-08-24 00:26:16+02:00,10996.39,
6253,226,2025-03-05 10:32:29+02:00,1419.42,
6254,183,2025-03-06 20:43:31+02:00,1104.56,
6255,578,2025-03-13 07:41:41+02:00,13291.81,27
6256,262,2025-02-11 19:41:27+02:00,15837.18,
6257,488,2025-07-29 00:27:00+02:00,14969.53,24
6258,922,2025-02-12 23:21:14+02:00,1601.20,
6259,551,2025-10-03 14:09:07+02:00,1822.27,
6260,525,2025-01-21 14:46:15+02:00,1460.96,
6261,515,2025-12-24 08:08:26+02:00,883.59,
6262,516,2025-08-13 15:11:02+02:00,2173.05,
6263,386,2025-05-07 17:12:06+02:00,948.55,
6264,394,2025-04-06 00:58:56+02:00,1601.74,23
6265,455,2025-07-27 16:37:17+02:00,4434.52,28
6266,16,2025-10-19 17:00:42+02:00,5279.64,
6267,983,2025-04-03 10:00:59+02:00,1018.24,24
6268,930,2025-06-26 09:16:05+02:00,938.69,
6269,86,2025-07-06 18:33:06+02:00,4385.74,
6270,468,2025-10-17 10:12:58+02:00,1684.92,
6271,1000,2025-06-20 13:51:13+02:00,461.44,
6272,609,2025-12-31 05:17:34+02:00,2004.75,
6273,5,2025-08-02 17:30:25+02:00,1600.52,
6274,102,2025-11-30 17:10:08+02:00,1129.91,15
6275,757,2025-09-23 07:38:28+02:00,1882.95,
6276,85,2025-02-01 10:36:29+02:00,1813.09,
6277,813,2025-06-18 21:32:21+02:00,1232.12,
6278,85,2025-06-27 18:46:33+02:00,1219.39,
6279,77,2025-03-08 02:58:29+02:00,3403.28,
6280,51,2025-04-08 03:16:01+02:00,928.32,
6281,319,2025-08-31 20:03:27+02:00,1814.57,
6282,833,2025-11-04 20:24:57+02:00,843.02,14
6283,31,2025-08-25 13:26:04+02:00,7992.86,
6284,659,2025-12-19 12:06:19+02:00,803.09,
6285,216,2025-09-29 03:24:23+02:00,2933.59,25
6286,714,2025-06-06 11:37:36+02:00,2684.67,
6287,199,2025-02-05 22:53:04+02:00,2983.34,12
6288,897,2025-01-27 14:06:48+02:00,616.02,
6289,335,2025-04-28 12:54:42+02:00,1998.77,
6290,898,2025-03-27 11:06:59+02:00,1116.61,
6291,685,2025-06-06 11:11:29+02:00,3131.56,
6292,152,2025-10-05 14:28:34+02:00,15056.87,
6293,188,2025-12-16 12:39:54+02:00,916.19,
6294,68,2025-09-15 22:03:03+02:00,1587.53,15
6295,351,2025-02-23 23:23:39+02:00,1167.47,
6296,805,2025-11-09 12:32:53+02:00,986.44,
6297,634,2025-07-13 13:33:53+02:00,2288.54,24
6298,672,2025-03-25 22:36:17+02:00,4940.39,
6299,637,2025-06-14 20:06:56+02:00,2628.84,
6300,473,2025-01-16 01:01:40+02:00,11889.82,
6301,889,2025-05-17 20:55:58+02:00,578.33,
6302,903,2025-03-29 05:24:11+02:00,826.79,
6303,108,2025-01-27 00:33:49+02:00,1362.31,16
6304,299,2025-09-11 19:53:23+02:00,3359.62,
6305,268,2025-01-14 23:12:14+02:00,888.22,
6306,677,2025-01-11 01:02:45+02:00,1005.07,21
6307,22,2025-12-13 21:13:16+02:00,1552.58,25
6308,481,2025-04-24 17:59:31+02:00,1241.66,
6309,363,2025-03-17 09:13:02+02:00,2587.34,
6310,42,2025-02-22 19:18:39+02:00,1487.70,
6311,260,2025-01-24 10:55:33+02:00,860.22,
6312,769,2025-10-07 10:12:12+02:00,957.13,
6313,534,2025-12-10 21:15:06+02:00,887.95,
6314,871,2025-04-14 00:14:45+02:00,478.74,
6315,131,2025-11-29 10:15:10+02:00,594.42,27
6316,391,2025-10-11 17:51:30+02:00,2868.98,12
6317,758,2025-04-05 11:31:31+02:00,1835.59,
6318,968,2025-02-05 16:52:02+02:00,1456.74,15
6319,145,2025-04-05 00:50:58+02:00,1903.30,
6320,312,2025-08-18 00:18:26+02:00,853.78,12
6321,271,2025-12-02 10:28:17+02:00,3801.93,
6322,611,2025-05-10 07:21:56+02:00,649.96,
6323,351,2025-08-05 19:48:36+02:00,2034.99,
6324,860,2025-12-10 04:40:45+02:00,1781.22,17
6325,253,2025-11-08 17:11:08+02:00,3111.48,
6326,269,2025-12-15 13:15:00+02:00,2457.60,28
6327,687,2025-08-12 05:23:12+02:00,2655.69,
6328,244,2025-05-28 22:14:19+02:00,642.35,17
6329,194,2025-04-18 00:19:18+02:00,945.26,
6330,120,2025-11-08 16:58:47+02:00,750.37,
6331,951,2025-11-23 15:07:50+02:00,532.01,
6332,84,2025-02-24 21:18:18+02:00,1447.60,
6333,316,2025-10-24 06:47:26+02:00,2417.46,
6334,811,2025-12-09 02:31:27+02:00,936.28,
6335,575,2025-11-29 12:15:18+02:00,429.10,24
6336,14,2025-12-01 19:00:22+02:00,452.83,26
6337,485,2025-02-24 17:12:15+02:00,5411.97,
6338,358,2025-07-27 22:53:12+02:00,457.40,
6339,615,2025-08-08 02:07:20+02:00,3885.49,
6340,147,2025-04-27 10:24:37+02:00,2086.82,
6341,881,2025-04-13 19:48:48+02:00,1655.21,18
6342,23,2025-05-24 23:41:33+02:00,1077.93,
6343,940,2025-12-19 12:56:51+02:00,1880.34,
6344,755,2025-09-30 08:11:40+02:00,569.21,
6345,206,2025-06-25 06:15:35+02:00,515.90,
6346,233,2025-04-23 02:29:20+02:00,975.28,22
6347,328,2025-03-31 08:04:20+02:00,735.96,
6348,642,2025-11-16 08:18:55+02:00,16054.62,12
6349,158,2025-07-31 20:48:13+02:00,2791.20,
6350,799,2025-05-31 08:52:41+02:00,21847.17,
6351,500,2025-08-19 04:31:32+02:00,1126.15,
6352,420,2025-11-06 23:08:25+02:00,20755.28,
6353,419,2025-07-13 08:07:49+02:00,1245.68,
6354,680,2025-09-17 09:54:56+02:00,538.68,
6355,634,2025-09-12 09:16:16+02:00,1330.43,
6356,444,2025-12-26 03:12:33+02:00,900.56,
6357,686,2025-09-30 18:55:06+02:00,1307.81,
6358,738,2025-06-08 17:59:14+02:00,27837.23,
6359,223,2025-09-07 21:44:12+02:00,5193.16,
6360,460,2025-08-20 02:16:49+02:00,3602.06,
6361,656,2025-09-29 05:29:12+02:00,1473.34,
6362,683,2025-10-18 05:59:25+02:00,1124.32,28
6363,418,2025-04-19 07:13:28+02:00,740.18,24
6364,368,2025-10-27 18:19:50+02:00,953.21,11
6365,601,2025-07-27 13:39:17+02:00,314.22,29
6366,943,2025-05-06 21:54:21+02:00,5073.86,18
6367,213,2025-06-30 22:13:34+02:00,2616.73,
6368,569,2025-03-26 14:14:06+02:00,2184.56,20
6369,321,2025-02-11 02:34:45+02:00,929.46,
6370,446,2025-11-07 22:25:20+02:00,1130.97,26
6371,582,2025-06-21 14:29:25+02:00,2151.44,30
6372,885,2025-09-14 19:15:01+02:00,1496.92,
6373,355,2025-12-18 22:00:41+02:00,2293.15,
6374,624,2025-09-03 15:50:21+02:00,1239.97,
6375,522,2025-04-21 02:27:36+02:00,213.73,24
6376,436,2025-02-14 06:01:25+02:00,1892.77,11
6377,486,2025-11-14 02:55:13+02:00,1497.62,
6378,480,2025-04-07 06:50:33+02:00,29648.06,
6379,660,2025-02-16 14:24:33+02:00,399.81,20
6380,1,2025-09-16 19:53:39+02:00,1456.69,
6381,103,2025-09-22 01:41:28+02:00,1301.88,
6382,474,2025-06-10 03:23:47+02:00,972.67,
6383,301,2025-10-14 14:55:53+02:00,833.82,26
6384,227,2025-12-23 17:43:11+02:00,850.04,
6385,395,2025-09-22 11:15:03+02:00,1605.52,
6386,466,2025-01-30 21:04:17+02:00,4014.86,
6387,578,2025-10-12 00:30:25+02:00,851.88,
6388,788,2025-06-06 20:38:16+02:00,3300.03,
6389,372,2025-10-25 13:49:27+02:00,1179.94,
6390,848,2025-10-30 23:18:49+02:00,1692.29,
6391,620,2025-12-03 11:52:27+02:00,945.94,
6392,587,2025-05-28 09:30:03+02:00,708.62,
6393,943,2025-07-31 15:28:15+02:00,1056.62,
6394,972,2025-09-05 09:38:03+02:00,1000.99,
6395,544,2025-05-23 23:48:14+02:00,2875.24,
6396,156,2025-05-24 07:17:08+02:00,948.59,20
6397,926,2025-02-09 03:44:21+02:00,1431.95,
6398,417,2025-03-18 21:27:40+02:00,872.53,
6399,922,2025-11-21 03:14:50+02:00,810.98,
6400,491,2025-07-19 02:34:26+02:00,661.70,21
6401,111,2025-01-23 20:57:55+02:00,942.80,
6402,32,2025-11-01 22:24:02+02:00,2751.71,23
6403,107,2025-02-01 09:33:25+02:00,1761.49,
6404,461,2025-11-18 04:26:53+02:00,1599.97,
6405,745,2025-06-11 18:37:21+02:00,16002.98,
6406,35,2025-06-23 15:25:06+02:00,5956.09,
6407,596,2025-03-31 22:22:51+02:00,2450.45,20
6408,246,2025-08-29 02:24:25+02:00,475.69,
6409,141,2025-05-02 06:59:59+02:00,1240.63,
6410,231,2025-06-07 03:44:18+02:00,912.70,
6411,193,2025-12-31 10:38:35+02:00,6603.49,
6412,55,2025-05-20 11:50:52+02:00,39678.80,
6413,866,2025-03-27 17:26:44+02:00,745.40,25
6414,150,2025-03-12 22:02:23+02:00,2219.71,
6415,876,2025-06-23 09:16:49+02:00,2079.53,
6416,990,2025-05-14 12:21:28+02:00,5494.70,
6417,972,2025-05-29 14:26:14+02:00,1395.61,
6418,359,2025-08-09 07:07:02+02:00,8476.02,
6419,556,2025-06-19 19:44:42+02:00,2540.78,
6420,609,2025-12-19 10:38:33+02:00,831.58,
6421,193,2025-01-18 20:25:00+02:00,3352.53,
6422,248,2025-03-12 10:06:21+02:00,3102.48,
6423,858,2025-12-27 12:16:04+02:00,2028.78,
6424,31,2025-10-07 20:49:18+02:00,3294.28,
6425,227,2025-05-09 00:33:21+02:00,1041.89,21
6426,922,2025-09-23 00:03:25+02:00,1543.14,
6427,908,2025-01-22 06:58:59+02:00,1093.54,
6428,939,2025-08-16 16:44:19+02:00,2402.42,
6429,70,2025-10-01 03:02:05+02:00,1289.73,
6430,596,2025-01-16 14:33:50+02:00,1659.93,
6431,297,2025-05-18 23:51:18+02:00,815.30,
6432,553,2025-09-15 11:50:48+02:00,709.91,
6433,150,2025-01-16 18:34:31+02:00,1037.72,
6434,495,2025-04-08 00:46:34+02:00,975.41,
6435,491,2025-01-08 21:56:10+02:00,3238.22,
6436,279,2025-04-07 05:40:03+02:00,5129.66,
6437,814,2025-05-12 11:22:21+02:00,671.21,
6438,253,2025-09-15 23:46:14+02:00,961.33,
6439,10,2025-05-29 12:48:47+02:00,3459.21,
6440,4,2025-03-17 11:25:15+02:00,4598.10,14
6441,976,2025-10-16 14:21:17+02:00,959.36,14
6442,757,2025-03-08 23:11:30+02:00,933.28,
6443,828,2025-08-24 06:00:42+02:00,10545.64,
6444,367,2025-05-22 14:36:21+02:00,1478.30,
6445,898,2025-03-31 20:50:49+02:00,341.18,24
6446,315,2025-02-17 21:06:11+02:00,323.18,13
6447,927,2025-07-14 23:56:57+02:00,1671.20,
6448,632,2025-01-08 14:45:42+02:00,3363.86,
6449,365,2025-11-05 06:10:57+02:00,2609.25,
6450,297,2025-04-23 19:21:48+02:00,1277.29,
6451,208,2025-01-22 06:31:37+02:00,3115.57,25
6452,887,2025-10-14 14:13:13+02:00,452.09,
6453,423,2025-12-15 08:22:15+02:00,2472.23,21
6454,956,2025-05-02 10:33:17+02:00,609.28,15
6455,479,2025-03-02 12:15:05+02:00,452.66,
6456,664,2025-11-12 18:41:04+02:00,718.59,
6457,692,2025-01-18 04:55:51+02:00,3191.03,
6458,958,2025-06-29 13:37:35+02:00,5348.14,
6459,205,2025-04-07 18:21:32+02:00,5578.35,26
6460,662,2025-12-08 11:38:58+02:00,4991.04,
6461,286,2025-07-12 15:06:09+02:00,1195.34,
6462,856,2025-12-04 13:30:09+02:00,1617.68,17
6463,76,2025-10-14 13:43:53+02:00,2111.38,
6464,309,2025-11-16 05:10:25+02:00,1365.08,
6465,992,2025-08-19 21:29:46+02:00,1143.77,
6466,264,2025-08-15 22:00:05+02:00,1428.76,26
6467,71,2025-12-29 20:09:49+02:00,1390.11,12
6468,163,2025-01-12 22:42:37+02:00,831.61,25
6469,435,2025-11-26 02:15:09+02:00,38891.43,
6470,736,2025-09-10 17:23:14+02:00,1902.96,22
6471,224,2025-09-08 14:30:48+02:00,337.51,
6472,26,2025-03-21 08:08:15+02:00,10165.45,30
6473,733,2025-09-24 04:32:54+02:00,1395.05,24
6474,808,2025-04-24 21:55:09+02:00,926.95,13
6475,770,2025-03-03 09:59:51+02:00,2327.07,
6476,399,2025-07-12 21:04:01+02:00,11892.69,28
6477,743,2025-09-09 17:50:50+02:00,741.84,
6478,554,2025-05-08 07:16:24+02:00,752.90,
6479,933,2025-12-05 00:54:22+02:00,3848.78,
6480,537,2025-10-25 11:46:37+02:00,2776.21,
6481,217,2025-10-30 13:43:48+02:00,709.82,
6482,349,2025-01-01 20:40:09+02:00,1063.38,
6483,919,2025-04-22 18:28:19+02:00,11168.01,
6484,853,2025-11-04 08:57:54+02:00,7128.14,
6485,398,2025-01-30 01:05:32+02:00,1443.21,22
6486,594,2025-09-22 06:37:44+02:00,429.03,
6487,662,2025-08-28 01:36:11+02:00,824.30,25
6488,460,2025-05-22 05:18:30+02:00,668.79,23
6489,985,2025-08-09 14:49:19+02:00,6730.22,
6490,510,2025-07-21 11:38:12+02:00,458.55,25
6491,159,2025-09-15 15:00:53+02:00,1660.77,
6492,597,2025-02-25 10:47:57+02:00,38739.98,
6493,357,2025-02-07 05:29:11+02:00,1048.26,
6494,422,2025-10-18 03:32:03+02:00,3072.08,
6495,915,2025-10-20 14:10:28+02:00,5543.95,
6496,387,2025-06-16 14:23:21+02:00,399.06,
6497,664,2025-07-10 19:43:28+02:00,30465.14,
6498,332,2025-05-23 05:58:03+02:00,801.73,25
6499,266,2025-05-22 04:06:37+02:00,20043.53,
6500,556,2025-12-30 01:59:06+02:00,1174.47,
6501,764,2025-08-29 16:25:37+02:00,937.83,
6502,811,2025-01-29 06:18:34+02:00,1533.61,13
6503,199,2025-06-07 13:55:56+02:00,3968.81,
6504,97,2025-10-15 04:06:08+02:00,1144.74,
6505,844,2025-03-22 15:06:25+02:00,2373.22,
6506,356,2025-01-19 11:27:20+02:00,21940.86,
6507,233,2025-06-17 21:18:13+02:00,2861.41,
6508,258,2025-12-11 06:53:09+02:00,864.74,
6509,850,2025-05-30 05:40:40+02:00,1995.06,
6510,837,2025-10-17 23:30:48+02:00,1328.81,
6511,317,2025-06-10 09:02:53+02:00,1160.54,
6512,99,2025-08-28 02:05:41+02:00,1586.72,
6513,494,2025-10-22 06:36:51+02:00,1894.22,14
6514,148,2025-05-27 13:06:31+02:00,2980.88,18
6515,336,2025-12-05 11:32:43+02:00,1014.99,13
6516,667,2025-08-01 09:40:48+02:00,14838.34,
6517,199,2025-06-09 10:43:33+02:00,814.62,24
6518,137,2025-11-20 19:16:44+02:00,8783.25,18
6519,513,2025-08-25 15:55:21+02:00,613.01,
6520,214,2025-10-24 11:15:09+02:00,527.91,17
6521,931,2025-04-04 15:07:50+02:00,2966.98,
6522,673,2025-10-18 12:28:11+02:00,694.87,
6523,374,2025-06-10 18:46:11+02:00,1400.58,
6524,271,2025-04-02 13:22:22+02:00,1040.84,
6525,284,2025-08-03 01:22:32+02:00,1857.30,
6526,986,2025-12-31 20:59:50+02:00,1572.52,
6527,613,2025-07-19 03:31:08+02:00,4337.12,
6528,690,2025-06-21 13:35:06+02:00,244.01,
6529,664,2025-12-22 05:01:46+02:00,3391.59,22
6530,520,2025-12-17 09:00:49+02:00,3632.47,21
6531,455,2025-10-29 02:13:12+02:00,1549.25,
6532,669,2025-02-20 13:41:18+02:00,15597.41,
6533,816,2025-07-05 00:53:40+02:00,5770.68,
6534,493,2025-07-01 05:24:36+02:00,869.34,29
6535,373,2025-10-05 20:26:36+02:00,2122.51,
6536,189,2025-04-29 00:50:28+02:00,25007.38,23
6537,276,2025-12-27 00:57:55+02:00,466.50,24
6538,546,2025-08-19 02:51:52+02:00,902.56,
6539,849,2025-02-09 03:22:22+02:00,50823.86,
6540,423,2025-09-07 14:22:06+02:00,3101.47,20
6541,556,2025-09-19 21:03:59+02:00,17418.72,
6542,577,2025-08-26 12:35:40+02:00,352.28,24
6543,598,2025-12-03 17:40:01+02:00,409.21,24
6544,362,2025-05-18 13:56:36+02:00,2541.80,
6545,843,2025-03-27 14:19:53+02:00,1628.25,17
6546,706,2025-11-11 23:07:22+02:00,1549.12,
6547,594,2025-07-31 01:08:37+02:00,1994.78,16
6548,802,2025-01-20 10:41:25+02:00,14523.32,
6549,845,2025-07-10 00:13:50+02:00,1072.02,13
6550,3,2025-01-02 17:07:49+02:00,5558.00,
6551,838,2025-06-07 22:08:05+02:00,1138.83,28
6552,176,2025-05-18 02:48:47+02:00,671.82,29
6553,585,2025-04-01 05:58:43+02:00,1157.41,
6554,438,2025-10-23 15:57:26+02:00,2596.96,
6555,160,2025-01-07 08:05:42+02:00,2513.32,
6556,310,2025-02-22 17:15:55+02:00,1234.22,25
6557,89,2025-11-15 12:18:59+02:00,3079.22,28
6558,689,2025-07-01 13:37:32+02:00,1100.80,
6559,720,2025-09-19 10:30:04+02:00,439.95,
6560,603,2025-02-10 04:11:26+02:00,1116.70,
6561,961,2025-03-20 20:31:38+02:00,2127.28,26
6562,742,2025-01-11 05:31:56+02:00,605.70,
6563,576,2025-07-16 14:16:04+02:00,2220.98,
6564,988,2025-11-14 04:40:33+02:00,854.84,30
6565,378,2025-11-17 19:03:55+02:00,5357.43,
6566,982,2025-03-08 20:12:39+02:00,2209.08,20
6567,824,2025-08-09 04:29:13+02:00,2205.31,
6568,2,2025-03-10 09:18:51+02:00,3047.15,
6569,85,2025-08-25 19:35:06+02:00,3005.72,
6570,373,2025-12-18 18:12:30+02:00,1731.09,
6571,470,2025-11-03 05:50:51+02:00,4979.26,
6572,68,2025-11-23 07:27:46+02:00,1293.67,
6573,280,2025-10-17 00:22:12+02:00,1670.72,27
6574,189,2025-03-05 15:43:36+02:00,9314.16,
6575,480,2025-01-06 18:56:18+02:00,727.71,
6576,703,2025-01-29 22:32:03+02:00,1891.23,24
6577,927,2025-05-15 09:46:50+02:00,3041.27,
6578,11,2025-04-15 20:20:34+02:00,1957.39,
6579,516,2025-09-30 10:00:36+02:00,511.57,
6580,935,2025-04-01 05:44:33+02:00,1448.95,
6581,578,2025-09-18 00:37:00+02:00,11538.12,
6582,754,2025-05-02 14:29:25+02:00,2107.80,
6583,270,2025-09-16 17:49:19+02:00,1076.36,
6584,539,2025-06-25 10:38:40+02:00,1722.12,
6585,155,2025-09-03 12:26:57+02:00,1313.12,
6586,43,2025-08-10 13:58:46+02:00,3410.88,
6587,640,2025-12-04 03:59:48+02:00,1607.53,
6588,280,2025-07-23 16:03:30+02:00,462.20,30
6589,977,2025-12-02 17:40:57+02:00,385.58,17
6590,398,2025-09-13 07:47:26+02:00,12396.00,17
6591,101,2025-08-09 00:33:01+02:00,19456.12,14
6592,669,2025-06-06 15:41:50+02:00,16967.24,25
6593,376,2025-04-19 19:29:10+02:00,20777.91,
6594,262,2025-02-28 10:38:30+02:00,1431.45,21
6595,549,2025-03-15 23:07:09+02:00,938.11,
6596,154,2025-03-06 02:39:05+02:00,3805.68,
6597,806,2025-04-01 17:49:07+02:00,2554.24,
6598,201,2025-08-06 15:02:24+02:00,1650.17,
6599,587,2025-01-04 06:12:31+02:00,3589.47,
6600,532,2025-08-28 07:27:10+02:00,1597.60,
6601,912,2025-03-22 06:38:52+02:00,5493.54,
6602,321,2025-02-28 21:49:00+02:00,1188.61,
6603,329,2025-07-20 03:33:48+02:00,3974.15,
6604,30,2025-11-02 21:56:39+02:00,559.38,
6605,225,2025-06-25 10:42:56+02:00,3151.33,
6606,782,2025-01-06 19:00:32+02:00,3676.57,13
6607,226,2025-02-10 00:35:42+02:00,1148.45,
6608,764,2025-06-18 22:36:01+02:00,956.82,
6609,182,2025-07-31 03:03:44+02:00,1778.08,
6610,579,2025-10-09 05:16:39+02:00,3309.93,
6611,133,2025-06-11 16:50:43+02:00,4444.46,29
6612,404,2025-04-16 22:29:23+02:00,518.61,
6613,49,2025-05-03 23:00:22+02:00,489.56,
6614,385,2025-11-30 15:28:28+02:00,3439.48,30
6615,283,2025-09-19 14:25:38+02:00,4556.44,
6616,271,2025-04-11 14:33:16+02:00,1633.44,
6617,887,2025-04-26 08:43:55+02:00,1964.16,
6618,500,2025-09-30 04:22:34+02:00,1347.61,22
6619,20,2025-11-09 04:55:57+02:00,4542.48,
6620,104,2025-07-17 00:45:02+02:00,496.92,
6621,564,2025-11-11 23:44:10+02:00,2964.68,
6622,323,2025-04-21 19:53:00+02:00,379.71,17
6623,71,2025-12-20 10:48:10+02:00,14179.64,
6624,217,2025-08-27 02:56:37+02:00,1026.83,25
6625,267,2025-07-30 04:24:42+02:00,913.18,
6626,119,2025-01-04 09:02:11+02:00,546.74,
6627,419,2025-06-14 14:55:48+02:00,15745.13,24
6628,297,2025-08-17 19:21:56+02:00,14702.44,
6629,861,2025-09-06 17:29:23+02:00,508.40,30
6630,843,2025-12-17 19:07:48+02:00,1358.28,
6631,26,2025-06-23 16:28:42+02:00,5001.35,
6632,785,2025-05-05 00:56:23+02:00,761.53,
6633,622,2025-11-23 20:41:50+02:00,15998.42,
6634,856,2025-11-24 09:01:32+02:00,27977.65,
6635,691,2025-02-22 05:07:58+02:00,1087.85,
6636,510,2025-07-18 02:00:15+02:00,689.54,
6637,954,2025-09-08 19:36:39+02:00,16395.83,
6638,979,2025-11-19 18:58:27+02:00,1457.86,
6639,913,2025-11-06 04:30:28+02:00,513.55,
6640,836,2025-05-15 14:05:25+02:00,1832.16,
6641,138,2025-05-07 15:52:10+02:00,2222.32,28
6642,617,2025-08-21 01:16:52+02:00,743.53,29
6643,43,2025-03-03 09:37:46+02:00,1129.88,24
6644,994,2025-04-23 15:20:23+02:00,1807.94,
6645,51,2025-08-11 20:25:08+02:00,1405.71,
6646,92,2025-05-11 00:32:57+02:00,22145.08,
6647,864,2025-12-08 08:27:03+02:00,3739.53,
6648,659,2025-01-23 12:40:27+02:00,1560.08,
6649,101,2025-07-02 02:26:39+02:00,162.32,15
6650,666,2025-02-03 04:16:49+02:00,848.42,
6651,597,2025-12-23 21:10:10+02:00,2277.01,
6652,285,2025-06-30 00:24:53+02:00,421.25,
6653,426,2025-07-22 09:36:07+02:00,12178.06,
6654,668,2025-03-07 20:08:19+02:00,942.22,
6655,875,2025-05-16 19:59:21+02:00,1213.35,30
6656,249,2025-02-05 04:45:59+02:00,2772.39,28
6657,132,2025-12-17 11:00:01+02:00,1727.90,
6658,544,2025-07-21 21:02:30+02:00,2634.86,
6659,37,2025-01-31 14:07:44+02:00,920.42,
6660,585,2025-06-16 17:40:42+02:00,1176.05,
6661,210,2025-09-12 07:49:50+02:00,962.98,16
6662,172,2025-11-13 18:03:01+02:00,802.76,
6663,801,2025-03-02 01:06:21+02:00,3388.73,23
6664,806,2025-12-03 13:11:34+02:00,1080.82,
6665,242,2025-07-16 02:26:36+02:00,27875.12,23
6666,459,2025-06-06 03:15:20+02:00,2649.59,
6667,668,2025-04-29 13:44:49+02:00,11474.44,
6668,94,2025-01-02 03:23:40+02:00,961.69,
6669,216,2025-03-16 01:31:13+02:00,690.46,21
6670,213,2025-05-02 15:13:53+02:00,2043.53,
6671,881,2025-10-06 18:28:28+02:00,1805.76,11
6672,789,2025-07-06 12:13:57+02:00,629.46,
6673,226,2025-05-25 16:32:08+02:00,4353.56,16
6674,534,2025-04-20 03:12:04+02:00,5150.29,14
6675,446,2025-05-01 16:11:53+02:00,592.64,13
6676,11,2025-11-09 07:42:53+02:00,3619.36,
6677,228,2025-06-01 13:25:58+02:00,1188.61,
6678,948,2025-10-26 04:03:51+02:00,1437.58,
6679,724,2025-05-30 18:18:50+02:00,8966.58,
6680,456,2025-04-04 15:35:37+02:00,1167.80,
6681,786,2025-12-11 21:21:56+02:00,6692.36,
6682,108,2025-02-21 09:40:20+02:00,620.91,
6683,396,2025-04-07 00:32:54+02:00,634.95,22
6684,829,2025-12-25 14:04:15+02:00,2365.87,
6685,76,2025-02-18 08:36:57+02:00,2054.64,29
6686,508,2025-02-18 07:23:36+02:00,2578.15,
6687,118,2025-02-20 13:51:23+02:00,1824.17,
6688,90,2025-10-10 10:32:14+02:00,3960.95,
6689,360,2025-11-01 11:54:38+02:00,3330.72,
6690,627,2025-05-21 10:29:38+02:00,592.89,
6691,378,2025-09-24 04:12:18+02:00,599.23,
6692,347,2025-08-03 05:38:14+02:00,1492.66,
6693,563,2025-09-27 13:28:08+02:00,2620.45,
6694,69,2025-06-11 00:25:38+02:00,933.23,
6695,58,2025-05-03 08:47:55+02:00,293.09,16
6696,85,2025-10-16 17:28:29+02:00,641.52,
6697,417,2025-07-19 10:58:28+02:00,765.90,12
6698,223,2025-06-19 06:00:44+02:00,2135.68,
6699,668,2025-10-29 03:23:02+02:00,1041.47,
6700,414,2025-05-03 11:19:05+02:00,474.41,29
6701,300,2025-11-05 18:35:58+02:00,952.96,
6702,386,2025-01-20 19:29:28+02:00,5814.41,
6703,816,2025-07-06 19:39:08+02:00,9539.06,
6704,867,2025-02-27 08:23:56+02:00,2628.24,24
6705,997,2025-12-06 07:51:00+02:00,680.56,
6706,213,2025-11-04 07:15:35+02:00,18271.36,
6707,151,2025-04-08 21:56:02+02:00,1474.80,
6708,174,2025-05-20 02:01:09+02:00,1725.86,
6709,957,2025-07-06 06:43:11+02:00,5185.78,
6710,702,2025-08-02 17:52:57+02:00,442.87,14
6711,357,2025-09-13 14:26:08+02:00,4807.34,23
6712,522,2025-10-26 15:21:54+02:00,2851.04,
6713,597,2025-01-09 09:57:09+02:00,1529.41,
6714,508,2025-07-05 12:05:18+02:00,693.76,
6715,986,2025-02-09 21:45:26+02:00,1475.73,
6716,423,2025-12-06 21:21:59+02:00,1536.70,
6717,967,2025-02-09 06:24:42+02:00,1355.93,18
6718,660,2025-10-30 07:21:02+02:00,2748.41,
6719,821,2025-02-22 18:14:33+02:00,1843.58,
6720,374,2025-05-31 14:03:17+02:00,1082.90,
6721,379,2025-01-01 09:39:12+02:00,2913.94,
6722,181,2025-05-04 12:31:11+02:00,638.80,11
6723,805,2025-02-11 00:46:15+02:00,453.20,
6724,299,2025-07-10 00:53:09+02:00,735.24,18
6725,165,2025-06-16 02:51:26+02:00,967.90,
6726,472,2025-04-03 12:00:26+02:00,2668.92,15
6727,312,2025-04-25 19:27:28+02:00,2642.43,28
6728,762,2025-04-21 01:40:51+02:00,2237.49,
6729,234,2025-10-08 07:14:02+02:00,247.65,
6730,594,2025-03-09 13:52:14+02:00,10391.52,22
6731,727,2025-07-16 03:40:15+02:00,2133.93,
6732,23,2025-06-10 13:43:43+02:00,471.81,29
6733,749,2025-03-12 01:43:07+02:00,4795.45,27
6734,217,2025-08-03 05:31:53+02:00,768.29,15
6735,74,2025-08-06 00:06:21+02:00,800.56,
6736,226,2025-08-16 17:59:01+02:00,1876.01,13
6737,335,2025-07-09 23:11:08+02:00,2398.36,
6738,999,2025-02-23 03:13:13+02:00,1168.34,
6739,658,2025-06-09 03:42:15+02:00,1619.83,
6740,604,2025-01-09 12:36:06+02:00,2473.84,
6741,863,2025-09-18 22:01:27+02:00,11152.56,
6742,144,2025-09-16 05:16:39+02:00,464.78,
6743,664,2025-01-21 18:07:54+02:00,448.39,
6744,689,2025-02-18 23:07:29+02:00,1329.24,
6745,429,2025-03-22 16:13:51+02:00,973.85,22
6746,94,2025-03-08 22:35:34+02:00,2704.49,23
6747,277,2025-10-25 12:29:37+02:00,786.73,
6748,94,2025-06-25 15:29:40+02:00,1368.84,12
6749,229,2025-09-01 17:54:49+02:00,230.67,
6750,213,2025-05-18 14:40:53+02:00,1210.89,
6751,632,2025-03-14 05:53:03+02:00,710.56,
6752,338,2025-01-30 20:36:09+02:00,1618.23,25
6753,414,2025-04-21 20:14:10+02:00,1844.30,27
6754,472,2025-09-02 01:08:58+02:00,534.83,
6755,13,2025-04-26 11:56:16+02:00,601.18,
6756,615,2025-08-13 08:43:22+02:00,8150.28,
6757,568,2025-03-15 23:07:40+02:00,15814.21,15
6758,949,2025-06-19 13:23:46+02:00,4555.62,
6759,538,2025-07-23 11:22:47+02:00,888.84,
6760,143,2025-06-12 12:07:20+02:00,1476.46,
6761,997,2025-12-30 15:10:17+02:00,18047.03,11
6762,767,2025-11-26 05:19:56+02:00,1669.24,
6763,153,2025-03-04 09:04:32+02:00,627.00,28
6764,702,2025-08-07 22:03:14+02:00,10858.70,
6765,937,2025-03-24 17:05:15+02:00,1205.58,24
6766,623,2025-11-06 19:58:35+02:00,1741.38,
6767,396,2025-07-07 02:47:07+02:00,624.39,
6768,319,2025-04-12 15:21:24+02:00,393.02,17
6769,130,2025-06-07 10:25:18+02:00,29178.27,
6770,17,2025-05-07 21:50:23+02:00,1404.50,
6771,7,2025-04-10 06:53:50+02:00,965.91,26
6772,396,2025-06-24 21:34:56+02:00,1954.99,
6773,93,2025-04-28 20:30:18+02:00,1316.29,
6774,259,2025-06-17 06:18:29+02:00,1135.95,
6775,159,2025-04-16 22:20:19+02:00,3036.82,
6776,340,2025-02-13 20:04:10+02:00,2166.00,
6777,770,2025-11-27 09:12:52+02:00,2520.29,
6778,897,2025-01-12 16:12:25+02:00,1415.98,
6779,408,2025-12-14 18:04:01+02:00,1261.09,
6780,368,2025-07-01 00:58:39+02:00,3066.46,
6781,294,2025-10-24 00:32:58+02:00,1702.43,22
6782,375,2025-04-20 18:24:07+02:00,3489.61,
6783,104,2025-05-18 17:54:37+02:00,560.89,13
6784,65,2025-09-05 19:35:10+02:00,275.46,13
6785,717,2025-02-22 08:56:47+02:00,5497.26,
6786,288,2025-09-14 18:06:48+02:00,419.26,26
6787,358,2025-07-15 02:17:30+02:00,1419.26,
6788,876,2025-06-22 11:20:07+02:00,5426.06,
6789,753,2025-07-31 18:22:15+02:00,1688.93,
6790,942,2025-01-04 18:17:45+02:00,814.72,
6791,540,2025-06-23 01:07:30+02:00,13365.93,
6792,176,2025-05-14 22:10:52+02:00,21275.01,
6793,152,2025-04-06 06:31:36+02:00,2226.18,
6794,789,2025-01-05 07:19:59+02:00,4230.75,
6795,496,2025-05-10 05:22:12+02:00,856.98,
6796,53,2025-04-26 04:01:19+02:00,721.54,
6797,824,2025-06-24 20:29:28+02:00,1967.50,
6798,771,2025-12-19 14:55:54+02:00,2107.70,
6799,214,2025-05-14 00:24:38+02:00,2147.14,
6800,586,2025-11-28 02:17:59+02:00,2205.88,
6801,573,2025-11-12 14:09:05+02:00,1951.89,
6802,502,2025-07-21 14:59:48+02:00,599.34,
6803,124,2025-07-19 12:17:47+02:00,1035.02,
6804,428,2025-03-03 12:48:45+02:00,1438.38,22
6805,419,2025-07-16 14:28:52+02:00,581.69,
6806,924,2025-05-16 09:48:16+02:00,2290.21,
6807,160,2025-06-26 12:22:38+02:00,2302.79,
6808,878,2025-05-17 21:32:55+02:00,1177.17,
6809,645,2025-05-01 09:19:45+02:00,597.62,
6810,276,2025-04-16 11:12:52+02:00,408.49,
6811,231,2025-02-09 15:09:42+02:00,2593.80,
6812,354,2025-01-25 15:28:45+02:00,875.02,
6813,650,2025-01-09 13:40:00+02:00,2709.66,
6814,892,2025-01-29 06:35:54+02:00,1711.31,14
6815,642,2025-07-25 11:57:36+02:00,7411.58,
6816,99,2025-12-18 00:31:57+02:00,771.84,
6817,91,2025-11-05 12:02:10+02:00,2388.33,
6818,994,2025-03-31 16:29:13+02:00,1177.43,24
6819,244,2025-09-18 22:45:17+02:00,263.17,19
6820,618,2025-02-18 14:14:31+02:00,2303.11,25
6821,393,2025-12-07 22:43:36+02:00,1784.27,
6822,943,2025-02-26 23:52:04+02:00,2898.61,
6823,861,2025-10-09 16:54:08+02:00,315.24,
6824,997,2025-08-13 21:39:21+02:00,1529.16,
6825,740,2025-08-15 17:48:14+02:00,2078.75,
6826,622,2025-05-31 20:44:21+02:00,3044.08,
6827,143,2025-12-11 04:24:14+02:00,1180.08,
6828,94,2025-10-11 09:49:34+02:00,325.63,11
6829,630,2025-03-29 03:36:03+02:00,19118.84,14
6830,706,2025-03-14 08:06:24+02:00,740.62,27
6831,596,2025-10-19 09:47:26+02:00,4430.85,
6832,573,2025-08-25 19:19:40+02:00,797.95,
6833,144,2025-07-09 11:20:33+02:00,633.98,
6834,790,2025-12-11 16:35:13+02:00,1155.77,23
6835,930,2025-09-28 07:43:31+02:00,663.15,21
6836,361,2025-05-19 21:31:16+02:00,1633.50,
6837,324,2025-05-15 00:18:23+02:00,717.36,
6838,398,2025-07-18 15:31:36+02:00,3207.12,16
6839,122,2025-05-12 22:49:18+02:00,18626.04,22
6840,892,2025-10-03 17:05:12+02:00,924.32,29
6841,856,2025-03-21 17:23:54+02:00,834.68,
6842,627,2025-02-14 19:49:48+02:00,1938.42,26
6843,967,2025-01-18 01:21:19+02:00,952.94,
6844,881,2025-03-06 18:23:05+02:00,2048.69,
6845,326,2025-12-19 21:59:21+02:00,954.24,14
6846,63,2025-04-21 22:24:47+02:00,20041.24,
6847,360,2025-12-08 00:51:59+02:00,2270.83,27
6848,327,2025-09-19 09:27:11+02:00,1051.42,
6849,281,2025-11-11 23:55:42+02:00,1050.33,
6850,500,2025-01-07 03:29:35+02:00,1696.70,
6851,632,2025-04-02 07:05:33+02:00,470.91,21
6852,966,2025-02-23 11:02:47+02:00,2815.14,14
6853,923,2025-06-05 01:33:36+02:00,2044.25,
6854,277,2025-02-15 11:39:04+02:00,27902.44,18
6855,333,2025-05-08 11:02:41+02:00,7294.34,
6856,647,2025-11-10 01:32:10+02:00,1553.32,
6857,135,2025-08-22 02:59:32+02:00,1460.62,
6858,751,2025-03-27 17:29:38+02:00,3718.40,
6859,243,2025-11-23 22:14:39+02:00,421.43,
6860,636,2025-07-05 00:24:57+02:00,536.65,
6861,144,2025-12-12 19:16:45+02:00,4249.71,
6862,569,2025-11-14 18:02:49+02:00,1486.30,
6863,444,2025-05-28 14:59:36+02:00,2905.58,
6864,785,2025-12-07 19:08:28+02:00,709.02,
6865,173,2025-04-18 07:01:14+02:00,1079.65,
6866,478,2025-07-14 19:44:58+02:00,9582.60,16
6867,138,2025-03-01 04:23:05+02:00,730.85,
6868,316,2025-03-06 07:49:33+02:00,1147.47,26
6869,73,2025-12-19 08:28:49+02:00,968.41,
6870,229,2025-12-17 20:13:52+02:00,1563.33,14
6871,526,2025-06-10 14:30:08+02:00,3160.56,16
6872,88,2025-12-10 01:51:58+02:00,21142.35,
6873,625,2025-08-25 12:40:48+02:00,2212.45,
6874,999,2025-06-02 16:30:43+02:00,1731.35,
6875,345,2025-08-27 16:56:10+02:00,701.35,
6876,19,2025-12-09 01:31:55+02:00,4727.88,
6877,195,2025-03-28 14:13:13+02:00,1027.86,
6878,645,2025-06-15 10:07:57+02:00,1105.60,
6879,848,2025-11-10 17:55:44+02:00,19837.71,25
6880,355,2025-12-16 20:58:44+02:00,1992.35,18
6881,436,2025-06-16 20:24:00+02:00,1565.39,21
6882,123,2025-07-18 14:48:38+02:00,2090.92,20
6883,751,2025-11-10 04:35:57+02:00,633.31,
6884,145,2025-06-24 23:22:33+02:00,1557.39,25
6885,629,2025-05-25 18:48:45+02:00,1293.98,
6886,180,2025-09-24 18:42:38+02:00,968.43,
6887,794,2025-10-26 17:38:34+02:00,1008.52,
6888,322,2025-02-20 04:16:04+02:00,1107.70,
6889,713,2025-01-11 20:32:17+02:00,4205.15,
6890,166,2025-01-03 03:38:06+02:00,9438.73,
6891,265,2025-07-01 09:52:05+02:00,1265.74,
6892,692,2025-09-03 06:50:15+02:00,1489.46,
6893,811,2025-05-28 16:50:08+02:00,2299.40,
6894,66,2025-01-08 20:12:15+02:00,2915.88,
6895,92,2025-10-30 17:35:57+02:00,1228.23,23
6896,983,2025-06-13 23:42:10+02:00,3792.70,
6897,611,2025-11-28 22:22:20+02:00,1867.78,
6898,291,2025-08-05 12:25:38+02:00,1748.49,
6899,53,2025-02-18 13:56:22+02:00,802.84,
6900,493,2025-11-28 05:17:44+02:00,1672.50,
6901,321,2025-01-05 04:06:17+02:00,16182.02,23
6902,763,2025-01-23 21:10:47+02:00,618.76,
6903,418,2025-04-07 03:05:18+02:00,9775.61,
6904,911,2025-07-03 17:23:57+02:00,586.94,24
6905,128,2025-06-27 11:40:48+02:00,1018.06,
6906,738,2025-10-16 03:17:31+02:00,923.08,
6907,173,2025-08-19 18:39:19+02:00,16298.25,
6908,870,2025-04-05 08:19:33+02:00,6579.12,
6909,37,2025-06-21 09:25:54+02:00,3225.02,
6910,339,2025-07-10 10:51:04+02:00,898.80,
6911,757,2025-02-20 18:18:16+02:00,1534.09,
6912,7,2025-02-27 15:14:51+02:00,1226.41,
6913,136,2025-09-17 16:36:27+02:00,1631.17,12
6914,272,2025-11-27 01:44:50+02:00,623.43,
6915,931,2025-12-09 21:18:06+02:00,1692.32,21
6916,491,2025-09-20 16:19:18+02:00,766.72,24
6917,415,2025-08-24 04:51:58+02:00,2634.80,
6918,777,2025-01-10 18:45:40+02:00,1126.27,
6919,885,2025-10-23 06:20:08+02:00,2488.35,27
6920,283,2025-01-12 06:35:51+02:00,575.04,21
6921,123,2025-07-29 20:06:35+02:00,4969.41,
6922,611,2025-02-08 13:19:55+02:00,20079.25,
6923,650,2025-05-09 12:33:48+02:00,591.72,
6924,826,2025-08-17 15:00:53+02:00,625.34,27
6925,356,2025-07-08 22:59:20+02:00,3803.16,23
6926,61,2025-11-21 23:41:19+02:00,383.21,30
6927,344,2025-11-06 20:51:16+02:00,2252.26,23
6928,681,2025-01-04 10:31:25+02:00,892.52,20
6929,892,2025-06-06 09:54:25+02:00,350.91,
6930,58,2025-08-25 06:53:54+02:00,387.85,
6931,830,2025-09-09 09:56:48+02:00,839.04,
6932,145,2025-12-21 06:56:50+02:00,1041.80,
6933,330,2025-03-03 07:29:17+02:00,1069.60,15
6934,742,2025-10-11 21:52:31+02:00,27911.31,
6935,232,2025-10-02 17:23:22+02:00,801.87,
6936,163,2025-04-18 14:46:58+02:00,591.63,16
6937,574,2025-04-10 14:47:19+02:00,947.47,23
6938,682,2025-08-09 04:20:04+02:00,993.20,
6939,454,2025-09-01 19:03:46+02:00,2029.08,
6940,912,2025-09-03 04:58:10+02:00,1713.25,
6941,885,2025-06-24 00:10:52+02:00,3411.94,
6942,939,2025-04-27 00:13:14+02:00,2282.14,
6943,17,2025-12-01 21:09:22+02:00,5144.30,
6944,372,2025-08-07 00:02:10+02:00,1011.60,21
6945,353,2025-01-21 03:24:17+02:00,1097.04,
6946,370,2025-05-21 16:58:39+02:00,399.10,11
6947,122,2025-06-17 07:10:10+02:00,1530.16,
6948,110,2025-08-06 22:08:24+02:00,1029.34,
6949,351,2025-02-27 13:45:30+02:00,1159.88,
6950,735,2025-05-08 22:50:17+02:00,2400.71,16
6951,606,2025-02-28 14:10:20+02:00,843.62,
6952,936,2025-10-25 22:52:56+02:00,1776.71,
6953,296,2025-05-28 15:54:01+02:00,1500.16,23
6954,130,2025-05-04 18:03:25+02:00,1589.25,26
6955,298,2025-05-19 22:33:41+02:00,658.86,
6956,712,2025-06-09 20:21:36+02:00,10701.84,
6957,62,2025-09-07 06:49:51+02:00,13491.68,15
6958,142,2025-01-10 05:04:54+02:00,986.40,
6959,405,2025-11-24 21:14:22+02:00,419.09,
6960,203,2025-09-29 22:31:21+02:00,14295.53,22
6961,582,2025-03-04 13:16:04+02:00,2206.49,19
6962,255,2025-12-12 03:10:48+02:00,200.21,18
6963,761,2025-04-06 15:36:04+02:00,1139.61,
6964,189,2025-04-29 13:07:18+02:00,396.53,
6965,418,2025-02-09 15:30:09+02:00,1465.51,
6966,636,2025-03-11 11:31:58+02:00,5750.67,
6967,701,2025-01-09 03:51:19+02:00,626.91,28
6968,43,2025-04-16 12:32:13+02:00,1764.87,
6969,298,2025-08-03 01:52:27+02:00,1417.63,
6970,412,2025-09-02 18:43:46+02:00,2054.86,19
6971,286,2025-09-17 06:12:15+02:00,1072.35,30
6972,993,2025-10-06 00:40:34+02:00,20889.11,
6973,7,2025-04-13 09:02:21+02:00,914.68,
6974,35,2025-12-27 21:29:42+02:00,1283.61,
6975,294,2025-02-14 08:25:41+02:00,1677.68,
6976,900,2025-01-16 07:39:10+02:00,1543.66,
6977,820,2025-01-15 05:00:40+02:00,718.72,
6978,265,2025-08-13 00:37:43+02:00,1304.40,
6979,539,2025-06-14 12:43:30+02:00,829.62,
6980,53,2025-03-02 18:28:05+02:00,2028.69,
6981,343,2025-02-02 18:31:46+02:00,942.59,
6982,905,2025-02-26 12:37:44+02:00,482.94,20
6983,770,2025-09-16 06:21:33+02:00,2810.41,
6984,397,2025-05-02 12:44:38+02:00,783.13,
6985,594,2025-03-10 14:57:01+02:00,835.52,
6986,493,2025-10-01 15:30:27+02:00,1051.08,
6987,88,2025-01-19 18:43:13+02:00,1347.83,
6988,568,2025-09-24 23:30:19+02:00,1347.90,
6989,258,2025-01-29 02:16:39+02:00,893.22,12
6990,74,2025-02-21 02:22:34+02:00,2079.63,
6991,441,2025-06-17 20:58:14+02:00,915.39,21
6992,344,2025-09-04 23:47:27+02:00,2775.90,
6993,965,2025-01-04 14:35:59+02:00,2467.36,22
6994,596,2025-10-05 09:45:12+02:00,1134.44,16
6995,660,2025-05-03 09:16:09+02:00,1528.76,
6996,524,2025-03-21 19:45:50+02:00,748.56,21
6997,743,2025-03-12 13:12:16+02:00,335.62,
6998,803,2025-04-26 20:27:32+02:00,1612.32,13
6999,752,2025-01-27 18:33:40+02:00,1924.92,
7000,543,2025-05-30 19:53:25+02:00,1715.54,
7001,250,2025-06-20 08:56:19+02:00,731.96,
7002,862,2025-01-02 23:55:53+02:00,1084.14,
7003,879,2025-12-12 13:23:32+02:00,1210.45,
7004,272,2025-06-02 23:59:27+02:00,1824.65,
7005,667,2025-12-13 07:39:35+02:00,1197.02,25
7006,438,2025-12-19 06:35:19+02:00,2480.33,26
7007,849,2025-09-29 18:02:58+02:00,2513.84,26
7008,325,2025-07-18 07:09:36+02:00,678.87,
7009,970,2025-11-09 09:59:14+02:00,9936.42,
7010,132,2025-10-22 16:53:40+02:00,14077.64,
7011,292,2025-01-28 05:19:45+02:00,435.10,
7012,92,2025-11-24 20:47:08+02:00,800.88,19
7013,564,2025-06-18 10:47:45+02:00,648.14,11
7014,680,2025-04-15 21:12:24+02:00,1431.86,
7015,863,2025-07-26 23:26:38+02:00,655.75,19
7016,734,2025-01-18 12:32:58+02:00,2006.23,
7017,678,2025-10-27 19:17:23+02:00,3821.38,30
7018,226,2025-08-06 12:16:37+02:00,6525.64,
7019,767,2025-07-29 09:33:21+02:00,525.62,
7020,422,2025-08-19 16:00:53+02:00,1174.88,
7021,298,2025-08-31 02:46:34+02:00,9356.51,
7022,798,2025-12-08 15:27:17+02:00,1146.77,
7023,675,2025-01-05 01:34:56+02:00,2568.66,
7024,627,2025-04-29 05:29:09+02:00,1602.40,
7025,544,2025-03-03 23:08:18+02:00,1240.67,14
7026,503,2025-08-03 15:11:11+02:00,645.47,
7027,672,2025-10-26 23:38:53+02:00,1658.53,25
7028,504,2025-08-21 15:44:02+02:00,294.54,
7029,652,2025-10-03 14:52:53+02:00,2882.06,11
7030,303,2025-01-10 02:37:49+02:00,18119.76,
7031,770,2025-11-11 05:13:16+02:00,761.72,
7032,186,2025-06-30 09:21:42+02:00,1308.89,
7033,987,2025-01-09 11:29:32+02:00,1538.11,
7034,745,2025-02-24 14:09:36+02:00,876.50,
7035,503,2025-04-12 04:35:56+02:00,679.62,
7036,250,2025-05-14 15:47:04+02:00,705.60,21
7037,45,2025-07-16 23:54:16+02:00,15573.79,
7038,294,2025-07-15 05:55:29+02:00,3844.78,20
7039,872,2025-03-16 08:39:43+02:00,2541.78,
7040,164,2025-06-14 04:12:03+02:00,385.77,26
7041,180,2025-09-06 17:49:37+02:00,633.78,26
7042,729,2025-06-08 08:59:52+02:00,813.50,
7043,2,2025-03-22 19:46:39+02:00,2326.00,
7044,267,2025-08-10 18:56:49+02:00,828.04,
7045,318,2025-09-05 09:19:16+02:00,1807.42,
7046,779,2025-04-23 12:39:03+02:00,588.85,
7047,268,2025-05-04 03:58:56+02:00,482.39,30
7048,839,2025-01-12 11:52:36+02:00,4598.62,13
7049,310,2025-03-20 20:10:20+02:00,1423.24,
7050,728,2025-05-07 08:37:02+02:00,1855.45,
7051,770,2025-11-01 17:33:36+02:00,831.60,
7052,270,2025-05-12 14:57:18+02:00,1242.83,21
7053,961,2025-08-01 04:40:54+02:00,4497.36,
7054,19,2025-11-03 01:37:20+02:00,4744.57,
7055,778,2025-07-26 02:18:24+02:00,1194.66,24
7056,239,2025-05-05 23:51:44+02:00,2839.89,
7057,599,2025-10-31 11:46:54+02:00,1283.09,
7058,363,2025-11-09 10:18:34+02:00,630.94,22
7059,643,2025-05-05 00:18:17+02:00,945.06,
7060,259,2025-03-19 14:12:27+02:00,498.52,20
7061,537,2025-11-10 05:12:43+02:00,17238.73,
7062,21,2025-08-09 09:33:18+02:00,1569.28,26
7063,398,2025-08-27 23:06:41+02:00,1756.31,
7064,894,2025-12-12 09:31:09+02:00,1653.14,
7065,216,2025-03-23 12:48:06+02:00,2816.82,
7066,333,2025-09-20 18:27:58+02:00,1256.82,
7067,769,2025-07-03 10:00:14+02:00,1585.96,
7068,793,2025-01-08 07:29:27+02:00,769.46,
7069,647,2025-10-11 02:03:05+02:00,1222.85,
7070,119,2025-05-24 15:49:22+02:00,509.02,
7071,785,2025-05-04 17:15:50+02:00,984.36,
7072,994,2025-05-20 05:35:29+02:00,756.33,22
7073,650,2025-10-17 11:44:56+02:00,2542.02,15
7074,475,2025-04-27 01:23:46+02:00,960.25,26
7075,658,2025-04-01 13:21:05+02:00,711.17,
7076,671,2025-07-20 06:40:33+02:00,2562.26,
7077,6,2025-02-07 01:53:26+02:00,5227.60,
7078,125,2025-01-20 20:38:27+02:00,2108.74,
7079,285,2025-07-22 03:58:41+02:00,2860.17,
7080,824,2025-06-15 15:39:58+02:00,1677.17,
7081,788,2025-09-06 22:02:08+02:00,1684.77,
7082,316,2025-07-23 16:50:31+02:00,3082.16,24
7083,374,2025-06-19 13:05:50+02:00,1634.10,15
7084,261,2025-04-14 14:57:48+02:00,1853.41,
7085,621,2025-06-22 11:36:55+02:00,1371.53,
7086,922,2025-02-22 16:41:53+02:00,358.64,
7087,458,2025-05-08 22:53:57+02:00,816.54,
7088,461,2025-06-25 15:24:59+02:00,710.15,17
7089,952,2025-08-27 10:40:05+02:00,1293.44,
7090,892,2025-02-25 14:23:45+02:00,3398.32,
7091,790,2025-01-03 04:49:35+02:00,2894.20,
7092,246,2025-10-17 15:29:34+02:00,4124.57,
7093,781,2025-04-16 03:31:38+02:00,3350.28,30
7094,62,2025-10-29 01:46:51+02:00,516.66,
7095,975,2025-12-21 06:03:06+02:00,2596.24,
7096,561,2025-08-07 05:49:31+02:00,2675.36,
7097,142,2025-11-05 01:07:45+02:00,3464.18,28
7098,264,2025-10-22 04:27:29+02:00,3123.48,18
7099,26,2025-11-02 08:46:28+02:00,40589.48,
7100,308,2025-12-27 19:25:29+02:00,1934.03,25
7101,66,2025-04-29 00:19:30+02:00,1512.58,18
7102,749,2025-12-15 05:19:06+02:00,696.65,
7103,55,2025-06-04 11:15:02+02:00,5151.63,11
7104,202,2025-11-01 11:29:59+02:00,1309.83,
7105,450,2025-04-05 19:05:12+02:00,852.77,27
7106,636,2025-08-22 02:59:01+02:00,1761.65,
7107,902,2025-01-18 11:20:10+02:00,662.28,
7108,373,2025-02-05 09:51:03+02:00,4885.77,
7109,753,2025-10-24 21:53:19+02:00,1808.60,
7110,175,2025-03-31 13:07:42+02:00,941.41,
7111,232,2025-12-13 00:36:37+02:00,4382.38,
7112,966,2025-06-15 12:57:30+02:00,2755.50,
7113,907,2025-10-21 15:53:02+02:00,1207.36,
7114,627,2025-02-10 17:53:13+02:00,376.78,22
7115,711,2025-03-08 09:48:56+02:00,11678.21,11
7116,741,2025-12-02 07:30:41+02:00,1171.73,
7117,875,2025-07-21 05:52:06+02:00,20236.92,
7118,958,2025-10-24 14:45:36+02:00,790.20,
7119,773,2025-02-05 20:54:38+02:00,921.72,
7120,584,2025-04-01 04:14:17+02:00,225.53,
7121,967,2025-09-09 20:03:26+02:00,2540.96,
7122,442,2025-11-12 15:13:34+02:00,4178.58,
7123,46,2025-07-17 13:38:26+02:00,1880.06,16
7124,20,2025-09-21 19:09:23+02:00,17828.96,
7125,537,2025-07-18 04:50:35+02:00,2814.64,
7126,79,2025-04-28 23:07:15+02:00,647.08,
7127,416,2025-01-22 15:15:40+02:00,1130.10,
7128,881,2025-05-10 14:04:32+02:00,1142.51,
7129,738,2025-08-06 15:08:23+02:00,1447.11,
7130,544,2025-08-15 21:30:57+02:00,2918.10,
7131,166,2025-07-31 06:19:15+02:00,2577.02,
7132,142,2025-07-06 17:35:43+02:00,520.45,28
7133,630,2025-10-09 06:56:00+02:00,4800.50,18
7134,725,2025-03-09 09:02:19+02:00,524.90,
7135,305,2025-07-22 10:28:11+02:00,2096.53,
7136,719,2025-03-12 10:13:52+02:00,1294.80,
7137,973,2025-12-28 00:45:02+02:00,1179.52,
7138,505,2025-01-28 14:02:44+02:00,410.28,
7139,330,2025-09-02 00:57:00+02:00,1979.54,
7140,735,2025-05-23 08:19:22+02:00,6801.48,15
7141,243,2025-03-20 09:33:10+02:00,953.28,27
7142,653,2025-04-29 01:02:40+02:00,1714.50,
7143,954,2025-06-05 07:49:00+02:00,3377.16,
7144,605,2025-04-08 04:34:34+02:00,1101.49,14
7145,951,2025-05-03 00:35:45+02:00,1523.64,18
7146,857,2025-06-11 00:12:14+02:00,809.07,
7147,844,2025-04-19 03:08:55+02:00,21372.19,
7148,828,2025-06-29 14:00:44+02:00,2725.41,
7149,873,2025-03-07 11:01:16+02:00,14038.33,
7150,647,2025-12-10 06:28:16+02:00,1357.77,
7151,865,2025-12-02 06:08:37+02:00,2080.21,
7152,670,2025-08-11 00:39:07+02:00,7915.10,
7153,778,2025-01-20 08:30:27+02:00,868.57,
7154,668,2025-01-02 20:57:24+02:00,12154.84,
7155,645,2025-01-29 14:17:17+02:00,1316.72,13
7156,604,2025-11-10 02:37:41+02:00,897.44,28
7157,702,2025-12-08 06:53:36+02:00,2907.26,
7158,381,2025-06-10 10:38:43+02:00,434.66,25
7159,875,2025-02-27 07:42:48+02:00,2622.33,
7160,153,2025-09-02 10:58:32+02:00,1359.54,
7161,910,2025-07-21 10:15:20+02:00,1077.82,21
7162,55,2025-12-10 21:41:25+02:00,716.06,
7163,793,2025-01-10 10:33:47+02:00,2226.25,
7164,390,2025-04-15 16:37:01+02:00,827.11,20
7165,345,2025-11-19 23:48:49+02:00,411.41,
7166,700,2025-07-12 16:51:47+02:00,1498.50,15
7167,864,2025-05-06 13:37:23+02:00,713.98,27
7168,922,2025-04-27 07:02:56+02:00,2325.52,
7169,235,2025-03-25 01:51:05+02:00,684.34,16
7170,152,2025-10-31 08:29:27+02:00,1036.16,27
7171,875,2025-10-19 21:37:25+02:00,1532.67,
7172,806,2025-08-08 08:34:28+02:00,459.41,
7173,308,2025-07-08 14:12:09+02:00,927.40,29
7174,912,2025-06-13 09:11:02+02:00,685.79,
7175,834,2025-02-25 22:52:22+02:00,15800.17,28
7176,521,2025-06-30 23:38:28+02:00,775.79,
7177,563,2025-10-24 11:48:23+02:00,1893.69,
7178,790,2025-08-27 10:26:26+02:00,1708.82,
7179,656,2025-08-26 06:14:08+02:00,1128.96,
7180,413,2025-04-03 05:21:14+02:00,2422.81,
7181,625,2025-01-03 13:01:52+02:00,9717.24,17
7182,634,2025-06-16 22:16:40+02:00,1218.21,
7183,315,2025-01-23 09:47:24+02:00,1364.69,
7184,775,2025-09-07 10:17:59+02:00,917.13,
7185,872,2025-04-23 23:37:05+02:00,901.13,
7186,744,2025-10-02 18:40:30+02:00,1236.07,
7187,808,2025-09-08 02:58:38+02:00,7142.97,
7188,823,2025-11-11 02:05:30+02:00,444.54,26
7189,512,2025-07-29 05:06:28+02:00,10530.10,
7190,774,2025-11-03 03:59:35+02:00,1641.33,
7191,75,2025-07-21 01:34:10+02:00,29658.11,24
7192,845,2025-07-24 22:14:53+02:00,3869.99,26
7193,110,2025-03-28 01:09:01+02:00,313.53,24
7194,466,2025-04-24 18:34:01+02:00,536.94,
7195,141,2025-05-12 13:00:38+02:00,758.40,11
7196,650,2025-03-29 23:44:11+02:00,1070.72,
7197,222,2025-01-01 06:07:46+02:00,2689.12,
7198,681,2025-02-28 01:58:40+02:00,1398.07,
7199,344,2025-11-06 21:16:31+02:00,1099.20,
7200,817,2025-01-29 00:05:49+02:00,10832.68,
7201,315,2025-08-29 19:20:43+02:00,525.15,
7202,428,2025-07-12 14:22:07+02:00,873.51,
7203,844,2025-05-15 16:56:40+02:00,3003.37,
7204,960,2025-05-31 12:50:57+02:00,616.35,
7205,158,2025-09-15 14:18:29+02:00,2090.46,17
7206,686,2025-04-02 13:08:53+02:00,874.49,21
7207,702,2025-11-19 00:04:04+02:00,2436.40,
7208,183,2025-12-24 22:39:53+02:00,2925.77,19
7209,751,2025-08-20 15:55:41+02:00,908.94,
7210,804,2025-11-18 06:05:26+02:00,1161.12,
7211,334,2025-07-19 05:24:07+02:00,1502.54,
7212,254,2025-11-01 16:35:44+02:00,450.74,16
7213,775,2025-03-16 10:19:49+02:00,2612.55,
7214,930,2025-12-17 18:45:17+02:00,1647.88,
7215,569,2025-09-20 02:28:55+02:00,2711.35,
7216,470,2025-02-21 01:39:01+02:00,19159.97,22
7217,936,2025-09-27 16:23:16+02:00,424.09,
7218,26,2025-11-28 19:14:37+02:00,1918.45,12
7219,106,2025-09-02 07:45:19+02:00,876.64,
7220,561,2025-03-05 20:25:20+02:00,2496.26,
7221,135,2025-04-26 07:51:56+02:00,500.01,
7222,381,2025-02-03 18:01:32+02:00,4287.57,
7223,944,2025-11-08 11:42:31+02:00,14074.63,
7224,629,2025-07-27 17:27:04+02:00,1146.85,
7225,701,2025-04-02 03:25:34+02:00,1840.44,
7226,543,2025-07-18 16:11:34+02:00,538.93,19
7227,149,2025-04-26 09:22:12+02:00,916.85,
7228,156,2025-03-04 01:00:11+02:00,410.10,16
7229,55,2025-10-03 09:19:59+02:00,1411.98,
7230,199,2025-01-16 15:26:34+02:00,1924.57,
7231,804,2025-05-15 19:53:36+02:00,2414.48,
7232,713,2025-11-10 03:12:29+02:00,539.41,
7233,690,2025-02-28 00:24:17+02:00,1306.03,
7234,997,2025-12-15 22:42:44+02:00,964.97,
7235,182,2025-10-31 23:21:58+02:00,6681.82,
7236,487,2025-08-20 11:20:39+02:00,1139.83,30
7237,442,2025-02-08 13:22:03+02:00,666.82,
7238,402,2025-04-24 11:54:37+02:00,2146.24,11
7239,137,2025-10-08 08:37:16+02:00,837.84,28
7240,890,2025-06-11 06:23:52+02:00,2322.73,
7241,669,2025-08-27 16:15:32+02:00,27090.55,
7242,231,2025-04-09 13:27:11+02:00,931.74,
7243,594,2025-08-02 04:38:13+02:00,1332.03,
7244,328,2025-09-08 18:53:28+02:00,755.99,
7245,265,2025-07-06 04:48:41+02:00,8207.74,30
7246,54,2025-09-07 16:02:20+02:00,1166.28,
7247,413,2025-06-21 09:56:22+02:00,798.10,13
7248,700,2025-10-01 13:45:04+02:00,3965.28,
7249,212,2025-01-13 18:43:00+02:00,661.48,
7250,192,2025-05-25 06:22:16+02:00,712.07,
7251,383,2025-12-27 06:00:21+02:00,1851.82,
7252,463,2025-10-27 09:46:38+02:00,360.30,
7253,908,2025-07-01 04:27:40+02:00,3855.23,
7254,22,2025-07-18 17:57:16+02:00,948.28,
7255,267,2025-08-01 22:36:32+02:00,11275.51,
7256,88,2025-02-01 13:51:40+02:00,1846.98,
7257,15,2025-11-22 00:21:53+02:00,2406.20,
7258,951,2025-04-28 23:50:49+02:00,5951.20,
7259,100,2025-10-01 07:32:34+02:00,3076.95,
7260,411,2025-12-22 08:31:39+02:00,682.26,
7261,817,2025-02-24 12:55:35+02:00,4843.76,
7262,886,2025-10-14 00:35:57+02:00,1414.05,
7263,182,2025-07-11 12:13:49+02:00,1745.72,22
7264,230,2025-08-14 18:31:15+02:00,370.24,30
7265,141,2025-02-27 18:36:40+02:00,1869.35,
7266,241,2025-10-25 19:00:08+02:00,963.96,
7267,767,2025-04-21 11:11:51+02:00,2163.00,
7268,540,2025-12-14 07:28:16+02:00,1522.85,
7269,151,2025-01-15 00:00:03+02:00,911.00,
7270,606,2025-01-24 14:25:57+02:00,1220.10,16
7271,990,2025-08-29 14:48:48+02:00,1804.12,
7272,869,2025-04-03 11:16:29+02:00,3484.65,
7273,705,2025-04-09 00:14:27+02:00,1843.29,20
7274,21,2025-06-15 13:38:59+02:00,2158.38,
7275,323,2025-02-08 06:55:39+02:00,2736.45,
7276,279,2025-01-03 13:31:10+02:00,186.21,15
7277,371,2025-12-30 08:27:24+02:00,1107.37,
7278,626,2025-03-15 02:52:42+02:00,1274.91,
7279,167,2025-07-15 21:18:26+02:00,20468.95,20
7280,774,2025-04-05 21:27:48+02:00,2671.30,16
7281,897,2025-11-09 03:04:48+02:00,3475.66,16
7282,457,2025-12-13 21:47:26+02:00,1993.97,26
7283,546,2025-12-25 05:47:30+02:00,1482.71,
7284,938,2025-01-12 00:34:35+02:00,2551.98,23
7285,67,2025-05-03 18:23:49+02:00,988.99,
7286,994,2025-09-02 03:24:20+02:00,841.63,21
7287,17,2025-03-20 19:16:43+02:00,566.82,23
7288,539,2025-06-24 17:46:43+02:00,4208.72,
7289,603,2025-12-28 05:22:45+02:00,1868.79,
7290,512,2025-11-17 08:21:01+02:00,4323.73,22
7291,696,2025-03-12 09:46:20+02:00,884.75,
7292,771,2025-05-12 15:09:59+02:00,1013.30,
7293,644,2025-04-19 07:49:43+02:00,860.90,
7294,922,2025-11-14 11:54:25+02:00,793.77,
7295,114,2025-01-12 18:09:39+02:00,369.00,14
7296,469,2025-05-02 00:42:46+02:00,1632.05,21
7297,923,2025-05-12 21:13:55+02:00,1559.62,
7298,151,2025-09-19 20:54:27+02:00,2647.78,
7299,803,2025-04-30 15:05:10+02:00,4243.74,
7300,340,2025-02-19 16:35:01+02:00,20671.49,
7301,362,2025-10-31 14:36:20+02:00,10405.66,
7302,328,2025-08-31 12:38:57+02:00,2074.12,
7303,822,2025-12-24 09:55:56+02:00,521.79,30
7304,450,2025-05-29 13:34:52+02:00,2791.85,12
7305,200,2025-09-23 10:47:17+02:00,1780.42,
7306,409,2025-09-03 12:39:43+02:00,545.35,
7307,979,2025-02-16 03:59:14+02:00,1053.05,
7308,411,2025-03-30 23:41:58+02:00,1196.66,
7309,714,2025-08-17 09:19:37+02:00,1576.10,
7310,814,2025-04-28 02:07:09+02:00,2826.21,
7311,159,2025-08-04 10:45:45+02:00,2993.81,28
7312,575,2025-12-02 17:29:39+02:00,24627.95,
7313,624,2025-12-23 07:54:56+02:00,730.47,
7314,986,2025-04-21 13:08:07+02:00,704.47,
7315,823,2025-08-31 12:54:59+02:00,2125.76,
7316,439,2025-06-26 05:52:02+02:00,1753.56,
7317,430,2025-04-08 01:47:48+02:00,3393.52,
7318,97,2025-11-11 05:09:49+02:00,5196.97,
7319,916,2025-07-22 08:35:59+02:00,2687.57,
7320,752,2025-12-11 20:54:29+02:00,1276.60,
7321,616,2025-04-11 14:58:48+02:00,2019.24,
7322,576,2025-07-03 19:41:45+02:00,1465.26,
7323,666,2025-06-04 03:30:32+02:00,2414.97,
7324,765,2025-03-09 06:56:36+02:00,3106.08,
7325,252,2025-10-17 10:45:35+02:00,2412.84,
7326,691,2025-05-09 23:16:00+02:00,1398.66,30
7327,437,2025-01-31 19:36:06+02:00,1912.54,
7328,3,2025-09-13 06:41:15+02:00,1414.32,29
7329,41,2025-03-25 21:48:00+02:00,16432.30,
7330,314,2025-10-09 21:40:14+02:00,761.00,24
7331,943,2025-09-17 04:44:44+02:00,1117.28,
7332,869,2025-12-29 11:13:52+02:00,533.60,12
7333,193,2025-09-21 23:10:13+02:00,4161.06,22
7334,729,2025-12-29 13:36:12+02:00,2280.37,
7335,706,2025-01-27 03:53:01+02:00,576.43,
7336,127,2025-12-04 20:08:42+02:00,6306.29,
7337,552,2025-08-17 21:18:46+02:00,21363.84,
7338,903,2025-11-11 05:51:15+02:00,1226.63,
7339,51,2025-03-01 14:22:26+02:00,770.72,
7340,615,2025-12-27 05:42:22+02:00,1668.58,
7341,249,2025-06-11 10:10:40+02:00,1109.24,
7342,378,2025-09-15 16:22:26+02:00,7179.42,22
7343,40,2025-04-11 21:57:04+02:00,815.61,22
7344,180,2025-05-24 23:37:14+02:00,2800.55,
7345,217,2025-02-10 07:44:07+02:00,8109.22,
7346,695,2025-04-03 06:34:28+02:00,1713.48,
7347,896,2025-01-16 16:54:23+02:00,746.87,15
7348,766,2025-04-02 16:19:56+02:00,1952.31,
7349,437,2025-05-15 17:17:24+02:00,448.88,27
7350,743,2025-05-27 21:57:10+02:00,2668.60,
7351,13,2025-12-15 16:06:18+02:00,1111.05,
7352,357,2025-11-11 05:43:38+02:00,373.64,13
7353,750,2025-01-01 13:32:54+02:00,10034.44,
7354,882,2025-10-14 22:47:06+02:00,2023.65,
7355,629,2025-01-07 22:30:31+02:00,1613.03,19
7356,806,2025-10-28 18:42:39+02:00,321.75,
7357,1,2025-11-11 17:59:07+02:00,578.40,21
7358,873,2025-10-23 10:10:01+02:00,1444.70,
7359,904,2025-07-09 08:17:01+02:00,5085.74,29
7360,513,2025-01-08 12:33:31+02:00,2172.96,
7361,769,2025-08-13 10:28:59+02:00,877.44,11
7362,895,2025-09-11 11:31:17+02:00,674.41,17
7363,146,2025-10-08 02:36:44+02:00,3236.28,
7364,453,2025-09-30 02:47:13+02:00,1660.87,
7365,480,2025-06-10 10:02:05+02:00,4940.88,
7366,531,2025-07-18 20:40:49+02:00,1374.28,
7367,407,2025-12-15 20:48:55+02:00,4354.65,
7368,310,2025-03-05 01:54:25+02:00,2917.21,
7369,355,2025-07-28 04:04:11+02:00,785.98,
7370,944,2025-03-18 09:04:34+02:00,12530.88,
7371,718,2025-03-25 16:43:10+02:00,798.88,
7372,85,2025-07-29 17:27:34+02:00,834.74,
7373,862,2025-06-17 17:46:28+02:00,1402.32,
7374,293,2025-08-29 20:54:28+02:00,5671.12,
7375,537,2025-01-28 17:23:18+02:00,6474.58,
7376,694,2025-03-10 21:38:54+02:00,2896.44,
7377,451,2025-03-02 20:13:33+02:00,1850.45,
7378,281,2025-11-23 08:00:37+02:00,3959.26,
7379,939,2025-11-25 08:32:47+02:00,605.81,
7380,306,2025-09-30 12:09:54+02:00,557.07,
7381,125,2025-04-30 01:14:10+02:00,1305.70,
7382,897,2025-11-20 01:19:11+02:00,499.17,21
7383,417,2025-02-06 12:30:02+02:00,1355.00,
7384,635,2025-06-03 06:34:21+02:00,1236.60,
7385,229,2025-11-29 06:18:04+02:00,730.52,16
7386,391,2025-08-25 09:01:41+02:00,991.89,
7387,973,2025-04-06 18:32:07+02:00,978.60,
7388,479,2025-08-26 13:54:55+02:00,1431.65,
7389,290,2025-03-09 18:17:21+02:00,868.28,24
7390,756,2025-04-05 00:53:46+02:00,739.69,
7391,788,2025-08-27 09:51:13+02:00,3467.15,
7392,781,2025-09-02 03:59:05+02:00,1501.55,
7393,274,2025-02-04 02:49:33+02:00,2038.79,
7394,631,2025-05-07 02:11:18+02:00,18445.56,25
7395,776,2025-05-03 23:47:20+02:00,654.31,
7396,13,2025-07-31 11:58:10+02:00,10487.09,
7397,887,2025-11-07 20:54:54+02:00,2781.31,
7398,104,2025-08-03 18:51:50+02:00,315.33,11
7399,4,2025-05-28 09:30:52+02:00,4469.90,20
7400,219,2025-11-26 08:28:10+02:00,1780.42,
7401,633,2025-08-06 05:22:16+02:00,673.21,
7402,190,2025-03-04 15:26:44+02:00,810.43,
7403,128,2025-01-21 05:26:22+02:00,967.47,26
7404,127,2025-10-27 20:00:29+02:00,1193.78,
7405,776,2025-03-20 10:21:25+02:00,1233.20,
7406,895,2025-03-28 17:00:16+02:00,3080.22,
7407,47,2025-11-30 13:02:49+02:00,3382.15,
7408,790,2025-05-23 18:26:15+02:00,2324.87,
7409,43,2025-07-24 03:26:45+02:00,582.46,
7410,666,2025-10-07 18:00:37+02:00,923.73,
7411,198,2025-02-18 19:20:37+02:00,2175.89,15
7412,644,2025-10-09 07:54:53+02:00,1433.88,24
7413,340,2025-04-19 02:37:43+02:00,4810.39,
7414,823,2025-01-04 09:56:17+02:00,5240.38,
7415,925,2025-07-02 10:45:20+02:00,1138.37,20
7416,918,2025-05-18 11:19:15+02:00,1252.73,
7417,807,2025-06-29 17:57:18+02:00,1949.25,
7418,594,2025-03-16 02:49:48+02:00,1112.16,
7419,708,2025-12-22 07:12:18+02:00,3263.63,
7420,306,2025-08-24 16:42:21+02:00,634.76,
7421,22,2025-03-10 06:17:29+02:00,1257.58,
7422,60,2025-08-10 20:24:52+02:00,6425.26,
7423,791,2025-02-27 14:20:36+02:00,437.82,25
7424,11,2025-02-27 21:30:50+02:00,2730.32,17
7425,494,2025-02-02 09:36:48+02:00,3073.96,
7426,434,2025-06-14 02:02:22+02:00,10008.81,23
7427,159,2025-02-20 03:49:49+02:00,1699.13,
7428,740,2025-01-23 11:42:35+02:00,20654.64,
7429,789,2025-12-26 05:40:26+02:00,1364.55,24
7430,612,2025-09-23 11:00:05+02:00,587.61,21
7431,490,2025-07-01 10:44:40+02:00,15695.79,28
7432,825,2025-10-27 12:07:49+02:00,18717.10,
7433,168,2025-01-10 14:49:38+02:00,2914.21,
7434,267,2025-12-14 10:02:05+02:00,984.63,
7435,178,2025-12-29 14:29:07+02:00,1010.58,18
7436,863,2025-10-29 21:50:00+02:00,2947.65,
7437,421,2025-07-09 07:04:31+02:00,5406.74,
7438,835,2025-02-04 00:00:21+02:00,2106.74,
7439,799,2025-01-13 04:07:43+02:00,1101.97,
7440,466,2025-11-29 18:13:52+02:00,10130.50,
7441,499,2025-04-05 06:59:02+02:00,29583.97,
7442,31,2025-04-21 20:48:11+02:00,9611.25,
7443,423,2025-07-19 06:12:48+02:00,1025.27,
7444,190,2025-03-24 01:35:38+02:00,2704.21,
7445,864,2025-10-23 18:12:45+02:00,2663.80,
7446,789,2025-06-29 05:26:25+02:00,3503.69,19
7447,144,2025-06-19 09:59:36+02:00,1068.57,
7448,95,2025-12-20 20:18:28+02:00,711.08,
7449,769,2025-07-13 07:50:47+02:00,663.10,19
7450,523,2025-04-21 22:19:21+02:00,1975.68,
7451,291,2025-10-17 05:48:10+02:00,15564.66,
7452,184,2025-07-24 12:40:24+02:00,790.58,
7453,141,2025-09-28 17:01:15+02:00,2101.34,
7454,356,2025-06-02 07:01:42+02:00,1655.18,
7455,56,2025-12-24 12:29:23+02:00,3832.64,14
7456,552,2025-10-23 02:48:55+02:00,3407.64,
7457,997,2025-12-04 00:43:39+02:00,1669.10,
7458,995,2025-11-28 05:55:49+02:00,10717.50,
7459,553,2025-10-15 23:47:27+02:00,1256.68,
7460,569,2025-03-08 09:04:33+02:00,9709.60,
7461,487,2025-05-30 16:05:06+02:00,2995.76,
7462,59,2025-02-05 00:25:10+02:00,644.85,
7463,745,2025-07-16 11:57:21+02:00,3779.46,
7464,736,2025-01-25 02:25:42+02:00,12688.47,
7465,176,2025-08-18 07:45:31+02:00,1214.79,23
7466,891,2025-05-19 01:47:11+02:00,4589.76,22
7467,36,2025-10-25 08:39:33+02:00,2669.65,11
7468,856,2025-10-28 08:35:00+02:00,2922.67,
7469,879,2025-12-21 08:31:29+02:00,1135.89,
7470,148,2025-06-10 23:29:50+02:00,3401.00,
7471,897,2025-12-07 20:33:27+02:00,16795.38,
7472,138,2025-12-16 08:05:34+02:00,1391.77,
7473,264,2025-07-01 23:18:21+02:00,1082.32,
7474,136,2025-07-31 17:04:21+02:00,2857.81,
7475,114,2025-01-25 13:54:31+02:00,9748.94,
7476,269,2025-07-30 09:56:36+02:00,437.06,
7477,679,2025-05-08 08:51:26+02:00,929.03,
7478,186,2025-02-03 01:45:34+02:00,2925.09,24
7479,837,2025-11-21 03:05:06+02:00,697.23,17
7480,532,2025-04-13 10:33:32+02:00,1937.12,
7481,47,2025-05-02 18:39:14+02:00,5838.40,16
7482,291,2025-10-21 10:20:09+02:00,165.91,
7483,650,2025-09-10 14:47:15+02:00,894.07,22
7484,735,2025-10-28 03:53:02+02:00,3136.54,17
7485,460,2025-08-11 16:34:55+02:00,692.32,
7486,530,2025-12-30 17:35:48+02:00,4036.17,
7487,942,2025-12-15 15:38:20+02:00,959.81,27
7488,77,2025-11-18 06:09:49+02:00,1003.15,
7489,851,2025-03-02 17:46:08+02:00,2850.68,
7490,209,2025-10-24 21:17:04+02:00,2773.54,
7491,364,2025-04-17 06:00:26+02:00,4088.67,
7492,768,2025-06-08 08:13:42+02:00,3239.92,
7493,803,2025-03-21 06:08:30+02:00,29916.23,15
7494,698,2025-02-11 14:37:48+02:00,1011.60,
7495,754,2025-04-10 03:30:03+02:00,1052.07,
7496,9,2025-01-15 13:16:09+02:00,303.56,15
7497,264,2025-03-16 08:28:56+02:00,12171.64,30
7498,226,2025-07-25 01:57:50+02:00,464.48,
7499,74,2025-12-31 13:37:44+02:00,13808.76,
7500,629,2025-10-13 10:49:33+02:00,1174.86,
7501,456,2025-10-13 03:35:39+02:00,5355.84,
7502,376,2025-04-25 09:48:52+02:00,991.70,
7503,934,2025-01-17 07:57:55+02:00,1142.93,
7504,667,2025-06-03 11:55:06+02:00,3324.35,
7505,903,2025-01-18 23:42:12+02:00,529.26,
7506,10,2025-12-10 08:19:14+02:00,4012.96,
7507,226,2025-01-14 08:14:04+02:00,1444.06,
7508,414,2025-06-02 05:25:01+02:00,2383.91,
7509,626,2025-06-30 05:59:33+02:00,1137.45,
7510,558,2025-04-28 14:11:26+02:00,877.86,
7511,649,2025-07-04 13:57:19+02:00,1488.96,13
7512,246,2025-05-21 23:41:39+02:00,1669.21,
7513,22,2025-09-25 07:15:10+02:00,2702.93,
7514,748,2025-10-29 09:19:16+02:00,2260.45,
7515,995,2025-11-11 18:47:26+02:00,1046.64,
7516,183,2025-03-10 13:55:14+02:00,4829.24,
7517,182,2025-10-21 15:57:28+02:00,1087.77,
7518,369,2025-03-29 16:57:13+02:00,22028.15,24
7519,976,2025-12-18 15:48:49+02:00,2696.87,
7520,595,2025-12-27 01:39:01+02:00,1451.98,
7521,776,2025-08-18 05:20:23+02:00,1324.16,
7522,548,2025-05-25 20:54:36+02:00,1610.57,
7523,554,2025-11-06 07:27:37+02:00,29584.91,
7524,911,2025-05-08 06:56:48+02:00,1232.60,20
7525,170,2025-08-16 08:11:41+02:00,13670.11,
7526,649,2025-05-02 13:49:29+02:00,2097.30,
7527,159,2025-03-23 21:00:42+02:00,2990.44,
7528,58,2025-01-21 15:49:02+02:00,4235.57,28
7529,797,2025-12-11 13:39:12+02:00,4453.18,28
7530,760,2025-04-21 17:09:08+02:00,1255.22,19
7531,682,2025-02-06 05:47:56+02:00,949.44,
7532,957,2025-01-07 07:29:47+02:00,7747.24,
7533,950,2025-04-10 04:41:37+02:00,12472.80,
7534,277,2025-11-29 10:22:54+02:00,4414.10,
7535,270,2025-06-21 08:51:24+02:00,2062.06,
7536,309,2025-01-23 15:27:43+02:00,1276.60,
7537,862,2025-01-26 06:07:48+02:00,605.41,
7538,307,2025-10-12 22:23:25+02:00,5066.44,28
7539,56,2025-12-22 05:19:41+02:00,2358.20,
7540,473,2025-01-31 04:13:53+02:00,981.01,
7541,168,2025-06-23 13:13:58+02:00,3057.32,
7542,969,2025-12-27 21:01:07+02:00,2213.56,12
7543,558,2025-11-13 08:29:57+02:00,2395.64,
7544,975,2025-03-08 23:09:46+02:00,790.13,22
7545,699,2025-07-20 01:13:25+02:00,1383.13,
7546,483,2025-05-22 17:00:41+02:00,4378.48,
7547,413,2025-11-14 15:22:11+02:00,1151.94,
7548,876,2025-08-05 06:52:14+02:00,848.14,
7549,328,2025-08-13 08:23:44+02:00,1096.34,13
7550,415,2025-11-23 13:46:45+02:00,1736.93,17
7551,307,2025-01-23 14:29:43+02:00,565.09,
7552,35,2025-12-30 05:45:45+02:00,3264.86,
7553,225,2025-12-03 03:51:49+02:00,1101.04,21
7554,375,2025-02-11 14:59:09+02:00,1351.00,
7555,134,2025-05-19 06:54:04+02:00,1215.82,
7556,459,2025-01-02 17:30:18+02:00,1406.99,
7557,390,2025-06-17 21:44:57+02:00,3486.74,
7558,733,2025-05-22 17:28:51+02:00,1281.45,
7559,82,2025-08-30 20:26:33+02:00,20605.80,
7560,780,2025-04-30 08:40:01+02:00,1563.75,12
7561,814,2025-10-10 21:55:42+02:00,1454.13,21
7562,981,2025-11-27 17:50:23+02:00,1245.57,16
7563,475,2025-06-28 17:13:55+02:00,1180.12,21
7564,441,2025-04-22 17:58:19+02:00,7077.08,
7565,709,2025-02-03 22:07:43+02:00,264.41,13
7566,562,2025-10-02 09:21:35+02:00,642.63,30
7567,627,2025-11-09 21:59:53+02:00,1368.36,
7568,17,2025-05-31 14:09:04+02:00,4899.40,19
7569,54,2025-08-14 21:18:22+02:00,1775.52,
7570,486,2025-11-16 08:36:37+02:00,4671.39,
7571,482,2025-07-29 03:14:25+02:00,2895.53,
7572,238,2025-08-14 15:50:24+02:00,7548.94,
7573,838,2025-05-07 08:21:46+02:00,5981.81,
7574,747,2025-04-26 04:19:22+02:00,576.59,
7575,618,2025-11-15 09:10:38+02:00,609.83,
7576,722,2025-03-09 05:49:36+02:00,4676.84,19
7577,621,2025-06-15 09:07:14+02:00,905.53,
7578,624,2025-07-09 21:08:29+02:00,1495.90,
7579,361,2025-05-19 09:05:07+02:00,611.46,16
7580,369,2025-03-19 06:52:03+02:00,935.94,
7581,673,2025-08-12 01:07:35+02:00,3389.62,
7582,668,2025-04-20 10:20:11+02:00,526.14,
7583,197,2025-01-01 23:55:58+02:00,4838.30,
7584,916,2025-08-18 08:58:27+02:00,773.34,
7585,198,2025-04-03 09:24:32+02:00,1041.45,
7586,630,2025-12-09 14:22:15+02:00,2518.19,
7587,975,2025-07-23 00:12:39+02:00,3447.09,
7588,874,2025-01-06 10:34:59+02:00,2188.86,16
7589,51,2025-09-07 22:39:37+02:00,982.74,23
7590,397,2025-01-14 21:56:19+02:00,3519.77,
7591,338,2025-01-09 19:26:58+02:00,1736.54,
7592,676,2025-03-01 00:12:46+02:00,3593.50,
7593,407,2025-09-15 09:13:11+02:00,1824.14,
7594,381,2025-05-25 11:25:44+02:00,3411.04,
7595,602,2025-12-19 09:53:35+02:00,843.68,14
7596,306,2025-08-02 14:57:18+02:00,9146.35,
7597,367,2025-07-12 11:56:55+02:00,345.99,16
7598,201,2025-05-02 17:54:26+02:00,1482.74,18
7599,708,2025-10-30 07:59:09+02:00,2938.70,
7600,404,2025-10-18 12:32:19+02:00,991.70,
7601,432,2025-04-10 01:57:51+02:00,3184.55,
7602,504,2025-09-05 14:34:43+02:00,15393.80,
7603,539,2025-06-04 07:18:24+02:00,1733.65,
7604,688,2025-07-11 15:55:21+02:00,707.45,
7605,787,2025-11-20 17:37:23+02:00,929.64,
7606,433,2025-01-20 00:45:42+02:00,2403.80,
7607,997,2025-11-01 07:16:33+02:00,18296.48,
7608,554,2025-04-30 09:54:36+02:00,763.41,
7609,692,2025-05-02 09:28:04+02:00,2146.92,17
7610,932,2025-10-09 16:30:01+02:00,1289.94,16
7611,502,2025-05-12 01:11:16+02:00,818.23,
7612,451,2025-05-04 04:40:20+02:00,302.40,11
7613,827,2025-09-26 05:58:09+02:00,1806.61,21
7614,196,2025-02-24 11:35:56+02:00,1515.68,
7615,705,2025-06-01 15:08:43+02:00,1209.69,
7616,353,2025-04-06 18:12:16+02:00,1480.98,
7617,614,2025-06-13 03:12:36+02:00,2630.21,
7618,320,2025-07-29 04:46:12+02:00,7003.62,
7619,182,2025-01-06 23:40:11+02:00,706.90,25
7620,175,2025-09-25 01:32:49+02:00,1131.90,
7621,861,2025-09-24 03:55:06+02:00,1187.71,
7622,66,2025-10-18 03:38:40+02:00,4925.24,
7623,742,2025-02-10 17:09:50+02:00,1490.70,
7624,215,2025-11-11 06:19:12+02:00,1030.82,
7625,241,2025-12-08 00:07:20+02:00,26032.43,
7626,316,2025-11-25 14:04:48+02:00,9073.64,
7627,368,2025-05-02 11:55:34+02:00,2596.31,
7628,27,2025-11-17 23:59:51+02:00,1135.78,
7629,407,2025-03-23 12:25:49+02:00,305.94,
7630,963,2025-03-02 02:51:53+02:00,1939.08,
7631,467,2025-07-01 00:55:17+02:00,1353.57,
7632,584,2025-04-02 20:39:33+02:00,3504.83,14
7633,852,2025-08-06 00:09:33+02:00,3652.56,
7634,887,2025-04-24 07:41:41+02:00,429.42,
7635,179,2025-06-05 13:50:36+02:00,765.34,
7636,541,2025-02-23 04:51:20+02:00,2880.36,
7637,51,2025-07-09 21:59:19+02:00,27344.16,
7638,7,2025-09-22 03:42:08+02:00,762.44,
7639,603,2025-02-08 10:19:19+02:00,6377.99,
7640,664,2025-12-10 07:55:15+02:00,1209.49,
7641,307,2025-10-30 14:51:28+02:00,20836.70,
7642,90,2025-05-05 08:52:19+02:00,823.81,
7643,607,2025-04-23 12:38:54+02:00,808.89,
7644,663,2025-06-28 13:48:40+02:00,2170.18,
7645,920,2025-09-13 18:16:41+02:00,476.84,
7646,550,2025-06-30 02:48:20+02:00,1081.74,
7647,101,2025-06-20 06:05:22+02:00,4668.27,20
7648,619,2025-12-12 11:41:30+02:00,1158.48,
7649,72,2025-03-06 14:36:24+02:00,1884.14,
7650,974,2025-01-18 13:00:29+02:00,1665.76,
7651,985,2025-06-23 23:23:21+02:00,1954.92,13
7652,265,2025-11-07 14:18:42+02:00,973.02,17
7653,343,2025-10-02 15:47:05+02:00,1845.54,
7654,619,2025-04-04 23:25:42+02:00,2060.66,
7655,919,2025-12-15 15:32:30+02:00,1786.59,
7656,561,2025-12-05 10:00:56+02:00,807.77,
7657,223,2025-10-11 00:37:13+02:00,1237.25,
7658,79,2025-05-15 08:19:35+02:00,432.55,
7659,879,2025-01-30 10:00:36+02:00,1005.79,
7660,473,2025-12-15 19:02:31+02:00,2838.00,
7661,37,2025-05-24 20:51:42+02:00,2105.17,
7662,858,2025-12-23 10:36:36+02:00,528.72,
7663,967,2025-09-29 03:04:28+02:00,564.10,30
7664,520,2025-10-31 02:05:42+02:00,2019.18,
7665,153,2025-01-24 02:47:35+02:00,632.50,
7666,318,2025-11-25 16:44:40+02:00,793.33,13
7667,408,2025-08-28 07:59:25+02:00,1616.39,
7668,490,2025-02-26 01:06:38+02:00,15028.94,27
7669,413,2025-12-06 14:26:35+02:00,1093.91,
7670,674,2025-10-02 03:49:52+02:00,1983.72,
7671,730,2025-08-19 21:52:10+02:00,14248.02,
7672,442,2025-11-28 16:08:38+02:00,517.95,
7673,335,2025-11-20 19:01:07+02:00,6022.94,23
7674,120,2025-02-11 04:10:10+02:00,1088.60,
7675,97,2025-04-27 04:16:29+02:00,860.51,
7676,720,2025-08-01 15:30:29+02:00,6758.50,
7677,840,2025-03-06 00:36:38+02:00,1446.48,
7678,361,2025-01-27 05:16:14+02:00,1672.42,
7679,236,2025-07-23 04:44:14+02:00,839.04,
7680,215,2025-07-10 01:50:10+02:00,1963.46,14
7681,616,2025-04-22 17:11:35+02:00,1879.20,
7682,782,2025-07-22 15:57:10+02:00,10525.07,
7683,112,2025-04-30 10:09:09+02:00,3411.06,
7684,69,2025-03-14 14:08:54+02:00,2893.97,14
7685,446,2025-03-19 01:36:55+02:00,857.01,
7686,32,2025-08-09 09:06:19+02:00,617.03,
7687,442,2025-07-04 00:30:40+02:00,720.18,
7688,799,2025-12-20 01:43:59+02:00,809.65,
7689,674,2025-04-23 14:19:11+02:00,642.11,
7690,438,2025-11-21 21:38:50+02:00,4085.94,
7691,971,2025-03-11 00:30:37+02:00,810.46,
7692,409,2025-04-04 12:13:36+02:00,569.40,
7693,138,2025-12-11 02:29:15+02:00,536.94,
7694,476,2025-08-31 03:34:29+02:00,311.34,15
7695,467,2025-11-18 04:20:36+02:00,658.72,18
7696,520,2025-05-24 08:01:11+02:00,605.57,19
7697,523,2025-12-12 00:24:37+02:00,27666.47,30
7698,382,2025-09-12 06:24:29+02:00,1853.82,
7699,366,2025-08-11 19:00:28+02:00,231.88,
7700,712,2025-07-12 15:53:46+02:00,2081.17,
7701,295,2025-06-18 17:40:41+02:00,1294.71,
7702,538,2025-09-21 18:26:19+02:00,1079.42,
7703,25,2025-12-18 01:40:53+02:00,715.40,
7704,617,2025-05-14 02:09:36+02:00,1173.57,29
7705,78,2025-03-04 10:44:48+02:00,482.48,
7706,625,2025-05-25 13:50:17+02:00,1391.12,22
7707,352,2025-05-29 19:53:50+02:00,1114.69,
7708,274,2025-11-04 17:24:57+02:00,786.68,
7709,589,2025-05-16 19:50:25+02:00,865.10,21
7710,543,2025-03-14 11:57:59+02:00,1594.12,
7711,317,2025-03-09 05:19:57+02:00,1733.16,
7712,123,2025-05-24 07:14:11+02:00,37816.64,23
7713,903,2025-07-08 13:55:16+02:00,5583.42,
7714,485,2025-10-31 04:57:35+02:00,475.05,
7715,65,2025-06-21 00:32:18+02:00,1401.71,
7716,105,2025-10-30 18:08:17+02:00,702.34,28
7717,267,2025-08-15 04:11:37+02:00,2172.97,26
7718,644,2025-04-11 17:47:16+02:00,1163.84,
7719,413,2025-03-31 03:19:09+02:00,2857.06,
7720,602,2025-01-02 08:29:51+02:00,407.64,
7721,857,2025-07-12 15:46:02+02:00,810.44,
7722,154,2025-03-22 06:17:39+02:00,447.48,
7723,704,2025-10-05 13:05:35+02:00,1213.90,17
7724,125,2025-03-24 04:05:18+02:00,2659.75,
7725,990,2025-06-30 14:18:42+02:00,1286.43,
7726,894,2025-01-11 19:16:19+02:00,1217.40,
7727,316,2025-11-26 14:35:01+02:00,1091.19,14
7728,561,2025-04-17 03:23:15+02:00,1324.80,
7729,414,2025-11-05 06:46:46+02:00,1446.00,
7730,241,2025-01-27 14:11:19+02:00,1349.81,
7731,476,2025-04-30 03:42:27+02:00,495.23,19
7732,537,2025-07-25 16:23:16+02:00,8875.42,
7733,342,2025-06-23 09:56:09+02:00,403.28,19
7734,603,2025-03-16 23:13:50+02:00,6101.90,
7735,575,2025-03-24 13:10:34+02:00,573.59,14
7736,760,2025-08-02 07:01:03+02:00,3496.15,
7737,67,2025-03-12 22:01:12+02:00,1417.98,
7738,559,2025-11-13 05:56:35+02:00,379.99,16
7739,792,2025-09-08 00:16:41+02:00,654.71,12
7740,73,2025-10-26 13:55:57+02:00,1095.13,
7741,45,2025-12-09 09:44:32+02:00,6168.23,
7742,264,2025-08-31 04:27:20+02:00,1469.64,
7743,285,2025-01-05 00:12:51+02:00,896.86,
7744,225,2025-10-15 16:09:12+02:00,7262.46,
7745,521,2025-01-22 08:12:58+02:00,469.31,14
7746,892,2025-05-03 11:12:21+02:00,1172.48,
7747,504,2025-12-03 17:53:17+02:00,3654.70,
7748,150,2025-06-15 01:53:09+02:00,2602.85,
7749,589,2025-12-09 14:32:06+02:00,2690.48,12
7750,70,2025-09-14 22:32:02+02:00,982.23,29
7751,706,2025-07-18 05:33:50+02:00,1307.05,
7752,507,2025-08-15 23:45:29+02:00,10496.91,22
7753,827,2025-09-09 14:31:53+02:00,1346.65,
7754,12,2025-07-20 08:10:19+02:00,2793.29,
7755,336,2025-08-22 10:25:06+02:00,856.92,
7756,909,2025-10-15 23:47:22+02:00,992.86,17
7757,226,2025-02-18 13:51:51+02:00,2606.40,
7758,20,2025-11-01 23:59:56+02:00,795.78,
7759,257,2025-01-18 08:37:08+02:00,356.49,22
7760,249,2025-09-07 06:15:58+02:00,1752.87,
7761,847,2025-02-04 16:11:48+02:00,2356.78,16
7762,296,2025-05-06 21:28:57+02:00,2114.99,18
7763,20,2025-09-01 07:07:54+02:00,1343.49,
7764,886,2025-09-21 20:15:31+02:00,824.95,20
7765,731,2025-06-27 09:04:05+02:00,1752.40,30
7766,743,2025-08-09 06:11:34+02:00,672.22,30
7767,197,2025-04-30 13:11:29+02:00,1010.50,
7768,793,2025-02-18 06:31:45+02:00,3299.79,18
7769,459,2025-10-12 09:59:40+02:00,1491.25,
7770,871,2025-06-21 23:58:52+02:00,2779.37,
7771,448,2025-10-28 16:07:25+02:00,726.27,26
7772,419,2025-08-28 20:53:24+02:00,824.16,30
7773,814,2025-07-18 02:31:04+02:00,2945.94,17
7774,124,2025-01-22 18:04:29+02:00,2638.18,
7775,913,2025-07-02 03:09:40+02:00,3683.02,30
7776,55,2025-02-23 09:50:56+02:00,3150.69,
7777,517,2025-10-10 23:06:51+02:00,922.59,
7778,848,2025-02-23 02:24:08+02:00,1859.39,
7779,615,2025-01-02 12:08:50+02:00,958.00,
7780,949,2025-07-28 02:25:13+02:00,3740.40,
7781,778,2025-10-08 10:47:57+02:00,1210.10,
7782,348,2025-05-07 02:40:05+02:00,4183.95,
7783,51,2025-05-30 18:48:11+02:00,1046.72,20
7784,756,2025-06-27 15:44:17+02:00,3468.04,
7785,747,2025-01-29 13:40:10+02:00,3511.46,22
7786,794,2025-07-18 20:29:01+02:00,648.53,19
7787,959,2025-10-17 06:55:45+02:00,5197.32,
7788,863,2025-09-03 12:44:38+02:00,2075.40,
7789,315,2025-11-05 17:31:59+02:00,3708.78,
7790,622,2025-02-23 04:42:32+02:00,2011.44,
7791,556,2025-12-27 16:54:02+02:00,3918.53,
7792,201,2025-09-02 15:12:39+02:00,793.22,
7793,642,2025-09-19 07:30:23+02:00,489.94,17
7794,403,2025-11-09 18:46:08+02:00,221.11,15
7795,131,2025-12-04 03:03:58+02:00,2722.64,
7796,953,2025-06-17 02:20:41+02:00,2705.36,
7797,457,2025-01-07 21:51:46+02:00,2756.69,
7798,247,2025-12-10 10:54:25+02:00,916.63,11
7799,990,2025-07-25 10:37:02+02:00,605.11,
7800,712,2025-05-09 20:39:28+02:00,644.80,
7801,671,2025-02-17 11:16:34+02:00,1001.17,
7802,832,2025-09-03 05:11:36+02:00,1090.58,
7803,72,2025-06-08 10:16:10+02:00,1630.99,
7804,18,2025-01-02 10:51:27+02:00,17676.31,
7805,384,2025-12-08 20:30:24+02:00,17391.82,18
7806,775,2025-06-27 08:25:26+02:00,865.95,
7807,248,2025-01-02 11:45:23+02:00,993.12,
7808,834,2025-08-08 01:12:05+02:00,24060.98,17
7809,873,2025-12-15 23:14:53+02:00,2804.24,
7810,570,2025-05-06 17:09:55+02:00,1116.67,22
7811,546,2025-04-24 04:56:59+02:00,990.14,
7812,478,2025-02-23 04:41:23+02:00,5645.21,
7813,205,2025-03-17 14:42:15+02:00,1814.94,
7814,421,2025-11-25 09:59:06+02:00,23616.14,13
7815,927,2025-10-13 08:26:48+02:00,2113.09,24
7816,358,2025-10-09 11:49:14+02:00,1234.37,28
7817,874,2025-03-03 15:51:37+02:00,965.93,
7818,735,2025-11-01 06:37:58+02:00,1585.77,
7819,910,2025-09-20 00:50:55+02:00,1060.38,
7820,106,2025-08-05 11:42:15+02:00,4575.18,
7821,588,2025-10-05 10:02:18+02:00,1101.63,
7822,631,2025-10-09 15:40:51+02:00,930.05,
7823,171,2025-09-24 09:51:58+02:00,2869.04,
7824,990,2025-01-18 20:01:40+02:00,7975.99,
7825,792,2025-12-11 15:17:56+02:00,1403.34,
7826,34,2025-10-19 22:36:28+02:00,1821.81,
7827,771,2025-02-02 14:04:56+02:00,1089.76,
7828,868,2025-04-15 18:57:02+02:00,1431.49,
7829,965,2025-11-24 05:47:02+02:00,3121.33,12
7830,253,2025-04-12 04:02:50+02:00,229.05,18
7831,740,2025-07-22 08:58:45+02:00,10667.80,
7832,105,2025-07-12 03:15:09+02:00,16003.22,
7833,837,2025-07-22 16:25:56+02:00,2583.85,
7834,178,2025-07-02 21:57:20+02:00,1052.14,
7835,580,2025-12-06 01:00:57+02:00,1450.72,16
7836,890,2025-10-12 09:30:40+02:00,2419.91,
7837,458,2025-04-17 11:55:17+02:00,1829.37,
7838,397,2025-08-16 14:53:19+02:00,1018.16,
7839,310,2025-05-30 10:00:14+02:00,16800.56,
7840,593,2025-08-11 00:19:43+02:00,3762.87,
7841,139,2025-06-16 16:00:22+02:00,3685.71,28
7842,349,2025-12-20 02:51:29+02:00,3136.32,
7843,240,2025-06-11 18:10:47+02:00,5653.46,
7844,855,2025-02-14 03:01:28+02:00,564.32,
7845,296,2025-08-24 15:20:40+02:00,2399.60,
7846,428,2025-01-01 08:51:23+02:00,1543.12,
7847,312,2025-06-25 21:50:57+02:00,1860.71,
7848,321,2025-03-03 16:34:58+02:00,1030.78,25
7849,524,2025-10-03 13:57:07+02:00,1137.99,
7850,534,2025-02-03 01:51:18+02:00,11538.00,
7851,277,2025-06-24 13:36:56+02:00,307.88,
7852,754,2025-04-20 08:25:07+02:00,6557.97,
7853,854,2025-07-23 14:14:41+02:00,2266.88,
7854,796,2025-06-16 08:24:29+02:00,1973.34,
7855,423,2025-06-15 19:40:23+02:00,1300.64,
7856,737,2025-02-06 15:08:20+02:00,943.48,
7857,24,2025-04-14 23:43:41+02:00,1598.88,18
7858,641,2025-12-03 19:02:59+02:00,1947.21,17
7859,420,2025-03-20 17:58:36+02:00,1552.15,
7860,236,2025-07-31 05:28:33+02:00,45347.56,
7861,633,2025-08-08 16:12:11+02:00,2592.93,
7862,300,2025-05-10 03:00:24+02:00,1144.23,24
7863,813,2025-08-13 02:11:36+02:00,1487.59,
7864,852,2025-03-17 05:42:59+02:00,1475.88,23
7865,614,2025-10-03 20:47:40+02:00,742.35,
7866,160,2025-02-08 09:19:22+02:00,2639.64,
7867,162,2025-03-14 02:20:51+02:00,1127.58,13
7868,830,2025-11-18 16:08:38+02:00,2077.63,
7869,273,2025-10-21 09:29:45+02:00,1502.30,28
7870,539,2025-04-21 12:27:12+02:00,10615.22,
7871,829,2025-11-15 18:55:17+02:00,389.71,
7872,187,2025-06-10 07:57:44+02:00,1445.55,
7873,857,2025-08-09 05:51:55+02:00,5684.22,
7874,714,2025-07-29 11:22:59+02:00,511.38,
7875,77,2025-04-23 19:46:42+02:00,2075.94,
7876,694,2025-05-19 12:46:28+02:00,1701.05,15
7877,1,2025-08-05 18:36:33+02:00,999.97,21
7878,706,2025-06-14 13:12:12+02:00,1647.12,
7879,966,2025-11-09 14:43:41+02:00,792.48,14
7880,834,2025-10-29 00:38:07+02:00,951.78,23
7881,688,2025-07-18 20:41:14+02:00,4057.42,
7882,696,2025-07-22 15:15:02+02:00,1136.25,
7883,29,2025-01-16 22:21:02+02:00,2514.03,
7884,110,2025-05-24 13:45:51+02:00,17313.84,11
7885,477,2025-06-01 15:58:07+02:00,27608.12,
7886,258,2025-03-07 19:03:33+02:00,1097.49,
7887,876,2025-10-17 18:08:59+02:00,1091.66,
7888,510,2025-06-15 03:41:11+02:00,1449.58,
7889,137,2025-11-23 11:58:25+02:00,556.72,
7890,845,2025-09-14 14:17:47+02:00,8676.37,30
7891,487,2025-03-11 18:39:08+02:00,1048.07,
7892,149,2025-08-30 04:50:08+02:00,1957.49,
7893,791,2025-10-14 11:08:04+02:00,2318.90,
7894,369,2025-10-07 11:24:33+02:00,1586.92,
7895,673,2025-02-05 14:40:41+02:00,1377.19,12
7896,301,2025-12-16 09:47:49+02:00,820.27,
7897,248,2025-01-02 20:24:11+02:00,1221.78,17
7898,517,2025-10-03 08:53:18+02:00,4022.61,22
7899,672,2025-03-08 18:19:46+02:00,736.88,
7900,621,2025-05-10 00:25:05+02:00,1355.89,
7901,366,2025-08-24 02:44:40+02:00,1251.70,
7902,434,2025-12-09 16:46:52+02:00,1131.90,
7903,574,2025-12-07 22:18:09+02:00,668.66,
7904,879,2025-04-14 17:42:35+02:00,1124.97,
7905,504,2025-03-30 16:47:45+02:00,388.43,
7906,494,2025-08-26 09:56:06+02:00,2744.78,
7907,931,2025-04-08 19:57:58+02:00,13444.06,
7908,52,2025-01-20 06:19:14+02:00,4852.86,29
7909,328,2025-10-16 14:23:44+02:00,1520.11,21
7910,962,2025-10-21 06:36:20+02:00,850.90,24
7911,58,2025-08-10 09:13:32+02:00,4884.31,
7912,466,2025-10-22 11:24:51+02:00,1644.64,
7913,266,2025-04-09 13:57:34+02:00,4825.50,13
7914,385,2025-04-22 07:19:42+02:00,932.52,28
7915,224,2025-03-07 02:51:50+02:00,3491.43,
7916,789,2025-12-18 11:13:46+02:00,541.30,
7917,952,2025-11-17 02:51:20+02:00,5115.49,
7918,638,2025-06-17 10:45:40+02:00,1838.51,
7919,782,2025-03-21 05:53:49+02:00,1138.14,
7920,555,2025-12-24 06:37:50+02:00,2927.52,
7921,38,2025-09-19 17:31:50+02:00,1032.11,
7922,361,2025-09-18 01:49:45+02:00,2294.79,
7923,154,2025-03-11 03:29:52+02:00,1004.18,
7924,386,2025-05-25 08:15:36+02:00,1331.35,17
7925,86,2025-04-29 12:31:54+02:00,668.66,
7926,187,2025-12-18 08:11:05+02:00,1636.94,
7927,871,2025-05-19 21:22:31+02:00,1592.81,18
7928,943,2025-12-19 04:29:01+02:00,428.25,
7929,956,2025-01-07 19:32:18+02:00,5243.52,
7930,361,2025-01-24 19:44:53+02:00,6209.65,
7931,948,2025-03-27 08:54:04+02:00,381.27,13
7932,562,2025-05-25 20:58:01+02:00,2864.16,
7933,198,2025-12-10 17:16:40+02:00,10353.22,21
7934,290,2025-08-23 20:46:54+02:00,5224.44,
7935,924,2025-03-15 22:57:17+02:00,933.46,17
7936,626,2025-01-27 21:06:01+02:00,8253.42,13
7937,202,2025-03-26 20:40:34+02:00,1952.00,
7938,236,2025-07-11 06:52:23+02:00,1376.63,19
7939,663,2025-02-17 23:23:41+02:00,417.62,13
7940,784,2025-06-29 15:46:14+02:00,2808.78,
7941,624,2025-03-19 14:25:42+02:00,1871.48,
7942,82,2025-05-07 08:41:48+02:00,2082.75,
7943,65,2025-03-02 01:06:37+02:00,444.93,18
7944,877,2025-12-12 13:00:00+02:00,21132.98,
7945,986,2025-11-20 14:34:51+02:00,3636.93,
7946,230,2025-01-17 06:48:53+02:00,1796.55,
7947,97,2025-12-07 00:15:32+02:00,1606.94,
7948,224,2025-01-17 03:44:54+02:00,2339.12,14
7949,857,2025-05-09 19:20:43+02:00,1267.24,
7950,875,2025-08-14 10:47:55+02:00,381.62,
7951,72,2025-05-21 15:14:23+02:00,1734.16,
7952,879,2025-02-10 00:21:57+02:00,1085.10,
7953,987,2025-01-21 10:06:45+02:00,1292.76,
7954,76,2025-03-18 00:56:39+02:00,584.51,15
7955,45,2025-06-28 14:17:29+02:00,465.47,
7956,854,2025-01-03 03:58:47+02:00,3734.74,
7957,155,2025-03-29 17:57:00+02:00,27039.33,
7958,190,2025-12-21 17:18:31+02:00,8370.39,
7959,823,2025-12-15 15:44:41+02:00,6791.41,27
7960,711,2025-09-16 00:44:20+02:00,813.38,
7961,626,2025-04-30 03:48:59+02:00,865.73,
7962,696,2025-04-01 04:09:36+02:00,1343.69,17
7963,648,2025-07-18 00:56:02+02:00,1717.20,
7964,809,2025-09-18 01:09:57+02:00,695.58,
7965,453,2025-05-02 20:48:32+02:00,648.77,13
7966,405,2025-09-25 07:26:29+02:00,2737.86,
7967,831,2025-09-17 11:54:06+02:00,15779.60,
7968,333,2025-06-17 00:41:21+02:00,1992.14,22
7969,204,2025-03-28 13:01:27+02:00,796.97,
7970,173,2025-08-14 11:23:03+02:00,31431.30,
7971,384,2025-06-09 02:15:39+02:00,1123.81,
7972,375,2025-10-11 14:54:41+02:00,790.45,
7973,659,2025-08-09 21:10:34+02:00,7860.29,
7974,102,2025-05-27 22:33:19+02:00,617.53,23
7975,911,2025-06-12 05:35:44+02:00,917.04,
7976,875,2025-09-30 08:36:02+02:00,6009.42,14
7977,944,2025-06-24 14:09:28+02:00,2223.62,12
7978,631,2025-01-23 00:59:34+02:00,2072.72,
7979,841,2025-08-06 00:26:09+02:00,1877.47,
7980,765,2025-11-21 12:50:40+02:00,2542.74,
7981,521,2025-05-16 16:14:38+02:00,15009.47,
7982,266,2025-03-14 20:22:19+02:00,1479.48,
7983,833,2025-01-13 14:16:31+02:00,1291.65,16
7984,815,2025-05-31 21:15:57+02:00,2977.50,
7985,610,2025-09-22 02:11:08+02:00,1896.56,11
7986,353,2025-11-18 01:57:27+02:00,5603.94,
7987,526,2025-02-01 03:40:35+02:00,331.27,
7988,38,2025-08-23 00:38:03+02:00,884.50,
7989,338,2025-04-18 02:34:47+02:00,1283.17,
7990,529,2025-05-19 16:42:47+02:00,1602.51,
7991,229,2025-11-20 21:18:15+02:00,5653.78,
7992,649,2025-12-03 02:48:16+02:00,587.48,
7993,416,2025-06-16 14:21:17+02:00,6098.96,
7994,66,2025-05-11 11:05:23+02:00,2955.55,16
7995,88,2025-07-03 00:03:10+02:00,976.89,
7996,288,2025-10-20 22:10:52+02:00,2765.28,
7997,830,2025-11-14 20:34:24+02:00,4210.85,
7998,759,2025-10-02 19:57:15+02:00,745.37,
7999,367,2025-02-22 17:36:50+02:00,803.40,
8000,504,2025-06-29 07:42:20+02:00,1638.10,
8001,932,2025-08-20 02:11:51+02:00,1709.64,
8002,693,2025-10-26 16:48:37+02:00,716.25,18
8003,612,2025-07-17 20:12:31+02:00,702.26,19
8004,722,2025-09-09 18:56:31+02:00,2214.24,
8005,615,2025-09-08 04:05:14+02:00,2710.38,
8006,233,2025-06-08 14:40:31+02:00,600.48,
8007,325,2025-09-20 13:19:25+02:00,951.25,14
8008,30,2025-06-22 02:59:36+02:00,1057.11,
8009,193,2025-07-29 04:20:47+02:00,1827.73,
8010,626,2025-07-04 11:00:46+02:00,1937.96,
8011,38,2025-06-16 23:20:30+02:00,7757.21,23
8012,83,2025-10-07 17:40:59+02:00,2268.12,
8013,372,2025-09-15 04:10:15+02:00,1288.15,
8014,555,2025-11-02 00:48:45+02:00,2985.58,
8015,354,2025-08-07 11:47:25+02:00,784.77,18
8016,638,2025-06-13 14:51:48+02:00,1068.44,
8017,799,2025-12-20 03:55:57+02:00,6068.96,
8018,540,2025-06-11 00:06:40+02:00,1366.84,
8019,624,2025-11-10 05:29:24+02:00,1297.08,
8020,167,2025-06-09 21:42:51+02:00,2147.75,
8021,274,2025-12-15 16:40:49+02:00,4014.00,
8022,201,2025-06-26 05:22:19+02:00,3814.76,28
8023,674,2025-06-14 06:52:59+02:00,1669.84,
8024,21,2025-01-23 20:17:26+02:00,4673.86,
8025,416,2025-02-03 18:42:32+02:00,1701.33,
8026,725,2025-03-20 16:11:54+02:00,498.41,28
8027,357,2025-12-07 01:53:04+02:00,21410.02,
8028,130,2025-02-17 05:49:42+02:00,1619.56,
8029,85,2025-11-26 00:09:37+02:00,460.52,
8030,829,2025-08-25 16:13:05+02:00,1141.84,
8031,890,2025-08-15 05:12:26+02:00,1002.31,12
8032,121,2025-11-08 20:51:23+02:00,1328.70,
8033,547,2025-10-18 06:34:15+02:00,961.03,
8034,11,2025-07-31 15:33:27+02:00,401.41,28
8035,959,2025-03-04 03:35:49+02:00,2145.41,
8036,271,2025-04-25 04:55:26+02:00,2211.40,
8037,590,2025-03-31 15:48:45+02:00,914.23,28
8038,568,2025-07-04 21:55:19+02:00,869.74,25
8039,261,2025-02-24 22:29:05+02:00,1635.08,
8040,183,2025-11-14 01:30:27+02:00,355.20,19
8041,155,2025-03-28 09:20:00+02:00,2005.14,
8042,511,2025-04-03 05:59:30+02:00,1256.40,
8043,612,2025-03-15 20:09:05+02:00,8018.18,
8044,244,2025-02-12 10:36:16+02:00,3236.97,
8045,469,2025-04-01 22:28:23+02:00,2934.38,
8046,400,2025-07-27 07:06:51+02:00,424.07,
8047,99,2025-08-06 10:37:19+02:00,679.11,28
8048,793,2025-06-21 06:15:46+02:00,2610.69,
8049,710,2025-07-13 21:57:29+02:00,1008.93,
8050,532,2025-10-17 08:58:21+02:00,1199.51,
8051,860,2025-07-22 08:10:02+02:00,701.39,
8052,487,2025-10-10 18:25:52+02:00,1259.66,23
8053,197,2025-09-27 08:52:06+02:00,1853.43,
8054,703,2025-12-25 03:30:18+02:00,3793.33,
8055,240,2025-09-16 10:17:11+02:00,711.61,
8056,57,2025-11-04 21:04:46+02:00,3631.64,
8057,378,2025-01-15 21:45:41+02:00,2490.46,
8058,616,2025-10-09 00:06:40+02:00,836.54,
8059,556,2025-08-18 10:42:20+02:00,29002.66,
8060,673,2025-11-13 10:40:46+02:00,717.40,
8061,500,2025-11-16 04:02:37+02:00,1990.62,11
8062,405,2025-04-30 15:12:53+02:00,21423.84,
8063,568,2025-10-06 09:42:39+02:00,2343.55,
8064,554,2025-12-08 05:16:06+02:00,904.61,
8065,540,2025-05-23 10:57:48+02:00,1050.62,
8066,858,2025-03-29 07:12:47+02:00,1404.41,
8067,180,2025-03-26 00:55:43+02:00,4410.58,
8068,238,2025-12-03 10:38:03+02:00,995.12,
8069,706,2025-11-08 14:31:34+02:00,386.06,
8070,558,2025-03-30 09:39:55+02:00,3996.09,18
8071,171,2025-03-22 19:40:48+02:00,355.81,15
8072,71,2025-08-23 23:43:54+02:00,1211.05,
8073,581,2025-10-16 23:12:29+02:00,2216.23,
8074,473,2025-02-21 07:52:14+02:00,536.50,
8075,137,2025-04-05 08:02:00+02:00,2276.01,
8076,821,2025-04-28 13:26:08+02:00,1323.86,
8077,510,2025-03-08 05:29:31+02:00,1791.10,
8078,840,2025-10-23 20:47:52+02:00,2050.77,
8079,399,2025-08-01 06:19:05+02:00,1623.85,23
8080,547,2025-07-30 14:23:10+02:00,1244.82,
8081,109,2025-08-05 11:15:53+02:00,1058.72,
8082,146,2025-06-24 17:08:33+02:00,416.54,19
8083,553,2025-06-17 00:20:00+02:00,692.86,24
8084,368,2025-05-04 22:10:30+02:00,681.14,
8085,260,2025-06-23 01:46:10+02:00,1360.72,
8086,320,2025-02-20 12:21:16+02:00,4066.84,
8087,784,2025-02-05 00:46:26+02:00,1178.48,
8088,713,2025-04-23 06:05:45+02:00,1648.62,
8089,630,2025-10-03 12:04:13+02:00,755.38,17
8090,260,2025-07-13 16:10:35+02:00,1697.94,25
8091,186,2025-06-10 10:55:14+02:00,811.07,
8092,445,2025-11-07 11:27:39+02:00,2127.53,
8093,736,2025-03-13 10:50:00+02:00,10301.26,
8094,969,2025-03-02 04:35:38+02:00,1222.36,
8095,271,2025-01-10 22:16:12+02:00,1520.11,12
8096,766,2025-04-08 03:34:53+02:00,618.43,27
8097,890,2025-09-11 09:48:07+02:00,10697.51,
8098,377,2025-03-18 00:20:21+02:00,2734.85,
8099,186,2025-07-13 07:52:51+02:00,4335.65,
8100,368,2025-10-03 16:50:56+02:00,1674.03,
8101,457,2025-04-10 03:26:43+02:00,800.41,17
8102,911,2025-02-19 16:55:46+02:00,2836.91,
8103,768,2025-06-24 21:35:51+02:00,2213.15,
8104,54,2025-07-21 03:37:14+02:00,1841.43,
8105,742,2025-02-17 17:48:02+02:00,2848.69,22
8106,600,2025-05-18 19:42:21+02:00,337.03,19
8107,623,2025-01-06 20:08:55+02:00,1834.55,
8108,468,2025-01-27 18:12:26+02:00,1325.22,17
8109,564,2025-09-17 09:06:44+02:00,424.58,17
8110,629,2025-02-01 07:09:46+02:00,623.68,
8111,449,2025-12-20 23:33:32+02:00,399.49,15
8112,471,2025-07-09 12:59:35+02:00,579.46,28
8113,53,2025-02-28 10:21:43+02:00,1295.93,
8114,468,2025-02-17 00:52:58+02:00,603.64,
8115,340,2025-12-01 11:32:29+02:00,11271.81,11
8116,210,2025-06-20 17:38:37+02:00,2766.98,
8117,648,2025-03-14 18:45:31+02:00,5948.06,23
8118,908,2025-10-08 17:00:34+02:00,344.42,
8119,767,2025-03-25 12:12:03+02:00,2605.39,
8120,248,2025-01-15 11:33:58+02:00,2175.98,14
8121,542,2025-11-19 14:30:30+02:00,518.25,27
8122,273,2025-12-11 17:15:58+02:00,1835.77,28
8123,935,2025-06-19 05:06:57+02:00,985.69,
8124,822,2025-12-26 05:34:50+02:00,3759.98,
8125,467,2025-08-05 15:10:26+02:00,742.46,17
8126,138,2025-02-21 02:58:11+02:00,892.21,
8127,357,2025-10-10 13:41:01+02:00,3567.23,28
8128,668,2025-12-17 22:05:20+02:00,744.68,
8129,282,2025-08-16 12:09:02+02:00,470.04,
8130,596,2025-04-14 15:57:20+02:00,2749.89,
8131,139,2025-10-18 05:06:43+02:00,16757.46,
8132,428,2025-06-21 16:18:59+02:00,5658.56,12
8133,680,2025-06-16 11:14:14+02:00,2229.21,
8134,132,2025-08-01 18:55:38+02:00,848.72,
8135,881,2025-01-05 22:11:53+02:00,1119.05,
8136,164,2025-01-08 18:03:16+02:00,531.94,
8137,313,2025-06-03 20:58:13+02:00,491.54,
8138,386,2025-12-26 07:17:30+02:00,2869.40,
8139,346,2025-12-05 07:42:53+02:00,17231.00,30
8140,681,2025-01-10 11:29:55+02:00,1398.51,28
8141,470,2025-02-22 02:13:23+02:00,823.52,
8142,457,2025-08-26 08:49:16+02:00,330.44,
8143,656,2025-05-05 11:11:42+02:00,20057.83,25
8144,486,2025-06-30 06:43:27+02:00,3005.54,
8145,548,2025-05-15 23:50:48+02:00,634.71,
8146,382,2025-10-01 15:40:53+02:00,3991.04,
8147,720,2025-08-31 02:34:06+02:00,3220.12,
8148,267,2025-05-05 08:26:42+02:00,2599.24,
8149,352,2025-04-16 22:56:33+02:00,898.13,15
8150,757,2025-08-16 14:48:02+02:00,836.53,14
8151,936,2025-10-10 01:51:43+02:00,1774.59,
8152,71,2025-05-22 12:41:02+02:00,13162.22,
8153,922,2025-01-02 19:15:42+02:00,2418.62,
8154,722,2025-03-21 23:19:57+02:00,19829.97,
8155,63,2025-06-28 02:26:58+02:00,1693.69,
8156,729,2025-08-25 17:57:24+02:00,1387.07,28
8157,915,2025-10-01 21:51:15+02:00,6106.35,
8158,542,2025-11-15 23:40:19+02:00,730.40,13
8159,640,2025-03-13 21:56:15+02:00,3409.84,
8160,870,2025-10-30 14:13:05+02:00,1395.33,
8161,177,2025-08-02 00:59:46+02:00,1468.32,23
8162,875,2025-04-01 16:49:17+02:00,1777.15,19
8163,107,2025-09-24 13:14:44+02:00,455.49,
8164,897,2025-09-24 11:21:18+02:00,2537.11,
8165,141,2025-02-07 06:37:30+02:00,783.68,11
8166,273,2025-07-17 07:17:38+02:00,536.37,
8167,471,2025-08-27 01:29:41+02:00,540.59,
8168,344,2025-01-25 06:24:39+02:00,14240.32,
8169,438,2025-12-11 15:14:41+02:00,1778.28,
8170,468,2025-10-06 00:27:43+02:00,1161.78,
8171,171,2025-09-19 06:09:53+02:00,2876.90,20
8172,726,2025-12-20 11:31:06+02:00,2178.25,
8173,770,2025-04-13 15:34:59+02:00,1255.45,16
8174,693,2025-10-08 14:34:36+02:00,2310.58,
8175,191,2025-11-30 13:35:42+02:00,856.86,30
8176,478,2025-01-03 09:36:14+02:00,1296.60,
8177,631,2025-05-24 01:14:26+02:00,5404.16,
8178,724,2025-07-20 22:19:24+02:00,2448.72,11
8179,327,2025-07-25 03:15:06+02:00,1098.61,
8180,185,2025-02-27 06:34:06+02:00,1332.17,22
8181,627,2025-09-16 01:43:43+02:00,916.63,
8182,507,2025-06-09 08:38:44+02:00,1126.05,
8183,862,2025-07-07 07:32:41+02:00,2714.44,22
8184,84,2025-10-17 07:33:21+02:00,2564.91,
8185,366,2025-12-21 00:16:52+02:00,1414.91,
8186,463,2025-08-14 23:05:34+02:00,661.30,18
8187,1,2025-07-27 08:44:48+02:00,764.55,
8188,731,2025-10-20 01:21:17+02:00,1722.05,13
8189,447,2025-10-03 14:17:24+02:00,666.73,26
8190,437,2025-04-25 16:25:52+02:00,493.48,16
8191,608,2025-01-18 14:20:35+02:00,914.58,
8192,391,2025-04-05 12:56:00+02:00,1760.67,26
8193,803,2025-06-13 21:17:14+02:00,3308.04,
8194,782,2025-10-22 11:31:00+02:00,3221.69,
8195,874,2025-03-10 16:31:15+02:00,4465.38,
8196,272,2025-12-30 16:58:48+02:00,1793.55,
8197,364,2025-07-21 07:39:06+02:00,1738.27,
8198,470,2025-02-07 20:49:46+02:00,1091.79,
8199,158,2025-09-08 06:00:56+02:00,12939.40,
8200,937,2025-02-02 06:53:43+02:00,44706.15,
8201,749,2025-04-11 02:40:56+02:00,20386.04,21
8202,915,2025-08-17 21:47:30+02:00,2578.30,
8203,42,2025-11-29 00:26:00+02:00,1448.15,
8204,501,2025-06-13 09:28:09+02:00,1553.33,
8205,670,2025-03-21 22:56:02+02:00,5436.57,
8206,832,2025-11-08 11:46:55+02:00,3015.51,
8207,464,2025-04-10 11:12:50+02:00,747.86,14
8208,58,2025-09-05 10:39:06+02:00,299.78,
8209,730,2025-02-01 04:36:59+02:00,1698.80,
8210,365,2025-06-26 12:07:30+02:00,4596.43,
8211,567,2025-01-30 01:00:39+02:00,507.20,
8212,541,2025-03-30 18:36:30+02:00,811.00,
8213,778,2025-01-12 01:08:46+02:00,1324.46,
8214,390,2025-07-28 15:22:46+02:00,2070.85,
8215,256,2025-05-28 08:39:59+02:00,1203.57,
8216,643,2025-12-20 05:34:41+02:00,13658.14,30
8217,24,2025-12-01 23:05:35+02:00,1627.89,
8218,952,2025-04-27 13:05:48+02:00,3644.30,
8219,228,2025-08-30 23:42:29+02:00,1094.25,
8220,759,2025-04-20 05:22:31+02:00,1813.64,
8221,39,2025-04-16 14:25:40+02:00,637.74,
8222,306,2025-05-26 04:51:16+02:00,8852.44,11
8223,369,2025-10-10 10:44:16+02:00,2710.33,
8224,9,2025-06-07 17:24:39+02:00,370.73,19
8225,45,2025-10-15 20:39:30+02:00,2076.24,
8226,167,2025-04-17 00:29:27+02:00,687.64,
8227,294,2025-05-13 09:07:54+02:00,643.15,
8228,633,2025-07-19 09:11:28+02:00,895.17,
8229,278,2025-08-29 05:47:29+02:00,1887.55,
8230,83,2025-07-19 19:01:59+02:00,987.81,
8231,827,2025-12-20 20:17:02+02:00,468.77,
8232,742,2025-08-25 15:58:34+02:00,1411.80,
8233,91,2025-08-06 06:04:22+02:00,392.21,
8234,781,2025-10-22 22:53:19+02:00,1926.76,
8235,421,2025-04-21 22:52:35+02:00,463.88,
8236,104,2025-05-28 04:12:48+02:00,688.79,
8237,698,2025-05-25 19:25:58+02:00,895.08,
8238,365,2025-11-20 16:28:31+02:00,1352.56,
8239,650,2025-05-30 16:21:08+02:00,1468.78,22
8240,100,2025-03-08 17:28:13+02:00,1245.87,18
8241,693,2025-04-02 20:00:13+02:00,2052.83,
8242,710,2025-07-01 20:30:28+02:00,12385.31,
8243,626,2025-08-01 20:50:13+02:00,719.10,
8244,400,2025-07-22 07:01:23+02:00,608.06,20
8245,422,2025-02-25 06:17:17+02:00,1445.21,
8246,912,2025-01-07 12:10:00+02:00,961.32,17
8247,826,2025-12-02 17:58:41+02:00,2813.85,
8248,182,2025-03-02 00:46:50+02:00,1708.39,
8249,817,2025-08-29 23:53:12+02:00,1297.51,
8250,347,2025-12-02 09:01:03+02:00,850.70,
8251,396,2025-07-23 06:16:37+02:00,5755.97,
8252,660,2025-01-16 18:27:45+02:00,784.43,
8253,398,2025-04-30 20:32:49+02:00,2876.80,
8254,130,2025-05-05 21:49:57+02:00,661.67,
8255,36,2025-07-16 15:56:43+02:00,2615.44,
8256,369,2025-06-05 17:05:29+02:00,1747.46,
8257,746,2025-06-20 18:07:02+02:00,1187.84,15
8258,883,2025-01-26 15:55:39+02:00,948.28,23
8259,941,2025-12-14 21:16:04+02:00,1503.56,
8260,860,2025-02-15 07:03:02+02:00,1221.32,30
8261,350,2025-03-18 06:30:35+02:00,2839.98,
8262,535,2025-04-02 23:44:12+02:00,695.41,
8263,884,2025-03-27 05:36:44+02:00,1123.51,18
8264,40,2025-07-07 19:34:12+02:00,9320.65,11
8265,776,2025-10-26 07:40:23+02:00,8050.36,17
8266,873,2025-05-29 00:38:50+02:00,10719.00,
8267,648,2025-10-11 22:15:13+02:00,560.80,24
8268,818,2025-02-02 03:42:43+02:00,2191.89,
8269,877,2025-04-19 18:23:53+02:00,1725.76,
8270,312,2025-06-13 10:29:21+02:00,1511.14,
8271,438,2025-03-23 03:12:43+02:00,1421.14,
8272,445,2025-10-28 16:34:26+02:00,4579.84,
8273,60,2025-12-08 03:49:08+02:00,649.50,
8274,235,2025-10-25 11:47:16+02:00,18040.60,
8275,705,2025-09-27 22:02:57+02:00,10017.05,22
8276,110,2025-06-19 15:19:29+02:00,3138.48,
8277,342,2025-01-06 06:04:00+02:00,866.78,23
8278,516,2025-12-14 19:41:26+02:00,1392.70,18
8279,594,2025-10-20 08:16:13+02:00,1632.28,
8280,919,2025-06-15 10:02:18+02:00,1144.86,
8281,818,2025-10-25 17:15:10+02:00,15413.98,
8282,833,2025-01-10 05:19:27+02:00,692.27,
8283,610,2025-06-06 21:17:26+02:00,1547.33,
8284,562,2025-02-11 01:05:56+02:00,439.36,
8285,977,2025-10-27 14:16:45+02:00,11339.75,17
8286,375,2025-04-14 19:20:56+02:00,945.41,
8287,637,2025-02-15 07:00:38+02:00,2163.08,
8288,178,2025-04-24 11:09:15+02:00,2502.52,
8289,140,2025-07-07 15:44:43+02:00,1115.22,20
8290,839,2025-10-04 01:29:12+02:00,2838.74,
8291,316,2025-03-25 20:55:34+02:00,926.68,
8292,672,2025-03-06 17:21:50+02:00,1039.18,
8293,496,2025-06-21 08:06:38+02:00,2400.06,19
8294,247,2025-05-27 11:24:22+02:00,2076.69,
8295,494,2025-11-27 06:52:04+02:00,2655.99,15
8296,320,2025-04-27 23:40:25+02:00,1476.52,
8297,273,2025-01-10 00:10:34+02:00,1101.64,
8298,686,2025-05-18 04:41:48+02:00,531.64,
8299,194,2025-05-05 20:30:40+02:00,1180.57,
8300,415,2025-05-04 07:59:03+02:00,3867.74,11
8301,590,2025-08-28 21:35:48+02:00,5990.50,13
8302,100,2025-03-24 13:19:22+02:00,39488.84,
8303,583,2025-08-22 10:28:12+02:00,709.63,
8304,679,2025-01-23 19:22:08+02:00,452.39,
8305,887,2025-07-22 02:34:21+02:00,960.76,
8306,394,2025-09-15 09:32:23+02:00,1329.28,
8307,297,2025-06-24 05:36:50+02:00,1645.96,23
8308,462,2025-02-16 23:18:10+02:00,1088.25,
8309,136,2025-04-29 13:41:53+02:00,15872.49,
8310,173,2025-12-18 21:33:02+02:00,2578.78,
8311,254,2025-10-15 11:39:48+02:00,1834.09,28
8312,288,2025-10-08 19:07:47+02:00,1130.72,
8313,218,2025-08-26 06:42:22+02:00,756.98,
8314,584,2025-07-06 09:45:12+02:00,466.71,
8315,515,2025-08-04 04:54:24+02:00,724.35,
8316,987,2025-07-09 17:24:02+02:00,2011.10,
8317,600,2025-11-16 21:54:54+02:00,1233.37,
8318,673,2025-05-09 10:36:31+02:00,1268.84,21
8319,251,2025-07-19 22:55:31+02:00,2113.73,19
8320,229,2025-08-29 12:25:00+02:00,895.67,
8321,885,2025-02-20 18:17:51+02:00,4420.09,
8322,661,2025-10-21 05:43:04+02:00,547.98,
8323,40,2025-09-15 08:24:44+02:00,445.52,14
8324,653,2025-08-08 18:07:44+02:00,213.47,20
8325,65,2025-01-17 20:11:18+02:00,757.89,
8326,476,2025-09-16 19:58:14+02:00,476.69,
8327,656,2025-07-01 20:23:25+02:00,596.80,
8328,128,2025-05-11 19:23:31+02:00,6479.72,
8329,784,2025-10-15 01:06:34+02:00,24515.04,26
8330,25,2025-12-24 22:34:17+02:00,2396.45,23
8331,251,2025-05-04 01:58:37+02:00,27157.92,
8332,15,2025-08-18 10:44:16+02:00,29232.72,
8333,510,2025-07-05 19:19:41+02:00,1052.14,
8334,24,2025-05-31 02:39:05+02:00,1097.98,
8335,533,2025-09-11 11:11:06+02:00,557.52,
8336,109,2025-02-04 23:20:56+02:00,774.70,
8337,464,2025-03-31 14:06:02+02:00,459.04,12
8338,107,2025-11-08 09:53:09+02:00,1098.37,
8339,544,2025-10-31 21:02:29+02:00,474.55,14
8340,490,2025-03-04 15:30:04+02:00,2333.49,21
8341,748,2025-06-08 14:15:53+02:00,962.63,
8342,906,2025-06-15 23:51:14+02:00,1712.00,
8343,881,2025-01-23 23:41:27+02:00,7244.38,
8344,51,2025-05-29 10:32:12+02:00,3400.44,
8345,371,2025-04-03 05:22:38+02:00,509.41,
8346,697,2025-05-01 06:40:38+02:00,1685.70,
8347,43,2025-06-13 01:04:34+02:00,2479.65,
8348,20,2025-02-10 10:57:53+02:00,498.88,30
8349,646,2025-11-10 18:01:02+02:00,2502.75,27
8350,401,2025-10-07 14:57:39+02:00,2846.54,
8351,573,2025-08-11 07:24:12+02:00,878.14,
8352,785,2025-02-08 17:31:43+02:00,1068.55,
8353,561,2025-09-22 10:08:34+02:00,1940.48,
8354,417,2025-06-27 19:00:02+02:00,1699.03,
8355,783,2025-03-16 15:07:36+02:00,300.85,
8356,665,2025-01-21 14:10:36+02:00,4108.16,
8357,684,2025-11-15 02:40:26+02:00,807.67,
8358,910,2025-01-17 18:02:37+02:00,1495.34,
8359,148,2025-01-10 17:07:57+02:00,987.83,
8360,14,2025-03-06 10:17:36+02:00,780.11,
8361,347,2025-12-20 17:26:21+02:00,1045.76,
8362,859,2025-02-05 10:08:41+02:00,1932.39,
8363,606,2025-11-08 12:27:07+02:00,383.15,
8364,949,2025-08-29 20:59:15+02:00,2296.20,
8365,779,2025-09-02 17:17:46+02:00,2565.52,
8366,182,2025-04-02 16:28:08+02:00,10080.72,
8367,408,2025-07-28 21:38:37+02:00,2105.07,
8368,331,2025-01-07 00:56:32+02:00,3541.10,
8369,59,2025-04-20 16:35:15+02:00,3816.08,
8370,385,2025-10-14 02:35:25+02:00,5253.30,
8371,114,2025-11-12 00:45:14+02:00,10505.04,
8372,304,2025-04-26 11:56:49+02:00,811.01,
8373,360,2025-07-14 12:05:57+02:00,4170.56,
8374,166,2025-11-27 12:57:57+02:00,1469.12,20
8375,85,2025-03-04 23:43:28+02:00,1072.51,
8376,883,2025-10-06 06:29:50+02:00,3709.06,
8377,876,2025-09-25 17:38:25+02:00,724.85,23
8378,115,2025-05-09 09:39:23+02:00,2028.00,17
8379,972,2025-01-21 03:52:35+02:00,1184.49,21
8380,825,2025-01-20 03:53:34+02:00,804.94,
8381,83,2025-01-09 09:48:45+02:00,526.90,
8382,294,2025-07-26 08:10:00+02:00,747.83,
8383,340,2025-04-25 08:03:54+02:00,651.39,
8384,758,2025-09-27 08:13:03+02:00,710.84,20
8385,314,2025-03-16 03:41:25+02:00,2921.69,26
8386,361,2025-09-01 19:21:40+02:00,2567.32,24
8387,683,2025-03-15 10:42:33+02:00,2603.90,
8388,651,2025-11-27 05:31:04+02:00,1094.75,
8389,776,2025-04-06 16:10:24+02:00,928.06,
8390,811,2025-05-22 13:26:21+02:00,18420.08,16
8391,88,2025-09-30 17:17:02+02:00,2394.90,16
8392,77,2025-09-15 01:42:27+02:00,979.92,
8393,196,2025-10-17 10:39:34+02:00,4886.34,14
8394,731,2025-07-09 17:47:26+02:00,1157.63,
8395,739,2025-03-13 21:15:00+02:00,27660.14,
8396,287,2025-01-02 13:38:05+02:00,11448.93,
8397,920,2025-05-01 14:38:59+02:00,5373.43,
8398,197,2025-04-18 00:07:01+02:00,20972.31,
8399,479,2025-11-13 13:46:02+02:00,922.27,
8400,949,2025-07-25 09:05:42+02:00,1544.26,
8401,912,2025-04-18 11:44:29+02:00,1623.72,
8402,740,2025-02-09 13:11:56+02:00,3437.31,13
8403,889,2025-08-18 03:49:05+02:00,3591.56,
8404,553,2025-09-08 13:40:20+02:00,1695.29,
8405,886,2025-08-03 06:40:27+02:00,1434.84,
8406,291,2025-04-16 11:55:06+02:00,1103.38,
8407,30,2025-03-19 07:46:00+02:00,6192.12,
8408,885,2025-10-31 09:58:53+02:00,1032.26,20
8409,632,2025-02-14 06:58:47+02:00,579.09,25
8410,288,2025-05-04 04:48:55+02:00,1817.24,18
8411,754,2025-09-08 09:11:41+02:00,1018.08,
8412,79,2025-04-12 13:02:20+02:00,1900.70,
8413,750,2025-01-28 08:55:09+02:00,1964.74,
8414,594,2025-08-27 21:34:03+02:00,1236.07,
8415,326,2025-09-11 06:18:03+02:00,871.42,
8416,724,2025-11-24 18:25:04+02:00,538.87,
8417,761,2025-01-28 09:43:44+02:00,1807.05,
8418,782,2025-06-25 01:37:37+02:00,1413.10,
8419,300,2025-02-20 23:05:21+02:00,27966.86,28
8420,802,2025-03-24 20:54:57+02:00,1657.24,
8421,951,2025-11-25 17:33:21+02:00,665.78,15
8422,984,2025-06-22 16:47:09+02:00,22675.94,
8423,167,2025-10-12 17:25:57+02:00,719.73,
8424,21,2025-05-12 10:49:03+02:00,2618.75,24
8425,929,2025-12-16 20:07:22+02:00,964.24,
8426,251,2025-07-08 12:54:53+02:00,8788.35,27
8427,579,2025-01-01 10:57:58+02:00,660.22,
8428,745,2025-06-15 13:00:28+02:00,1259.31,
8429,363,2025-08-02 19:31:12+02:00,2579.56,
8430,725,2025-04-24 20:53:35+02:00,2815.02,
8431,684,2025-01-16 02:32:36+02:00,1211.25,26
8432,919,2025-08-25 09:44:25+02:00,348.84,
8433,961,2025-03-05 07:21:01+02:00,945.61,
8434,883,2025-10-28 17:16:13+02:00,6418.62,
8435,55,2025-06-20 02:28:32+02:00,1077.19,28
8436,817,2025-03-24 15:07:05+02:00,1544.29,13
8437,676,2025-01-03 19:12:20+02:00,1401.02,
8438,595,2025-10-03 23:50:05+02:00,2422.42,18
8439,293,2025-11-08 14:28:45+02:00,2172.50,
8440,657,2025-06-06 02:49:43+02:00,1256.21,
8441,57,2025-04-09 10:15:32+02:00,1385.14,
8442,985,2025-12-21 22:16:53+02:00,1373.30,17
8443,311,2025-02-17 16:24:39+02:00,3611.88,
8444,335,2025-08-08 14:22:55+02:00,1416.13,28
8445,137,2025-10-30 16:50:46+02:00,990.60,
8446,235,2025-05-02 22:41:55+02:00,422.08,
8447,938,2025-07-07 02:45:11+02:00,1567.47,
8448,535,2025-09-15 01:56:28+02:00,2401.98,
8449,758,2025-05-06 14:10:25+02:00,496.67,25
8450,905,2025-07-31 02:54:20+02:00,348.59,19
8451,634,2025-07-14 18:35:20+02:00,4519.84,26
8452,155,2025-04-01 07:11:52+02:00,2538.81,25
8453,218,2025-04-29 06:49:46+02:00,886.16,
8454,796,2025-03-17 08:30:55+02:00,1072.24,
8455,611,2025-06-17 13:57:50+02:00,1009.27,
8456,348,2025-02-19 03:11:26+02:00,11603.64,
8457,553,2025-11-09 18:59:25+02:00,451.03,
8458,143,2025-02-12 21:32:11+02:00,684.67,
8459,619,2025-07-18 09:51:05+02:00,1263.73,30
8460,795,2025-11-07 03:38:18+02:00,1986.77,
8461,153,2025-07-20 00:12:38+02:00,299.95,
8462,641,2025-09-21 21:02:24+02:00,2675.01,19
8463,623,2025-09-13 07:35:32+02:00,5448.70,
8464,58,2025-10-28 20:24:00+02:00,1105.57,
8465,877,2025-07-17 07:06:48+02:00,504.19,
8466,121,2025-10-07 10:42:51+02:00,669.67,
8467,546,2025-04-09 14:34:30+02:00,695.79,
8468,106,2025-01-06 14:25:54+02:00,6233.90,21
8469,339,2025-10-27 04:30:32+02:00,2800.04,
8470,666,2025-09-21 06:27:23+02:00,9840.31,
8471,332,2025-01-20 09:35:28+02:00,19695.36,22
8472,312,2025-02-27 08:50:53+02:00,19993.91,22
8473,443,2025-02-01 10:35:32+02:00,1019.83,
8474,140,2025-02-15 22:30:36+02:00,1122.06,
8475,848,2025-06-11 05:11:00+02:00,3587.24,
8476,214,2025-06-19 18:25:20+02:00,4794.43,
8477,753,2025-12-28 20:52:46+02:00,2104.83,20
8478,682,2025-06-11 12:32:47+02:00,447.87,
8479,109,2025-06-30 13:22:31+02:00,928.89,
8480,992,2025-08-17 10:31:58+02:00,1370.79,
8481,813,2025-09-12 13:00:28+02:00,2214.41,22
8482,841,2025-01-17 14:32:57+02:00,626.08,
8483,596,2025-05-31 04:59:00+02:00,2936.86,
8484,743,2025-01-19 06:42:41+02:00,1125.30,
8485,318,2025-12-30 03:03:10+02:00,465.01,
8486,403,2025-12-17 01:43:36+02:00,1630.32,
8487,888,2025-06-22 08:29:35+02:00,1464.63,
8488,370,2025-06-01 11:30:52+02:00,1523.68,
8489,235,2025-01-28 16:29:13+02:00,1038.13,
8490,408,2025-07-03 12:18:56+02:00,856.56,
8491,928,2025-08-23 21:47:10+02:00,1195.85,
8492,975,2025-04-17 16:20:43+02:00,379.54,
8493,543,2025-03-09 20:24:34+02:00,719.58,30
8494,190,2025-05-30 17:30:27+02:00,4915.52,13
8495,730,2025-03-06 09:40:29+02:00,19891.58,25
8496,838,2025-07-21 16:45:17+02:00,2111.77,30
8497,918,2025-11-16 10:23:12+02:00,2049.84,
8498,541,2025-05-11 12:26:22+02:00,5299.33,
8499,762,2025-03-16 18:56:16+02:00,1141.32,
8500,955,2025-03-03 22:33:38+02:00,440.14,
8501,233,2025-02-22 13:49:39+02:00,10287.96,
8502,69,2025-03-31 23:02:45+02:00,1390.20,
8503,452,2025-11-12 01:28:24+02:00,1763.10,
8504,750,2025-02-23 02:43:10+02:00,401.50,
8505,730,2025-12-30 04:49:01+02:00,492.98,20
8506,510,2025-11-02 04:08:13+02:00,589.32,
8507,311,2025-12-13 18:20:48+02:00,11057.90,
8508,218,2025-10-16 06:40:44+02:00,839.70,
8509,109,2025-07-21 20:47:56+02:00,946.56,
8510,859,2025-10-15 18:07:36+02:00,425.84,
8511,644,2025-02-25 16:11:30+02:00,804.19,
8512,153,2025-07-08 07:39:25+02:00,1425.52,
8513,34,2025-08-05 17:16:39+02:00,10760.52,29
8514,429,2025-11-11 05:35:06+02:00,7431.99,30
8515,186,2025-01-24 17:26:18+02:00,22687.94,
8516,623,2025-04-07 20:45:28+02:00,1617.33,25
8517,32,2025-03-21 08:28:02+02:00,2053.53,
8518,113,2025-02-25 21:00:33+02:00,2370.62,
8519,642,2025-12-10 06:30:20+02:00,2754.91,21
8520,454,2025-01-12 04:08:06+02:00,1606.99,21
8521,558,2025-04-08 13:04:27+02:00,39185.10,13
8522,925,2025-10-28 12:27:53+02:00,2080.25,21
8523,941,2025-01-19 07:24:41+02:00,1334.04,
8524,103,2025-11-15 18:22:12+02:00,18512.62,
8525,662,2025-01-10 13:36:41+02:00,1702.89,17
8526,595,2025-03-24 21:32:53+02:00,548.87,
8527,816,2025-07-04 02:49:06+02:00,274.64,27
8528,195,2025-08-01 14:56:54+02:00,487.24,
8529,879,2025-08-20 20:14:58+02:00,1055.98,
8530,12,2025-04-06 16:03:58+02:00,1391.42,13
8531,576,2025-11-08 09:14:36+02:00,956.90,
8532,176,2025-01-03 17:50:12+02:00,715.27,30
8533,99,2025-10-22 20:54:32+02:00,3239.64,
8534,381,2025-04-25 18:07:22+02:00,1596.68,
8535,963,2025-03-28 21:51:43+02:00,1018.36,
8536,58,2025-07-24 03:06:52+02:00,1125.66,22
8537,857,2025-12-06 07:16:40+02:00,1006.62,
8538,485,2025-08-29 14:50:03+02:00,1659.10,
8539,76,2025-06-28 05:17:22+02:00,2432.78,
8540,368,2025-03-16 22:20:56+02:00,516.89,23
8541,599,2025-08-05 08:18:33+02:00,957.76,
8542,720,2025-09-03 23:21:18+02:00,30383.07,
8543,699,2025-03-04 12:20:53+02:00,4785.11,
8544,209,2025-07-25 14:26:18+02:00,1163.04,18
8545,191,2025-11-04 10:17:52+02:00,990.74,
8546,795,2025-12-09 12:07:28+02:00,1332.46,
8547,364,2025-01-05 19:08:18+02:00,774.79,
8548,538,2025-01-15 09:37:58+02:00,1432.56,
8549,650,2025-04-21 16:12:18+02:00,1030.35,24
8550,405,2025-07-15 10:55:42+02:00,1386.72,
8551,161,2025-08-16 04:18:19+02:00,12579.64,16
8552,285,2025-10-16 07:01:44+02:00,1839.60,
8553,378,2025-08-30 23:11:47+02:00,2037.66,
8554,931,2025-03-19 04:56:57+02:00,1196.44,
8555,239,2025-06-03 22:55:57+02:00,1368.23,14
8556,449,2025-04-12 21:20:40+02:00,1265.92,29
8557,766,2025-04-23 00:29:28+02:00,512.94,
8558,117,2025-06-01 10:04:24+02:00,1515.26,
8559,536,2025-07-19 23:30:57+02:00,1083.08,
8560,106,2025-03-08 08:27:36+02:00,673.78,12
8561,280,2025-03-02 05:28:04+02:00,695.72,
8562,122,2025-04-26 01:15:40+02:00,2412.96,
8563,681,2025-04-02 06:18:24+02:00,3666.11,
8564,940,2025-09-24 05:40:07+02:00,869.41,
8565,307,2025-06-07 08:32:39+02:00,17969.72,
8566,624,2025-09-28 15:32:53+02:00,6786.61,
8567,434,2025-03-13 14:04:17+02:00,4565.26,29
8568,154,2025-06-16 05:23:27+02:00,1017.43,
8569,239,2025-10-19 14:36:23+02:00,3811.49,
8570,609,2025-12-21 02:17:46+02:00,1611.06,
8571,454,2025-05-06 04:20:15+02:00,1755.07,
8572,464,2025-08-27 20:05:47+02:00,852.47,14
8573,818,2025-02-24 12:16:08+02:00,956.37,
8574,281,2025-05-02 14:10:23+02:00,572.44,
8575,915,2025-11-19 08:20:39+02:00,2695.43,
8576,544,2025-10-17 23:25:39+02:00,2298.91,
8577,95,2025-11-13 07:09:38+02:00,614.45,16
8578,445,2025-11-07 16:34:53+02:00,1623.72,
8579,415,2025-03-04 16:30:22+02:00,549.46,25
8580,520,2025-05-08 11:26:24+02:00,12307.02,22
8581,400,2025-11-05 15:08:53+02:00,1564.80,28
8582,176,2025-05-05 00:58:12+02:00,895.83,
8583,346,2025-02-28 00:20:04+02:00,1113.41,
8584,200,2025-04-11 15:56:47+02:00,11119.60,
8585,736,2025-07-08 00:13:56+02:00,928.07,27
8586,482,2025-01-23 19:00:48+02:00,4288.53,
8587,755,2025-02-19 04:35:04+02:00,1727.55,25
8588,843,2025-07-26 10:54:15+02:00,394.92,
8589,861,2025-08-22 18:55:53+02:00,13559.47,
8590,11,2025-04-09 04:47:52+02:00,1960.05,
8591,329,2025-03-18 13:37:12+02:00,960.99,24
8592,949,2025-07-20 16:48:17+02:00,8673.51,
8593,114,2025-05-02 04:02:01+02:00,260.66,
8594,234,2025-01-21 23:39:23+02:00,1250.99,26
8595,87,2025-01-23 12:13:34+02:00,697.18,
8596,367,2025-12-24 04:48:25+02:00,2077.13,24
8597,69,2025-08-29 07:55:37+02:00,3480.10,
8598,22,2025-08-27 19:37:20+02:00,5461.86,24
8599,216,2025-10-30 16:27:33+02:00,7466.54,28
8600,897,2025-02-20 08:09:05+02:00,3695.86,
8601,87,2025-12-31 00:24:23+02:00,1342.95,
8602,378,2025-01-27 09:07:04+02:00,565.04,
8603,588,2025-03-15 03:27:05+02:00,1950.94,
8604,322,2025-12-23 19:56:00+02:00,3675.04,
8605,305,2025-06-11 21:20:02+02:00,540.54,
8606,383,2025-12-27 20:49:54+02:00,814.09,
8607,619,2025-01-10 10:16:43+02:00,382.91,
8608,556,2025-07-24 21:53:20+02:00,3311.52,
8609,891,2025-12-20 14:01:30+02:00,715.34,
8610,552,2025-01-29 06:20:50+02:00,10686.23,
8611,198,2025-07-06 12:56:22+02:00,877.74,
8612,377,2025-06-30 12:37:47+02:00,1945.74,
8613,534,2025-04-03 06:42:45+02:00,809.37,
8614,472,2025-07-03 03:08:16+02:00,5454.96,
8615,954,2025-04-26 22:26:56+02:00,769.40,
8616,753,2025-08-08 17:15:19+02:00,1966.69,
8617,755,2025-12-03 17:37:12+02:00,1636.80,
8618,89,2025-11-11 21:35:02+02:00,1375.02,
8619,139,2025-06-02 05:41:55+02:00,2237.72,
8620,337,2025-06-17 23:37:38+02:00,3932.84,
8621,195,2025-05-26 19:03:20+02:00,1737.46,11
8622,982,2025-06-03 15:59:32+02:00,307.27,16
8623,864,2025-07-31 19:29:21+02:00,305.75,22
8624,507,2025-10-31 00:58:55+02:00,460.95,
8625,114,2025-04-11 21:04:14+02:00,2360.78,27
8626,377,2025-02-24 11:53:03+02:00,1720.70,
8627,401,2025-09-04 09:59:20+02:00,2352.58,
8628,501,2025-02-19 12:57:27+02:00,4747.33,
8629,808,2025-12-22 00:52:12+02:00,1891.57,22
8630,749,2025-01-22 18:53:04+02:00,2414.14,
8631,342,2025-04-18 01:43:19+02:00,2224.24,
8632,243,2025-05-22 02:57:31+02:00,9079.96,26
8633,885,2025-05-14 15:40:09+02:00,1286.12,
8634,138,2025-11-11 22:54:27+02:00,1096.97,16
8635,722,2025-03-23 04:16:40+02:00,1762.64,22
8636,114,2025-10-13 17:14:43+02:00,921.00,
8637,616,2025-03-19 16:23:55+02:00,2058.46,
8638,491,2025-03-19 20:37:43+02:00,2507.35,
8639,643,2025-04-14 21:29:21+02:00,874.19,30
8640,456,2025-03-18 18:12:25+02:00,40148.66,
8641,89,2025-04-24 21:18:43+02:00,16108.13,
8642,296,2025-01-28 12:52:52+02:00,2308.93,
8643,893,2025-11-12 08:10:54+02:00,1295.46,
8644,780,2025-10-16 09:51:42+02:00,1660.95,
8645,244,2025-04-26 12:33:57+02:00,1724.75,
8646,470,2025-08-05 05:25:08+02:00,4448.28,24
8647,652,2025-12-29 03:40:06+02:00,2799.01,15
8648,888,2025-01-15 10:58:34+02:00,1197.50,
8649,418,2025-12-28 12:48:37+02:00,1272.42,
8650,960,2025-11-12 17:52:41+02:00,1180.83,14
8651,942,2025-09-10 12:50:39+02:00,1756.09,
8652,781,2025-09-07 18:24:51+02:00,669.06,
8653,766,2025-04-21 11:47:20+02:00,3998.01,
8654,856,2025-07-02 16:17:01+02:00,1645.20,
8655,61,2025-06-27 09:44:29+02:00,856.54,
8656,963,2025-12-31 07:58:36+02:00,560.61,
8657,205,2025-02-02 02:01:25+02:00,1207.42,
8658,615,2025-04-14 18:53:43+02:00,1295.45,14
8659,930,2025-05-10 18:47:38+02:00,6166.89,17
8660,207,2025-11-14 09:08:42+02:00,954.26,
8661,450,2025-04-22 05:05:35+02:00,1600.39,15
8662,203,2025-07-20 21:04:22+02:00,1352.33,
8663,947,2025-07-22 17:14:25+02:00,895.18,
8664,223,2025-12-18 08:48:15+02:00,5691.59,
8665,474,2025-06-28 16:50:49+02:00,624.38,13
8666,380,2025-10-02 14:25:10+02:00,10870.28,
8667,881,2025-01-08 18:39:06+02:00,611.25,
8668,699,2025-04-04 17:00:58+02:00,1689.90,
8669,957,2025-02-10 04:37:56+02:00,2377.32,16
8670,465,2025-08-12 13:03:27+02:00,536.10,
8671,617,2025-05-25 06:46:37+02:00,6275.14,
8672,425,2025-04-21 14:42:27+02:00,5208.17,
8673,605,2025-10-03 13:26:08+02:00,3695.20,
8674,915,2025-07-11 08:19:25+02:00,1288.46,
8675,719,2025-02-21 15:31:11+02:00,1153.10,
8676,633,2025-04-15 07:58:58+02:00,10729.53,
8677,41,2025-07-09 07:07:09+02:00,1920.89,
8678,161,2025-09-10 16:48:25+02:00,5300.22,
8679,232,2025-08-15 07:36:15+02:00,6122.59,
8680,529,2025-12-06 14:05:25+02:00,2083.62,
8681,143,2025-07-05 17:36:16+02:00,364.28,15
8682,394,2025-01-09 17:44:15+02:00,1011.10,
8683,296,2025-04-11 04:13:54+02:00,673.36,
8684,717,2025-08-25 16:30:31+02:00,1917.24,
8685,369,2025-01-02 21:56:54+02:00,1862.71,
8686,381,2025-11-21 08:46:21+02:00,1595.62,
8687,107,2025-07-30 00:51:08+02:00,823.92,
8688,699,2025-11-24 05:32:48+02:00,567.48,23
8689,372,2025-02-04 01:20:12+02:00,788.43,
8690,777,2025-04-20 18:37:51+02:00,2711.93,26
8691,46,2025-09-05 20:49:44+02:00,4243.38,
8692,833,2025-11-29 17:07:21+02:00,4019.12,
8693,209,2025-04-03 05:44:30+02:00,1391.30,
8694,56,2025-08-19 22:28:30+02:00,530.08,12
8695,541,2025-02-02 01:35:58+02:00,2919.36,
8696,825,2025-05-26 01:39:22+02:00,10256.33,
8697,134,2025-05-14 18:01:33+02:00,4475.52,
8698,490,2025-10-02 01:46:57+02:00,2695.84,
8699,871,2025-03-14 12:13:21+02:00,2369.20,
8700,273,2025-09-17 03:40:56+02:00,644.43,
8701,206,2025-10-22 16:26:53+02:00,1534.09,29
8702,54,2025-10-04 02:20:59+02:00,1196.29,
8703,503,2025-02-24 05:14:16+02:00,779.13,21
8704,325,2025-08-28 06:42:15+02:00,856.55,11
8705,653,2025-12-25 14:08:04+02:00,2534.90,
8706,569,2025-08-26 06:09:51+02:00,1041.52,
8707,311,2025-12-08 14:26:24+02:00,776.63,
8708,154,2025-06-20 01:53:55+02:00,566.19,
8709,152,2025-01-03 07:49:12+02:00,6681.48,21
8710,69,2025-03-06 21:51:05+02:00,1498.76,25
8711,142,2025-05-20 16:06:12+02:00,8201.52,19
8712,5,2025-12-14 13:55:13+02:00,3213.56,
8713,806,2025-08-06 00:54:10+02:00,3076.39,
8714,372,2025-12-11 18:19:26+02:00,1106.98,16
8715,602,2025-05-31 05:12:09+02:00,789.25,27
8716,288,2025-06-22 13:25:43+02:00,1155.11,
8717,596,2025-11-23 17:17:39+02:00,2752.80,
8718,583,2025-05-19 03:53:48+02:00,1038.00,20
8719,816,2025-12-28 21:18:15+02:00,1462.10,
8720,184,2025-05-20 13:52:02+02:00,473.14,17
8721,148,2025-08-24 09:16:40+02:00,9843.73,
8722,953,2025-06-04 01:01:49+02:00,505.34,27
8723,105,2025-05-05 03:58:13+02:00,21292.59,
8724,628,2025-07-05 00:36:08+02:00,2067.60,29
8725,209,2025-05-17 12:19:27+02:00,937.49,
8726,926,2025-08-06 20:39:12+02:00,1982.37,
8727,670,2025-08-06 15:11:42+02:00,1571.27,
8728,480,2025-10-02 08:30:49+02:00,708.91,20
8729,85,2025-09-10 09:56:56+02:00,621.84,
8730,319,2025-11-06 09:15:51+02:00,3182.04,
8731,408,2025-11-21 16:18:28+02:00,1121.52,11
8732,917,2025-01-22 22:35:24+02:00,6632.10,
8733,18,2025-05-25 07:44:35+02:00,8635.73,
8734,42,2025-02-04 00:01:18+02:00,291.53,
8735,265,2025-08-18 17:01:41+02:00,1466.82,
8736,721,2025-03-05 03:19:45+02:00,572.13,
8737,430,2025-10-19 11:03:47+02:00,3100.22,
8738,838,2025-04-27 02:18:38+02:00,11325.88,
8739,454,2025-06-01 15:04:26+02:00,1478.90,
8740,67,2025-03-24 08:53:33+02:00,329.28,
8741,794,2025-05-15 17:32:08+02:00,5087.59,
8742,492,2025-01-15 21:10:10+02:00,1142.05,
8743,874,2025-08-16 21:02:06+02:00,5423.41,
8744,275,2025-02-24 22:16:15+02:00,2558.72,
8745,313,2025-06-09 01:37:10+02:00,1097.54,27
8746,219,2025-03-18 23:04:55+02:00,971.18,
8747,388,2025-09-16 08:57:39+02:00,1049.16,12
8748,229,2025-12-27 12:53:37+02:00,539.50,
8749,453,2025-03-30 22:25:39+02:00,3143.83,
8750,424,2025-07-29 06:17:14+02:00,651.07,
8751,315,2025-10-30 15:07:04+02:00,616.00,
8752,523,2025-08-27 22:12:59+02:00,704.08,
8753,913,2025-08-17 01:13:09+02:00,644.11,15
8754,134,2025-09-18 18:16:19+02:00,868.94,
8755,518,2025-06-01 07:25:05+02:00,1514.95,28
8756,434,2025-07-07 11:04:11+02:00,1409.33,18
8757,346,2025-10-28 05:57:19+02:00,292.04,27
8758,525,2025-09-16 00:06:01+02:00,927.87,12
8759,9,2025-08-07 20:14:47+02:00,1534.15,
8760,614,2025-09-13 14:43:03+02:00,722.63,18
8761,762,2025-06-12 05:38:44+02:00,631.04,
8762,449,2025-06-14 18:12:48+02:00,670.17,21
8763,448,2025-12-14 00:36:49+02:00,20518.71,
8764,770,2025-09-19 00:59:21+02:00,596.94,
8765,300,2025-12-22 01:39:45+02:00,655.25,
8766,807,2025-04-15 03:22:06+02:00,2462.44,
8767,819,2025-11-10 13:21:30+02:00,2358.38,17
8768,725,2025-01-12 08:03:06+02:00,1121.64,
8769,594,2025-12-14 04:36:44+02:00,5642.92,
8770,579,2025-12-12 16:53:21+02:00,1277.65,
8771,12,2025-06-02 23:35:16+02:00,784.18,
8772,937,2025-12-20 06:29:22+02:00,3727.33,28
8773,483,2025-09-17 01:12:46+02:00,5271.88,25
8774,382,2025-03-12 10:40:30+02:00,320.83,
8775,73,2025-09-22 03:23:35+02:00,1074.85,15
8776,509,2025-05-20 02:04:13+02:00,2422.12,
8777,546,2025-07-21 00:20:01+02:00,10700.54,
8778,21,2025-10-14 08:36:19+02:00,5314.70,
8779,866,2025-07-23 08:25:28+02:00,775.69,18
8780,169,2025-08-19 04:27:25+02:00,18135.51,
8781,660,2025-08-24 06:44:00+02:00,1324.93,20
8782,382,2025-12-09 17:06:57+02:00,910.73,24
8783,8,2025-03-12 04:02:18+02:00,872.86,
8784,684,2025-10-31 18:57:30+02:00,521.93,
8785,600,2025-04-10 05:38:25+02:00,7145.33,
8786,568,2025-12-21 06:57:27+02:00,9552.94,
8787,108,2025-09-04 16:49:55+02:00,7070.79,
8788,129,2025-09-09 04:16:39+02:00,438.99,
8789,877,2025-04-08 17:39:39+02:00,2811.97,24
8790,223,2025-12-15 05:20:34+02:00,5485.90,
8791,855,2025-01-21 12:27:00+02:00,2017.18,27
8792,246,2025-09-09 03:06:49+02:00,890.07,
8793,727,2025-08-21 09:02:51+02:00,2796.18,
8794,813,2025-06-06 03:45:45+02:00,1713.15,
8795,90,2025-09-03 04:30:45+02:00,1680.84,
8796,201,2025-10-01 17:25:52+02:00,909.10,
8797,990,2025-10-29 06:07:55+02:00,928.36,
8798,63,2025-03-29 20:38:47+02:00,593.47,16
8799,999,2025-02-18 19:39:49+02:00,17559.63,
8800,314,2025-11-24 05:23:06+02:00,858.97,21
8801,428,2025-10-02 19:34:48+02:00,787.41,
8802,374,2025-07-19 01:38:54+02:00,1235.61,12
8803,415,2025-08-23 04:17:36+02:00,1731.06,27
8804,777,2025-03-19 18:59:56+02:00,19479.95,30
8805,875,2025-05-27 20:29:32+02:00,1529.06,30
8806,724,2025-08-13 13:52:45+02:00,2658.06,
8807,275,2025-09-20 14:15:14+02:00,1250.77,
8808,512,2025-12-23 07:02:00+02:00,1028.26,27
8809,964,2025-01-14 15:14:56+02:00,2566.26,
8810,94,2025-05-09 04:31:36+02:00,3411.42,
8811,107,2025-01-25 11:43:30+02:00,2094.14,13
8812,271,2025-09-04 01:45:02+02:00,2549.96,
8813,644,2025-03-17 14:33:36+02:00,3770.72,
8814,123,2025-10-06 17:53:28+02:00,996.05,22
8815,958,2025-02-03 14:21:34+02:00,1526.58,
8816,466,2025-07-02 12:58:51+02:00,380.04,20
8817,727,2025-03-25 10:45:58+02:00,2873.63,
8818,185,2025-08-17 04:10:38+02:00,2103.92,
8819,706,2025-03-29 04:27:44+02:00,1119.90,
8820,913,2025-01-08 08:05:03+02:00,17653.66,
8821,434,2025-06-14 16:23:38+02:00,9417.86,
8822,386,2025-05-26 02:50:19+02:00,1493.26,
8823,430,2025-10-05 21:01:34+02:00,787.41,12
8824,628,2025-10-27 17:28:41+02:00,1837.45,
8825,598,2025-07-07 08:05:48+02:00,613.61,
8826,100,2025-03-05 15:31:39+02:00,1920.95,17
8827,813,2025-10-06 23:32:36+02:00,13580.05,12
8828,847,2025-04-17 07:04:40+02:00,486.00,
8829,855,2025-04-17 21:07:23+02:00,1938.15,
8830,934,2025-01-23 07:27:58+02:00,2557.20,
8831,447,2025-07-01 14:52:47+02:00,862.94,20
8832,233,2025-01-02 16:14:13+02:00,1445.62,
8833,377,2025-08-29 21:05:57+02:00,1237.12,
8834,494,2025-09-28 02:52:33+02:00,28209.84,
8835,824,2025-01-18 20:04:37+02:00,1345.83,
8836,943,2025-06-25 01:49:08+02:00,876.67,
8837,978,2025-05-10 11:29:58+02:00,3588.25,
8838,626,2025-12-12 17:11:56+02:00,4907.89,21
8839,32,2025-09-03 17:11:12+02:00,2764.97,
8840,59,2025-12-26 02:34:57+02:00,30715.74,
8841,245,2025-08-08 06:56:05+02:00,39292.64,
8842,797,2025-01-18 17:12:15+02:00,3213.12,14
8843,398,2025-06-06 07:22:04+02:00,402.55,
8844,171,2025-02-10 09:53:59+02:00,2578.40,
8845,292,2025-12-06 12:13:53+02:00,3741.16,20
8846,13,2025-04-06 21:25:06+02:00,2140.33,
8847,552,2025-07-17 18:48:13+02:00,2012.98,
8848,333,2025-01-25 10:00:31+02:00,1473.58,
8849,22,2025-04-07 08:02:44+02:00,691.45,
8850,376,2025-07-27 17:52:09+02:00,20467.09,
8851,512,2025-04-17 22:32:39+02:00,1336.37,
8852,257,2025-07-28 21:52:53+02:00,1281.61,
8853,313,2025-11-04 02:40:43+02:00,644.80,
8854,60,2025-12-28 05:46:33+02:00,1364.37,
8855,783,2025-07-16 17:03:18+02:00,5676.31,
8856,324,2025-05-30 11:04:56+02:00,1350.38,27
8857,257,2025-06-16 21:04:30+02:00,1533.88,27
8858,160,2025-09-22 13:03:12+02:00,960.36,
8859,304,2025-12-21 10:29:09+02:00,1761.34,
8860,315,2025-07-03 02:20:02+02:00,744.19,30
8861,703,2025-01-22 17:30:20+02:00,782.39,
8862,211,2025-10-16 21:38:31+02:00,1531.67,
8863,300,2025-05-24 15:08:29+02:00,7027.67,
8864,361,2025-06-30 17:29:57+02:00,899.76,
8865,823,2025-11-15 10:12:53+02:00,907.80,
8866,338,2025-12-31 18:49:34+02:00,11572.08,
8867,836,2025-02-12 02:51:33+02:00,672.25,
8868,927,2025-07-29 12:23:24+02:00,1576.35,
8869,912,2025-12-08 22:58:40+02:00,4547.42,
8870,435,2025-01-26 22:40:04+02:00,770.11,
8871,313,2025-05-15 17:30:59+02:00,7186.48,
8872,811,2025-04-23 10:19:14+02:00,616.35,
8873,889,2025-06-20 09:12:20+02:00,211.84,
8874,358,2025-04-10 11:42:07+02:00,1643.13,
8875,234,2025-08-10 02:09:20+02:00,624.71,
8876,873,2025-08-02 03:44:15+02:00,3137.02,17
8877,15,2025-09-06 17:48:13+02:00,441.40,
8878,435,2025-11-07 06:03:28+02:00,1570.41,22
8879,984,2025-07-26 06:04:42+02:00,675.82,
8880,802,2025-02-28 15:38:22+02:00,785.40,
8881,224,2025-03-09 08:06:49+02:00,1027.65,15
8882,277,2025-12-04 05:46:34+02:00,20859.19,
8883,11,2025-03-13 16:05:25+02:00,2984.73,
8884,447,2025-07-06 02:29:13+02:00,17435.70,
8885,284,2025-02-14 16:14:56+02:00,236.55,17
8886,374,2025-10-09 09:14:29+02:00,1187.09,23
8887,782,2025-05-05 15:04:28+02:00,4775.22,
8888,617,2025-12-15 08:19:54+02:00,9178.21,28
8889,593,2025-07-18 12:19:48+02:00,3407.66,
8890,175,2025-12-22 21:28:17+02:00,1161.51,22
8891,906,2025-03-31 16:25:01+02:00,3878.27,
8892,786,2025-04-19 04:53:11+02:00,712.03,
8893,117,2025-08-22 19:53:52+02:00,1921.99,
8894,935,2025-06-08 12:27:18+02:00,1244.18,
8895,608,2025-04-17 08:12:50+02:00,1753.29,
8896,683,2025-03-29 10:33:48+02:00,2970.79,12
8897,702,2025-07-30 23:05:15+02:00,615.18,24
8898,490,2025-10-17 00:18:21+02:00,566.86,
8899,836,2025-10-11 13:08:02+02:00,4486.91,
8900,677,2025-11-29 05:33:51+02:00,1447.94,
8901,718,2025-07-24 04:55:19+02:00,1587.89,
8902,782,2025-11-08 16:04:48+02:00,8604.46,17
8903,725,2025-09-19 18:21:11+02:00,585.60,
8904,19,2025-12-20 07:41:58+02:00,6608.19,
8905,11,2025-01-26 02:16:20+02:00,10852.98,
8906,566,2025-11-12 16:58:49+02:00,2986.57,29
8907,143,2025-08-19 13:01:37+02:00,7915.99,
8908,61,2025-12-01 06:53:54+02:00,811.86,17
8909,105,2025-06-10 09:38:51+02:00,1362.42,
8910,692,2025-10-22 14:45:49+02:00,635.48,
8911,1000,2025-12-15 19:07:51+02:00,3815.57,
8912,28,2025-07-24 02:23:03+02:00,1840.86,
8913,59,2025-01-06 08:48:23+02:00,1595.18,
8914,963,2025-06-18 05:26:17+02:00,797.57,
8915,23,2025-09-15 02:39:32+02:00,2105.86,
8916,116,2025-07-13 15:45:45+02:00,1420.46,21
8917,429,2025-07-01 02:16:51+02:00,16601.97,27
8918,167,2025-01-28 03:01:48+02:00,998.34,13
8919,46,2025-06-17 16:19:48+02:00,922.30,
8920,895,2025-06-03 13:37:12+02:00,758.29,
8921,451,2025-09-25 05:43:21+02:00,839.15,
8922,604,2025-01-18 21:03:27+02:00,6523.92,
8923,556,2025-09-21 06:30:47+02:00,1918.58,
8924,413,2025-05-18 10:04:57+02:00,1974.49,
8925,181,2025-10-27 19:32:43+02:00,317.90,
8926,218,2025-08-25 02:00:28+02:00,1168.39,
8927,564,2025-01-27 16:18:24+02:00,4151.35,
8928,19,2025-12-23 15:03:01+02:00,2342.29,
8929,291,2025-06-11 09:01:06+02:00,3274.33,
8930,598,2025-06-29 14:40:27+02:00,19166.15,21
8931,405,2025-04-23 08:51:37+02:00,904.88,
8932,321,2025-12-27 18:00:09+02:00,853.28,
8933,251,2025-07-10 09:08:05+02:00,814.33,
8934,303,2025-01-19 23:46:36+02:00,868.91,
8935,693,2025-12-12 04:26:35+02:00,1613.12,
8936,676,2025-05-11 09:37:28+02:00,4789.76,
8937,364,2025-08-16 16:27:39+02:00,1569.51,14
8938,432,2025-02-19 14:43:33+02:00,2226.26,
8939,38,2025-02-10 15:11:11+02:00,1362.22,16
8940,90,2025-04-16 01:59:48+02:00,1268.35,
8941,443,2025-03-25 18:19:14+02:00,537.55,
8942,513,2025-04-08 01:19:38+02:00,1322.44,12
8943,446,2025-03-23 18:41:19+02:00,2132.41,28
8944,797,2025-10-16 22:09:54+02:00,864.53,30
8945,940,2025-01-01 03:05:45+02:00,1599.24,
8946,492,2025-07-17 12:38:24+02:00,1726.07,
8947,594,2025-06-08 05:05:19+02:00,39504.01,
8948,775,2025-01-25 10:54:20+02:00,8660.59,20
8949,751,2025-08-03 11:34:07+02:00,1847.93,
8950,619,2025-12-18 20:41:57+02:00,3271.27,
8951,216,2025-12-29 15:25:25+02:00,297.74,
8952,982,2025-12-21 07:45:34+02:00,1928.42,
8953,36,2025-05-07 08:02:38+02:00,616.43,
8954,696,2025-11-01 15:05:48+02:00,1056.17,26
8955,695,2025-06-06 10:37:50+02:00,1505.22,
8956,526,2025-01-14 20:40:04+02:00,10443.88,
8957,834,2025-01-22 20:08:46+02:00,1328.63,19
8958,898,2025-08-18 21:36:48+02:00,7088.53,
8959,604,2025-03-21 23:20:39+02:00,1212.85,13
8960,499,2025-06-10 22:11:43+02:00,3639.34,
8961,569,2025-10-05 01:51:33+02:00,1356.97,
8962,554,2025-12-11 04:25:44+02:00,1225.84,
8963,242,2025-09-18 10:28:45+02:00,1040.44,
8964,655,2025-03-18 03:22:52+02:00,1038.87,
8965,737,2025-11-21 04:38:34+02:00,2071.42,
8966,129,2025-03-15 20:49:22+02:00,2631.05,
8967,476,2025-11-05 02:41:50+02:00,844.27,21
8968,158,2025-09-29 23:06:30+02:00,1037.69,20
8969,774,2025-02-12 02:07:43+02:00,1786.32,25
8970,912,2025-11-09 02:19:33+02:00,2289.54,18
8971,494,2025-09-11 16:59:47+02:00,716.20,30
8972,371,2025-03-01 00:07:56+02:00,1144.95,
8973,935,2025-03-10 00:18:27+02:00,434.00,
8974,944,2025-08-28 10:02:17+02:00,679.16,28
8975,301,2025-08-16 18:51:07+02:00,998.20,
8976,126,2025-06-15 19:43:52+02:00,1176.48,
8977,497,2025-08-03 05:56:43+02:00,3236.50,
8978,837,2025-12-24 16:44:07+02:00,872.56,13
8979,572,2025-07-10 07:44:24+02:00,4713.03,
8980,707,2025-09-13 16:23:17+02:00,1582.19,
8981,937,2025-07-20 09:24:26+02:00,2243.27,14
8982,370,2025-07-12 15:37:54+02:00,9044.03,20
8983,621,2025-10-04 04:44:27+02:00,2873.74,
8984,857,2025-01-26 06:17:58+02:00,1012.72,
8985,460,2025-06-04 00:37:49+02:00,1265.56,
8986,621,2025-04-16 07:52:04+02:00,660.89,
8987,143,2025-10-09 06:44:48+02:00,359.81,
8988,109,2025-11-08 16:13:44+02:00,550.49,
8989,59,2025-12-21 09:54:22+02:00,2850.56,
8990,551,2025-10-13 12:45:49+02:00,8704.67,
8991,659,2025-01-06 13:23:52+02:00,1605.74,
8992,923,2025-11-07 16:09:05+02:00,694.06,30
8993,293,2025-01-27 08:08:49+02:00,1427.27,
8994,687,2025-03-28 09:09:54+02:00,1942.54,
8995,414,2025-03-03 21:04:22+02:00,1329.05,
8996,953,2025-10-05 18:35:14+02:00,14330.94,
8997,567,2025-10-31 10:31:37+02:00,1642.51,
8998,210,2025-05-25 15:32:08+02:00,4172.13,
8999,824,2025-12-07 15:18:17+02:00,443.21,
9000,265,2025-07-28 18:50:09+02:00,8048.23,
9001,712,2025-09-06 13:11:56+02:00,22525.38,
9002,763,2025-05-18 00:33:09+02:00,1541.01,27
9003,876,2025-12-06 10:39:41+02:00,376.91,
9004,581,2025-08-01 18:30:30+02:00,1164.07,
9005,193,2025-08-26 12:55:14+02:00,38476.72,
9006,590,2025-04-30 22:38:13+02:00,17644.84,
9007,282,2025-12-01 06:56:07+02:00,6093.15,
9008,520,2025-11-17 01:51:37+02:00,616.91,
9009,382,2025-10-05 22:04:05+02:00,899.66,26
9010,312,2025-02-12 15:42:17+02:00,399.21,21
9011,401,2025-07-05 17:04:59+02:00,6622.69,
9012,382,2025-02-01 04:36:41+02:00,313.19,24
9013,708,2025-10-20 04:04:07+02:00,886.75,25
9014,402,2025-06-24 07:37:09+02:00,868.11,
9015,373,2025-08-06 01:26:40+02:00,1375.39,
9016,221,2025-06-23 11:39:34+02:00,1047.34,12
9017,539,2025-07-28 01:32:02+02:00,4865.48,
9018,371,2025-09-12 06:05:59+02:00,1219.93,
9019,429,2025-08-05 16:09:06+02:00,4881.18,
9020,912,2025-04-16 14:50:53+02:00,691.92,
9021,49,2025-11-06 02:39:08+02:00,879.47,16
9022,865,2025-01-30 01:47:39+02:00,14406.17,11
9023,352,2025-06-20 05:06:03+02:00,1438.12,
9024,49,2025-08-24 12:36:35+02:00,2393.94,
9025,653,2025-06-12 06:10:34+02:00,1571.85,
9026,124,2025-05-07 01:42:58+02:00,627.64,
9027,235,2025-09-28 21:21:53+02:00,1379.43,
9028,583,2025-12-03 12:12:40+02:00,987.81,15
9029,881,2025-09-29 13:13:52+02:00,1605.84,
9030,19,2025-06-30 13:46:41+02:00,855.11,
9031,118,2025-02-21 04:41:17+02:00,808.04,29
9032,258,2025-05-20 03:31:58+02:00,858.06,25
9033,482,2025-05-06 05:42:48+02:00,2389.46,
9034,896,2025-08-30 10:48:17+02:00,1104.02,
9035,352,2025-10-10 09:53:45+02:00,265.23,
9036,809,2025-08-14 21:44:19+02:00,1193.74,
9037,810,2025-05-20 11:56:29+02:00,1457.06,
9038,657,2025-09-04 13:04:37+02:00,1209.10,
9039,85,2025-12-13 22:03:57+02:00,2889.07,
9040,900,2025-04-14 07:40:10+02:00,1632.26,27
9041,395,2025-08-12 09:54:02+02:00,13121.40,
9042,947,2025-11-28 00:49:03+02:00,2177.70,
9043,585,2025-03-28 01:05:49+02:00,15591.81,11
9044,199,2025-02-19 08:44:07+02:00,381.96,24
9045,827,2025-05-19 14:56:14+02:00,19274.74,25
9046,305,2025-04-30 20:42:21+02:00,1416.08,
9047,811,2025-04-28 19:13:26+02:00,1097.61,
9048,934,2025-04-24 03:58:38+02:00,1915.68,23
9049,157,2025-12-28 07:45:00+02:00,999.01,
9050,637,2025-02-09 05:31:08+02:00,1017.20,29
9051,131,2025-03-28 22:01:02+02:00,1152.75,
9052,711,2025-05-19 02:08:00+02:00,1539.18,
9053,205,2025-08-05 19:29:32+02:00,1197.17,
9054,832,2025-11-15 23:35:40+02:00,964.36,24
9055,675,2025-10-23 10:29:49+02:00,6370.40,
9056,334,2025-08-12 02:55:26+02:00,1180.01,
9057,78,2025-09-18 11:00:27+02:00,945.38,
9058,419,2025-10-17 05:52:12+02:00,20247.81,18
9059,507,2025-08-13 23:45:57+02:00,1362.78,
9060,304,2025-06-28 19:56:05+02:00,4208.31,27
9061,998,2025-07-03 05:51:18+02:00,1838.37,
9062,15,2025-09-10 23:01:31+02:00,861.05,27
9063,779,2025-09-12 11:03:49+02:00,1056.24,
9064,815,2025-02-11 16:20:21+02:00,1043.60,
9065,816,2025-09-27 09:35:45+02:00,5718.54,14
9066,966,2025-06-01 19:15:30+02:00,834.82,
9067,629,2025-08-09 20:28:58+02:00,929.58,
9068,595,2025-03-03 04:51:34+02:00,2231.25,
9069,442,2025-02-17 00:35:27+02:00,3483.04,22
9070,12,2025-01-03 16:25:31+02:00,1709.99,
9071,588,2025-06-12 23:44:20+02:00,4650.91,
9072,998,2025-10-13 13:20:05+02:00,4009.07,
9073,987,2025-06-28 08:27:57+02:00,2188.29,
9074,893,2025-11-18 20:44:31+02:00,1126.53,
9075,33,2025-01-27 07:32:28+02:00,6786.30,23
9076,814,2025-03-06 18:23:25+02:00,428.89,
9077,224,2025-10-31 01:37:16+02:00,2722.61,
9078,913,2025-07-23 14:20:40+02:00,1435.93,
9079,665,2025-08-31 07:42:52+02:00,2694.34,
9080,725,2025-10-30 14:00:28+02:00,1649.82,11
9081,262,2025-07-21 22:18:17+02:00,801.00,
9082,223,2025-11-22 11:43:39+02:00,1687.90,
9083,231,2025-10-11 18:40:38+02:00,619.79,
9084,220,2025-12-05 09:45:29+02:00,685.62,
9085,532,2025-08-16 22:25:09+02:00,2926.10,
9086,734,2025-09-10 13:31:22+02:00,2191.24,30
9087,931,2025-06-23 17:51:44+02:00,1006.06,
9088,98,2025-10-01 12:31:26+02:00,2174.55,
9089,452,2025-03-07 14:30:39+02:00,2461.51,
9090,836,2025-06-30 12:49:52+02:00,716.89,15
9091,103,2025-07-10 11:25:31+02:00,812.82,
9092,781,2025-09-10 09:05:51+02:00,1977.47,
9093,833,2025-12-24 02:14:44+02:00,1139.25,27
9094,696,2025-05-05 20:08:27+02:00,546.35,24
9095,885,2025-08-06 08:57:08+02:00,2112.68,11
9096,477,2025-01-13 10:37:18+02:00,1538.00,
9097,360,2025-08-17 12:56:23+02:00,10378.86,
9098,509,2025-08-05 13:33:18+02:00,1277.62,
9099,402,2025-11-05 19:27:42+02:00,1189.12,
9100,864,2025-10-01 17:57:06+02:00,1604.50,
9101,202,2025-07-01 08:37:05+02:00,1967.29,
9102,972,2025-04-20 10:07:24+02:00,4362.88,23
9103,157,2025-06-25 14:18:54+02:00,1509.48,
9104,296,2025-05-03 04:03:33+02:00,7383.93,
9105,47,2025-11-04 17:57:16+02:00,2022.64,13
9106,5,2025-12-08 08:48:32+02:00,1902.98,
9107,394,2025-10-23 04:26:08+02:00,2193.87,
9108,759,2025-05-04 06:12:00+02:00,943.18,13
9109,533,2025-03-01 04:10:01+02:00,1145.16,
9110,534,2025-11-23 12:29:27+02:00,765.44,
9111,716,2025-04-07 19:21:11+02:00,808.88,
9112,940,2025-12-18 05:18:15+02:00,1047.57,26
9113,211,2025-01-03 12:16:35+02:00,1952.44,
9114,806,2025-01-15 01:53:48+02:00,6423.86,
9115,47,2025-09-24 17:45:18+02:00,896.67,
9116,481,2025-11-07 12:09:52+02:00,444.31,
9117,805,2025-07-21 02:42:32+02:00,1226.57,
9118,308,2025-07-28 17:22:40+02:00,2697.86,
9119,920,2025-05-11 16:08:27+02:00,1379.22,
9120,755,2025-02-13 23:41:32+02:00,387.71,
9121,428,2025-08-11 06:15:01+02:00,655.56,23
9122,236,2025-01-06 06:41:40+02:00,1324.64,
9123,856,2025-09-26 21:12:43+02:00,1916.35,
9124,612,2025-05-06 08:43:31+02:00,1236.89,
9125,57,2025-03-22 08:26:48+02:00,7682.42,
9126,605,2025-07-08 18:02:45+02:00,1622.37,18
9127,93,2025-12-19 12:16:36+02:00,503.39,
9128,352,2025-10-19 10:29:34+02:00,1564.05,
9129,371,2025-02-14 05:06:38+02:00,16568.42,
9130,994,2025-08-05 15:26:10+02:00,1367.60,
9131,657,2025-03-06 13:24:01+02:00,1002.17,
9132,437,2025-07-30 16:26:08+02:00,992.02,
9133,731,2025-11-27 22:37:40+02:00,4453.05,
9134,151,2025-04-15 02:42:51+02:00,1160.34,
9135,977,2025-07-19 06:42:27+02:00,1580.23,
9136,108,2025-05-20 22:06:17+02:00,1276.65,
9137,343,2025-10-09 23:57:22+02:00,23473.11,
9138,556,2025-11-22 12:28:56+02:00,2446.68,
9139,251,2025-12-31 23:25:32+02:00,547.23,
9140,216,2025-11-13 06:21:12+02:00,6277.45,
9141,696,2025-01-26 04:00:20+02:00,748.73,
9142,776,2025-08-11 02:04:05+02:00,12068.43,
9143,910,2025-03-30 14:06:44+02:00,606.41,27
9144,37,2025-08-27 09:15:58+02:00,1364.35,
9145,287,2025-03-24 14:54:33+02:00,1632.32,13
9146,48,2025-02-27 00:03:22+02:00,756.11,24
9147,348,2025-11-22 14:15:36+02:00,431.75,
9148,423,2025-09-06 19:13:28+02:00,2736.90,
9149,835,2025-07-11 09:38:38+02:00,1305.07,12
9150,977,2025-03-02 09:10:49+02:00,1563.14,
9151,645,2025-03-25 16:27:03+02:00,663.48,
9152,890,2025-08-12 15:58:51+02:00,892.09,
9153,933,2025-06-08 10:37:56+02:00,1197.37,
9154,795,2025-09-05 08:45:07+02:00,1336.62,
9155,375,2025-12-22 07:07:21+02:00,1479.30,
9156,79,2025-04-11 19:01:09+02:00,7761.18,29
9157,599,2025-07-10 11:25:57+02:00,1476.57,
9158,684,2025-07-15 09:02:37+02:00,703.31,
9159,824,2025-01-15 16:07:58+02:00,3704.99,
9160,183,2025-12-09 19:10:26+02:00,3400.69,
9161,260,2025-01-06 20:00:42+02:00,1229.23,
9162,554,2025-05-06 07:00:32+02:00,1119.15,
9163,286,2025-11-22 10:21:37+02:00,447.92,
9164,707,2025-07-12 16:07:18+02:00,2870.28,
9165,782,2025-12-13 14:16:05+02:00,1111.44,
9166,200,2025-05-03 21:41:27+02:00,2418.42,
9167,957,2025-12-21 04:12:22+02:00,1898.12,
9168,15,2025-01-01 07:20:50+02:00,1386.72,
9169,185,2025-10-14 04:21:04+02:00,354.47,
9170,964,2025-04-04 13:22:43+02:00,1343.43,
9171,303,2025-08-11 23:16:02+02:00,9663.44,
9172,889,2025-09-12 20:54:15+02:00,703.80,
9173,24,2025-03-19 02:59:23+02:00,383.81,19
9174,555,2025-07-15 02:52:07+02:00,695.87,29
9175,713,2025-01-01 13:39:05+02:00,611.70,
9176,621,2025-03-26 13:26:56+02:00,2030.62,
9177,46,2025-07-18 02:45:44+02:00,867.00,
9178,400,2025-01-14 19:52:27+02:00,3190.22,
9179,849,2025-01-21 09:25:09+02:00,707.94,
9180,865,2025-01-03 00:25:45+02:00,816.06,26
9181,386,2025-06-07 10:13:28+02:00,847.42,
9182,998,2025-02-22 11:56:50+02:00,915.45,
9183,75,2025-05-07 10:53:15+02:00,2821.35,
9184,976,2025-02-13 14:34:34+02:00,3233.04,
9185,212,2025-08-22 15:36:49+02:00,506.18,22
9186,221,2025-11-25 01:32:26+02:00,2713.46,
9187,628,2025-11-25 02:06:38+02:00,1278.92,
9188,233,2025-01-11 13:43:31+02:00,354.30,
9189,968,2025-06-27 07:51:18+02:00,9745.00,
9190,729,2025-01-20 17:05:08+02:00,1052.66,
9191,418,2025-10-17 19:51:26+02:00,9877.27,
9192,578,2025-04-09 11:57:36+02:00,1585.41,
9193,719,2025-03-29 09:27:09+02:00,837.65,
9194,24,2025-06-17 06:09:11+02:00,1978.12,18
9195,616,2025-07-08 08:01:45+02:00,2291.72,
9196,79,2025-09-25 13:00:08+02:00,701.44,21
9197,852,2025-03-27 03:43:07+02:00,1359.34,
9198,167,2025-08-07 04:32:51+02:00,2451.96,
9199,702,2025-06-07 15:42:40+02:00,844.06,
9200,777,2025-03-12 02:05:55+02:00,1296.28,
9201,97,2025-08-20 13:08:21+02:00,665.86,15
9202,176,2025-03-21 20:33:11+02:00,2211.16,
9203,671,2025-11-19 03:58:02+02:00,1346.23,30
9204,284,2025-09-06 06:02:54+02:00,988.24,
9205,784,2025-03-11 08:24:10+02:00,7401.28,
9206,767,2025-09-11 16:50:52+02:00,7604.66,
9207,965,2025-05-15 21:05:27+02:00,1246.47,16
9208,113,2025-10-04 21:07:26+02:00,1070.80,13
9209,279,2025-11-22 18:28:09+02:00,1213.36,
9210,560,2025-06-17 21:39:27+02:00,657.34,
9211,223,2025-06-07 12:54:02+02:00,5274.37,16
9212,456,2025-07-22 14:42:33+02:00,1698.89,
9213,986,2025-05-22 23:55:24+02:00,2064.84,
9214,376,2025-04-12 14:55:25+02:00,942.94,
9215,700,2025-11-30 17:31:37+02:00,770.26,15
9216,873,2025-04-21 06:52:40+02:00,1539.62,
9217,509,2025-09-26 07:59:32+02:00,284.04,
9218,393,2025-04-25 05:18:34+02:00,20618.17,
9219,430,2025-02-02 07:13:37+02:00,733.59,
9220,867,2025-03-30 17:20:13+02:00,3123.28,
9221,797,2025-11-24 01:26:05+02:00,9613.75,
9222,421,2025-11-13 22:07:50+02:00,1244.86,
9223,180,2025-12-31 01:13:58+02:00,1042.86,26
9224,597,2025-07-30 03:12:31+02:00,1319.52,29
9225,829,2025-12-30 20:08:24+02:00,3235.98,
9226,853,2025-08-02 11:58:39+02:00,1474.99,
9227,731,2025-03-20 20:26:03+02:00,597.60,
9228,932,2025-09-07 02:35:02+02:00,5220.31,
9229,711,2025-06-27 22:05:38+02:00,2458.66,
9230,927,2025-08-26 03:57:02+02:00,1522.13,21
9231,874,2025-09-16 11:25:31+02:00,4276.85,
9232,789,2025-10-19 14:49:47+02:00,778.93,
9233,561,2025-02-01 05:52:47+02:00,1385.17,
9234,302,2025-07-10 03:33:33+02:00,1634.50,
9235,624,2025-01-17 00:01:08+02:00,872.82,17
9236,125,2025-08-08 03:03:39+02:00,12631.66,
9237,239,2025-06-30 19:25:13+02:00,5457.09,
9238,951,2025-08-05 17:15:23+02:00,255.70,
9239,627,2025-12-23 03:39:19+02:00,1733.37,
9240,888,2025-05-28 17:25:40+02:00,1255.26,
9241,620,2025-11-16 04:13:11+02:00,1043.32,
9242,794,2025-12-14 01:20:00+02:00,1790.20,
9243,77,2025-12-01 19:34:51+02:00,1433.27,18
9244,937,2025-11-21 10:11:35+02:00,1180.13,18
9245,460,2025-12-07 19:17:03+02:00,751.22,24
9246,762,2025-06-27 09:37:50+02:00,1515.10,
9247,902,2025-04-18 09:24:15+02:00,772.43,12
9248,405,2025-12-20 22:40:17+02:00,363.50,24
9249,944,2025-11-19 13:58:49+02:00,1146.49,
9250,509,2025-03-21 06:17:37+02:00,1518.94,
9251,956,2025-04-06 06:34:30+02:00,1450.57,
9252,162,2025-03-09 05:48:06+02:00,1182.86,
9253,574,2025-07-23 10:29:01+02:00,757.76,
9254,593,2025-12-15 02:48:35+02:00,819.61,
9255,502,2025-11-26 02:32:43+02:00,4305.36,
9256,102,2025-05-19 01:44:03+02:00,799.67,
9257,845,2025-06-14 08:40:19+02:00,680.11,
9258,569,2025-08-22 12:39:30+02:00,1436.44,20
9259,954,2025-09-04 22:56:04+02:00,1037.07,
9260,861,2025-11-09 19:08:19+02:00,988.14,
9261,87,2025-08-01 00:42:50+02:00,881.52,30
9262,320,2025-04-19 20:18:05+02:00,13289.87,
9263,203,2025-07-16 02:31:23+02:00,2085.07,
9264,744,2025-12-05 17:03:33+02:00,1449.23,
9265,108,2025-07-12 01:58:23+02:00,743.23,
9266,956,2025-07-10 13:05:37+02:00,2573.16,
9267,419,2025-09-18 13:01:43+02:00,1249.08,
9268,720,2025-02-08 10:30:03+02:00,2060.83,
9269,869,2025-01-28 04:02:58+02:00,515.85,
9270,576,2025-03-07 05:07:15+02:00,1686.42,
9271,960,2025-03-31 08:32:19+02:00,956.40,
9272,730,2025-04-17 06:24:01+02:00,1926.50,
9273,100,2025-02-17 23:40:09+02:00,1325.64,28
9274,114,2025-06-15 19:03:16+02:00,1278.27,
9275,312,2025-11-12 21:12:10+02:00,1442.28,
9276,919,2025-02-16 09:23:16+02:00,2365.07,
9277,16,2025-12-29 06:21:54+02:00,6004.49,
9278,760,2025-04-19 01:12:02+02:00,764.44,
9279,927,2025-03-09 23:55:14+02:00,1308.41,
9280,116,2025-09-12 22:09:12+02:00,2539.78,23
9281,899,2025-06-26 03:42:58+02:00,1362.01,
9282,820,2025-08-05 10:30:26+02:00,14146.98,
9283,779,2025-12-14 06:43:26+02:00,16831.94,29
9284,823,2025-05-14 04:04:45+02:00,2522.88,26
9285,752,2025-02-13 09:40:54+02:00,2415.51,
9286,116,2025-06-16 01:51:36+02:00,648.13,
9287,534,2025-10-18 21:38:33+02:00,694.31,19
9288,764,2025-07-10 02:41:15+02:00,17573.10,
9289,249,2025-01-13 09:01:29+02:00,3338.79,
9290,59,2025-01-29 12:38:15+02:00,2961.35,
9291,685,2025-02-20 22:21:28+02:00,1805.15,
9292,939,2025-12-31 00:44:09+02:00,343.20,30
9293,374,2025-09-01 08:00:32+02:00,6046.62,
9294,360,2025-12-16 22:18:37+02:00,454.78,
9295,566,2025-08-25 06:38:35+02:00,970.56,
9296,256,2025-03-20 00:51:15+02:00,4338.52,
9297,798,2025-02-18 11:36:43+02:00,16761.23,
9298,665,2025-06-12 04:10:13+02:00,1721.49,
9299,931,2025-04-30 06:16:49+02:00,2758.34,25
9300,543,2025-08-24 16:17:06+02:00,3279.55,24
9301,48,2025-11-25 06:54:52+02:00,830.61,
9302,980,2025-09-13 13:39:31+02:00,1441.55,11
9303,240,2025-08-04 20:04:24+02:00,1857.65,
9304,20,2025-08-20 09:04:25+02:00,1607.35,12
9305,802,2025-12-03 03:26:43+02:00,1124.05,
9306,812,2025-03-27 02:01:54+02:00,468.33,
9307,598,2025-04-20 03:35:22+02:00,3099.24,
9308,313,2025-12-23 11:11:11+02:00,4597.39,
9309,982,2025-02-26 21:44:39+02:00,19556.67,
9310,534,2025-04-02 19:05:50+02:00,1498.58,
9311,316,2025-06-03 20:57:53+02:00,2976.41,
9312,339,2025-07-24 09:45:02+02:00,1077.57,
9313,605,2025-10-19 16:02:44+02:00,1917.42,
9314,449,2025-11-09 21:21:05+02:00,4123.26,28
9315,7,2025-02-21 09:56:43+02:00,1031.91,
9316,786,2025-03-23 15:53:18+02:00,923.88,
9317,27,2025-01-08 07:43:32+02:00,1092.22,13
9318,477,2025-10-08 01:00:36+02:00,976.70,
9319,556,2025-10-19 17:09:07+02:00,3028.21,
9320,720,2025-04-27 06:50:34+02:00,704.18,
9321,154,2025-04-11 21:56:12+02:00,2291.72,24
9322,760,2025-03-04 05:17:28+02:00,3342.77,
9323,164,2025-02-18 20:42:55+02:00,6366.41,
9324,334,2025-01-02 17:14:34+02:00,850.50,21
9325,381,2025-01-01 22:17:06+02:00,9452.18,
9326,967,2025-11-05 07:14:01+02:00,2235.10,
9327,939,2025-05-25 14:29:31+02:00,29589.66,
9328,694,2025-03-17 15:00:25+02:00,18226.52,
9329,909,2025-06-10 15:24:42+02:00,7292.85,22
9330,761,2025-08-13 04:19:06+02:00,1475.04,
9331,346,2025-04-16 09:40:39+02:00,1445.36,
9332,918,2025-02-03 05:59:12+02:00,1087.53,24
9333,339,2025-08-21 03:15:10+02:00,2663.64,
9334,836,2025-10-25 12:05:41+02:00,1071.39,
9335,177,2025-11-16 22:22:04+02:00,4579.32,
9336,288,2025-05-01 03:43:36+02:00,960.61,
9337,326,2025-01-07 04:55:13+02:00,3147.86,23
9338,672,2025-05-06 20:40:01+02:00,820.57,
9339,706,2025-08-27 13:39:20+02:00,2778.70,
9340,405,2025-05-01 07:54:51+02:00,2907.66,
9341,325,2025-05-06 02:00:20+02:00,611.35,
9342,676,2025-01-11 05:31:59+02:00,1219.62,27
9343,836,2025-06-20 04:29:09+02:00,450.14,
9344,922,2025-10-22 16:49:23+02:00,1094.24,
9345,986,2025-03-14 02:31:33+02:00,4081.03,
9346,943,2025-11-01 07:56:04+02:00,2227.54,
9347,640,2025-07-27 09:57:56+02:00,26583.25,14
9348,400,2025-08-09 08:41:40+02:00,1748.79,26
9349,69,2025-11-28 16:13:25+02:00,273.32,
9350,361,2025-03-13 07:33:44+02:00,636.81,15
9351,861,2025-01-25 20:49:06+02:00,569.73,16
9352,317,2025-02-03 07:15:20+02:00,3657.76,25
9353,115,2025-02-02 15:28:34+02:00,7771.49,
9354,544,2025-10-22 19:05:35+02:00,771.34,
9355,93,2025-07-25 19:16:30+02:00,3982.80,
9356,41,2025-11-24 04:51:41+02:00,1763.67,
9357,355,2025-12-09 14:06:27+02:00,1867.64,
9358,593,2025-12-14 08:06:40+02:00,852.77,
9359,601,2025-02-20 09:03:08+02:00,6047.42,
9360,612,2025-11-19 03:34:42+02:00,1983.89,
9361,363,2025-02-04 16:56:29+02:00,9337.60,
9362,953,2025-02-12 17:05:01+02:00,2570.81,
9363,825,2025-11-07 05:07:53+02:00,5152.62,19
9364,472,2025-08-10 16:15:01+02:00,352.79,
9365,994,2025-05-27 04:15:55+02:00,5972.14,
9366,462,2025-12-23 01:45:38+02:00,751.01,21
9367,722,2025-06-14 20:59:42+02:00,807.00,
9368,88,2025-10-02 04:13:17+02:00,1879.40,
9369,121,2025-09-16 20:13:47+02:00,709.86,
9370,89,2025-02-10 21:08:42+02:00,2026.69,
9371,380,2025-04-08 10:28:54+02:00,3553.28,
9372,250,2025-09-11 12:14:39+02:00,747.50,
9373,689,2025-06-21 14:30:47+02:00,9147.48,
9374,683,2025-04-08 21:37:50+02:00,1055.50,
9375,793,2025-11-16 04:38:23+02:00,1999.92,
9376,722,2025-10-01 22:53:28+02:00,1411.69,
9377,215,2025-08-04 16:45:25+02:00,2401.64,
9378,71,2025-09-28 16:26:28+02:00,1403.19,
9379,260,2025-05-21 18:52:14+02:00,1935.66,15
9380,334,2025-10-31 23:41:05+02:00,3901.34,20
9381,707,2025-09-12 12:48:17+02:00,1375.88,
9382,350,2025-06-12 03:35:43+02:00,551.87,
9383,244,2025-11-14 18:36:51+02:00,2611.88,
9384,954,2025-11-05 14:56:13+02:00,2100.39,
9385,972,2025-05-18 23:43:19+02:00,935.98,
9386,192,2025-10-24 20:29:48+02:00,1459.13,
9387,869,2025-07-26 21:10:04+02:00,2187.68,
9388,844,2025-10-06 21:02:51+02:00,1050.84,
9389,925,2025-06-29 06:21:20+02:00,1025.45,
9390,413,2025-01-14 01:15:19+02:00,1539.86,
9391,744,2025-03-16 06:50:14+02:00,672.23,
9392,880,2025-04-29 10:59:08+02:00,10895.06,
9393,268,2025-07-15 18:49:24+02:00,1535.65,
9394,756,2025-08-19 04:23:21+02:00,795.06,
9395,486,2025-08-08 05:44:19+02:00,9969.45,23
9396,194,2025-01-12 00:55:51+02:00,768.62,
9397,176,2025-01-09 08:16:31+02:00,244.18,12
9398,775,2025-05-09 08:11:26+02:00,19015.08,
9399,22,2025-06-04 07:35:24+02:00,1232.76,19
9400,140,2025-06-16 14:39:12+02:00,327.21,
9401,499,2025-12-20 21:19:41+02:00,887.45,
9402,837,2025-02-04 15:32:40+02:00,815.59,15
9403,475,2025-04-18 23:14:09+02:00,1873.02,
9404,70,2025-02-15 20:34:06+02:00,965.71,
9405,63,2025-03-12 09:45:13+02:00,4014.54,28
9406,415,2025-06-10 01:46:42+02:00,409.79,17
9407,415,2025-03-22 20:06:36+02:00,865.45,11
9408,986,2025-06-05 17:08:45+02:00,4792.26,
9409,842,2025-02-02 04:42:45+02:00,803.03,20
9410,499,2025-01-19 07:56:37+02:00,4556.61,
9411,210,2025-12-08 11:32:24+02:00,798.03,
9412,194,2025-06-25 11:19:00+02:00,1963.88,19
9413,390,2025-06-08 20:31:44+02:00,1877.81,24
9414,45,2025-07-11 10:16:04+02:00,983.20,
9415,688,2025-04-21 17:54:53+02:00,1824.43,
9416,715,2025-03-12 03:58:54+02:00,828.99,21
9417,419,2025-05-20 07:37:26+02:00,6936.22,
9418,492,2025-11-22 20:21:24+02:00,847.80,22
9419,303,2025-05-29 08:30:10+02:00,2755.42,
9420,77,2025-06-22 17:41:18+02:00,603.31,30
9421,797,2025-03-02 00:28:51+02:00,1115.47,
9422,155,2025-06-10 08:15:42+02:00,1678.13,
9423,207,2025-05-31 00:01:45+02:00,1529.48,
9424,177,2025-08-28 06:34:45+02:00,1278.87,
9425,599,2025-12-12 21:40:37+02:00,1719.14,
9426,549,2025-05-31 18:07:16+02:00,739.94,24
9427,504,2025-05-05 21:13:11+02:00,463.48,
9428,614,2025-04-21 06:53:08+02:00,1532.99,15
9429,750,2025-11-20 23:34:00+02:00,811.44,
9430,524,2025-07-14 22:47:49+02:00,694.98,
9431,315,2025-06-15 18:07:54+02:00,6695.40,
9432,366,2025-05-25 16:06:18+02:00,1503.56,
9433,477,2025-01-16 18:59:52+02:00,10422.74,
9434,562,2025-04-07 18:03:03+02:00,6308.83,
9435,56,2025-05-24 10:59:37+02:00,677.86,
9436,250,2025-05-06 05:01:31+02:00,29098.74,
9437,911,2025-07-29 15:08:58+02:00,951.40,
9438,154,2025-04-14 14:12:31+02:00,946.09,
9439,933,2025-10-15 12:44:40+02:00,936.57,27
9440,171,2025-10-11 06:22:18+02:00,11395.96,
9441,706,2025-07-15 21:58:02+02:00,1052.01,
9442,295,2025-06-20 08:08:36+02:00,1579.18,
9443,882,2025-09-15 20:32:00+02:00,6605.64,
9444,626,2025-05-04 17:34:52+02:00,2468.64,
9445,636,2025-08-25 12:40:48+02:00,517.32,
9446,374,2025-12-12 07:22:03+02:00,2678.98,
9447,184,2025-10-24 17:19:07+02:00,9017.86,25
9448,553,2025-04-13 22:54:09+02:00,1803.20,
9449,555,2025-12-19 13:21:10+02:00,817.90,20
9450,196,2025-10-05 09:52:09+02:00,841.68,19
9451,733,2025-08-07 06:02:07+02:00,13295.48,
9452,896,2025-10-03 03:10:43+02:00,1132.06,
9453,456,2025-09-26 05:05:25+02:00,609.79,
9454,851,2025-06-08 15:42:15+02:00,1531.04,
9455,92,2025-05-27 10:42:42+02:00,938.89,
9456,660,2025-10-21 20:42:13+02:00,1189.91,
9457,753,2025-11-08 13:35:29+02:00,695.76,27
9458,949,2025-12-07 04:16:49+02:00,1896.83,
9459,965,2025-12-28 23:15:18+02:00,2491.86,
9460,767,2025-04-23 00:06:09+02:00,1012.23,
9461,701,2025-10-08 23:57:37+02:00,787.95,
9462,386,2025-05-12 16:49:43+02:00,217.27,
9463,524,2025-08-29 17:56:42+02:00,1594.84,
9464,231,2025-11-26 06:04:40+02:00,1321.10,
9465,20,2025-04-15 21:41:50+02:00,1168.25,
9466,85,2025-10-21 14:17:28+02:00,3700.70,
9467,74,2025-08-03 12:08:14+02:00,9573.30,
9468,305,2025-05-06 05:47:26+02:00,2496.34,
9469,486,2025-01-14 19:03:32+02:00,1318.88,
9470,997,2025-01-10 23:06:48+02:00,3670.60,14
9471,686,2025-08-12 10:21:15+02:00,3248.14,17
9472,510,2025-07-01 23:36:14+02:00,758.59,
9473,336,2025-08-23 10:34:33+02:00,778.77,
9474,994,2025-01-13 12:24:43+02:00,1543.77,
9475,143,2025-03-02 16:53:36+02:00,1779.70,
9476,720,2025-07-02 03:57:44+02:00,727.33,
9477,31,2025-08-19 03:52:35+02:00,674.76,11
9478,176,2025-12-03 05:34:39+02:00,3163.09,
9479,408,2025-09-30 11:52:10+02:00,1758.61,
9480,257,2025-06-09 03:36:10+02:00,1405.11,
9481,306,2025-09-07 02:12:52+02:00,9726.51,
9482,903,2025-04-15 01:40:40+02:00,4376.02,
9483,77,2025-11-29 18:12:32+02:00,1577.70,
9484,39,2025-01-17 17:20:59+02:00,958.77,
9485,621,2025-10-25 20:51:59+02:00,861.29,
9486,213,2025-10-30 08:58:42+02:00,942.77,
9487,645,2025-03-16 00:01:51+02:00,1499.31,
9488,640,2025-08-14 17:19:30+02:00,10934.22,
9489,17,2025-06-26 00:06:31+02:00,1895.67,
9490,370,2025-05-27 15:46:01+02:00,8340.18,13
9491,315,2025-07-25 20:55:52+02:00,667.91,
9492,718,2025-06-21 10:51:34+02:00,1588.76,
9493,472,2025-04-13 11:13:09+02:00,1305.16,
9494,423,2025-07-27 11:37:19+02:00,3725.61,
9495,28,2025-12-14 17:27:18+02:00,345.29,11
9496,508,2025-08-22 06:44:34+02:00,3500.66,
9497,714,2025-10-09 13:43:07+02:00,898.28,
9498,418,2025-04-02 18:01:58+02:00,617.58,
9499,129,2025-10-30 11:49:42+02:00,15824.59,
9500,355,2025-01-20 20:03:18+02:00,2137.24,
9501,362,2025-03-19 16:32:56+02:00,984.35,
9502,273,2025-05-13 11:16:32+02:00,4389.04,
9503,411,2025-03-14 02:52:52+02:00,1398.47,
9504,972,2025-09-09 09:49:28+02:00,516.55,
9505,899,2025-09-02 07:37:24+02:00,1189.48,28
9506,93,2025-04-12 16:59:30+02:00,1493.34,
9507,606,2025-07-02 06:05:10+02:00,646.56,
9508,215,2025-07-18 23:52:13+02:00,1492.12,
9509,695,2025-05-14 05:20:13+02:00,3523.28,
9510,98,2025-01-05 20:04:29+02:00,1177.12,
9511,331,2025-03-27 10:30:49+02:00,3487.96,
9512,117,2025-05-08 10:29:47+02:00,910.73,
9513,678,2025-10-11 03:34:56+02:00,723.98,
9514,581,2025-03-16 20:27:57+02:00,993.00,
9515,434,2025-07-30 13:18:53+02:00,28856.86,
9516,5,2025-03-30 04:34:36+02:00,1049.90,
9517,728,2025-02-01 19:34:03+02:00,2962.76,
9518,376,2025-10-19 20:32:28+02:00,4562.98,
9519,490,2025-09-01 18:18:41+02:00,1254.34,
9520,460,2025-01-30 07:24:11+02:00,816.09,23
9521,347,2025-10-17 14:03:44+02:00,2402.63,25
9522,393,2025-12-22 10:23:36+02:00,17577.87,21
9523,392,2025-06-04 19:05:59+02:00,3700.42,
9524,898,2025-12-01 09:03:27+02:00,1120.04,
9525,547,2025-02-18 07:16:23+02:00,309.33,
9526,827,2025-08-03 02:45:38+02:00,1714.71,
9527,779,2025-06-06 21:18:00+02:00,1167.89,30
9528,241,2025-02-03 06:09:26+02:00,437.28,
9529,529,2025-05-26 02:27:50+02:00,778.40,
9530,459,2025-11-27 17:15:14+02:00,1750.78,
9531,26,2025-06-02 03:03:51+02:00,2288.60,
9532,812,2025-08-28 17:17:01+02:00,2924.04,
9533,761,2025-08-08 23:56:16+02:00,1978.45,
9534,974,2025-02-06 22:10:06+02:00,645.90,20
9535,814,2025-05-26 12:10:35+02:00,530.50,
9536,511,2025-01-25 15:55:05+02:00,3569.37,
9537,128,2025-06-04 06:46:29+02:00,3174.98,
9538,963,2025-03-14 10:04:29+02:00,2503.50,21
9539,753,2025-09-27 02:40:07+02:00,10857.51,
9540,644,2025-02-02 07:54:28+02:00,676.71,22
9541,225,2025-04-09 04:44:21+02:00,1894.93,
9542,978,2025-07-28 09:10:54+02:00,1889.71,
9543,440,2025-03-07 15:41:33+02:00,1456.72,
9544,302,2025-01-04 21:42:52+02:00,478.40,
9545,303,2025-08-08 15:21:46+02:00,10826.66,
9546,844,2025-12-17 02:25:12+02:00,2676.65,16
9547,283,2025-10-02 19:03:33+02:00,1210.52,
9548,196,2025-03-28 16:38:02+02:00,1727.10,28
9549,885,2025-11-28 20:21:36+02:00,2022.55,
9550,500,2025-06-10 22:08:57+02:00,1234.00,
9551,473,2025-12-02 12:05:32+02:00,642.90,28
9552,772,2025-04-24 16:38:39+02:00,5618.84,
9553,455,2025-12-16 14:49:14+02:00,712.95,24
9554,269,2025-07-16 02:06:08+02:00,430.18,22
9555,974,2025-10-18 20:26:06+02:00,3525.52,29
9556,427,2025-12-04 04:53:27+02:00,3411.82,
9557,775,2025-05-06 08:25:12+02:00,1527.85,
9558,102,2025-12-18 21:00:47+02:00,912.77,29
9559,703,2025-08-22 00:50:54+02:00,2352.19,
9560,966,2025-08-25 03:21:04+02:00,453.73,
9561,909,2025-04-27 12:30:28+02:00,3891.72,13
9562,659,2025-06-09 11:22:29+02:00,1130.44,
9563,19,2025-08-25 07:14:42+02:00,1879.54,27
9564,893,2025-09-01 08:51:44+02:00,425.52,
9565,203,2025-06-28 21:20:42+02:00,1834.46,
9566,910,2025-02-20 11:46:28+02:00,493.71,
9567,125,2025-02-05 14:17:10+02:00,15763.53,
9568,607,2025-07-29 17:49:35+02:00,1450.51,16
9569,850,2025-06-07 06:41:34+02:00,7347.38,
9570,560,2025-09-29 22:28:39+02:00,810.19,16
9571,93,2025-02-20 17:57:19+02:00,1463.05,
9572,446,2025-02-03 17:01:18+02:00,1765.29,
9573,391,2025-04-18 14:51:37+02:00,2047.58,
9574,283,2025-02-18 14:32:22+02:00,382.81,
9575,389,2025-08-03 13:30:56+02:00,580.93,22
9576,937,2025-02-13 17:11:16+02:00,1858.71,25
9577,931,2025-02-01 00:23:19+02:00,13372.26,
9578,891,2025-03-20 22:12:32+02:00,629.07,
9579,77,2025-03-09 11:41:08+02:00,590.18,
9580,126,2025-10-11 08:33:53+02:00,3009.24,12
9581,738,2025-09-16 12:42:45+02:00,2731.12,
9582,361,2025-06-06 13:35:51+02:00,938.07,
9583,872,2025-04-26 02:11:58+02:00,1005.72,
9584,264,2025-05-11 17:47:16+02:00,1085.20,
9585,26,2025-12-18 23:18:51+02:00,1393.09,
9586,8,2025-03-14 06:01:44+02:00,1994.17,
9587,182,2025-07-03 11:28:35+02:00,1177.07,
9588,795,2025-09-25 15:36:35+02:00,1257.98,
9589,175,2025-07-31 16:15:50+02:00,11920.91,
9590,705,2025-01-11 02:18:47+02:00,1216.18,
9591,65,2025-09-30 10:57:43+02:00,1620.96,
9592,246,2025-06-09 20:43:17+02:00,837.31,
9593,801,2025-12-03 14:42:18+02:00,1506.76,
9594,834,2025-11-01 01:49:28+02:00,1392.32,15
9595,862,2025-07-27 19:21:02+02:00,2542.40,
9596,944,2025-03-07 02:46:10+02:00,2940.29,
9597,208,2025-11-19 15:36:37+02:00,12997.99,
9598,602,2025-05-31 15:39:19+02:00,843.81,
9599,354,2025-04-25 05:44:28+02:00,2733.29,17
9600,771,2025-03-09 20:22:13+02:00,2514.28,
9601,72,2025-04-28 18:22:36+02:00,3067.97,21
9602,934,2025-01-07 05:54:24+02:00,423.71,25
9603,279,2025-08-02 09:47:46+02:00,2824.44,
9604,548,2025-02-24 01:36:21+02:00,1960.69,
9605,548,2025-02-08 10:47:57+02:00,1676.51,11
9606,522,2025-08-22 03:53:33+02:00,651.86,13
9607,36,2025-02-04 23:00:40+02:00,3206.21,23
9608,786,2025-04-13 03:43:46+02:00,1370.80,
9609,737,2025-01-21 23:10:06+02:00,933.05,
9610,810,2025-05-19 17:27:45+02:00,8579.07,27
9611,551,2025-12-10 04:16:18+02:00,4362.56,
9612,457,2025-09-10 16:11:58+02:00,485.90,13
9613,827,2025-01-08 15:45:02+02:00,878.40,
9614,792,2025-05-28 01:07:13+02:00,1455.73,
9615,350,2025-09-21 09:04:09+02:00,2285.76,
9616,691,2025-03-13 22:17:48+02:00,1932.70,23
9617,847,2025-08-06 17:58:35+02:00,1148.94,22
9618,208,2025-12-17 02:01:26+02:00,1178.97,
9619,15,2025-03-30 00:28:39+02:00,839.68,
9620,469,2025-08-14 04:01:23+02:00,623.20,
9621,875,2025-01-08 07:03:24+02:00,950.97,
9622,395,2025-07-31 22:53:30+02:00,784.98,19
9623,474,2025-11-29 06:10:47+02:00,2250.65,
9624,672,2025-12-07 17:41:09+02:00,2186.33,
9625,435,2025-06-11 13:02:17+02:00,834.35,28
9626,202,2025-01-07 07:26:54+02:00,1010.91,30
9627,695,2025-10-14 01:32:05+02:00,3820.29,22
9628,207,2025-02-21 04:47:37+02:00,2009.91,
9629,994,2025-12-19 23:50:00+02:00,1800.69,
9630,192,2025-01-23 05:18:14+02:00,20009.61,
9631,738,2025-11-22 23:53:29+02:00,1107.57,
9632,605,2025-03-24 11:57:21+02:00,13442.97,
9633,184,2025-05-18 23:20:16+02:00,2492.07,22
9634,136,2025-04-24 03:13:23+02:00,844.53,
9635,320,2025-05-29 23:04:24+02:00,1747.20,
9636,907,2025-07-13 23:17:28+02:00,716.22,30
9637,158,2025-11-08 11:03:16+02:00,258.55,
9638,443,2025-08-09 04:50:08+02:00,1800.69,22
9639,192,2025-08-26 12:42:14+02:00,20371.86,22
9640,85,2025-06-05 20:43:36+02:00,1137.01,12
9641,754,2025-12-19 00:46:34+02:00,6762.04,
9642,548,2025-02-05 06:31:33+02:00,942.63,
9643,586,2025-10-17 00:58:08+02:00,687.54,
9644,763,2025-12-26 03:37:01+02:00,615.20,29
9645,469,2025-01-21 18:17:15+02:00,595.70,
9646,524,2025-10-24 04:32:22+02:00,1958.92,
9647,714,2025-09-04 18:26:28+02:00,29308.44,
9648,169,2025-09-04 06:36:01+02:00,3461.11,
9649,383,2025-01-30 16:03:26+02:00,1571.46,24
9650,206,2025-11-23 13:53:17+02:00,1870.10,
9651,152,2025-07-08 03:23:38+02:00,1425.36,
9652,815,2025-05-02 23:50:55+02:00,5205.77,
9653,70,2025-10-15 09:33:55+02:00,1016.30,
9654,185,2025-08-26 15:38:03+02:00,799.95,
9655,469,2025-05-16 20:09:27+02:00,905.13,
9656,797,2025-01-15 01:53:03+02:00,12412.94,28
9657,489,2025-07-17 17:10:08+02:00,1371.20,23
9658,209,2025-11-15 04:20:08+02:00,2231.19,
9659,503,2025-09-14 09:47:29+02:00,932.26,
9660,211,2025-05-05 17:09:03+02:00,320.05,
9661,19,2025-09-28 11:10:06+02:00,15801.90,
9662,205,2025-12-04 16:05:50+02:00,1812.86,
9663,988,2025-05-14 21:17:45+02:00,1495.07,
9664,606,2025-10-05 03:57:07+02:00,1382.25,
9665,756,2025-07-19 20:24:26+02:00,1140.52,
9666,498,2025-10-26 04:52:16+02:00,557.71,
9667,897,2025-10-03 19:43:11+02:00,7117.14,
9668,516,2025-01-22 13:29:31+02:00,1492.75,29
9669,29,2025-06-05 16:44:39+02:00,2179.56,
9670,990,2025-11-11 05:26:32+02:00,1467.38,
9671,513,2025-06-06 07:52:58+02:00,2188.59,25
9672,974,2025-10-31 12:03:23+02:00,5066.88,26
9673,637,2025-10-01 03:08:37+02:00,895.46,26
9674,114,2025-07-06 15:19:19+02:00,2011.34,17
9675,46,2025-03-24 18:13:41+02:00,321.81,20
9676,952,2025-07-01 14:41:32+02:00,1277.91,
9677,438,2025-04-26 13:32:43+02:00,2439.95,21
9678,233,2025-11-11 07:02:16+02:00,1601.85,
9679,265,2025-05-01 20:27:19+02:00,1237.62,16
9680,376,2025-01-06 06:43:24+02:00,781.81,27
9681,899,2025-07-04 10:30:06+02:00,3769.45,
9682,410,2025-01-18 01:21:23+02:00,18613.44,
9683,49,2025-02-16 12:42:15+02:00,5249.93,
9684,179,2025-05-07 16:14:42+02:00,10206.48,
9685,508,2025-04-10 08:09:32+02:00,2227.78,
9686,956,2025-02-03 02:33:30+02:00,638.24,
9687,228,2025-10-25 23:05:15+02:00,693.87,
9688,520,2025-12-05 11:11:05+02:00,1222.47,19
9689,997,2025-06-01 08:15:32+02:00,2793.32,
9690,574,2025-11-23 19:42:37+02:00,2020.46,
9691,204,2025-10-30 10:29:43+02:00,1744.67,29
9692,928,2025-12-05 15:42:00+02:00,571.37,
9693,887,2025-06-29 17:55:43+02:00,2222.24,
9694,650,2025-05-01 12:03:15+02:00,1838.45,
9695,406,2025-04-07 07:13:49+02:00,980.28,
9696,757,2025-03-30 07:17:47+02:00,931.80,16
9697,718,2025-09-09 09:17:23+02:00,3143.65,16
9698,603,2025-07-26 15:50:48+02:00,1584.42,
9699,838,2025-07-15 22:43:22+02:00,1432.13,
9700,154,2025-01-09 14:51:17+02:00,1407.59,
9701,865,2025-10-07 11:53:51+02:00,581.45,27
9702,604,2025-07-20 19:35:12+02:00,1299.64,
9703,961,2025-07-22 05:07:24+02:00,1228.02,
9704,868,2025-08-31 18:41:51+02:00,1384.07,20
9705,515,2025-10-13 07:31:49+02:00,2922.20,
9706,617,2025-06-03 14:42:19+02:00,1112.86,
9707,708,2025-06-04 00:27:09+02:00,1150.91,
9708,571,2025-09-14 10:39:02+02:00,836.45,
9709,630,2025-10-21 14:33:02+02:00,897.71,12
9710,8,2025-02-26 00:46:45+02:00,395.23,
9711,263,2025-02-19 01:13:06+02:00,774.34,16
9712,433,2025-01-06 01:04:42+02:00,3091.84,
9713,735,2025-10-09 19:34:06+02:00,1819.31,
9714,940,2025-01-29 14:50:37+02:00,710.81,
9715,201,2025-07-28 19:00:11+02:00,3017.74,
9716,629,2025-05-10 19:11:53+02:00,7223.48,
9717,493,2025-12-08 03:55:43+02:00,692.95,
9718,819,2025-04-26 05:14:50+02:00,1611.42,
9719,98,2025-10-31 04:32:37+02:00,3837.59,
9720,132,2025-08-08 01:07:28+02:00,19346.52,
9721,486,2025-03-09 12:27:20+02:00,573.85,29
9722,364,2025-05-01 11:51:03+02:00,1876.34,
9723,92,2025-12-16 04:52:34+02:00,1889.52,
9724,322,2025-09-06 21:06:33+02:00,850.23,11
9725,420,2025-03-25 06:10:12+02:00,4662.02,
9726,480,2025-01-06 15:55:44+02:00,789.07,
9727,46,2025-09-12 08:50:30+02:00,8991.82,21
9728,946,2025-08-01 04:18:43+02:00,1139.36,
9729,61,2025-10-03 10:18:39+02:00,2078.34,
9730,674,2025-02-19 15:14:50+02:00,1841.73,
9731,98,2025-08-27 22:36:26+02:00,2134.65,
9732,345,2025-05-22 16:25:29+02:00,1463.82,
9733,83,2025-10-27 06:26:19+02:00,2367.89,
9734,501,2025-04-16 13:48:07+02:00,1661.97,
9735,305,2025-12-23 10:29:02+02:00,2288.74,
9736,435,2025-08-22 18:43:55+02:00,332.15,14
9737,225,2025-06-22 09:41:30+02:00,559.40,
9738,970,2025-12-10 02:50:27+02:00,4623.50,
9739,135,2025-12-20 16:13:52+02:00,1094.26,
9740,550,2025-02-10 12:52:17+02:00,843.96,
9741,303,2025-08-22 07:17:36+02:00,1178.85,
9742,867,2025-09-27 04:05:13+02:00,2587.96,
9743,973,2025-10-11 04:23:46+02:00,5616.04,
9744,553,2025-06-25 22:14:48+02:00,14205.66,
9745,982,2025-07-27 01:44:12+02:00,876.17,23
9746,321,2025-03-02 13:26:21+02:00,1800.00,
9747,613,2025-05-03 09:21:24+02:00,572.26,
9748,429,2025-09-01 05:58:26+02:00,8547.52,26
9749,693,2025-08-08 04:36:20+02:00,466.57,
9750,246,2025-04-05 05:11:50+02:00,3463.88,
9751,611,2025-08-19 22:22:13+02:00,1458.89,
9752,368,2025-02-28 17:23:48+02:00,5651.23,30
9753,999,2025-04-29 13:32:14+02:00,866.52,
9754,984,2025-06-20 22:29:10+02:00,16462.66,
9755,195,2025-12-08 04:41:44+02:00,402.11,19
9756,423,2025-11-24 16:40:14+02:00,795.94,27
9757,158,2025-10-01 19:32:13+02:00,7351.42,
9758,159,2025-01-26 09:47:36+02:00,1714.58,
9759,272,2025-08-05 06:27:31+02:00,1082.37,20
9760,840,2025-01-10 03:45:02+02:00,538.95,
9761,133,2025-07-07 08:21:35+02:00,5106.64,
9762,539,2025-06-29 23:25:59+02:00,2478.00,
9763,350,2025-06-24 20:11:47+02:00,376.50,
9764,930,2025-04-26 10:44:26+02:00,1445.38,
9765,24,2025-10-09 08:28:29+02:00,1937.05,21
9766,278,2025-05-15 02:20:50+02:00,3084.27,14
9767,564,2025-12-05 02:48:04+02:00,19352.52,22
9768,451,2025-05-21 11:57:38+02:00,1110.48,
9769,329,2025-07-16 08:29:33+02:00,3030.40,
9770,199,2025-06-27 20:30:15+02:00,5968.73,
9771,89,2025-02-04 07:08:29+02:00,1914.28,
9772,183,2025-07-20 14:44:02+02:00,596.05,11
9773,917,2025-08-11 21:53:00+02:00,1345.10,19
9774,189,2025-10-05 04:30:40+02:00,1578.37,
9775,167,2025-01-20 06:22:10+02:00,1709.83,
9776,250,2025-03-28 19:10:18+02:00,4440.91,
9777,36,2025-02-20 17:22:23+02:00,870.08,18
9778,313,2025-06-03 11:52:55+02:00,1527.96,20
9779,611,2025-10-26 02:56:11+02:00,524.26,
9780,463,2025-05-13 22:02:36+02:00,1022.74,
9781,522,2025-11-19 21:53:04+02:00,662.65,
9782,97,2025-07-20 10:01:07+02:00,1056.05,
9783,636,2025-11-10 04:25:25+02:00,1020.97,18
9784,781,2025-05-03 05:41:12+02:00,1322.01,22
9785,330,2025-01-31 23:15:46+02:00,2711.38,
9786,32,2025-11-03 12:35:26+02:00,2478.28,
9787,571,2025-08-08 19:44:22+02:00,2361.14,
9788,488,2025-02-14 15:35:28+02:00,1479.79,
9789,528,2025-11-13 20:51:23+02:00,1501.34,29
9790,637,2025-08-03 09:42:29+02:00,651.27,
9791,738,2025-06-12 08:36:37+02:00,6782.75,
9792,955,2025-03-09 05:41:58+02:00,1568.71,
9793,896,2025-09-13 12:32:27+02:00,2000.30,
9794,769,2025-01-19 00:08:48+02:00,462.10,
9795,159,2025-09-03 18:40:13+02:00,1036.87,
9796,223,2025-03-10 02:37:50+02:00,1468.83,
9797,855,2025-12-18 18:35:51+02:00,14086.37,
9798,856,2025-09-06 02:50:52+02:00,909.53,
9799,735,2025-10-29 21:01:21+02:00,2464.46,
9800,990,2025-01-09 02:35:43+02:00,8368.49,12
9801,102,2025-08-24 15:41:22+02:00,3712.88,
9802,452,2025-10-31 00:19:31+02:00,3534.84,
9803,560,2025-11-25 14:33:39+02:00,1099.11,
9804,356,2025-08-26 09:46:13+02:00,412.37,
9805,246,2025-01-19 06:39:06+02:00,22734.74,
9806,771,2025-10-22 22:36:25+02:00,1923.61,
9807,619,2025-08-12 23:17:01+02:00,2933.68,
9808,920,2025-01-17 04:53:58+02:00,1348.33,19
9809,906,2025-04-12 10:18:47+02:00,1199.46,
9810,875,2025-07-20 08:10:41+02:00,819.36,29
9811,2,2025-11-03 05:50:07+02:00,1780.63,
9812,359,2025-10-14 03:33:50+02:00,1037.21,
9813,140,2025-07-30 09:13:25+02:00,2737.92,
9814,798,2025-09-30 05:52:23+02:00,1920.55,
9815,924,2025-11-02 00:32:52+02:00,701.90,30
9816,508,2025-06-03 10:40:25+02:00,1081.19,
9817,475,2025-01-10 13:53:56+02:00,607.62,
9818,25,2025-09-05 08:17:24+02:00,1540.42,
9819,66,2025-05-16 21:34:04+02:00,741.01,12
9820,452,2025-10-09 10:43:38+02:00,1357.28,23
9821,869,2025-08-26 16:49:41+02:00,16812.06,29
9822,94,2025-05-13 08:57:25+02:00,1411.86,
9823,981,2025-07-28 01:49:38+02:00,1078.06,28
9824,733,2025-08-22 18:55:35+02:00,933.66,
9825,383,2025-05-29 07:42:56+02:00,702.94,
9826,332,2025-11-26 07:13:17+02:00,10647.54,
9827,187,2025-09-07 11:02:53+02:00,1593.62,
9828,2,2025-08-11 22:34:21+02:00,2102.05,
9829,714,2025-01-14 08:16:29+02:00,1416.24,29
9830,57,2025-11-01 04:40:10+02:00,1561.47,
9831,490,2025-01-31 14:55:42+02:00,608.85,
9832,254,2025-10-18 15:55:57+02:00,840.63,
9833,78,2025-05-23 10:23:05+02:00,5531.28,
9834,289,2025-12-30 07:23:56+02:00,27523.97,
9835,684,2025-01-17 02:18:08+02:00,5387.17,16
9836,250,2025-09-06 19:50:01+02:00,889.21,
9837,144,2025-03-02 11:38:52+02:00,1514.70,
9838,137,2025-05-11 02:50:22+02:00,11348.78,
9839,634,2025-09-14 08:14:40+02:00,1743.86,
9840,728,2025-11-04 23:54:08+02:00,479.43,30
9841,644,2025-04-02 19:56:55+02:00,5912.20,28
9842,731,2025-08-24 06:57:36+02:00,1198.27,
9843,692,2025-07-21 03:22:08+02:00,6390.34,
9844,232,2025-05-03 11:45:52+02:00,1900.96,
9845,380,2025-04-04 16:07:40+02:00,4723.65,
9846,358,2025-03-17 16:13:20+02:00,1543.13,
9847,79,2025-10-20 07:39:37+02:00,1047.07,
9848,99,2025-01-09 01:25:33+02:00,1727.89,
9849,83,2025-09-30 03:41:42+02:00,1652.78,
9850,973,2025-11-16 23:27:30+02:00,821.09,30
9851,523,2025-04-03 02:02:34+02:00,911.37,30
9852,240,2025-06-26 14:59:58+02:00,603.74,
9853,772,2025-08-27 15:48:47+02:00,3448.46,
9854,877,2025-08-20 07:48:26+02:00,797.06,
9855,724,2025-05-18 13:37:28+02:00,801.52,
9856,83,2025-04-02 01:40:07+02:00,487.51,
9857,305,2025-03-12 09:41:41+02:00,2952.56,
9858,454,2025-12-15 12:25:45+02:00,1201.74,
9859,558,2025-06-14 05:22:28+02:00,1072.45,
9860,99,2025-04-11 00:20:41+02:00,7554.80,
9861,589,2025-02-28 07:25:40+02:00,451.48,29
9862,690,2025-11-07 00:03:55+02:00,13692.74,
9863,858,2025-11-05 23:00:11+02:00,18055.83,
9864,165,2025-06-23 02:48:19+02:00,3702.87,
9865,458,2025-09-26 05:20:22+02:00,1080.68,11
9866,511,2025-05-24 22:32:30+02:00,2309.00,13
9867,10,2025-07-28 00:58:26+02:00,1537.50,
9868,327,2025-08-19 23:09:53+02:00,1701.26,
9869,921,2025-05-27 03:16:05+02:00,15968.30,18
9870,335,2025-11-19 07:16:53+02:00,853.98,28
9871,294,2025-04-03 16:56:34+02:00,465.80,21
9872,527,2025-02-09 12:09:07+02:00,902.67,
9873,788,2025-03-21 14:39:12+02:00,19715.98,
9874,825,2025-02-24 06:37:32+02:00,1196.88,26
9875,674,2025-07-07 00:59:24+02:00,1126.65,23
9876,393,2025-05-11 05:46:55+02:00,2294.14,
9877,412,2025-08-30 14:17:29+02:00,772.24,26
9878,497,2025-03-14 23:14:03+02:00,1053.38,
9879,700,2025-07-07 07:12:27+02:00,1184.44,
9880,746,2025-06-25 09:22:50+02:00,805.79,15
9881,469,2025-02-04 23:39:40+02:00,1966.46,16
9882,353,2025-05-22 16:09:51+02:00,2205.00,
9883,293,2025-01-04 19:12:45+02:00,1451.33,
9884,341,2025-02-28 17:05:31+02:00,500.68,
9885,686,2025-08-01 18:42:25+02:00,8605.97,
9886,768,2025-07-16 03:25:10+02:00,16162.84,
9887,332,2025-02-21 10:59:07+02:00,6564.50,
9888,834,2025-09-15 09:55:48+02:00,1580.38,12
9889,791,2025-10-29 03:09:32+02:00,2571.26,
9890,6,2025-10-28 01:34:46+02:00,2244.40,
9891,521,2025-07-27 09:19:00+02:00,1782.13,
9892,579,2025-07-12 13:10:03+02:00,4306.89,18
9893,535,2025-06-19 21:59:36+02:00,622.31,
9894,153,2025-02-03 13:01:01+02:00,7377.10,
9895,794,2025-06-26 13:58:37+02:00,1578.75,
9896,422,2025-11-30 09:26:32+02:00,4690.68,
9897,824,2025-06-12 11:45:30+02:00,3145.12,
9898,991,2025-02-25 14:27:05+02:00,3066.84,11
9899,440,2025-03-06 07:33:51+02:00,871.43,15
9900,318,2025-10-31 06:26:20+02:00,1862.95,
9901,936,2025-07-21 00:55:14+02:00,2325.00,28
9902,621,2025-06-18 21:41:47+02:00,813.89,
9903,240,2025-10-14 04:02:48+02:00,489.73,16
9904,546,2025-11-20 11:49:28+02:00,2136.84,
9905,15,2025-12-11 13:20:36+02:00,2430.33,
9906,796,2025-07-12 06:37:43+02:00,3399.58,30
9907,55,2025-09-22 12:00:20+02:00,1749.33,
9908,639,2025-07-19 02:46:29+02:00,6988.22,
9909,654,2025-12-15 09:24:41+02:00,677.86,
9910,709,2025-01-05 03:00:30+02:00,1643.12,
9911,205,2025-09-27 19:41:55+02:00,1189.35,26
9912,96,2025-03-22 22:04:35+02:00,2330.53,
9913,554,2025-11-10 14:22:44+02:00,1203.74,
9914,173,2025-08-22 12:02:10+02:00,4232.81,24
9915,217,2025-05-16 17:13:31+02:00,2579.59,
9916,39,2025-11-06 20:24:37+02:00,623.21,
9917,166,2025-07-06 06:23:46+02:00,1385.69,
9918,135,2025-06-20 21:17:22+02:00,2367.52,
9919,220,2025-03-11 00:26:33+02:00,19595.34,
9920,763,2025-11-02 05:24:18+02:00,2944.51,23
9921,558,2025-11-23 00:04:50+02:00,1613.98,
9922,474,2025-04-29 23:45:38+02:00,1900.01,23
9923,970,2025-01-21 15:46:13+02:00,2336.46,
9924,138,2025-02-27 00:52:02+02:00,11768.42,13
9925,804,2025-09-01 01:31:52+02:00,421.35,
9926,340,2025-02-19 05:13:58+02:00,5154.69,
9927,490,2025-11-15 07:16:21+02:00,978.98,
9928,628,2025-12-08 23:05:09+02:00,7206.97,
9929,724,2025-03-05 04:08:06+02:00,609.08,
9930,693,2025-02-13 13:11:22+02:00,5105.09,21
9931,179,2025-05-07 09:32:54+02:00,3514.21,
9932,280,2025-06-28 01:47:17+02:00,2309.38,
9933,117,2025-10-12 21:28:48+02:00,731.32,
9934,518,2025-10-22 19:02:15+02:00,716.15,
9935,855,2025-06-16 18:08:24+02:00,807.92,22
9936,299,2025-12-26 15:02:37+02:00,1100.66,
9937,878,2025-03-12 07:22:49+02:00,2798.30,
9938,798,2025-12-18 09:44:10+02:00,1464.37,
9939,225,2025-08-21 01:11:09+02:00,1472.84,
9940,518,2025-07-06 13:09:31+02:00,13815.20,24
9941,686,2025-07-25 09:28:29+02:00,1388.46,
9942,642,2025-05-22 12:24:45+02:00,3585.16,
9943,417,2025-08-22 08:35:49+02:00,978.28,
9944,450,2025-04-09 03:30:48+02:00,16702.60,30
9945,950,2025-08-09 03:16:00+02:00,2205.59,
9946,586,2025-02-19 19:54:29+02:00,760.19,
9947,985,2025-03-07 11:45:18+02:00,7140.89,
9948,522,2025-08-03 07:07:23+02:00,1551.24,23
9949,970,2025-11-01 17:12:28+02:00,1045.34,29
9950,782,2025-10-30 15:22:19+02:00,7559.86,
9951,170,2025-01-09 10:23:34+02:00,615.93,
9952,408,2025-09-19 17:04:28+02:00,1556.36,
9953,459,2025-04-23 02:10:09+02:00,3106.51,29
9954,693,2025-10-02 19:52:07+02:00,927.65,24
9955,511,2025-10-09 01:49:40+02:00,693.30,
9956,463,2025-10-31 04:00:31+02:00,2453.66,28
9957,856,2025-03-12 07:27:58+02:00,1339.91,23
9958,919,2025-11-04 18:45:20+02:00,1482.70,
9959,736,2025-04-15 01:28:06+02:00,740.40,
9960,218,2025-04-03 12:23:00+02:00,6090.34,
9961,787,2025-01-21 21:21:31+02:00,766.26,
9962,472,2025-07-19 08:37:00+02:00,851.92,
9963,349,2025-01-24 05:04:42+02:00,1746.74,
9964,738,2025-01-20 12:43:25+02:00,3403.25,21
9965,252,2025-05-04 21:56:19+02:00,4866.15,
9966,542,2025-08-17 09:43:39+02:00,4032.43,
9967,666,2025-06-06 03:44:37+02:00,449.25,
9968,660,2025-09-03 20:44:29+02:00,1186.96,23
9969,825,2025-07-27 22:03:35+02:00,571.04,
9970,877,2025-03-28 22:03:40+02:00,4657.84,
9971,301,2025-07-26 11:49:29+02:00,601.54,29
9972,411,2025-07-04 10:03:43+02:00,15563.29,
9973,641,2025-10-21 21:34:39+02:00,3768.12,
9974,994,2025-09-24 21:01:18+02:00,18848.33,16
9975,178,2025-02-28 10:56:30+02:00,625.05,
9976,641,2025-12-05 07:03:47+02:00,3806.71,
9977,634,2025-04-27 03:09:41+02:00,353.91,20
9978,575,2025-03-28 08:44:15+02:00,3174.42,
9979,993,2025-04-22 19:14:47+02:00,4521.53,22
9980,169,2025-04-03 04:26:08+02:00,385.80,12
9981,189,2025-09-25 10:07:22+02:00,1592.96,13
9982,941,2025-11-14 21:00:40+02:00,2077.69,18
9983,132,2025-08-11 00:48:43+02:00,1025.22,15
9984,173,2025-07-13 05:38:34+02:00,1461.27,
9985,177,2025-04-15 18:00:13+02:00,1207.88,
9986,527,2025-10-30 10:21:37+02:00,1216.48,
9987,818,2025-06-26 04:49:27+02:00,744.38,
9988,563,2025-12-03 11:23:09+02:00,3964.61,
9989,812,2025-12-20 20:03:17+02:00,4195.38,
9990,759,2025-10-19 00:50:25+02:00,1068.45,
9991,17,2025-12-13 20:25:37+02:00,1068.56,
9992,993,2025-05-22 05:47:06+02:00,814.12,
9993,838,2025-02-02 03:46:32+02:00,10719.80,
9994,184,2025-06-18 10:39:11+02:00,696.70,28
9995,30,2025-01-08 12:13:17+02:00,693.73,
9996,438,2025-11-24 21:12:42+02:00,231.88,
9997,446,2025-06-28 10:25:04+02:00,1587.86,24
9998,800,2025-01-24 06:12:20+02:00,12871.43,
9999,337,2025-03-31 07:02:10+02:00,1592.08,
10000,930,2025-08-07 09:18:41+02:00,1538.75,27
