order_items_id,order_id,product_id,quantity,unit_price,total_amount
1,1,280,1,154.65,154.65
2,2,14,2,430.9,861.8
3,2,288,4,236.8,947.2
4,2,102,3,39.38,118.14
5,2,280,1,154.65,154.65
6,2,215,2,136.44,272.88
7,3,48,4,124.35,497.4
8,4,194,1,136.81,136.81
9,5,117,3,655.49,1966.47
10,6,84,2,214.78,429.56
11,6,190,3,4952.78,14858.34
12,6,182,1,312.02,312.02
13,7,139,1,392.73,392.73
14,7,286,2,65.95,131.9
15,7,113,1,545.6,545.6
16,7,167,3,125.02,375.06
17,8,256,4,255.06,1020.24
18,8,203,2,59.44,118.88
19,9,220,2,41.42,82.84
20,9,299,4,57.14,228.56
21,9,205,1,92.31,92.31
22,9,186,1,381.4,381.4
23,9,113,1,587.01,587.01
24,10,240,1,26.71,26.71
25,10,271,1,1470.33,1470.33
26,10,129,3,120.28,360.84
27,10,284,3,33.21,99.63
28,11,92,2,243.24,486.48
29,11,260,3,95.74,287.22
30,11,55,2,336.74,673.48
31,11,153,1,41.42,41.42
32,11,102,3,39.38,118.14
33,12,291,1,25.62,25.62
34,12,41,4,85.95,343.8
35,13,136,4,407.27,1629.08
36,13,271,2,1470.33,2940.66
37,14,225,1,267.0,267.0
38,14,265,2,192.94,385.88
39,14,232,2,117.39,234.78
40,15,31,2,79.21,158.42
41,16,110,4,78.98,315.92
42,16,277,2,235.17,470.34
43,16,68,4,416.05,1664.2
44,16,293,4,9518.1,38072.4
45,17,28,3,27.85,83.55
46,17,51,1,223.7,223.7
47,17,32,2,587.45,1174.9
48,17,207,2,88.7,177.4
49,18,39,1,265.8,265.8
50,18,227,1,154.78,154.78
51,19,247,2,127.32,254.64
52,19,110,4,81.8,327.2
53,19,206,1,125.45,125.45
54,19,31,4,79.21,316.84
55,20,80,1,180.81,180.81
56,20,98,1,116.76,116.76
57,20,152,3,133.94,401.82
58,20,112,1,97.46,97.46
59,21,42,4,288.25,1153.0
60,21,96,1,171.36,171.36
61,21,36,2,184.31,368.62
62,21,35,1,166.21,166.21
63,21,121,1,376.95,376.95
64,22,123,2,340.07,680.14
65,22,136,3,407.27,1221.81
66,22,203,4,59.44,237.76
67,23,276,2,1553.72,3107.44
68,24,81,3,24.0,72.0
69,24,225,1,267.0,267.0
70,24,279,3,41.73,125.19
71,25,145,2,369.8,739.6
72,25,108,3,368.57,1105.71
73,25,176,4,204.81,819.24
74,26,171,2,49.52,99.04
75,27,58,1,158.45,158.45
76,28,66,1,41.56,41.56
77,28,22,3,709.66,2128.98
78,28,158,2,210.26,420.52
79,28,187,2,71.43,142.86
80,29,84,4,214.78,859.12
81,29,91,1,101.6,101.6
82,30,82,1,80.11,80.11
83,30,56,4,408.87,1635.48
84,30,196,2,68.93,137.86
85,31,205,3,92.31,276.93
86,31,169,1,537.24,537.24
87,32,15,2,602.6,1205.2
88,32,60,3,301.85,905.55
89,32,134,1,261.22,261.22
90,33,60,1,301.85,301.85
91,33,198,4,124.56,498.24
92,33,296,1,101.13,101.13
93,33,98,2,116.76,233.52
94,33,131,3,151.63,454.89
95,34,154,3,164.42,493.26
96,35,195,4,46.99,187.96
97,35,90,1,301.61,301.61
98,35,292,3,34.9,104.7
99,35,155,3,80.38,241.14
100,36,110,1,81.8,81.8
101,36,262,3,177.88,533.64
102,36,243,3,471.3,1413.9
103,36,87,1,116.31,116.31
104,37,126,4,105.42,421.68
105,38,205,1,92.31,92.31
106,38,125,4,319.28,1277.12
107,38,76,2,49.74,99.48
108,38,3,2,108.77,217.54
109,39,69,3,206.85,620.55
110,39,238,4,108.52,434.08
111,39,272,4,77.63,310.52
112,39,287,4,553.36,2213.44
113,40,249,3,333.6,1000.8
114,40,123,2,340.07,680.14
115,40,141,3,482.39,1447.17
116,40,226,3,106.24,318.72
117,40,40,3,62.79,188.37
118,41,213,4,207.55,830.2
119,42,11,3,88.33,264.99
120,42,295,3,207.06,621.18
121,42,195,4,46.99,187.96
122,42,245,4,75.04,300.16
123,42,4,2,70.68,141.36
124,43,85,1,279.78,279.78
125,43,240,4,26.71,106.84
126,43,66,1,41.56,41.56
127,43,274,1,72.47,72.47
128,44,168,4,76.47,305.88
129,44,109,3,21.64,64.92
130,44,233,4,107.91,431.64
131,44,173,3,101.46,304.38
132,45,36,1,184.31,184.31
133,45,21,2,37.53,75.06
134,46,289,2,37.8,75.6
135,47,160,1,103.53,103.53
136,47,56,3,408.87,1226.61
137,48,53,1,26.41,26.41
138,48,155,1,80.38,80.38
139,49,216,4,27.57,110.28
140,50,268,4,186.9,747.6
141,50,139,4,392.73,1570.92
142,51,231,4,170.32,681.28
143,51,125,3,319.28,957.84
144,51,238,1,108.52,108.52
145,52,175,1,239.58,239.58
146,52,144,2,1176.11,2352.22
147,52,142,1,544.13,544.13
148,53,9,4,1355.55,5422.2
149,53,48,2,124.35,248.7
150,53,151,3,52.78,158.34
151,53,114,3,59.81,179.43
152,54,139,1,392.73,392.73
153,54,157,2,2380.02,4760.04
154,54,129,3,120.28,360.84
155,54,119,1,329.12,329.12
156,55,269,2,107.58,215.16
157,55,145,3,369.8,1109.4
158,55,52,2,36.58,73.16
159,55,100,3,912.5,2737.5
160,55,152,1,133.94,133.94
161,56,53,4,26.41,105.64
162,56,7,4,158.64,634.56
163,56,294,4,133.99,535.96
164,56,146,3,364.03,1092.09
165,57,38,2,2984.65,5969.3
166,57,296,3,95.19,285.57
167,57,28,1,27.85,27.85
168,57,78,2,227.02,454.04
169,58,195,3,46.99,140.97
170,58,231,1,170.32,170.32
171,58,227,1,154.78,154.78
172,58,153,2,41.42,82.84
173,58,220,2,38.34,76.68
174,59,210,4,107.66,430.64
175,60,233,3,107.91,323.73
176,60,37,2,5435.24,10870.48
177,60,120,4,532.02,2128.08
178,61,85,3,279.78,839.34
179,62,207,4,62.51,250.04
180,62,140,4,558.26,2233.04
181,62,257,1,77.56,77.56
182,63,118,1,148.26,148.26
183,64,143,4,55.35,221.4
184,64,93,1,73.99,73.99
185,64,300,4,39.77,159.08
186,64,224,3,203.37,610.11
187,65,148,4,640.43,2561.72
188,65,206,1,125.45,125.45
189,65,282,3,314.44,943.32
190,65,19,3,79.8,239.4
191,66,212,3,1444.67,4334.01
192,66,28,4,27.85,111.4
193,66,97,4,201.04,804.16
194,66,266,1,315.74,315.74
195,67,63,3,160.25,480.75
196,67,15,1,602.6,602.6
197,67,123,4,340.07,1360.28
198,67,82,1,95.5,95.5
199,68,261,4,61.79,247.16
200,68,140,4,558.26,2233.04
201,68,213,2,231.12,462.24
202,69,142,4,544.13,2176.52
203,70,297,4,83.28,333.12
204,70,251,4,87.96,351.84
205,70,77,3,90.53,271.59
206,71,197,4,111.56,446.24
207,71,120,4,532.02,2128.08
208,71,211,4,391.93,1567.72
209,71,23,2,512.22,1024.44
210,71,163,4,150.26,601.04
211,72,270,4,737.96,2951.84
212,73,136,3,407.27,1221.81
213,73,174,4,93.41,373.64
214,73,204,3,362.7,1088.1
215,73,42,4,288.25,1153.0
216,74,47,1,100.93,100.93
217,74,223,1,467.04,467.04
218,75,151,3,52.78,158.34
219,76,90,4,301.61,1206.44
220,76,41,2,82.03,164.06
221,77,5,2,312.42,624.84
222,77,239,1,642.8,642.8
223,77,148,4,640.43,2561.72
224,78,102,1,39.38,39.38
225,78,197,2,111.56,223.12
226,78,248,4,4473.97,17895.88
227,79,141,4,482.39,1929.56
228,79,5,3,312.42,937.26
229,79,290,2,744.49,1488.98
230,79,26,3,979.66,2938.98
231,80,21,3,37.53,112.59
232,81,168,2,74.34,148.68
233,81,213,2,228.6,457.2
234,81,90,3,253.04,759.12
235,82,174,1,93.41,93.41
236,82,59,2,1165.61,2331.22
237,82,240,2,26.71,53.42
238,83,8,4,92.31,369.24
239,83,136,3,407.27,1221.81
240,83,275,3,110.46,331.38
241,83,64,4,72.56,290.24
242,84,168,4,76.47,305.88
243,84,114,1,59.81,59.81
244,84,33,2,824.22,1648.44
245,84,238,1,108.52,108.52
246,84,155,1,80.38,80.38
247,85,190,4,4952.78,19811.12
248,85,277,1,198.38,198.38
249,85,215,4,136.44,545.76
250,85,80,4,180.81,723.24
251,86,186,3,343.69,1031.07
252,86,51,3,223.7,671.1
253,87,11,3,88.33,264.99
254,87,26,2,979.66,1959.32
255,88,120,2,532.02,1064.04
256,88,169,1,537.24,537.24
257,89,68,1,416.05,416.05
258,90,65,4,114.1,456.4
259,91,56,3,408.87,1226.61
260,91,232,4,125.83,503.32
261,91,258,1,57.78,57.78
262,91,114,1,59.81,59.81
263,91,23,4,379.7,1518.8
264,92,165,2,257.39,514.78
265,93,272,4,77.63,310.52
266,93,151,1,52.78,52.78
267,93,233,1,107.91,107.91
268,93,259,2,47.84,95.68
269,94,161,4,258.97,1035.88
270,95,44,1,86.79,86.79
271,96,288,4,236.8,947.2
272,96,169,1,562.15,562.15
273,96,63,3,168.69,506.07
274,96,211,3,403.48,1210.44
275,96,182,3,216.73,650.19
276,97,180,3,206.84,620.52
277,98,286,3,65.95,197.85
278,98,14,3,430.9,1292.7
279,98,137,3,197.81,593.43
280,98,15,3,602.6,1807.8
281,98,93,1,73.99,73.99
282,99,47,2,100.93,201.86
283,100,291,2,25.62,51.24
284,100,44,2,76.36,152.72
285,100,27,1,485.13,485.13
286,101,213,1,207.55,207.55
287,101,140,3,444.13,1332.39
288,101,111,4,215.02,860.08
289,101,263,1,74.16,74.16
290,102,203,1,59.44,59.44
291,102,29,2,74.94,149.88
292,103,255,4,77.24,308.96
293,104,204,1,341.75,341.75
294,105,214,1,493.2,493.2
295,105,149,3,56.4,169.2
296,105,59,2,1165.61,2331.22
297,105,208,4,5119.77,20479.08
298,106,206,3,125.45,376.35
299,106,269,2,107.58,215.16
300,106,41,3,82.03,246.09
301,106,203,2,59.44,118.88
302,106,159,1,176.4,176.4
303,107,76,2,49.74,99.48
304,107,121,3,376.95,1130.85
305,107,53,2,26.41,52.82
306,108,238,3,108.52,325.56
307,108,289,3,37.8,113.4
308,108,297,2,83.28,166.56
309,108,230,4,64.4,257.6
310,109,38,1,2984.65,2984.65
311,109,159,3,176.4,529.2
312,109,237,3,188.93,566.79
313,109,232,1,134.03,134.03
314,109,20,1,49.24,49.24
315,110,293,2,9518.1,19036.2
316,110,97,1,201.04,201.04
317,110,165,4,257.39,1029.56
318,110,244,1,70.8,70.8
319,111,225,3,267.0,801.0
320,111,269,3,107.58,322.74
321,111,268,3,186.9,560.7
322,111,82,4,80.11,320.44
323,112,169,1,537.24,537.24
324,113,171,2,49.52,99.04
325,113,42,3,288.25,864.75
326,114,287,2,553.36,1106.72
327,114,193,1,9668.18,9668.18
328,114,169,4,537.24,2148.96
329,115,99,1,4229.74,4229.74
330,115,116,3,86.77,260.31
331,115,71,1,81.37,81.37
332,115,80,1,180.81,180.81
333,116,85,1,279.78,279.78
334,116,225,4,267.0,1068.0
335,117,120,4,532.02,2128.08
336,117,274,2,72.47,144.94
337,117,123,3,340.07,1020.21
338,117,159,4,176.4,705.6
339,118,71,1,81.12,81.12
340,118,129,4,120.28,481.12
341,119,83,3,138.27,414.81
342,120,179,4,367.91,1471.64
343,120,14,3,430.9,1292.7
344,120,213,2,231.12,462.24
345,120,28,4,30.65,122.6
346,121,71,3,81.37,244.11
347,121,20,4,49.24,196.96
348,122,41,1,82.03,82.03
349,123,122,1,130.97,130.97
350,123,155,2,80.38,160.76
351,123,63,4,160.25,641.0
352,124,275,2,110.46,220.92
353,124,9,3,1355.55,4066.65
354,124,264,4,1374.6,5498.4
355,124,295,1,207.06,207.06
356,124,124,3,201.32,603.96
357,125,35,1,166.21,166.21
358,125,270,4,777.12,3108.48
359,125,279,4,41.73,166.92
360,126,177,2,173.92,347.84
361,127,23,3,512.22,1536.66
362,127,181,2,181.81,363.62
363,128,33,1,618.92,618.92
364,128,235,3,1867.81,5603.43
365,129,279,2,48.38,96.76
366,129,243,3,471.3,1413.9
367,129,130,3,196.25,588.75
368,129,19,1,79.8,79.8
369,130,226,4,105.9,423.6
370,130,198,4,124.56,498.24
371,130,174,3,93.41,280.23
372,130,96,3,177.96,533.88
373,131,151,3,52.78,158.34
374,131,165,3,257.39,772.17
375,131,53,4,26.41,105.64
376,131,41,4,82.03,328.12
377,131,168,2,84.08,168.16
378,132,223,3,467.04,1401.12
379,132,141,2,482.39,964.78
380,132,30,1,165.44,165.44
381,132,39,2,265.8,531.6
382,132,208,4,5119.77,20479.08
383,133,291,3,25.62,76.86
384,133,17,3,177.32,531.96
385,133,79,4,187.04,748.16
386,133,231,1,170.32,170.32
387,134,14,2,467.03,934.06
388,135,229,4,182.92,731.68
389,135,110,2,81.8,163.6
390,135,147,1,143.83,143.83
391,136,164,3,259.43,778.29
392,137,261,2,63.4,126.8
393,137,115,2,485.69,971.38
394,137,63,2,168.69,337.38
395,138,67,4,663.51,2654.04
396,138,45,4,5111.42,20445.68
397,138,34,4,5015.04,20060.16
398,138,159,1,176.4,176.4
399,138,204,2,300.53,601.06
400,139,94,1,61.84,61.84
401,139,67,2,663.51,1327.02
402,139,222,3,106.41,319.23
403,139,258,2,57.78,115.56
404,139,29,2,74.94,149.88
405,140,283,2,594.23,1188.46
406,140,141,3,482.39,1447.17
407,141,88,1,92.09,92.09
408,141,173,1,101.46,101.46
409,142,16,3,69.63,208.89
410,142,255,4,77.55,310.2
411,142,280,2,154.65,309.3
412,142,149,4,56.4,225.6
413,143,238,3,108.52,325.56
414,143,105,3,63.28,189.84
415,143,175,3,239.58,718.74
416,143,74,4,306.84,1227.36
417,144,63,2,176.42,352.84
418,144,137,1,197.81,197.81
419,144,231,1,170.32,170.32
420,144,127,3,242.46,727.38
421,145,98,4,116.76,467.04
422,145,82,4,80.11,320.44
423,145,256,3,255.06,765.18
424,146,181,4,221.87,887.48
425,146,25,3,70.53,211.59
426,146,26,1,979.66,979.66
427,146,145,1,369.8,369.8
428,146,254,4,182.0,728.0
429,147,27,3,485.13,1455.39
430,147,292,3,34.9,104.7
431,147,288,1,236.8,236.8
432,147,100,4,912.5,3650.0
433,148,50,3,293.39,880.17
434,148,202,3,109.28,327.84
435,149,24,1,136.38,136.38
436,150,264,4,1374.6,5498.4
437,150,72,3,201.58,604.74
438,150,168,3,84.08,252.24
439,150,164,4,259.43,1037.72
440,150,84,3,214.78,644.34
441,151,299,3,57.14,171.42
442,151,158,2,210.26,420.52
443,151,14,1,430.9,430.9
444,151,243,4,471.3,1885.2
445,152,17,1,189.07,189.07
446,152,294,2,133.99,267.98
447,153,242,3,798.53,2395.59
448,153,32,4,604.32,2417.28
449,153,71,4,74.61,298.44
450,153,266,3,318.91,956.73
451,153,107,2,136.14,272.28
452,154,248,3,4473.97,13421.91
453,154,99,2,4229.74,8459.48
454,154,127,3,271.36,814.08
455,154,143,3,55.35,166.05
456,154,286,2,65.95,131.9
457,155,63,4,176.42,705.68
458,155,294,4,133.99,535.96
459,155,279,3,41.73,125.19
460,156,227,2,154.78,309.56
461,156,132,2,152.84,305.68
462,156,246,3,42.72,128.16
463,157,26,2,979.66,1959.32
464,157,272,2,77.63,155.26
465,158,3,2,114.83,229.66
466,158,282,4,335.64,1342.56
467,159,147,2,143.83,287.66
468,159,31,1,79.21,79.21
469,159,46,2,64.02,128.04
470,160,96,3,171.36,514.08
471,160,149,1,63.35,63.35
472,160,20,3,49.24,147.72
473,160,5,3,312.42,937.26
474,161,99,2,4229.74,8459.48
475,161,58,4,158.45,633.8
476,161,170,3,845.55,2536.65
477,162,208,3,5119.77,15359.31
478,162,219,1,640.16,640.16
479,163,4,4,70.68,282.72
480,163,134,2,261.22,522.44
481,164,185,1,118.55,118.55
482,164,121,4,376.95,1507.8
483,164,32,3,604.32,1812.96
484,165,189,2,87.0,174.0
485,165,114,4,59.81,239.24
486,165,113,2,545.6,1091.2
487,166,112,3,97.46,292.38
488,166,127,1,242.46,242.46
489,166,42,1,288.25,288.25
490,166,270,1,777.12,777.12
491,166,229,2,182.92,365.84
492,167,299,1,57.14,57.14
493,167,251,4,87.96,351.84
494,168,158,1,210.26,210.26
495,168,12,2,423.08,846.16
496,168,203,1,59.44,59.44
497,168,131,1,151.63,151.63
498,169,17,2,189.07,378.14
499,169,147,4,143.83,575.32
500,169,210,3,107.66,322.98
501,169,93,4,74.42,297.68
502,170,179,2,367.91,735.82
503,170,61,4,175.93,703.72
504,171,279,2,41.73,83.46
505,171,218,2,53.79,107.58
506,171,273,4,163.49,653.96
507,171,195,3,51.3,153.9
508,172,9,1,1355.55,1355.55
509,172,124,1,251.55,251.55
510,172,106,4,502.86,2011.44
511,172,35,1,151.96,151.96
512,173,258,2,57.78,115.56
513,173,149,3,63.35,190.05
514,174,267,4,276.85,1107.4
515,174,114,3,59.81,179.43
516,175,254,3,182.0,546.0
517,175,25,4,70.53,282.12
518,175,177,4,248.63,994.52
519,175,196,2,68.93,137.86
520,175,269,3,101.99,305.97
521,176,238,4,108.52,434.08
522,176,30,4,165.44,661.76
523,177,231,3,170.32,510.96
524,178,21,4,37.53,150.12
525,178,38,2,2984.65,5969.3
526,178,97,3,201.04,603.12
527,178,287,3,553.36,1660.08
528,178,112,1,97.46,97.46
529,179,204,3,341.75,1025.25
530,179,123,3,340.07,1020.21
531,180,255,2,71.89,143.78
532,180,239,3,642.8,1928.4
533,180,51,3,223.7,671.1
534,180,241,4,237.51,950.04
535,180,164,1,259.43,259.43
536,181,297,3,83.28,249.84
537,181,214,2,522.07,1044.14
538,181,152,4,133.94,535.76
539,181,79,2,221.9,443.8
540,181,101,4,156.57,626.28
541,182,87,4,116.31,465.24
542,182,181,2,181.81,363.62
543,182,72,1,201.58,201.58
544,182,280,1,154.65,154.65
545,183,35,1,166.21,166.21
546,183,78,2,252.79,505.58
547,184,250,4,725.02,2900.08
548,184,9,1,1355.55,1355.55
549,184,4,1,70.68,70.68
550,184,273,3,173.28,519.84
551,185,50,2,293.39,586.78
552,186,41,2,85.95,171.9
553,186,192,2,314.9,629.8
554,186,208,3,5119.77,15359.31
555,186,236,1,48.49,48.49
556,187,283,2,594.23,1188.46
557,187,244,1,70.8,70.8
558,187,29,4,74.94,299.76
559,187,5,4,312.42,1249.68
560,188,109,4,21.64,86.56
561,188,291,3,25.62,76.86
562,189,162,2,803.06,1606.12
563,189,9,2,1237.08,2474.16
564,190,124,4,201.32,805.28
565,190,291,2,25.62,51.24
566,190,200,1,51.39,51.39
567,190,277,3,198.38,595.14
568,190,170,1,845.55,845.55
569,191,204,4,362.7,1450.8
570,191,168,2,76.47,152.94
571,191,16,3,82.24,246.72
572,191,140,4,558.26,2233.04
573,191,231,4,170.32,681.28
574,192,38,3,2984.65,8953.95
575,192,43,2,930.93,1861.86
576,193,47,1,100.93,100.93
577,194,221,4,484.99,1939.96
578,194,230,1,64.4,64.4
579,195,7,1,158.64,158.64
580,195,150,2,255.14,510.28
581,195,212,2,1444.67,2889.34
582,195,199,4,122.3,489.2
583,196,223,4,467.04,1868.16
584,196,142,3,486.87,1460.61
585,197,101,1,156.57,156.57
586,197,235,4,1867.81,7471.24
587,197,55,3,361.92,1085.76
588,197,70,4,79.39,317.56
589,197,156,3,138.39,415.17
590,198,165,3,257.39,772.17
591,198,103,2,88.38,176.76
592,198,246,4,34.74,138.96
593,199,193,3,9668.18,29004.54
594,199,144,1,1176.11,1176.11
595,199,202,2,109.28,218.56
596,200,108,4,368.57,1474.28
597,200,225,4,267.0,1068.0
598,200,150,2,195.93,391.86
599,200,36,3,184.31,552.93
600,201,246,4,34.74,138.96
601,201,299,1,57.14,57.14
602,201,206,3,125.45,376.35
603,201,274,1,72.47,72.47
604,202,23,1,477.55,477.55
605,202,289,1,37.8,37.8
606,202,205,1,92.31,92.31
607,202,170,3,845.55,2536.65
608,202,221,2,484.99,969.98
609,203,201,2,83.06,166.12
610,203,238,3,108.52,325.56
611,203,257,1,77.56,77.56
612,204,179,3,395.14,1185.42
613,204,160,4,103.53,414.12
614,205,164,1,259.43,259.43
615,205,35,1,166.21,166.21
616,205,154,3,174.02,522.06
617,205,23,1,512.22,512.22
618,206,170,4,845.55,3382.2
619,206,287,4,553.36,2213.44
620,207,15,4,602.6,2410.4
621,207,102,1,39.38,39.38
622,207,231,2,170.32,340.64
623,207,220,2,38.34,76.68
624,208,188,2,50.01,100.02
625,208,167,4,125.02,500.08
626,209,199,4,122.3,489.2
627,209,201,2,83.06,166.12
628,209,59,3,1165.61,3496.83
629,209,179,1,439.0,439.0
630,209,181,2,194.75,389.5
631,210,262,4,177.88,711.52
632,210,199,2,122.3,244.6
633,211,86,3,137.39,412.17
634,211,251,4,87.96,351.84
635,211,148,1,640.43,640.43
636,211,72,3,200.08,600.24
637,211,96,1,177.96,177.96
638,212,252,2,532.04,1064.08
639,212,213,1,207.55,207.55
640,212,228,1,185.36,185.36
641,212,251,2,87.96,175.92
642,213,290,1,744.49,744.49
643,213,254,1,182.0,182.0
644,213,282,3,335.64,1006.92
645,213,262,3,177.88,533.64
646,214,127,3,242.46,727.38
647,215,122,2,130.97,261.94
648,216,72,2,201.58,403.16
649,216,106,1,502.86,502.86
650,217,149,1,48.43,48.43
651,217,294,2,133.99,267.98
652,217,137,4,197.81,791.24
653,218,127,2,232.1,464.2
654,218,202,3,109.28,327.84
655,218,251,4,87.96,351.84
656,219,189,3,87.0,261.0
657,219,233,1,107.91,107.91
658,219,250,1,725.02,725.02
659,220,112,3,97.46,292.38
660,220,220,3,38.34,115.02
661,220,109,3,21.64,64.92
662,220,254,3,196.52,589.56
663,221,51,4,223.7,894.8
664,222,68,2,416.05,832.1
665,222,155,3,80.38,241.14
666,223,203,3,59.44,178.32
667,224,245,2,75.04,150.08
668,224,40,2,62.79,125.58
669,225,217,2,324.83,649.66
670,226,189,4,87.0,348.0
671,226,154,2,164.42,328.84
672,226,71,2,72.3,144.6
673,227,110,4,81.8,327.2
674,227,78,2,252.79,505.58
675,227,211,1,391.93,391.93
676,228,162,1,803.06,803.06
677,228,72,2,236.51,473.02
678,228,127,3,232.1,696.3
679,228,142,1,486.87,486.87
680,229,28,4,30.65,122.6
681,229,123,1,340.07,340.07
682,229,254,2,196.52,393.04
683,230,199,4,122.3,489.2
684,230,292,3,30.72,92.16
685,231,8,3,92.31,276.93
686,232,213,2,228.6,457.2
687,232,217,3,265.64,796.92
688,232,206,1,125.45,125.45
689,232,43,3,930.93,2792.79
690,232,275,1,113.63,113.63
691,233,224,2,203.37,406.74
692,233,123,1,340.07,340.07
693,233,30,4,165.44,661.76
694,234,7,2,158.64,317.28
695,235,191,3,217.48,652.44
696,235,65,1,108.05,108.05
697,236,40,1,62.79,62.79
698,236,255,4,77.55,310.2
699,236,234,2,157.34,314.68
700,236,262,3,177.88,533.64
701,236,185,2,118.55,237.1
702,237,2,4,54.72,218.88
703,237,23,3,477.55,1432.65
704,237,7,4,158.64,634.56
705,237,126,2,105.42,210.84
706,237,24,2,136.38,272.76
707,238,214,3,522.07,1566.21
708,238,164,1,259.43,259.43
709,239,24,3,136.38,409.14
710,239,206,3,125.45,376.35
711,239,36,1,184.31,184.31
712,239,239,4,642.8,2571.2
713,239,145,1,369.8,369.8
714,240,189,2,87.0,174.0
715,240,253,2,37.84,75.68
716,240,101,1,156.57,156.57
717,240,280,4,154.65,618.6
718,241,193,3,9668.18,29004.54
719,242,48,4,124.35,497.4
720,242,23,3,496.97,1490.91
721,242,119,4,396.02,1584.08
722,243,291,1,25.62,25.62
723,244,163,2,150.26,300.52
724,244,232,1,117.39,117.39
725,244,140,2,558.26,1116.52
726,245,161,3,258.97,776.91
727,245,209,2,299.28,598.56
728,245,62,4,56.51,226.04
729,245,275,3,110.46,331.38
730,246,21,2,37.53,75.06
731,246,111,3,215.02,645.06
732,246,168,4,76.47,305.88
733,246,76,1,41.94,41.94
734,246,47,3,100.93,302.79
735,247,49,1,109.83,109.83
736,247,237,2,188.93,377.86
737,248,191,1,217.48,217.48
738,248,44,1,111.3,111.3
739,248,299,1,57.14,57.14
740,248,133,2,153.35,306.7
741,249,26,4,979.66,3918.64
742,249,87,4,116.31,465.24
743,249,294,1,133.99,133.99
744,249,222,4,106.41,425.64
745,250,77,4,101.24,404.96
746,250,18,4,4347.52,17390.08
747,250,126,4,105.42,421.68
748,250,152,1,133.94,133.94
749,251,279,4,41.73,166.92
750,251,10,3,42.91,128.73
751,252,93,2,73.99,147.98
752,252,14,1,430.9,430.9
753,252,164,3,259.43,778.29
754,253,127,2,242.46,484.92
755,254,89,3,185.24,555.72
756,254,91,3,97.41,292.23
757,254,122,1,130.97,130.97
758,255,278,1,405.4,405.4
759,255,159,1,176.4,176.4
760,255,90,1,226.17,226.17
761,255,252,2,576.27,1152.54
762,256,104,1,2507.07,2507.07
763,256,67,1,663.51,663.51
764,256,175,2,189.65,379.3
765,256,91,2,101.6,203.2
766,256,166,1,122.59,122.59
767,257,52,2,36.58,73.16
768,257,173,4,101.46,405.84
769,257,155,4,80.38,321.52
770,257,166,3,122.59,367.77
771,257,70,2,79.39,158.78
772,258,90,2,226.17,452.34
773,258,194,1,136.81,136.81
774,258,158,4,210.26,841.04
775,258,151,1,52.78,52.78
776,258,66,2,41.56,83.12
777,259,73,3,609.9,1829.7
778,259,170,3,738.7,2216.1
779,259,40,2,62.79,125.58
780,259,122,1,130.97,130.97
781,260,108,3,368.57,1105.71
782,260,128,3,1363.48,4090.44
783,260,35,1,166.21,166.21
784,261,212,4,1444.67,5778.68
785,261,253,3,34.7,104.1
786,262,232,1,134.03,134.03
787,262,38,3,2984.65,8953.95
788,263,83,3,138.27,414.81
789,263,39,4,265.8,1063.2
790,263,281,1,34.7,34.7
791,263,48,4,124.35,497.4
792,264,106,3,438.88,1316.64
793,264,98,3,116.76,350.28
794,264,210,3,107.66,322.98
795,265,185,1,118.55,118.55
796,266,14,2,467.03,934.06
797,267,242,4,798.53,3194.12
798,267,251,2,87.96,175.92
799,267,136,3,407.27,1221.81
800,267,47,4,100.93,403.72
801,268,138,1,75.42,75.42
802,268,289,2,37.8,75.6
803,269,212,4,1815.77,7263.08
804,269,117,4,795.33,3181.32
805,269,284,2,33.21,66.42
806,269,32,4,604.32,2417.28
807,269,199,3,122.3,366.9
808,270,76,2,51.23,102.46
809,270,62,2,56.51,113.02
810,270,230,2,64.4,128.8
811,270,89,1,185.24,185.24
812,270,86,4,137.39,549.56
813,271,133,4,153.6,614.4
814,271,164,3,259.43,778.29
815,271,35,3,166.21,498.63
816,271,45,4,5111.42,20445.68
817,271,199,1,122.3,122.3
818,272,76,1,49.74,49.74
819,272,291,1,25.62,25.62
820,273,197,4,111.56,446.24
821,273,249,1,333.6,333.6
822,273,293,2,9518.1,19036.2
823,274,170,3,845.55,2536.65
824,274,122,3,130.97,392.91
825,274,26,1,979.66,979.66
826,274,244,3,70.8,212.4
827,275,154,3,177.06,531.18
828,275,227,3,154.78,464.34
829,276,249,2,333.6,667.2
830,276,265,1,192.94,192.94
831,276,192,3,314.9,944.7
832,276,29,4,74.94,299.76
833,277,30,1,165.44,165.44
834,277,128,4,1363.48,5453.92
835,278,64,4,72.56,290.24
836,278,16,4,82.24,328.96
837,278,124,2,251.55,503.1
838,278,191,4,217.48,869.92
839,279,15,2,602.6,1205.2
840,279,198,2,124.56,249.12
841,279,26,2,979.66,1959.32
842,280,5,4,312.42,1249.68
843,281,157,4,2380.02,9520.08
844,281,141,3,482.39,1447.17
845,281,217,2,324.83,649.66
846,281,193,4,9668.18,38672.72
847,281,179,3,367.91,1103.73
848,282,288,1,236.8,236.8
849,282,145,4,369.8,1479.2
850,282,153,1,41.42,41.42
851,283,97,2,201.04,402.08
852,283,77,1,82.38,82.38
853,283,265,4,192.94,771.76
854,284,215,1,136.44,136.44
855,284,208,2,5119.77,10239.54
856,284,199,3,122.3,366.9
857,285,154,1,174.02,174.02
858,285,88,4,92.09,368.36
859,285,286,2,65.95,131.9
860,285,93,3,73.99,221.97
861,285,151,2,52.78,105.56
862,286,216,3,26.55,79.65
863,286,170,3,738.7,2216.1
864,286,191,4,217.48,869.92
865,287,242,2,798.53,1597.06
866,288,71,3,81.37,244.11
867,288,103,4,88.38,353.52
868,289,250,3,725.02,2175.06
869,290,87,2,116.31,232.62
870,290,296,4,94.76,379.04
871,291,245,2,75.04,150.08
872,291,197,3,111.56,334.68
873,291,3,1,108.77,108.77
874,291,20,3,49.24,147.72
875,292,116,3,86.77,260.31
876,292,177,2,173.92,347.84
877,293,153,3,41.42,124.26
878,294,176,3,204.81,614.43
879,294,251,2,87.96,175.92
880,295,12,2,423.08,846.16
881,295,259,1,37.26,37.26
882,296,25,4,70.53,282.12
883,296,56,4,408.87,1635.48
884,296,11,1,88.33,88.33
885,296,60,3,301.85,905.55
886,296,214,4,522.07,2088.28
887,297,52,4,27.08,108.32
888,297,267,1,239.67,239.67
889,297,139,1,392.73,392.73
890,297,71,3,81.37,244.11
891,298,268,4,186.9,747.6
892,298,104,3,2507.07,7521.21
893,298,184,2,103.83,207.66
894,299,2,1,54.72,54.72
895,299,7,1,158.64,158.64
896,300,132,2,152.84,305.68
897,301,185,1,118.55,118.55
898,301,161,1,258.97,258.97
899,301,219,1,640.16,640.16
900,302,138,2,75.42,150.84
901,302,48,1,124.35,124.35
902,302,191,4,217.48,869.92
903,302,176,4,204.81,819.24
904,303,68,1,416.05,416.05
905,304,195,1,51.3,51.3
906,304,184,2,103.83,207.66
907,305,161,2,258.97,517.94
908,305,7,3,158.64,475.92
909,305,269,1,107.58,107.58
910,306,286,1,65.95,65.95
911,306,28,2,30.65,61.3
912,307,165,1,257.39,257.39
913,307,124,2,201.32,402.64
914,307,170,4,845.55,3382.2
915,307,143,4,55.35,221.4
916,308,229,1,180.84,180.84
917,308,162,1,803.06,803.06
918,308,61,4,175.93,703.72
919,308,255,4,77.55,310.2
920,309,261,4,61.79,247.16
921,309,288,3,236.8,710.4
922,309,106,3,502.86,1508.58
923,310,243,2,471.3,942.6
924,310,187,1,53.46,53.46
925,310,232,3,117.39,352.17
926,310,59,3,1165.61,3496.83
927,310,50,3,293.39,880.17
928,311,210,3,107.66,322.98
929,311,55,2,361.92,723.84
930,312,24,2,135.67,271.34
931,312,64,4,72.56,290.24
932,312,231,1,170.32,170.32
933,312,235,1,1670.5,1670.5
934,313,89,4,185.24,740.96
935,313,66,4,41.56,166.24
936,313,54,2,73.34,146.68
937,313,199,3,122.3,366.9
938,313,165,4,257.39,1029.56
939,314,154,2,177.06,354.12
940,314,281,2,34.7,69.4
941,314,161,3,258.97,776.91
942,314,284,3,33.21,99.63
943,314,112,2,97.46,194.92
944,315,288,4,236.8,947.2
945,315,246,3,42.72,128.16
946,315,299,4,57.14,228.56
947,316,103,3,88.38,265.14
948,317,152,2,133.94,267.88
949,318,115,3,559.6,1678.8
950,318,288,1,236.8,236.8
951,318,200,4,51.39,205.56
952,318,122,4,130.97,523.88
953,318,262,4,177.88,711.52
954,319,227,2,154.78,309.56
955,319,116,3,86.77,260.31
956,319,189,4,87.0,348.0
957,319,280,2,154.65,309.3
958,319,101,1,156.57,156.57
959,320,285,2,6751.4,13502.8
960,320,136,3,407.27,1221.81
961,320,67,1,663.51,663.51
962,321,27,3,485.13,1455.39
963,321,155,1,80.38,80.38
964,321,252,3,576.27,1728.81
965,322,275,2,110.46,220.92
966,322,207,3,62.51,187.53
967,322,48,3,124.35,373.05
968,322,179,3,395.14,1185.42
969,322,114,3,59.81,179.43
970,323,178,4,110.15,440.6
971,324,59,3,1165.61,3496.83
972,324,198,1,124.56,124.56
973,324,132,3,152.84,458.52
974,324,277,4,198.38,793.52
975,325,50,2,234.17,468.34
976,326,218,2,49.88,99.76
977,326,54,4,73.34,293.36
978,327,20,1,49.24,49.24
979,327,45,2,5111.42,10222.84
980,327,38,3,2984.65,8953.95
981,328,208,4,5119.77,20479.08
982,328,222,1,105.59,105.59
983,328,162,1,818.44,818.44
984,328,9,1,1237.08,1237.08
985,329,55,4,361.92,1447.68
986,329,149,4,63.35,253.4
987,329,155,4,80.38,321.52
988,329,45,1,5111.42,5111.42
989,329,145,4,369.8,1479.2
990,330,74,1,306.84,306.84
991,330,153,2,41.42,82.84
992,330,192,1,338.65,338.65
993,331,108,4,368.57,1474.28
994,331,177,2,248.63,497.26
995,331,109,2,21.64,43.28
996,332,28,1,33.49,33.49
997,332,282,3,314.44,943.32
998,332,237,1,188.93,188.93
999,332,38,2,2984.65,5969.3
1000,332,149,4,48.43,193.72
1001,333,36,3,184.31,552.93
1002,333,100,3,912.5,2737.5
1003,333,163,2,150.26,300.52
1004,333,249,3,333.6,1000.8
1005,333,231,3,170.32,510.96
1006,334,185,4,118.55,474.2
1007,334,69,4,231.16,924.64
1008,334,170,4,738.7,2954.8
1009,335,42,3,288.25,864.75
1010,335,144,1,1176.11,1176.11
1011,335,72,1,201.58,201.58
1012,335,276,1,1553.72,1553.72
1013,335,101,1,156.57,156.57
1014,336,279,2,41.73,83.46
1015,336,277,3,198.38,595.14
1016,336,242,4,798.53,3194.12
1017,337,262,1,177.88,177.88
1018,337,47,2,100.93,201.86
1019,337,204,2,362.7,725.4
1020,337,187,2,53.46,106.92
1021,337,258,4,57.78,231.12
1022,338,21,2,37.53,75.06
1023,338,113,1,587.01,587.01
1024,338,250,3,635.04,1905.12
1025,339,241,3,237.51,712.53
1026,339,233,1,107.91,107.91
1027,339,24,3,135.67,407.01
1028,339,21,3,37.53,112.59
1029,340,40,4,62.79,251.16
1030,340,265,3,192.94,578.82
1031,340,129,3,120.28,360.84
1032,340,193,4,9668.18,38672.72
1033,340,115,4,559.6,2238.4
1034,341,264,3,1264.51,3793.53
1035,342,213,1,207.55,207.55
1036,342,170,4,764.82,3059.28
1037,343,125,1,319.28,319.28
1038,344,29,3,74.94,224.82
1039,344,86,2,137.39,274.78
1040,345,111,4,215.02,860.08
1041,346,262,2,177.88,355.76
1042,346,136,3,407.27,1221.81
1043,347,9,2,1355.55,2711.1
1044,348,20,1,49.24,49.24
1045,348,273,4,173.28,693.12
1046,348,258,2,57.78,115.56
1047,348,61,1,175.93,175.93
1048,349,272,4,77.63,310.52
1049,350,51,2,223.7,447.4
1050,350,218,1,49.88,49.88
1051,350,69,3,206.85,620.55
1052,350,131,4,151.63,606.52
1053,350,245,3,75.04,225.12
1054,351,4,3,83.05,249.15
1055,351,193,1,7693.07,7693.07
1056,351,106,2,438.88,877.76
1057,351,162,4,818.44,3273.76
1058,351,210,3,107.66,322.98
1059,352,212,4,1815.77,7263.08
1060,352,283,2,594.23,1188.46
1061,353,61,4,175.93,703.72
1062,353,118,2,123.08,246.16
1063,354,83,4,138.27,553.08
1064,355,33,3,600.44,1801.32
1065,356,267,4,262.21,1048.84
1066,356,147,4,143.83,575.32
1067,356,30,1,165.44,165.44
1068,356,90,2,301.61,603.22
1069,357,119,1,329.12,329.12
1070,357,87,2,116.31,232.62
1071,357,19,1,79.8,79.8
1072,357,185,3,118.55,355.65
1073,357,123,4,340.07,1360.28
1074,358,282,3,314.44,943.32
1075,359,116,4,86.77,347.08
1076,359,100,1,912.5,912.5
1077,359,233,3,107.91,323.73
1078,360,263,3,82.89,248.67
1079,361,125,1,319.28,319.28
1080,361,174,4,93.41,373.64
1081,361,235,1,1867.81,1867.81
1082,361,236,3,54.07,162.21
1083,362,181,3,194.75,584.25
1084,362,265,2,192.94,385.88
1085,362,275,3,110.46,331.38
1086,362,5,1,312.42,312.42
1087,363,161,3,258.97,776.91
1088,363,182,2,312.02,624.04
1089,363,112,2,97.46,194.92
1090,363,294,4,133.99,535.96
1091,364,128,2,1363.48,2726.96
1092,364,183,1,229.08,229.08
1093,365,22,3,709.66,2128.98
1094,365,247,4,121.68,486.72
1095,365,191,2,217.48,434.96
1096,365,162,3,803.06,2409.18
1097,365,253,4,34.7,138.8
1098,366,17,4,189.07,756.28
1099,366,258,1,57.78,57.78
1100,366,178,4,110.15,440.6
1101,366,202,3,109.28,327.84
1102,366,90,1,226.17,226.17
1103,367,133,3,153.6,460.8
1104,367,96,4,171.36,685.44
1105,367,281,3,34.7,104.1
1106,367,135,3,176.88,530.64
1107,367,122,2,130.97,261.94
1108,368,144,2,1176.11,2352.22
1109,368,231,2,170.32,340.64
1110,368,93,1,73.99,73.99
1111,368,293,3,9518.1,28554.3
1112,369,243,2,471.3,942.6
1113,369,5,4,312.42,1249.68
1114,370,154,1,149.64,149.64
1115,370,129,4,120.28,481.12
1116,370,288,1,236.8,236.8
1117,370,291,2,25.62,51.24
1118,371,134,3,261.22,783.66
1119,371,185,3,118.55,355.65
1120,371,287,1,489.99,489.99
1121,372,276,4,1241.01,4964.04
1122,372,90,4,253.04,1012.16
1123,372,146,1,387.94,387.94
1124,372,182,4,216.73,866.92
1125,372,167,3,125.02,375.06
1126,373,293,2,9518.1,19036.2
1127,373,208,3,5119.77,15359.31
1128,373,37,2,5435.24,10870.48
1129,373,41,3,82.03,246.09
1130,374,186,2,324.89,649.78
1131,374,267,2,276.85,553.7
1132,374,231,1,170.32,170.32
1133,374,212,2,1815.77,3631.54
1134,375,204,1,341.75,341.75
1135,375,53,1,26.41,26.41
1136,376,135,2,176.88,353.76
1137,377,68,2,416.05,832.1
1138,377,270,1,777.12,777.12
1139,378,140,2,558.26,1116.52
1140,378,281,4,34.7,138.8
1141,378,228,4,148.63,594.52
1142,378,70,3,79.39,238.17
1143,378,277,3,198.38,595.14
1144,379,134,1,261.22,261.22
1145,379,80,2,180.81,361.62
1146,379,156,3,138.39,415.17
1147,379,6,3,536.76,1610.28
1148,380,5,2,312.42,624.84
1149,380,221,1,484.99,484.99
1150,380,150,3,195.93,587.79
1151,381,194,4,136.81,547.24
1152,381,113,2,545.6,1091.2
1153,381,135,3,176.88,530.64
1154,381,41,3,82.03,246.09
1155,382,94,2,61.84,123.68
1156,383,252,1,532.04,532.04
1157,383,97,1,254.94,254.94
1158,383,165,2,189.28,378.56
1159,383,10,1,42.91,42.91
1160,383,78,3,252.79,758.37
1161,384,8,2,92.31,184.62
1162,384,253,3,34.7,104.1
1163,385,75,1,63.53,63.53
1164,386,196,2,68.93,137.86
1165,386,7,4,158.64,634.56
1166,386,63,4,176.42,705.68
1167,387,243,3,471.3,1413.9
1168,387,200,3,51.39,154.17
1169,388,153,2,41.42,82.84
1170,388,102,1,39.38,39.38
1171,388,185,2,118.55,237.1
1172,388,27,4,485.13,1940.52
1173,389,5,4,284.4,1137.6
1174,389,22,2,709.66,1419.32
1175,390,174,1,93.41,93.41
1176,390,31,2,79.21,158.42
1177,390,183,4,229.08,916.32
1178,390,79,2,221.9,443.8
1179,390,275,3,110.46,331.38
1180,391,184,4,103.83,415.32
1181,391,69,4,206.85,827.4
1182,391,129,3,120.28,360.84
1183,391,21,4,37.53,150.12
1184,392,284,4,33.21,132.84
1185,392,83,3,138.27,414.81
1186,392,36,3,184.31,552.93
1187,392,272,3,77.63,232.89
1188,392,80,4,180.81,723.24
1189,393,187,2,53.46,106.92
1190,394,283,4,594.23,2376.92
1191,394,79,3,175.76,527.28
1192,394,145,1,369.8,369.8
1193,394,166,1,122.59,122.59
1194,395,104,1,2507.07,2507.07
1195,396,132,1,142.45,142.45
1196,396,26,2,979.66,1959.32
1197,396,188,4,50.01,200.04
1198,396,114,1,59.81,59.81
1199,396,37,4,6257.79,25031.16
1200,397,137,1,187.2,187.2
1201,397,271,2,1288.37,2576.74
1202,397,21,1,37.53,37.53
1203,397,37,1,6257.79,6257.79
1204,397,156,2,180.95,361.9
1205,398,286,1,65.95,65.95
1206,398,213,3,244.15,732.45
1207,399,282,3,314.44,943.32
1208,399,206,2,125.45,250.9
1209,400,212,2,1459.39,2918.78
1210,400,221,2,484.99,969.98
1211,400,166,4,122.59,490.36
1212,401,1,2,41.61,83.22
1213,401,18,3,4347.52,13042.56
1214,401,146,1,364.03,364.03
1215,401,9,3,1355.55,4066.65
1216,402,285,4,6751.4,27005.6
1217,402,293,3,9518.1,28554.3
1218,402,80,2,180.81,361.62
1219,402,49,2,145.64,291.28
1220,402,20,3,49.24,147.72
1221,403,292,4,30.72,122.88
1222,403,112,2,97.46,194.92
1223,403,40,4,62.79,251.16
1224,403,167,1,125.02,125.02
1225,404,172,3,43.5,130.5
1226,405,196,1,68.93,68.93
1227,406,114,1,59.81,59.81
1228,406,79,2,175.76,351.52
1229,406,26,4,979.66,3918.64
1230,406,202,3,109.28,327.84
1231,406,229,4,182.92,731.68
1232,407,135,4,176.88,707.52
1233,407,44,2,111.3,222.6
1234,407,205,2,92.31,184.62
1235,407,257,4,97.69,390.76
1236,408,269,4,107.58,430.32
1237,408,127,3,232.1,696.3
1238,408,125,1,329.34,329.34
1239,408,37,1,6257.79,6257.79
1240,408,137,4,187.2,748.8
1241,409,87,2,116.31,232.62
1242,409,180,4,206.84,827.36
1243,409,227,1,154.78,154.78
1244,410,125,2,329.34,658.68
1245,411,12,2,428.27,856.54
1246,411,170,2,769.39,1538.78
1247,411,108,3,368.57,1105.71
1248,411,276,4,1241.01,4964.04
1249,412,270,3,777.12,2331.36
1250,412,23,2,512.22,1024.44
1251,412,131,3,151.63,454.89
1252,412,88,1,92.09,92.09
1253,412,31,4,79.21,316.84
1254,413,10,3,42.91,128.73
1255,414,249,2,333.6,667.2
1256,414,273,2,173.28,346.56
1257,414,46,4,64.02,256.08
1258,415,202,3,109.28,327.84
1259,415,81,3,24.0,72.0
1260,415,10,3,42.91,128.73
1261,415,178,2,110.15,220.3
1262,416,144,2,1003.97,2007.94
1263,416,116,1,86.77,86.77
1264,416,78,4,252.79,1011.16
1265,416,175,2,189.65,379.3
1266,416,202,4,109.28,437.12
1267,417,68,2,416.05,832.1
1268,417,106,2,502.86,1005.72
1269,417,71,3,81.12,243.36
1270,417,298,2,103.05,206.1
1271,417,278,4,405.4,1621.6
1272,418,273,1,163.49,163.49
1273,418,61,3,175.93,527.79
1274,418,95,4,199.7,798.8
1275,418,163,4,150.26,601.04
1276,418,75,3,58.67,176.01
1277,419,55,2,361.92,723.84
1278,419,68,1,416.05,416.05
1279,420,119,3,329.12,987.36
1280,420,14,1,430.9,430.9
1281,421,95,4,198.29,793.16
1282,421,199,2,122.3,244.6
1283,421,252,2,576.27,1152.54
1284,422,104,1,2507.07,2507.07
1285,422,105,2,63.28,126.56
1286,423,208,4,5119.77,20479.08
1287,423,22,1,709.66,709.66
1288,423,195,1,46.99,46.99
1289,423,161,4,258.97,1035.88
1290,424,199,4,122.3,489.2
1291,424,265,4,192.94,771.76
1292,424,26,3,979.66,2938.98
1293,424,98,3,116.76,350.28
1294,424,150,4,223.54,894.16
1295,425,232,2,134.03,268.06
1296,425,47,2,100.93,201.86
1297,425,257,4,77.56,310.24
1298,425,58,4,158.45,633.8
1299,426,47,1,100.93,100.93
1300,426,129,1,120.28,120.28
1301,426,166,1,122.59,122.59
1302,426,84,4,214.78,859.12
1303,427,82,2,95.5,191.0
1304,427,194,3,136.81,410.43
1305,427,282,2,314.44,628.88
1306,427,195,2,46.99,93.98
1307,427,23,2,496.97,993.94
1308,428,148,2,640.43,1280.86
1309,428,93,1,73.99,73.99
1310,428,61,3,175.93,527.79
1311,428,68,1,416.05,416.05
1312,429,112,4,97.46,389.84
1313,429,244,4,70.8,283.2
1314,430,286,1,74.66,74.66
1315,430,107,3,152.08,456.24
1316,430,26,1,979.66,979.66
1317,430,95,2,199.7,399.4
1318,430,76,1,41.94,41.94
1319,431,92,2,243.24,486.48
1320,431,83,4,138.27,553.08
1321,431,146,3,364.03,1092.09
1322,431,294,1,133.99,133.99
1323,432,34,3,5015.04,15045.12
1324,432,150,3,223.54,670.62
1325,432,242,4,798.53,3194.12
1326,432,69,2,206.85,413.7
1327,432,63,2,176.42,352.84
1328,433,148,3,733.02,2199.06
1329,433,219,2,463.69,927.38
1330,433,163,4,150.26,601.04
1331,433,133,4,153.35,613.4
1332,434,61,1,175.93,175.93
1333,435,24,2,136.38,272.76
1334,435,171,1,49.52,49.52
1335,435,180,2,206.84,413.68
1336,435,287,3,553.36,1660.08
1337,436,171,3,49.52,148.56
1338,437,246,2,42.72,85.44
1339,437,243,4,471.3,1885.2
1340,437,19,2,79.8,159.6
1341,438,267,3,219.01,657.03
1342,439,170,1,845.55,845.55
1343,439,182,3,312.02,936.06
1344,439,34,4,5015.04,20060.16
1345,439,77,2,90.53,181.06
1346,439,144,4,1176.11,4704.44
1347,440,140,4,558.26,2233.04
1348,441,90,1,301.61,301.61
1349,441,58,2,158.45,316.9
1350,441,192,1,314.9,314.9
1351,442,248,3,4473.97,13421.91
1352,442,269,2,107.58,215.16
1353,442,159,1,176.4,176.4
1354,443,60,3,301.85,905.55
1355,443,3,4,108.77,435.08
1356,443,160,1,103.53,103.53
1357,443,23,1,512.22,512.22
1358,443,45,3,5111.42,15334.26
1359,444,147,3,143.83,431.49
1360,444,142,4,544.13,2176.52
1361,445,287,3,478.45,1435.35
1362,445,264,3,1264.51,3793.53
1363,445,53,3,26.41,79.23
1364,445,106,2,438.88,877.76
1365,445,278,3,391.47,1174.41
1366,446,26,1,979.66,979.66
1367,446,67,1,663.51,663.51
1368,446,15,4,602.6,2410.4
1369,446,242,1,648.02,648.02
1370,447,183,1,229.08,229.08
1371,447,160,4,103.53,414.12
1372,447,171,2,49.52,99.04
1373,447,102,1,39.38,39.38
1374,447,274,4,72.47,289.88
1375,448,115,3,559.6,1678.8
1376,448,74,3,306.84,920.52
1377,449,250,1,635.04,635.04
1378,449,16,3,87.48,262.44
1379,449,34,4,5015.04,20060.16
1380,449,244,4,70.8,283.2
1381,450,167,1,125.02,125.02
1382,451,281,4,34.7,138.8
1383,451,82,4,80.11,320.44
1384,452,291,2,25.62,51.24
1385,452,176,1,204.81,204.81
1386,452,279,4,41.73,166.92
1387,452,121,1,376.95,376.95
1388,453,208,4,5119.77,20479.08
1389,453,36,3,184.31,552.93
1390,453,56,4,408.87,1635.48
1391,454,77,3,90.53,271.59
1392,454,232,4,117.39,469.56
1393,455,156,1,138.39,138.39
1394,455,223,4,467.04,1868.16
1395,455,177,2,173.92,347.84
1396,455,46,3,64.02,192.06
1397,455,299,1,57.14,57.14
1398,456,145,1,369.8,369.8
1399,457,208,2,5119.77,10239.54
1400,457,196,2,68.93,137.86
1401,457,223,4,467.04,1868.16
1402,457,280,2,154.65,309.3
1403,458,65,1,114.1,114.1
1404,458,69,1,206.85,206.85
1405,458,6,2,536.76,1073.52
1406,459,234,4,157.34,629.36
1407,459,218,4,49.88,199.52
1408,459,93,4,73.99,295.96
1409,459,233,3,107.91,323.73
1410,460,257,4,97.69,390.76
1411,460,138,3,75.42,226.26
1412,461,41,4,85.95,343.8
1413,461,73,1,625.53,625.53
1414,461,270,1,737.96,737.96
1415,461,144,2,1252.34,2504.68
1416,462,160,4,103.53,414.12
1417,462,28,4,30.65,122.6
1418,462,176,4,204.81,819.24
1419,462,274,3,72.47,217.41
1420,462,6,4,536.76,2147.04
1421,463,289,4,37.8,151.2
1422,463,134,2,261.22,522.44
1423,463,32,1,604.32,604.32
1424,464,259,3,34.21,102.63
1425,464,40,3,62.79,188.37
1426,465,90,2,226.17,452.34
1427,466,93,1,73.99,73.99
1428,466,271,2,1470.33,2940.66
1429,466,17,2,189.07,378.14
1430,466,176,4,204.81,819.24
1431,467,296,1,94.76,94.76
1432,467,177,3,173.92,521.76
1433,468,244,4,70.8,283.2
1434,468,273,4,173.28,693.12
1435,468,120,4,532.02,2128.08
1436,469,196,1,68.93,68.93
1437,469,162,3,803.06,2409.18
1438,469,272,4,77.63,310.52
1439,469,22,3,709.66,2128.98
1440,470,124,2,251.55,503.1
1441,470,100,3,912.5,2737.5
1442,470,267,1,262.21,262.21
1443,470,173,1,126.73,126.73
1444,471,146,2,357.04,714.08
1445,471,129,1,120.28,120.28
1446,472,63,2,176.42,352.84
1447,472,62,1,56.51,56.51
1448,472,45,2,5111.42,10222.84
1449,472,67,3,663.51,1990.53
1450,472,193,3,9668.18,29004.54
1451,473,83,1,138.27,138.27
1452,473,38,4,2984.65,11938.6
1453,473,142,4,544.13,2176.52
1454,474,103,1,88.38,88.38
1455,474,202,2,109.28,218.56
1456,474,92,4,246.84,987.36
1457,474,252,2,532.04,1064.08
1458,475,38,1,2984.65,2984.65
1459,476,20,4,49.24,196.96
1460,477,245,2,75.04,150.08
1461,477,224,1,203.37,203.37
1462,477,207,4,88.7,354.8
1463,477,36,4,184.31,737.24
1464,478,47,3,100.93,302.79
1465,479,91,1,103.05,103.05
1466,479,284,4,33.21,132.84
1467,480,44,1,76.36,76.36
1468,480,225,2,222.57,445.14
1469,480,98,1,116.76,116.76
1470,480,72,2,236.51,473.02
1471,481,231,3,170.32,510.96
1472,481,9,1,1355.55,1355.55
1473,481,19,4,79.8,319.2
1474,481,174,1,93.41,93.41
1475,481,29,2,74.94,149.88
1476,482,120,1,532.02,532.02
1477,482,37,4,5435.24,21740.96
1478,482,19,1,79.8,79.8
1479,482,73,2,550.57,1101.14
1480,482,251,2,87.96,175.92
1481,483,88,4,68.93,275.72
1482,483,33,2,799.82,1599.64
1483,483,55,1,354.92,354.92
1484,483,59,2,1165.61,2331.22
1485,484,280,2,154.65,309.3
1486,484,71,3,81.37,244.11
1487,484,165,1,257.39,257.39
1488,484,110,1,81.8,81.8
1489,484,24,3,135.67,407.01
1490,485,298,2,103.05,206.1
1491,485,21,1,37.53,37.53
1492,486,4,2,70.68,141.36
1493,487,65,4,114.1,456.4
1494,487,106,4,502.86,2011.44
1495,487,74,2,306.84,613.68
1496,487,139,2,392.73,785.46
1497,488,155,3,80.38,241.14
1498,489,186,2,343.69,687.38
1499,489,277,3,235.17,705.51
1500,489,260,1,95.74,95.74
1501,489,113,2,467.44,934.88
1502,489,238,1,108.52,108.52
1503,490,187,3,53.46,160.38
1504,491,276,2,1441.01,2882.02
1505,492,228,3,148.63,445.89
1506,492,297,4,83.28,333.12
1507,493,51,4,223.7,894.8
1508,493,122,2,130.97,261.94
1509,494,75,4,63.53,254.12
1510,494,111,3,215.02,645.06
1511,494,233,2,107.91,215.82
1512,494,92,4,243.24,972.96
1513,495,292,1,34.9,34.9
1514,496,113,2,587.01,1174.02
1515,496,152,2,133.94,267.88
1516,496,81,1,24.0,24.0
1517,497,8,2,92.31,184.62
1518,497,220,3,38.34,115.02
1519,497,127,4,242.46,969.84
1520,498,21,4,37.53,150.12
1521,499,232,4,117.39,469.56
1522,500,184,2,103.83,207.66
1523,500,152,1,133.94,133.94
1524,501,170,4,845.55,3382.20
1525,501,311,3,32.45,97.35
1526,501,93,1,73.99,73.99
1527,502,84,4,214.78,859.12
1528,502,253,3,32.75,98.25
1529,502,70,2,79.39,158.78
1530,503,256,4,255.06,1020.24
1531,503,184,4,103.83,415.32
1532,503,306,2,184.88,369.76
1533,504,297,4,83.28,333.12
1534,504,175,2,239.58,479.16
1535,504,96,2,171.36,342.72
1536,505,277,2,198.38,396.76
1537,505,225,3,267.00,801.00
1538,505,204,2,362.70,725.40
1539,506,140,3,558.26,1674.78
1540,506,210,1,107.66,107.66
1541,506,226,3,106.24,318.72
1542,507,155,2,80.38,160.76
1543,507,171,1,49.52,49.52
1544,507,259,1,37.26,37.26
1545,508,270,4,777.12,3108.48
1546,508,255,3,71.89,215.67
1547,508,198,3,124.56,373.68
1548,509,335,4,117.27,469.08
1549,509,263,2,82.89,165.78
1550,509,246,4,42.72,170.88
1551,510,28,4,30.65,122.60
1552,510,144,4,1176.11,4704.44
1553,510,308,4,143.10,572.40
1554,511,86,3,137.39,412.17
1555,511,195,2,46.99,93.98
1556,511,75,2,63.53,127.06
1557,512,167,4,125.02,500.08
1558,512,231,3,170.32,510.96
1559,512,199,4,122.30,489.20
1560,513,7,3,158.64,475.92
1561,513,241,4,237.51,950.04
1562,513,44,1,86.79,86.79
1563,514,132,4,152.84,611.36
1564,514,310,4,106.27,425.08
1565,514,223,2,467.04,934.08
1566,515,276,3,1553.72,4661.16
1567,515,132,4,152.84,611.36
1568,515,206,3,125.45,376.35
1569,516,39,4,265.80,1063.20
1570,516,297,2,83.28,166.56
1571,516,230,2,64.40,128.80
1572,517,218,4,49.88,199.52
1573,517,322,2,161.49,322.98
1574,517,11,4,88.33,353.32
1575,518,75,3,63.53,190.59
1576,518,81,4,24.00,96.00
1577,518,278,1,405.40,405.40
1578,519,249,4,333.60,1334.40
1579,519,45,2,5111.42,10222.84
1580,519,306,2,184.88,369.76
1581,520,166,3,122.59,367.77
1582,520,94,1,61.84,61.84
1583,520,276,2,1553.72,3107.44
1584,521,20,4,49.24,196.96
1585,521,259,3,37.26,111.78
1586,521,237,2,188.93,377.86
1587,522,285,1,6751.40,6751.40
1588,522,207,3,62.51,187.53
1589,522,112,3,97.46,292.38
1590,523,63,3,176.42,529.26
1591,523,332,2,122.23,244.46
1592,523,232,4,117.39,469.56
1593,524,247,1,127.32,127.32
1594,524,7,4,158.64,634.56
1595,524,250,2,725.02,1450.04
1596,525,31,3,79.21,237.63
1597,525,58,4,158.45,633.80
1598,525,260,1,95.74,95.74
1599,526,187,2,53.46,106.92
1600,526,174,3,93.41,280.23
1601,526,327,4,91.25,365.00
1602,527,183,4,229.08,916.32
1603,527,271,2,1470.33,2940.66
1604,527,160,2,103.53,207.06
1605,528,181,1,181.57,181.57
1606,528,161,4,258.97,1035.88
1607,528,144,3,1176.11,3528.33
1608,529,108,4,368.57,1474.28
1609,529,142,3,544.13,1632.39
1610,529,140,2,558.26,1116.52
1611,530,111,4,215.02,860.08
1612,530,66,2,41.56,83.12
1613,530,308,4,143.10,572.40
1614,531,309,4,132.91,531.64
1615,531,255,3,71.89,215.67
1616,531,312,1,25.20,25.20
1617,532,312,4,25.20,100.80
1618,532,225,3,267.00,801.00
1619,532,220,4,38.34,153.36
1620,533,52,3,36.58,109.74
1621,533,157,4,2380.02,9520.08
1622,533,36,4,184.31,737.24
1623,534,263,3,82.89,248.67
1624,534,16,1,82.24,82.24
1625,534,60,1,301.85,301.85
1626,535,57,4,425.93,1703.72
1627,535,114,4,59.81,239.24
1628,535,128,1,1363.48,1363.48
1629,536,24,3,136.38,409.14
1630,536,305,3,18.21,54.63
1631,536,5,3,312.42,937.26
1632,537,101,2,156.57,313.14
1633,537,168,3,84.08,252.24
1634,537,87,4,116.31,465.24
1635,538,282,4,314.44,1257.76
1636,538,332,4,122.23,488.92
1637,538,90,3,226.17,678.51
1638,539,170,1,845.55,845.55
1639,539,69,1,206.85,206.85
1640,539,335,3,117.27,351.81
1641,540,199,3,122.30,366.90
1642,540,244,1,70.80,70.80
1643,540,106,3,502.86,1508.58
1644,541,302,2,17.70,35.40
1645,541,297,2,83.28,166.56
1646,541,310,4,106.27,425.08
1647,542,298,2,103.05,206.10
1648,542,182,1,312.02,312.02
1649,542,224,3,203.37,610.11
1650,543,207,1,62.51,62.51
1651,543,169,4,537.24,2148.96
1652,543,270,4,777.12,3108.48
1653,544,211,1,391.93,391.93
1654,544,148,4,640.43,2561.72
1655,544,133,4,153.60,614.40
1656,545,315,2,69.11,138.22
1657,545,271,2,1470.33,2940.66
1658,545,212,3,1815.77,5447.31
1659,546,206,3,125.45,376.35
1660,546,255,3,71.89,215.67
1661,546,327,1,91.25,91.25
1662,547,47,2,100.93,201.86
1663,547,26,2,979.66,1959.32
1664,547,53,4,26.41,105.64
1665,548,44,3,86.79,260.37
1666,548,204,2,362.70,725.40
1667,548,66,2,41.56,83.12
1668,549,213,3,231.12,693.36
1669,549,192,2,365.72,731.44
1670,549,154,4,174.02,696.08
1671,550,311,2,32.45,64.90
1672,550,10,2,42.91,85.82
1673,550,260,3,95.74,287.22
1674,551,90,3,226.17,678.51
1675,551,265,4,192.94,771.76
1676,551,138,1,75.42,75.42
1677,552,167,4,125.02,500.08
1678,552,297,4,83.28,333.12
1679,552,163,1,150.26,150.26
1680,553,255,4,71.89,287.56
1681,553,306,1,184.88,184.88
1682,553,62,3,56.51,169.53
1683,554,228,4,148.63,594.52
1684,554,37,1,5435.24,5435.24
1685,554,154,2,174.02,348.04
1686,555,164,4,259.43,1037.72
1687,555,147,4,143.83,575.32
1688,555,16,1,82.24,82.24
1689,556,243,4,471.30,1885.20
1690,556,215,3,136.44,409.32
1691,556,38,1,2984.65,2984.65
1692,557,56,4,408.87,1635.48
1693,557,311,3,32.45,97.35
1694,557,92,3,243.24,729.72
1695,558,64,1,72.56,72.56
1696,558,187,2,53.46,106.92
1697,558,28,2,30.65,61.30
1698,559,4,2,70.68,141.36
1699,559,112,2,97.46,194.92
1700,559,238,1,108.52,108.52
1701,560,23,4,477.55,1910.20
1702,560,165,3,257.39,772.17
1703,560,44,4,86.79,347.16
1704,561,23,2,477.55,955.10
1705,561,228,3,148.63,445.89
1706,561,301,1,136.93,136.93
1707,562,258,1,57.78,57.78
1708,562,284,1,33.21,33.21
1709,562,105,1,63.28,63.28
1710,563,235,1,1867.81,1867.81
1711,563,70,3,79.39,238.17
1712,563,145,4,369.80,1479.20
1713,564,37,2,5435.24,10870.48
1714,564,105,1,63.28,63.28
1715,564,216,1,27.57,27.57
1716,565,59,3,1165.61,3496.83
1717,565,23,4,477.55,1910.20
1718,565,108,1,368.57,368.57
1719,566,134,3,261.22,783.66
1720,566,130,4,261.07,1044.28
1721,566,278,4,405.40,1621.60
1722,567,329,1,124.79,124.79
1723,567,213,4,231.12,924.48
1724,567,209,3,299.28,897.84
1725,568,166,1,122.59,122.59
1726,568,109,3,21.64,64.92
1727,568,333,3,167.16,501.48
1728,569,126,2,105.42,210.84
1729,569,142,4,544.13,2176.52
1730,569,19,3,79.80,239.40
1731,570,61,2,175.93,351.86
1732,570,257,1,77.56,77.56
1733,570,332,4,122.23,488.92
1734,571,250,4,725.02,2900.08
1735,571,229,4,182.92,731.68
1736,571,275,3,110.46,331.38
1737,572,80,4,180.81,723.24
1738,572,98,4,116.76,467.04
1739,572,105,2,63.28,126.56
1740,573,40,2,62.79,125.58
1741,573,208,3,5119.77,15359.31
1742,573,17,3,189.07,567.21
1743,574,252,1,576.27,576.27
1744,574,136,3,407.27,1221.81
1745,574,300,2,39.77,79.54
1746,575,153,3,41.42,124.26
1747,575,280,4,154.65,618.60
1748,575,306,2,184.88,369.76
1749,576,130,3,261.07,783.21
1750,576,222,4,106.41,425.64
1751,576,311,3,32.45,97.35
1752,577,89,3,185.24,555.72
1753,577,174,3,93.41,280.23
1754,577,31,4,79.21,316.84
1755,578,145,2,369.80,739.60
1756,578,24,3,136.38,409.14
1757,578,334,3,173.02,519.06
1758,579,82,2,80.11,160.22
1759,579,114,3,59.81,179.43
1760,579,220,1,38.34,38.34
1761,580,23,3,477.55,1432.65
1762,580,28,1,30.65,30.65
1763,580,1,2,41.61,83.22
1764,581,292,4,40.52,162.08
1765,581,180,3,206.84,620.52
1766,581,178,4,110.15,440.60
1767,582,224,1,203.37,203.37
1768,582,248,4,4473.97,17895.88
1769,582,128,4,1363.48,5453.92
1770,583,139,2,392.73,785.46
1771,583,281,3,34.70,104.10
1772,583,193,1,9668.18,9668.18
1773,584,53,1,26.41,26.41
1774,584,177,4,173.92,695.68
1775,584,48,4,124.35,497.40
1776,585,81,1,24.00,24.00
1777,585,165,3,257.39,772.17
1778,585,6,2,536.76,1073.52
1779,586,197,1,111.56,111.56
1780,586,180,3,206.84,620.52
1781,586,331,3,54.96,164.88
1782,587,219,1,662.92,662.92
1783,587,319,1,129.86,129.86
1784,587,269,4,107.58,430.32
1785,588,85,2,279.78,559.56
1786,588,106,2,502.86,1005.72
1787,588,273,1,173.28,173.28
1788,589,7,1,158.64,158.64
1789,589,316,4,110.67,442.68
1790,589,243,1,471.30,471.30
1791,590,168,4,84.08,336.32
1792,590,86,2,137.39,274.78
1793,590,235,1,1867.81,1867.81
1794,591,274,2,72.47,144.94
1795,591,191,1,217.48,217.48
1796,591,152,3,133.94,401.82
1797,592,36,3,184.31,552.93
1798,592,202,3,109.28,327.84
1799,592,199,4,122.30,489.20
1800,593,192,2,365.72,731.44
1801,593,150,4,223.54,894.16
1802,593,198,1,124.56,124.56
1803,594,140,1,558.26,558.26
1804,594,270,2,777.12,1554.24
1805,594,233,4,107.91,431.64
1806,595,93,4,73.99,295.96
1807,595,75,2,63.53,127.06
1808,595,280,1,154.65,154.65
1809,596,263,3,82.89,248.67
1810,596,126,1,105.42,105.42
1811,596,1,1,41.61,41.61
1812,597,154,1,174.02,174.02
1813,597,172,3,53.49,160.47
1814,597,67,1,663.51,663.51
1815,598,28,3,30.65,91.95
1816,598,216,3,27.57,82.71
1817,598,116,1,86.77,86.77
1818,599,144,4,1176.11,4704.44
1819,599,20,1,49.24,49.24
1820,599,189,3,87.00,261.00
1821,600,110,4,81.80,327.20
1822,600,18,4,4347.52,17390.08
1823,600,71,1,81.12,81.12
1824,601,65,4,114.10,456.40
1825,601,105,1,63.28,63.28
1826,601,221,4,484.99,1939.96
1827,602,311,1,32.45,32.45
1828,602,241,1,237.51,237.51
1829,602,16,1,82.24,82.24
1830,603,171,3,49.52,148.56
1831,603,79,2,221.90,443.80
1832,603,264,4,1374.60,5498.40
1833,604,328,1,180.51,180.51
1834,604,226,2,106.24,212.48
1835,604,229,2,182.92,365.84
1836,605,48,1,124.35,124.35
1837,605,334,2,173.02,346.04
1838,605,232,2,117.39,234.78
1839,606,179,4,367.91,1471.64
1840,606,150,4,223.54,894.16
1841,606,100,3,912.50,2737.50
1842,607,94,1,61.84,61.84
1843,607,281,2,34.70,69.40
1844,607,88,4,92.09,368.36
1845,608,285,3,6751.40,20254.20
1846,608,237,2,188.93,377.86
1847,608,178,3,110.15,330.45
1848,609,24,3,136.38,409.14
1849,609,201,4,83.06,332.24
1850,609,6,2,536.76,1073.52
1851,610,204,4,362.70,1450.80
1852,610,173,1,101.46,101.46
1853,610,165,1,257.39,257.39
1854,611,88,3,92.09,276.27
1855,611,78,1,252.79,252.79
1856,611,31,3,79.21,237.63
1857,612,114,2,59.81,119.62
1858,612,12,4,423.08,1692.32
1859,612,265,2,192.94,385.88
1860,613,28,1,30.65,30.65
1861,613,127,3,242.46,727.38
1862,613,25,1,70.53,70.53
1863,614,311,4,32.45,129.80
1864,614,313,1,49.11,49.11
1865,614,7,2,158.64,317.28
1866,615,291,1,25.62,25.62
1867,615,76,1,49.74,49.74
1868,615,17,3,189.07,567.21
1869,616,203,1,59.44,59.44
1870,616,280,2,154.65,309.30
1871,616,88,3,92.09,276.27
1872,617,63,2,176.42,352.84
1873,617,154,1,174.02,174.02
1874,617,218,1,49.88,49.88
1875,618,78,3,252.79,758.37
1876,618,51,3,223.70,671.10
1877,618,177,3,173.92,521.76
1878,619,114,4,59.81,239.24
1879,619,273,4,173.28,693.12
1880,619,167,3,125.02,375.06
1881,620,308,4,143.10,572.40
1882,620,165,3,257.39,772.17
1883,620,286,4,65.95,263.80
1884,621,178,3,110.15,330.45
1885,621,80,3,180.81,542.43
1886,621,59,2,1165.61,2331.22
1887,622,283,2,594.23,1188.46
1888,622,6,3,536.76,1610.28
1889,622,159,3,176.40,529.20
1890,623,297,4,83.28,333.12
1891,623,92,3,243.24,729.72
1892,623,55,1,361.92,361.92
1893,624,311,2,32.45,64.90
1894,624,96,1,171.36,171.36
1895,624,113,2,545.60,1091.20
1896,625,196,2,68.93,137.86
1897,625,187,3,53.46,160.38
1898,625,181,1,181.57,181.57
1899,626,37,3,5435.24,16305.72
1900,626,174,4,93.41,373.64
1901,626,27,2,485.13,970.26
1902,627,167,4,125.02,500.08
1903,627,51,3,223.70,671.10
1904,627,317,2,85.93,171.86
1905,628,4,4,70.68,282.72
1906,628,140,3,558.26,1674.78
1907,628,265,1,192.94,192.94
1908,629,280,1,154.65,154.65
1909,629,155,4,80.38,321.52
1910,629,296,2,101.13,202.26
1911,630,37,2,5435.24,10870.48
1912,630,84,3,214.78,644.34
1913,630,267,1,276.85,276.85
1914,631,87,3,116.31,348.93
1915,631,260,2,95.74,191.48
1916,631,13,3,44.19,132.57
1917,632,147,3,143.83,431.49
1918,632,182,4,312.02,1248.08
1919,632,108,2,368.57,737.14
1920,633,222,2,106.41,212.82
1921,633,115,2,559.60,1119.20
1922,633,52,3,36.58,109.74
1923,634,158,3,210.26,630.78
1924,634,275,3,110.46,331.38
1925,634,100,3,912.50,2737.50
1926,635,86,1,137.39,137.39
1927,635,321,4,105.04,420.16
1928,635,123,3,340.07,1020.21
1929,636,45,2,5111.42,10222.84
1930,636,78,3,252.79,758.37
1931,636,94,2,61.84,123.68
1932,637,269,2,107.58,215.16
1933,637,55,2,361.92,723.84
1934,637,124,4,201.32,805.28
1935,638,235,4,1867.81,7471.24
1936,638,269,2,107.58,215.16
1937,638,291,1,25.62,25.62
1938,639,324,3,183.99,551.97
1939,639,166,1,122.59,122.59
1940,639,185,2,118.55,237.10
1941,640,1,3,41.61,124.83
1942,640,56,4,408.87,1635.48
1943,640,57,3,425.93,1277.79
1944,641,198,3,124.56,373.68
1945,641,63,4,176.42,705.68
1946,641,207,1,62.51,62.51
1947,642,97,4,201.04,804.16
1948,642,225,4,267.00,1068.00
1949,642,266,3,379.02,1137.06
1950,643,158,3,210.26,630.78
1951,643,122,2,130.97,261.94
1952,643,12,3,423.08,1269.24
1953,644,14,2,430.90,861.80
1954,644,27,2,485.13,970.26
1955,644,251,2,87.96,175.92
1956,645,251,2,87.96,175.92
1957,645,16,1,82.24,82.24
1958,645,11,4,88.33,353.32
1959,646,159,1,176.40,176.40
1960,646,318,1,27.43,27.43
1961,646,32,1,604.32,604.32
1962,647,164,4,259.43,1037.72
1963,647,139,2,392.73,785.46
1964,647,142,1,544.13,544.13
1965,648,104,2,2507.07,5014.14
1966,648,51,4,223.70,894.80
1967,648,128,3,1363.48,4090.44
1968,649,298,3,103.05,309.15
1969,649,31,1,79.21,79.21
1970,649,212,4,1815.77,7263.08
1971,650,70,4,79.39,317.56
1972,650,198,4,124.56,498.24
1973,650,57,3,425.93,1277.79
1974,651,180,1,206.84,206.84
1975,651,328,1,180.51,180.51
1976,651,179,1,367.91,367.91
1977,652,270,2,777.12,1554.24
1978,652,47,3,100.93,302.79
1979,652,205,1,92.31,92.31
1980,653,188,4,50.01,200.04
1981,653,52,2,36.58,73.16
1982,653,296,3,101.13,303.39
1983,654,206,4,125.45,501.80
1984,654,130,3,261.07,783.21
1985,654,295,2,207.06,414.12
1986,655,266,3,379.02,1137.06
1987,655,23,2,477.55,955.10
1988,655,276,4,1553.72,6214.88
1989,656,38,2,2984.65,5969.30
1990,656,80,2,180.81,361.62
1991,656,4,1,70.68,70.68
1992,657,271,2,1470.33,2940.66
1993,657,164,1,259.43,259.43
1994,657,208,2,5119.77,10239.54
1995,658,68,1,416.05,416.05
1996,658,275,3,110.46,331.38
1997,658,158,4,210.26,841.04
1998,659,207,1,62.51,62.51
1999,659,320,1,125.31,125.31
2000,659,8,2,92.31,184.62
2001,660,225,3,267.00,801.00
2002,660,332,4,122.23,488.92
2003,660,15,4,602.60,2410.40
2004,661,189,2,87.00,174.00
2005,661,81,4,24.00,96.00
2006,661,136,1,407.27,407.27
2007,662,155,4,80.38,321.52
2008,662,277,3,198.38,595.14
2009,662,165,1,257.39,257.39
2010,663,247,4,127.32,509.28
2011,663,293,2,9518.10,19036.20
2012,663,40,4,62.79,251.16
2013,664,17,1,189.07,189.07
2014,664,119,2,329.12,658.24
2015,664,228,2,148.63,297.26
2016,665,249,1,333.60,333.60
2017,665,138,1,75.42,75.42
2018,665,192,2,365.72,731.44
2019,666,171,1,49.52,49.52
2020,666,256,4,255.06,1020.24
2021,666,300,3,39.77,119.31
2022,667,202,3,109.28,327.84
2023,667,319,2,129.86,259.72
2024,667,115,2,559.60,1119.20
2025,668,215,3,136.44,409.32
2026,668,134,4,261.22,1044.88
2027,668,169,1,537.24,537.24
2028,669,139,3,392.73,1178.19
2029,669,254,2,196.52,393.04
2030,669,162,2,803.06,1606.12
2031,670,265,1,192.94,192.94
2032,670,168,1,84.08,84.08
2033,670,316,1,110.67,110.67
2034,671,183,2,229.08,458.16
2035,671,231,1,170.32,170.32
2036,671,253,4,32.75,131.00
2037,672,304,1,121.41,121.41
2038,672,335,1,117.27,117.27
2039,672,331,2,54.96,109.92
2040,673,6,2,536.76,1073.52
2041,673,137,4,197.81,791.24
2042,673,162,4,803.06,3212.24
2043,674,67,4,663.51,2654.04
2044,674,137,3,197.81,593.43
2045,674,297,4,83.28,333.12
2046,675,328,2,180.51,361.02
2047,675,104,4,2507.07,10028.28
2048,675,57,2,425.93,851.86
2049,676,87,3,116.31,348.93
2050,676,243,2,471.30,942.60
2051,676,322,4,161.49,645.96
2052,677,278,3,405.40,1216.20
2053,677,333,3,167.16,501.48
2054,677,260,4,95.74,382.96
2055,678,124,4,201.32,805.28
2056,678,158,4,210.26,841.04
2057,678,78,1,252.79,252.79
2058,679,82,4,80.11,320.44
2059,679,257,3,77.56,232.68
2060,679,186,2,324.89,649.78
2061,680,248,4,4473.97,17895.88
2062,680,117,3,795.33,2385.99
2063,680,87,3,116.31,348.93
2064,681,310,2,106.27,212.54
2065,681,222,3,106.41,319.23
2066,681,235,3,1867.81,5603.43
2067,682,153,4,41.42,165.68
2068,682,42,1,288.25,288.25
2069,682,145,2,369.80,739.60
2070,683,168,2,84.08,168.16
2071,683,172,2,53.49,106.98
2072,683,53,2,26.41,52.82
2073,684,207,4,62.51,250.04
2074,684,72,3,201.58,604.74
2075,684,219,4,662.92,2651.68
2076,685,151,4,52.78,211.12
2077,685,261,3,61.79,185.37
2078,685,18,2,4347.52,8695.04
2079,686,328,2,180.51,361.02
2080,686,315,2,69.11,138.22
2081,686,15,1,602.60,602.60
2082,687,284,3,33.21,99.63
2083,687,75,2,63.53,127.06
2084,687,108,2,368.57,737.14
2085,688,289,3,37.80,113.40
2086,688,285,2,6751.40,13502.80
2087,688,296,3,101.13,303.39
2088,689,238,2,108.52,217.04
2089,689,101,3,156.57,469.71
2090,689,40,3,62.79,188.37
2091,690,73,3,550.57,1651.71
2092,690,251,3,87.96,263.88
2093,690,62,2,56.51,113.02
2094,691,169,3,537.24,1611.72
2095,691,229,4,182.92,731.68
2096,691,114,1,59.81,59.81
2097,692,276,1,1553.72,1553.72
2098,692,275,1,110.46,110.46
2099,692,132,2,152.84,305.68
2100,693,37,2,5435.24,10870.48
2101,693,28,1,30.65,30.65
2102,693,309,4,132.91,531.64
2103,694,250,2,725.02,1450.04
2104,694,48,4,124.35,497.40
2105,694,194,3,136.81,410.43
2106,695,275,1,110.46,110.46
2107,695,222,2,106.41,212.82
2108,695,9,1,1355.55,1355.55
2109,696,146,1,364.03,364.03
2110,696,107,3,136.14,408.42
2111,696,179,3,367.91,1103.73
2112,697,38,2,2984.65,5969.30
2113,697,245,1,75.04,75.04
2114,697,85,3,279.78,839.34
2115,698,293,4,9518.10,38072.40
2116,698,162,2,803.06,1606.12
2117,698,257,2,77.56,155.12
2118,699,287,1,553.36,553.36
2119,699,97,2,201.04,402.08
2120,699,210,1,107.66,107.66
2121,700,85,4,279.78,1119.12
2122,700,308,3,143.10,429.30
2123,700,61,3,175.93,527.79
2124,701,306,3,184.88,554.64
2125,701,186,3,324.89,974.67
2126,701,108,2,368.57,737.14
2127,702,103,3,88.38,265.14
2128,702,120,2,532.02,1064.04
2129,702,314,2,28.97,57.94
2130,703,114,4,59.81,239.24
2131,703,35,1,166.21,166.21
2132,703,180,2,206.84,413.68
2133,704,36,1,184.31,184.31
2134,704,231,1,170.32,170.32
2135,704,130,1,261.07,261.07
2136,705,85,2,279.78,559.56
2137,705,265,1,192.94,192.94
2138,705,81,4,24.00,96.00
2139,706,88,2,92.09,184.18
2140,706,272,2,77.63,155.26
2141,706,95,4,198.29,793.16
2142,707,53,4,26.41,105.64
2143,707,111,1,215.02,215.02
2144,707,29,1,74.94,74.94
2145,708,99,3,4229.74,12689.22
2146,708,88,2,92.09,184.18
2147,708,204,1,362.70,362.70
2148,709,168,1,84.08,84.08
2149,709,53,3,26.41,79.23
2150,709,148,2,640.43,1280.86
2151,710,252,1,576.27,576.27
2152,710,247,1,127.32,127.32
2153,710,264,1,1374.60,1374.60
2154,711,54,1,73.34,73.34
2155,711,281,1,34.70,34.70
2156,711,137,3,197.81,593.43
2157,712,84,2,214.78,429.56
2158,712,305,3,18.21,54.63
2159,712,70,4,79.39,317.56
2160,713,167,2,125.02,250.04
2161,713,59,4,1165.61,4662.44
2162,713,86,2,137.39,274.78
2163,714,232,2,117.39,234.78
2164,714,301,1,136.93,136.93
2165,714,246,4,42.72,170.88
2166,715,66,1,41.56,41.56
2167,715,30,4,165.44,661.76
2168,715,165,1,257.39,257.39
2169,716,279,1,41.73,41.73
2170,716,31,1,79.21,79.21
2171,716,249,1,333.60,333.60
2172,717,122,3,130.97,392.91
2173,717,286,4,65.95,263.80
2174,717,237,1,188.93,188.93
2175,718,220,3,38.34,115.02
2176,718,319,4,129.86,519.44
2177,718,21,2,37.53,75.06
2178,719,271,3,1470.33,4410.99
2179,719,245,3,75.04,225.12
2180,719,14,4,430.90,1723.60
2181,720,143,1,55.35,55.35
2182,720,62,2,56.51,113.02
2183,720,45,1,5111.42,5111.42
2184,721,218,1,49.88,49.88
2185,721,319,3,129.86,389.58
2186,721,4,2,70.68,141.36
2187,722,269,3,107.58,322.74
2188,722,86,1,137.39,137.39
2189,722,94,2,61.84,123.68
2190,723,80,4,180.81,723.24
2191,723,303,3,199.54,598.62
2192,723,287,4,553.36,2213.44
2193,724,186,2,324.89,649.78
2194,724,88,4,92.09,368.36
2195,724,34,1,5015.04,5015.04
2196,725,289,3,37.80,113.40
2197,725,318,1,27.43,27.43
2198,725,252,1,576.27,576.27
2199,726,248,2,4473.97,8947.94
2200,726,101,2,156.57,313.14
2201,726,43,2,930.93,1861.86
2202,727,119,4,329.12,1316.48
2203,727,253,3,32.75,98.25
2204,727,236,3,54.07,162.21
2205,728,18,3,4347.52,13042.56
2206,728,138,2,75.42,150.84
2207,728,205,4,92.31,369.24
2208,729,137,4,197.81,791.24
2209,729,5,1,312.42,312.42
2210,729,88,3,92.09,276.27
2211,730,147,2,143.83,287.66
2212,730,144,3,1176.11,3528.33
2213,730,332,2,122.23,244.46
2214,731,280,2,154.65,309.30
2215,731,50,2,293.39,586.78
2216,731,329,4,124.79,499.16
2217,732,49,2,109.83,219.66
2218,732,249,3,333.60,1000.80
2219,732,171,3,49.52,148.56
2220,733,171,2,49.52,99.04
2221,733,331,2,54.96,109.92
2222,733,160,4,103.53,414.12
2223,734,257,3,77.56,232.68
2224,734,241,1,237.51,237.51
2225,734,316,3,110.67,332.01
2226,735,255,4,71.89,287.56
2227,735,206,2,125.45,250.90
2228,735,287,4,553.36,2213.44
2229,736,132,3,152.84,458.52
2230,736,308,3,143.10,429.30
2231,736,133,2,153.60,307.20
2232,737,53,4,26.41,105.64
2233,737,299,1,57.14,57.14
2234,737,87,4,116.31,465.24
2235,738,253,1,32.75,32.75
2236,738,233,4,107.91,431.64
2237,738,51,1,223.70,223.70
2238,739,146,4,364.03,1456.12
2239,739,135,3,176.88,530.64
2240,739,243,3,471.30,1413.90
2241,740,320,1,125.31,125.31
2242,740,268,2,186.90,373.80
2243,740,119,1,329.12,329.12
2244,741,52,4,36.58,146.32
2245,741,25,3,70.53,211.59
2246,741,32,2,604.32,1208.64
2247,742,91,2,103.05,206.10
2248,742,274,3,72.47,217.41
2249,742,30,3,165.44,496.32
2250,743,24,2,136.38,272.76
2251,743,78,4,252.79,1011.16
2252,743,198,3,124.56,373.68
2253,744,300,1,39.77,39.77
2254,744,280,1,154.65,154.65
2255,744,105,1,63.28,63.28
2256,745,302,1,17.70,17.70
2257,745,193,1,9668.18,9668.18
2258,745,328,2,180.51,361.02
2259,746,181,2,181.57,363.14
2260,746,46,4,64.02,256.08
2261,746,7,3,158.64,475.92
2262,747,260,3,95.74,287.22
2263,747,75,3,63.53,190.59
2264,747,133,4,153.60,614.40
2265,748,124,4,201.32,805.28
2266,748,308,3,143.10,429.30
2267,748,160,3,103.53,310.59
2268,749,91,3,103.05,309.15
2269,749,140,4,558.26,2233.04
2270,749,286,3,65.95,197.85
2271,750,115,3,559.60,1678.80
2272,750,21,1,37.53,37.53
2273,750,33,3,618.92,1856.76
2274,751,210,2,107.66,215.32
2275,751,169,4,537.24,2148.96
2276,751,108,1,368.57,368.57
2277,752,198,4,124.56,498.24
2278,752,93,3,73.99,221.97
2279,752,264,3,1374.60,4123.80
2280,753,255,3,71.89,215.67
2281,753,138,4,75.42,301.68
2282,753,248,2,4473.97,8947.94
2283,754,62,1,56.51,56.51
2284,754,130,4,261.07,1044.28
2285,754,142,4,544.13,2176.52
2286,755,88,4,92.09,368.36
2287,755,75,1,63.53,63.53
2288,755,251,3,87.96,263.88
2289,756,198,2,124.56,249.12
2290,756,301,2,136.93,273.86
2291,756,137,2,197.81,395.62
2292,757,204,4,362.70,1450.80
2293,757,265,1,192.94,192.94
2294,757,172,2,53.49,106.98
2295,758,71,4,81.12,324.48
2296,758,112,1,97.46,97.46
2297,758,279,1,41.73,41.73
2298,759,60,3,301.85,905.55
2299,759,251,3,87.96,263.88
2300,759,139,3,392.73,1178.19
2301,760,204,2,362.70,725.40
2302,760,230,4,64.40,257.60
2303,760,20,4,49.24,196.96
2304,761,41,1,82.03,82.03
2305,761,2,2,54.72,109.44
2306,761,18,1,4347.52,4347.52
2307,762,51,1,223.70,223.70
2308,762,162,4,803.06,3212.24
2309,762,326,1,127.79,127.79
2310,763,107,2,136.14,272.28
2311,763,22,4,709.66,2838.64
2312,763,67,3,663.51,1990.53
2313,764,269,4,107.58,430.32
2314,764,282,2,314.44,628.88
2315,764,209,3,299.28,897.84
2316,765,175,4,239.58,958.32
2317,765,330,1,120.68,120.68
2318,765,96,2,171.36,342.72
2319,766,293,3,9518.10,28554.30
2320,766,298,4,103.05,412.20
2321,766,205,4,92.31,369.24
2322,767,191,1,217.48,217.48
2323,767,261,4,61.79,247.16
2324,767,114,1,59.81,59.81
2325,768,18,2,4347.52,8695.04
2326,768,107,1,136.14,136.14
2327,768,212,2,1815.77,3631.54
2328,769,88,4,92.09,368.36
2329,769,246,1,42.72,42.72
2330,769,142,1,544.13,544.13
2331,770,166,1,122.59,122.59
2332,770,235,4,1867.81,7471.24
2333,770,31,4,79.21,316.84
2334,771,144,2,1176.11,2352.22
2335,771,247,3,127.32,381.96
2336,771,118,3,123.08,369.24
2337,772,26,2,979.66,1959.32
2338,772,138,2,75.42,150.84
2339,772,21,4,37.53,150.12
2340,773,288,3,236.80,710.40
2341,773,134,1,261.22,261.22
2342,773,164,4,259.43,1037.72
2343,774,36,2,184.31,368.62
2344,774,42,2,288.25,576.50
2345,774,278,1,405.40,405.40
2346,775,276,1,1553.72,1553.72
2347,775,139,1,392.73,392.73
2348,775,246,1,42.72,42.72
2349,776,201,3,83.06,249.18
2350,776,153,1,41.42,41.42
2351,776,229,1,182.92,182.92
2352,777,137,2,197.81,395.62
2353,777,180,3,206.84,620.52
2354,777,28,3,30.65,91.95
2355,778,173,2,101.46,202.92
2356,778,207,2,62.51,125.02
2357,778,212,1,1815.77,1815.77
2358,779,36,4,184.31,737.24
2359,779,147,3,143.83,431.49
2360,779,55,2,361.92,723.84
2361,780,210,2,107.66,215.32
2362,780,197,4,111.56,446.24
2363,780,152,4,133.94,535.76
2364,781,16,1,82.24,82.24
2365,781,36,2,184.31,368.62
2366,781,267,3,276.85,830.55
2367,782,196,1,68.93,68.93
2368,782,244,4,70.80,283.20
2369,782,7,2,158.64,317.28
2370,783,15,4,602.60,2410.40
2371,783,37,1,5435.24,5435.24
2372,783,23,1,477.55,477.55
2373,784,125,3,319.28,957.84
2374,784,201,2,83.06,166.12
2375,784,193,2,9668.18,19336.36
2376,785,211,1,391.93,391.93
2377,785,292,3,40.52,121.56
2378,785,116,1,86.77,86.77
2379,786,96,4,171.36,685.44
2380,786,213,1,231.12,231.12
2381,786,208,3,5119.77,15359.31
2382,787,9,3,1355.55,4066.65
2383,787,312,2,25.20,50.40
2384,787,243,3,471.30,1413.90
2385,788,186,2,324.89,649.78
2386,788,303,1,199.54,199.54
2387,788,160,2,103.53,207.06
2388,789,247,3,127.32,381.96
2389,789,217,1,324.83,324.83
2390,789,246,2,42.72,85.44
2391,790,92,2,243.24,486.48
2392,790,109,4,21.64,86.56
2393,790,168,2,84.08,168.16
2394,791,309,4,132.91,531.64
2395,791,58,4,158.45,633.80
2396,791,294,3,133.99,401.97
2397,792,198,1,124.56,124.56
2398,792,194,3,136.81,410.43
2399,792,209,3,299.28,897.84
2400,793,303,2,199.54,399.08
2401,793,300,4,39.77,159.08
2402,793,313,4,49.11,196.44
2403,794,60,3,301.85,905.55
2404,794,45,4,5111.42,20445.68
2405,794,135,3,176.88,530.64
2406,795,108,1,368.57,368.57
2407,795,126,3,105.42,316.26
2408,795,128,2,1363.48,2726.96
2409,796,266,2,379.02,758.04
2410,796,250,3,725.02,2175.06
2411,796,174,1,93.41,93.41
2412,797,92,2,243.24,486.48
2413,797,78,1,252.79,252.79
2414,797,39,2,265.80,531.60
2415,798,157,1,2380.02,2380.02
2416,798,119,1,329.12,329.12
2417,798,98,1,116.76,116.76
2418,799,180,4,206.84,827.36
2419,799,100,3,912.50,2737.50
2420,799,138,4,75.42,301.68
2421,800,216,3,27.57,82.71
2422,800,178,3,110.15,330.45
2423,800,275,2,110.46,220.92
2424,801,137,4,197.81,791.24
2425,801,130,2,261.07,522.14
2426,801,306,3,184.88,554.64
2427,802,50,3,293.39,880.17
2428,802,198,2,124.56,249.12
2429,802,85,2,279.78,559.56
2430,803,158,4,210.26,841.04
2431,803,263,4,82.89,331.56
2432,803,62,4,56.51,226.04
2433,804,186,3,324.89,974.67
2434,804,15,1,602.60,602.60
2435,804,9,1,1355.55,1355.55
2436,805,327,1,91.25,91.25
2437,805,282,2,314.44,628.88
2438,805,52,3,36.58,109.74
2439,806,211,3,391.93,1175.79
2440,806,133,2,153.60,307.20
2441,806,149,3,63.35,190.05
2442,807,103,1,88.38,88.38
2443,807,70,1,79.39,79.39
2444,807,13,4,44.19,176.76
2445,808,322,3,161.49,484.47
2446,808,93,2,73.99,147.98
2447,808,217,4,324.83,1299.32
2448,809,38,2,2984.65,5969.30
2449,809,13,4,44.19,176.76
2450,809,278,3,405.40,1216.20
2451,810,26,4,979.66,3918.64
2452,810,222,3,106.41,319.23
2453,810,150,4,223.54,894.16
2454,811,216,2,27.57,55.14
2455,811,203,2,59.44,118.88
2456,811,93,3,73.99,221.97
2457,812,30,1,165.44,165.44
2458,812,102,1,39.38,39.38
2459,812,158,3,210.26,630.78
2460,813,75,1,63.53,63.53
2461,813,284,4,33.21,132.84
2462,813,53,2,26.41,52.82
2463,814,268,4,186.90,747.60
2464,814,320,4,125.31,501.24
2465,814,208,4,5119.77,20479.08
2466,815,278,1,405.40,405.40
2467,815,48,3,124.35,373.05
2468,815,22,4,709.66,2838.64
2469,816,138,4,75.42,301.68
2470,816,93,4,73.99,295.96
2471,816,90,2,226.17,452.34
2472,817,76,4,49.74,198.96
2473,817,180,2,206.84,413.68
2474,817,82,2,80.11,160.22
2475,818,334,1,173.02,173.02
2476,818,257,3,77.56,232.68
2477,818,199,1,122.30,122.30
2478,819,213,4,231.12,924.48
2479,819,274,1,72.47,72.47
2480,819,34,2,5015.04,10030.08
2481,820,124,3,201.32,603.96
2482,820,315,1,69.11,69.11
2483,820,106,2,502.86,1005.72
2484,821,191,2,217.48,434.96
2485,821,88,1,92.09,92.09
2486,821,316,2,110.67,221.34
2487,822,45,2,5111.42,10222.84
2488,822,83,1,138.27,138.27
2489,822,150,2,223.54,447.08
2490,823,300,3,39.77,119.31
2491,823,134,3,261.22,783.66
2492,823,100,2,912.50,1825.00
2493,824,203,1,59.44,59.44
2494,824,255,3,71.89,215.67
2495,824,31,4,79.21,316.84
2496,825,296,2,101.13,202.26
2497,825,160,3,103.53,310.59
2498,825,93,3,73.99,221.97
2499,826,126,2,105.42,210.84
2500,826,68,4,416.05,1664.20
2501,826,167,3,125.02,375.06
2502,827,220,2,38.34,76.68
2503,827,286,3,65.95,197.85
2504,827,327,4,91.25,365.00
2505,828,126,1,105.42,105.42
2506,828,133,1,153.60,153.60
2507,828,181,1,181.57,181.57
2508,829,54,4,73.34,293.36
2509,829,215,3,136.44,409.32
2510,829,66,1,41.56,41.56
2511,830,335,2,117.27,234.54
2512,830,50,4,293.39,1173.56
2513,830,269,3,107.58,322.74
2514,831,82,1,80.11,80.11
2515,831,60,3,301.85,905.55
2516,831,152,2,133.94,267.88
2517,832,310,1,106.27,106.27
2518,832,213,1,231.12,231.12
2519,832,104,4,2507.07,10028.28
2520,833,223,3,467.04,1401.12
2521,833,150,2,223.54,447.08
2522,833,66,2,41.56,83.12
2523,834,267,2,276.85,553.70
2524,834,11,3,88.33,264.99
2525,834,224,1,203.37,203.37
2526,835,137,2,197.81,395.62
2527,835,306,4,184.88,739.52
2528,835,195,4,46.99,187.96
2529,836,187,1,53.46,53.46
2530,836,190,3,4952.78,14858.34
2531,836,262,4,177.88,711.52
2532,837,69,1,206.85,206.85
2533,837,238,3,108.52,325.56
2534,837,191,4,217.48,869.92
2535,838,88,2,92.09,184.18
2536,838,174,4,93.41,373.64
2537,838,94,2,61.84,123.68
2538,839,335,2,117.27,234.54
2539,839,281,4,34.70,138.80
2540,839,276,3,1553.72,4661.16
2541,840,260,4,95.74,382.96
2542,840,323,3,43.39,130.17
2543,840,16,1,82.24,82.24
2544,841,118,2,123.08,246.16
2545,841,38,3,2984.65,8953.95
2546,841,31,4,79.21,316.84
2547,842,23,1,477.55,477.55
2548,842,162,2,803.06,1606.12
2549,842,211,4,391.93,1567.72
2550,843,326,2,127.79,255.58
2551,843,324,3,183.99,551.97
2552,843,230,1,64.40,64.40
2553,844,42,2,288.25,576.50
2554,844,2,1,54.72,54.72
2555,844,251,3,87.96,263.88
2556,845,305,1,18.21,18.21
2557,845,103,2,88.38,176.76
2558,845,163,3,150.26,450.78
2559,846,79,2,221.90,443.80
2560,846,69,4,206.85,827.40
2561,846,290,1,744.49,744.49
2562,847,325,2,108.41,216.82
2563,847,155,1,80.38,80.38
2564,847,319,4,129.86,519.44
2565,848,95,1,198.29,198.29
2566,848,82,1,80.11,80.11
2567,848,51,3,223.70,671.10
2568,849,141,3,482.39,1447.17
2569,849,244,2,70.80,141.60
2570,849,123,2,340.07,680.14
2571,850,325,4,108.41,433.64
2572,850,57,1,425.93,425.93
2573,850,125,4,319.28,1277.12
2574,851,307,4,195.28,781.12
2575,851,249,2,333.60,667.20
2576,851,157,1,2380.02,2380.02
2577,852,314,4,28.97,115.88
2578,852,113,2,545.60,1091.20
2579,852,180,4,206.84,827.36
2580,853,166,1,122.59,122.59
2581,853,152,2,133.94,267.88
2582,853,323,1,43.39,43.39
2583,854,136,3,407.27,1221.81
2584,854,200,3,51.39,154.17
2585,854,37,4,5435.24,21740.96
2586,855,73,3,550.57,1651.71
2587,855,246,2,42.72,85.44
2588,855,262,3,177.88,533.64
2589,856,159,2,176.40,352.80
2590,856,157,4,2380.02,9520.08
2591,856,84,4,214.78,859.12
2592,857,100,1,912.50,912.50
2593,857,318,4,27.43,109.72
2594,857,78,1,252.79,252.79
2595,858,112,1,97.46,97.46
2596,858,148,2,640.43,1280.86
2597,858,50,3,293.39,880.17
2598,859,241,1,237.51,237.51
2599,859,5,3,312.42,937.26
2600,859,270,1,777.12,777.12
2601,860,306,2,184.88,369.76
2602,860,188,1,50.01,50.01
2603,860,335,1,117.27,117.27
2604,861,245,2,75.04,150.08
2605,861,148,4,640.43,2561.72
2606,861,210,2,107.66,215.32
2607,862,266,3,379.02,1137.06
2608,862,284,4,33.21,132.84
2609,862,46,1,64.02,64.02
2610,863,2,4,54.72,218.88
2611,863,52,3,36.58,109.74
2612,863,114,1,59.81,59.81
2613,864,252,4,576.27,2305.08
2614,864,274,4,72.47,289.88
2615,864,19,4,79.80,319.20
2616,865,186,4,324.89,1299.56
2617,865,205,3,92.31,276.93
2618,865,21,4,37.53,150.12
2619,866,228,4,148.63,594.52
2620,866,8,2,92.31,184.62
2621,866,111,3,215.02,645.06
2622,867,65,3,114.10,342.30
2623,867,131,2,151.63,303.26
2624,867,195,3,46.99,140.97
2625,868,27,3,485.13,1455.39
2626,868,7,1,158.64,158.64
2627,868,172,3,53.49,160.47
2628,869,86,3,137.39,412.17
2629,869,19,1,79.80,79.80
2630,869,127,3,242.46,727.38
2631,870,226,4,106.24,424.96
2632,870,310,1,106.27,106.27
2633,870,184,2,103.83,207.66
2634,871,213,3,231.12,693.36
2635,871,205,3,92.31,276.93
2636,871,87,3,116.31,348.93
2637,872,244,2,70.80,141.60
2638,872,89,1,185.24,185.24
2639,872,158,4,210.26,841.04
2640,873,150,4,223.54,894.16
2641,873,129,4,120.28,481.12
2642,873,78,2,252.79,505.58
2643,874,256,1,255.06,255.06
2644,874,321,3,105.04,315.12
2645,874,283,1,594.23,594.23
2646,875,239,1,642.80,642.80
2647,875,188,3,50.01,150.03
2648,875,59,4,1165.61,4662.44
2649,876,89,3,185.24,555.72
2650,876,115,4,559.60,2238.40
2651,876,66,4,41.56,166.24
2652,877,248,1,4473.97,4473.97
2653,877,189,1,87.00,87.00
2654,877,167,3,125.02,375.06
2655,878,195,2,46.99,93.98
2656,878,196,2,68.93,137.86
2657,878,135,2,176.88,353.76
2658,879,137,4,197.81,791.24
2659,879,36,2,184.31,368.62
2660,879,84,2,214.78,429.56
2661,880,189,3,87.00,261.00
2662,880,289,3,37.80,113.40
2663,880,240,2,26.71,53.42
2664,881,121,3,376.95,1130.85
2665,881,146,3,364.03,1092.09
2666,881,9,3,1355.55,4066.65
2667,882,84,4,214.78,859.12
2668,882,108,4,368.57,1474.28
2669,882,29,1,74.94,74.94
2670,883,12,1,423.08,423.08
2671,883,126,2,105.42,210.84
2672,883,167,1,125.02,125.02
2673,884,174,3,93.41,280.23
2674,884,19,2,79.80,159.60
2675,884,49,3,109.83,329.49
2676,885,173,1,101.46,101.46
2677,885,216,4,27.57,110.28
2678,885,232,3,117.39,352.17
2679,886,195,1,46.99,46.99
2680,886,88,2,92.09,184.18
2681,886,173,3,101.46,304.38
2682,887,291,3,25.62,76.86
2683,887,155,1,80.38,80.38
2684,887,11,4,88.33,353.32
2685,888,182,1,312.02,312.02
2686,888,274,1,72.47,72.47
2687,888,99,4,4229.74,16918.96
2688,889,246,2,42.72,85.44
2689,889,287,2,553.36,1106.72
2690,889,71,2,81.12,162.24
2691,890,10,4,42.91,171.64
2692,890,18,4,4347.52,17390.08
2693,890,7,4,158.64,634.56
2694,891,252,3,576.27,1728.81
2695,891,302,2,17.70,35.40
2696,891,201,1,83.06,83.06
2697,892,206,2,125.45,250.90
2698,892,185,2,118.55,237.10
2699,892,71,1,81.12,81.12
2700,893,5,1,312.42,312.42
2701,893,173,2,101.46,202.92
2702,893,86,1,137.39,137.39
2703,894,134,4,261.22,1044.88
2704,894,246,4,42.72,170.88
2705,894,249,1,333.60,333.60
2706,895,122,3,130.97,392.91
2707,895,198,4,124.56,498.24
2708,895,146,2,364.03,728.06
2709,896,188,4,50.01,200.04
2710,896,237,1,188.93,188.93
2711,896,19,3,79.80,239.40
2712,897,173,4,101.46,405.84
2713,897,198,3,124.56,373.68
2714,897,121,3,376.95,1130.85
2715,898,110,2,81.80,163.60
2716,898,325,4,108.41,433.64
2717,898,179,2,367.91,735.82
2718,899,161,1,258.97,258.97
2719,899,46,2,64.02,128.04
2720,899,209,1,299.28,299.28
2721,900,154,3,174.02,522.06
2722,900,150,2,223.54,447.08
2723,900,265,2,192.94,385.88
2724,901,193,1,9668.18,9668.18
2725,901,327,3,91.25,273.75
2726,901,57,4,425.93,1703.72
2727,902,7,4,158.64,634.56
2728,902,91,3,103.05,309.15
2729,902,203,3,59.44,178.32
2730,903,113,2,545.60,1091.20
2731,903,138,4,75.42,301.68
2732,903,234,1,157.34,157.34
2733,904,89,4,185.24,740.96
2734,904,211,3,391.93,1175.79
2735,904,32,1,604.32,604.32
2736,905,284,2,33.21,66.42
2737,905,326,1,127.79,127.79
2738,905,249,2,333.60,667.20
2739,906,249,3,333.60,1000.80
2740,906,223,2,467.04,934.08
2741,906,107,1,136.14,136.14
2742,907,145,2,369.80,739.60
2743,907,70,3,79.39,238.17
2744,907,247,1,127.32,127.32
2745,908,204,4,362.70,1450.80
2746,908,180,2,206.84,413.68
2747,908,318,2,27.43,54.86
2748,909,45,4,5111.42,20445.68
2749,909,236,3,54.07,162.21
2750,909,303,2,199.54,399.08
2751,910,149,2,63.35,126.70
2752,910,180,1,206.84,206.84
2753,910,253,3,32.75,98.25
2754,911,19,1,79.80,79.80
2755,911,164,1,259.43,259.43
2756,911,90,2,226.17,452.34
2757,912,252,4,576.27,2305.08
2758,912,245,2,75.04,150.08
2759,912,256,2,255.06,510.12
2760,913,222,2,106.41,212.82
2761,913,292,1,40.52,40.52
2762,913,318,1,27.43,27.43
2763,914,131,1,151.63,151.63
2764,914,107,4,136.14,544.56
2765,914,117,4,795.33,3181.32
2766,915,200,3,51.39,154.17
2767,915,328,2,180.51,361.02
2768,915,237,3,188.93,566.79
2769,916,202,1,109.28,109.28
2770,916,264,4,1374.60,5498.40
2771,916,254,3,196.52,589.56
2772,917,103,2,88.38,176.76
2773,917,180,4,206.84,827.36
2774,917,326,3,127.79,383.37
2775,918,63,2,176.42,352.84
2776,918,68,3,416.05,1248.15
2777,918,142,2,544.13,1088.26
2778,919,229,4,182.92,731.68
2779,919,240,3,26.71,80.13
2780,919,110,3,81.80,245.40
2781,920,58,4,158.45,633.80
2782,920,145,1,369.80,369.80
2783,920,172,4,53.49,213.96
2784,921,268,3,186.90,560.70
2785,921,176,2,204.81,409.62
2786,921,334,4,173.02,692.08
2787,922,291,1,25.62,25.62
2788,922,71,3,81.12,243.36
2789,922,73,3,550.57,1651.71
2790,923,236,2,54.07,108.14
2791,923,191,2,217.48,434.96
2792,923,329,2,124.79,249.58
2793,924,184,1,103.83,103.83
2794,924,156,4,138.39,553.56
2795,924,111,1,215.02,215.02
2796,925,15,1,602.60,602.60
2797,925,178,1,110.15,110.15
2798,925,81,4,24.00,96.00
2799,926,43,3,930.93,2792.79
2800,926,150,4,223.54,894.16
2801,926,32,3,604.32,1812.96
2802,927,115,3,559.60,1678.80
2803,927,112,1,97.46,97.46
2804,927,185,2,118.55,237.10
2805,928,304,3,121.41,364.23
2806,928,2,3,54.72,164.16
2807,928,109,1,21.64,21.64
2808,929,163,3,150.26,450.78
2809,929,18,2,4347.52,8695.04
2810,929,234,4,157.34,629.36
2811,930,186,4,324.89,1299.56
2812,930,201,1,83.06,83.06
2813,930,228,2,148.63,297.26
2814,931,240,1,26.71,26.71
2815,931,68,3,416.05,1248.15
2816,931,332,4,122.23,488.92
2817,932,203,1,59.44,59.44
2818,932,41,3,82.03,246.09
2819,932,230,2,64.40,128.80
2820,933,129,2,120.28,240.56
2821,933,53,3,26.41,79.23
2822,933,290,3,744.49,2233.47
2823,934,17,1,189.07,189.07
2824,934,91,3,103.05,309.15
2825,934,145,3,369.80,1109.40
2826,935,151,4,52.78,211.12
2827,935,271,2,1470.33,2940.66
2828,935,30,3,165.44,496.32
2829,936,67,2,663.51,1327.02
2830,936,8,1,92.31,92.31
2831,936,50,4,293.39,1173.56
2832,937,73,1,550.57,550.57
2833,937,226,1,106.24,106.24
2834,937,302,1,17.70,17.70
2835,938,29,4,74.94,299.76
2836,938,98,1,116.76,116.76
2837,938,174,3,93.41,280.23
2838,939,193,1,9668.18,9668.18
2839,939,17,3,189.07,567.21
2840,939,191,4,217.48,869.92
2841,940,265,2,192.94,385.88
2842,940,176,2,204.81,409.62
2843,940,56,3,408.87,1226.61
2844,941,266,4,379.02,1516.08
2845,941,330,2,120.68,241.36
2846,941,149,1,63.35,63.35
2847,942,146,3,364.03,1092.09
2848,942,20,2,49.24,98.48
2849,942,266,2,379.02,758.04
2850,943,257,1,77.56,77.56
2851,943,95,4,198.29,793.16
2852,943,331,3,54.96,164.88
2853,944,30,4,165.44,661.76
2854,944,171,4,49.52,198.08
2855,944,259,2,37.26,74.52
2856,945,97,1,201.04,201.04
2857,945,102,4,39.38,157.52
2858,945,172,3,53.49,160.47
2859,946,44,2,86.79,173.58
2860,946,280,3,154.65,463.95
2861,946,321,4,105.04,420.16
2862,947,151,2,52.78,105.56
2863,947,230,4,64.40,257.60
2864,947,135,3,176.88,530.64
2865,948,292,1,40.52,40.52
2866,948,174,3,93.41,280.23
2867,948,181,2,181.57,363.14
2868,949,90,2,226.17,452.34
2869,949,127,3,242.46,727.38
2870,949,32,1,604.32,604.32
2871,950,291,4,25.62,102.48
2872,950,123,1,340.07,340.07
2873,950,128,4,1363.48,5453.92
2874,951,308,3,143.10,429.30
2875,951,124,1,201.32,201.32
2876,951,80,3,180.81,542.43
2877,952,220,2,38.34,76.68
2878,952,294,4,133.99,535.96
2879,952,211,1,391.93,391.93
2880,953,173,3,101.46,304.38
2881,953,86,4,137.39,549.56
2882,953,181,2,181.57,363.14
2883,954,54,2,73.34,146.68
2884,954,107,3,136.14,408.42
2885,954,23,2,477.55,955.10
2886,955,316,1,110.67,110.67
2887,955,110,3,81.80,245.40
2888,955,181,1,181.57,181.57
2889,956,299,2,57.14,114.28
2890,956,155,2,80.38,160.76
2891,956,10,3,42.91,128.73
2892,957,161,2,258.97,517.94
2893,957,263,2,82.89,165.78
2894,957,178,1,110.15,110.15
2895,958,250,2,725.02,1450.04
2896,958,88,1,92.09,92.09
2897,958,305,1,18.21,18.21
2898,959,185,4,118.55,474.20
2899,959,105,4,63.28,253.12
2900,959,14,2,430.90,861.80
2901,960,114,2,59.81,119.62
2902,960,146,2,364.03,728.06
2903,960,152,2,133.94,267.88
2904,961,89,1,185.24,185.24
2905,961,168,4,84.08,336.32
2906,961,22,2,709.66,1419.32
2907,962,94,2,61.84,123.68
2908,962,213,4,231.12,924.48
2909,962,84,3,214.78,644.34
2910,963,59,1,1165.61,1165.61
2911,963,124,3,201.32,603.96
2912,963,95,4,198.29,793.16
2913,964,73,1,550.57,550.57
2914,964,79,3,221.90,665.70
2915,964,63,3,176.42,529.26
2916,965,324,2,183.99,367.98
2917,965,120,3,532.02,1596.06
2918,965,304,3,121.41,364.23
2919,966,253,2,32.75,65.50
2920,966,332,1,122.23,122.23
2921,966,123,4,340.07,1360.28
2922,967,299,2,57.14,114.28
2923,967,305,1,18.21,18.21
2924,967,28,3,30.65,91.95
2925,968,151,3,52.78,158.34
2926,968,320,4,125.31,501.24
2927,968,65,3,114.10,342.30
2928,969,324,3,183.99,551.97
2929,969,118,2,123.08,246.16
2930,969,83,2,138.27,276.54
2931,970,135,2,176.88,353.76
2932,970,186,2,324.89,649.78
2933,970,17,2,189.07,378.14
2934,971,59,2,1165.61,2331.22
2935,971,103,1,88.38,88.38
2936,971,97,2,201.04,402.08
2937,972,48,3,124.35,373.05
2938,972,335,2,117.27,234.54
2939,972,172,4,53.49,213.96
2940,973,193,1,9668.18,9668.18
2941,973,200,3,51.39,154.17
2942,973,174,1,93.41,93.41
2943,974,37,1,5435.24,5435.24
2944,974,277,1,198.38,198.38
2945,974,93,4,73.99,295.96
2946,975,103,1,88.38,88.38
2947,975,194,2,136.81,273.62
2948,975,54,3,73.34,220.02
2949,976,5,4,312.42,1249.68
2950,976,185,1,118.55,118.55
2951,976,195,4,46.99,187.96
2952,977,202,2,109.28,218.56
2953,977,278,1,405.40,405.40
2954,977,2,2,54.72,109.44
2955,978,185,1,118.55,118.55
2956,978,299,1,57.14,57.14
2957,978,238,2,108.52,217.04
2958,979,309,3,132.91,398.73
2959,979,244,3,70.80,212.40
2960,979,273,3,173.28,519.84
2961,980,231,4,170.32,681.28
2962,980,114,2,59.81,119.62
2963,980,181,1,181.57,181.57
2964,981,36,2,184.31,368.62
2965,981,30,2,165.44,330.88
2966,981,5,3,312.42,937.26
2967,982,106,1,502.86,502.86
2968,982,147,1,143.83,143.83
2969,982,15,1,602.60,602.60
2970,983,210,4,107.66,430.64
2971,983,49,2,109.83,219.66
2972,983,188,1,50.01,50.01
2973,984,88,2,92.09,184.18
2974,984,254,4,196.52,786.08
2975,984,188,3,50.01,150.03
2976,985,64,2,72.56,145.12
2977,985,74,2,306.84,613.68
2978,985,238,2,108.52,217.04
2979,986,18,4,4347.52,17390.08
2980,986,195,2,46.99,93.98
2981,986,57,4,425.93,1703.72
2982,987,50,1,293.39,293.39
2983,987,85,3,279.78,839.34
2984,987,227,4,154.78,619.12
2985,988,109,1,21.64,21.64
2986,988,223,3,467.04,1401.12
2987,988,335,1,117.27,117.27
2988,989,149,1,63.35,63.35
2989,989,206,3,125.45,376.35
2990,989,6,3,536.76,1610.28
2991,990,23,1,477.55,477.55
2992,990,47,2,100.93,201.86
2993,990,329,4,124.79,499.16
2994,991,193,2,9668.18,19336.36
2995,991,149,2,63.35,126.70
2996,991,161,3,258.97,776.91
2997,992,64,4,72.56,290.24
2998,992,297,2,83.28,166.56
2999,992,76,2,49.74,99.48
3000,993,159,4,176.40,705.60
3001,993,293,2,9518.10,19036.20
3002,993,110,1,81.80,81.80
3003,994,45,4,5111.42,20445.68
3004,994,194,4,136.81,547.24
3005,994,237,1,188.93,188.93
3006,995,314,1,28.97,28.97
3007,995,22,1,709.66,709.66
3008,995,298,1,103.05,103.05
3009,996,46,2,64.02,128.04
3010,996,77,3,90.53,271.59
3011,996,270,4,777.12,3108.48
3012,997,70,3,79.39,238.17
3013,997,122,2,130.97,261.94
3014,997,196,2,68.93,137.86
3015,998,125,1,319.28,319.28
3016,998,13,1,44.19,44.19
3017,998,108,4,368.57,1474.28
3018,999,73,3,550.57,1651.71
3019,999,230,1,64.40,64.40
3020,999,304,1,121.41,121.41
3021,1000,212,1,1815.77,1815.77
3022,1000,69,4,206.85,827.40
3023,1000,165,3,257.39,772.17
3024,1001,144,4,1176.11,4704.44
3025,1001,101,4,156.57,626.28
3026,1001,290,1,744.49,744.49
3027,1002,61,2,175.93,351.86
3028,1002,32,3,604.32,1812.96
3029,1002,85,3,279.78,839.34
3030,1003,157,3,2380.02,7140.06
3031,1003,193,2,9668.18,19336.36
3032,1003,230,2,64.40,128.80
3033,1004,191,2,217.48,434.96
3034,1004,56,1,408.87,408.87
3035,1004,178,4,110.15,440.60
3036,1005,25,1,70.53,70.53
3037,1005,223,4,467.04,1868.16
3038,1005,6,4,536.76,2147.04
3039,1006,40,1,62.79,62.79
3040,1006,31,2,79.21,158.42
3041,1006,264,3,1374.60,4123.80
3042,1007,267,4,276.85,1107.40
3043,1007,198,4,124.56,498.24
3044,1007,126,2,105.42,210.84
3045,1008,232,4,117.39,469.56
3046,1008,26,3,979.66,2938.98
3047,1008,228,4,148.63,594.52
3048,1009,65,3,114.10,342.30
3049,1009,246,3,42.72,128.16
3050,1009,228,2,148.63,297.26
3051,1010,214,1,522.07,522.07
3052,1010,176,1,204.81,204.81
3053,1010,216,1,27.57,27.57
3054,1011,248,3,4473.97,13421.91
3055,1011,11,4,88.33,353.32
3056,1011,13,4,44.19,176.76
3057,1012,66,4,41.56,166.24
3058,1012,3,1,108.77,108.77
3059,1012,56,1,408.87,408.87
3060,1013,293,3,9518.10,28554.30
3061,1013,6,2,536.76,1073.52
3062,1013,184,3,103.83,311.49
3063,1014,235,3,1867.81,5603.43
3064,1014,264,4,1374.60,5498.40
3065,1014,156,4,138.39,553.56
3066,1015,247,4,127.32,509.28
3067,1015,14,1,430.90,430.90
3068,1015,261,3,61.79,185.37
3069,1016,155,4,80.38,321.52
3070,1016,259,1,37.26,37.26
3071,1016,206,1,125.45,125.45
3072,1017,88,3,92.09,276.27
3073,1017,319,1,129.86,129.86
3074,1017,37,1,5435.24,5435.24
3075,1018,320,3,125.31,375.93
3076,1018,59,4,1165.61,4662.44
3077,1018,267,1,276.85,276.85
3078,1019,251,3,87.96,263.88
3079,1019,126,1,105.42,105.42
3080,1019,272,2,77.63,155.26
3081,1020,85,2,279.78,559.56
3082,1020,158,1,210.26,210.26
3083,1020,291,3,25.62,76.86
3084,1021,182,1,312.02,312.02
3085,1021,205,3,92.31,276.93
3086,1021,168,1,84.08,84.08
3087,1022,275,2,110.46,220.92
3088,1022,259,2,37.26,74.52
3089,1022,123,1,340.07,340.07
3090,1023,252,1,576.27,576.27
3091,1023,286,3,65.95,197.85
3092,1023,266,2,379.02,758.04
3093,1024,158,2,210.26,420.52
3094,1024,255,4,71.89,287.56
3095,1024,58,3,158.45,475.35
3096,1025,140,4,558.26,2233.04
3097,1025,42,4,288.25,1153.00
3098,1025,144,2,1176.11,2352.22
3099,1026,189,2,87.00,174.00
3100,1026,1,1,41.61,41.61
3101,1026,308,1,143.10,143.10
3102,1027,67,1,663.51,663.51
3103,1027,16,2,82.24,164.48
3104,1027,202,1,109.28,109.28
3105,1028,320,4,125.31,501.24
3106,1028,73,2,550.57,1101.14
3107,1028,273,2,173.28,346.56
3108,1029,67,2,663.51,1327.02
3109,1029,178,2,110.15,220.30
3110,1029,237,2,188.93,377.86
3111,1030,144,2,1176.11,2352.22
3112,1030,241,3,237.51,712.53
3113,1030,265,2,192.94,385.88
3114,1031,204,2,362.70,725.40
3115,1031,110,4,81.80,327.20
3116,1031,3,1,108.77,108.77
3117,1032,125,1,319.28,319.28
3118,1032,241,3,237.51,712.53
3119,1032,270,2,777.12,1554.24
3120,1033,274,3,72.47,217.41
3121,1033,87,4,116.31,465.24
3122,1033,248,2,4473.97,8947.94
3123,1034,152,4,133.94,535.76
3124,1034,207,2,62.51,125.02
3125,1034,157,4,2380.02,9520.08
3126,1035,30,4,165.44,661.76
3127,1035,280,3,154.65,463.95
3128,1035,322,4,161.49,645.96
3129,1036,83,4,138.27,553.08
3130,1036,84,3,214.78,644.34
3131,1036,314,4,28.97,115.88
3132,1037,242,2,798.53,1597.06
3133,1037,273,2,173.28,346.56
3134,1037,137,2,197.81,395.62
3135,1038,322,4,161.49,645.96
3136,1038,335,1,117.27,117.27
3137,1038,203,3,59.44,178.32
3138,1039,235,2,1867.81,3735.62
3139,1039,133,3,153.60,460.80
3140,1039,165,4,257.39,1029.56
3141,1040,155,4,80.38,321.52
3142,1040,88,3,92.09,276.27
3143,1040,2,1,54.72,54.72
3144,1041,257,2,77.56,155.12
3145,1041,203,3,59.44,178.32
3146,1041,125,4,319.28,1277.12
3147,1042,292,1,40.52,40.52
3148,1042,319,3,129.86,389.58
3149,1042,38,1,2984.65,2984.65
3150,1043,53,2,26.41,52.82
3151,1043,332,4,122.23,488.92
3152,1043,313,1,49.11,49.11
3153,1044,259,3,37.26,111.78
3154,1044,24,2,136.38,272.76
3155,1044,256,4,255.06,1020.24
3156,1045,195,4,46.99,187.96
3157,1045,315,1,69.11,69.11
3158,1045,184,1,103.83,103.83
3159,1046,327,1,91.25,91.25
3160,1046,201,4,83.06,332.24
3161,1046,294,3,133.99,401.97
3162,1047,36,2,184.31,368.62
3163,1047,331,2,54.96,109.92
3164,1047,256,1,255.06,255.06
3165,1048,31,3,79.21,237.63
3166,1048,22,3,709.66,2128.98
3167,1048,133,3,153.60,460.80
3168,1049,173,3,101.46,304.38
3169,1049,150,4,223.54,894.16
3170,1049,274,1,72.47,72.47
3171,1050,331,4,54.96,219.84
3172,1050,211,2,391.93,783.86
3173,1050,47,3,100.93,302.79
3174,1051,174,1,93.41,93.41
3175,1051,314,4,28.97,115.88
3176,1051,308,3,143.10,429.30
3177,1052,217,4,324.83,1299.32
3178,1052,280,4,154.65,618.60
3179,1052,169,2,537.24,1074.48
3180,1053,87,1,116.31,116.31
3181,1053,19,1,79.80,79.80
3182,1053,42,3,288.25,864.75
3183,1054,20,3,49.24,147.72
3184,1054,174,4,93.41,373.64
3185,1054,89,1,185.24,185.24
3186,1055,47,4,100.93,403.72
3187,1055,174,3,93.41,280.23
3188,1055,75,1,63.53,63.53
3189,1056,203,4,59.44,237.76
3190,1056,1,1,41.61,41.61
3191,1056,249,3,333.60,1000.80
3192,1057,54,1,73.34,73.34
3193,1057,173,4,101.46,405.84
3194,1057,323,3,43.39,130.17
3195,1058,207,2,62.51,125.02
3196,1058,57,4,425.93,1703.72
3197,1058,284,3,33.21,99.63
3198,1059,290,3,744.49,2233.47
3199,1059,19,1,79.80,79.80
3200,1059,209,1,299.28,299.28
3201,1060,77,2,90.53,181.06
3202,1060,255,2,71.89,143.78
3203,1060,124,1,201.32,201.32
3204,1061,161,3,258.97,776.91
3205,1061,171,1,49.52,49.52
3206,1061,24,4,136.38,545.52
3207,1062,17,3,189.07,567.21
3208,1062,270,3,777.12,2331.36
3209,1062,36,2,184.31,368.62
3210,1063,236,1,54.07,54.07
3211,1063,303,4,199.54,798.16
3212,1063,184,3,103.83,311.49
3213,1064,282,4,314.44,1257.76
3214,1064,104,1,2507.07,2507.07
3215,1064,199,3,122.30,366.90
3216,1065,239,2,642.80,1285.60
3217,1065,187,1,53.46,53.46
3218,1065,291,2,25.62,51.24
3219,1066,246,1,42.72,42.72
3220,1066,3,2,108.77,217.54
3221,1066,216,1,27.57,27.57
3222,1067,4,2,70.68,141.36
3223,1067,121,3,376.95,1130.85
3224,1067,198,4,124.56,498.24
3225,1068,316,1,110.67,110.67
3226,1068,114,3,59.81,179.43
3227,1068,93,4,73.99,295.96
3228,1069,326,1,127.79,127.79
3229,1069,257,2,77.56,155.12
3230,1069,204,4,362.70,1450.80
3231,1070,117,3,795.33,2385.99
3232,1070,122,2,130.97,261.94
3233,1070,61,1,175.93,175.93
3234,1071,315,4,69.11,276.44
3235,1071,149,3,63.35,190.05
3236,1071,125,2,319.28,638.56
3237,1072,145,4,369.80,1479.20
3238,1072,107,2,136.14,272.28
3239,1072,149,2,63.35,126.70
3240,1073,259,3,37.26,111.78
3241,1073,16,2,82.24,164.48
3242,1073,247,2,127.32,254.64
3243,1074,153,1,41.42,41.42
3244,1074,232,2,117.39,234.78
3245,1074,194,1,136.81,136.81
3246,1075,4,4,70.68,282.72
3247,1075,180,3,206.84,620.52
3248,1075,68,1,416.05,416.05
3249,1076,222,3,106.41,319.23
3250,1076,172,2,53.49,106.98
3251,1076,41,2,82.03,164.06
3252,1077,106,3,502.86,1508.58
3253,1077,47,3,100.93,302.79
3254,1077,289,3,37.80,113.40
3255,1078,59,4,1165.61,4662.44
3256,1078,87,4,116.31,465.24
3257,1078,283,3,594.23,1782.69
3258,1079,235,3,1867.81,5603.43
3259,1079,233,2,107.91,215.82
3260,1079,267,3,276.85,830.55
3261,1080,220,1,38.34,38.34
3262,1080,124,3,201.32,603.96
3263,1080,262,3,177.88,533.64
3264,1081,227,3,154.78,464.34
3265,1081,130,1,261.07,261.07
3266,1081,243,1,471.30,471.30
3267,1082,15,3,602.60,1807.80
3268,1082,87,1,116.31,116.31
3269,1082,269,4,107.58,430.32
3270,1083,145,2,369.80,739.60
3271,1083,248,4,4473.97,17895.88
3272,1083,213,3,231.12,693.36
3273,1084,215,2,136.44,272.88
3274,1084,258,4,57.78,231.12
3275,1084,315,4,69.11,276.44
3276,1085,96,4,171.36,685.44
3277,1085,107,3,136.14,408.42
3278,1085,290,3,744.49,2233.47
3279,1086,300,2,39.77,79.54
3280,1086,204,3,362.70,1088.10
3281,1086,281,4,34.70,138.80
3282,1087,76,2,49.74,99.48
3283,1087,148,1,640.43,640.43
3284,1087,134,1,261.22,261.22
3285,1088,313,2,49.11,98.22
3286,1088,274,2,72.47,144.94
3287,1088,134,2,261.22,522.44
3288,1089,122,4,130.97,523.88
3289,1089,76,4,49.74,198.96
3290,1089,198,2,124.56,249.12
3291,1090,56,4,408.87,1635.48
3292,1090,235,1,1867.81,1867.81
3293,1090,332,4,122.23,488.92
3294,1091,9,4,1355.55,5422.20
3295,1091,128,2,1363.48,2726.96
3296,1091,278,2,405.40,810.80
3297,1092,62,4,56.51,226.04
3298,1092,159,2,176.40,352.80
3299,1092,169,1,537.24,537.24
3300,1093,117,2,795.33,1590.66
3301,1093,58,2,158.45,316.90
3302,1093,200,3,51.39,154.17
3303,1094,187,1,53.46,53.46
3304,1094,215,3,136.44,409.32
3305,1094,281,1,34.70,34.70
3306,1095,139,4,392.73,1570.92
3307,1095,178,2,110.15,220.30
3308,1095,332,4,122.23,488.92
3309,1096,279,4,41.73,166.92
3310,1096,142,4,544.13,2176.52
3311,1096,172,3,53.49,160.47
3312,1097,110,2,81.80,163.60
3313,1097,73,1,550.57,550.57
3314,1097,281,1,34.70,34.70
3315,1098,230,3,64.40,193.20
3316,1098,72,4,201.58,806.32
3317,1098,298,2,103.05,206.10
3318,1099,315,2,69.11,138.22
3319,1099,210,2,107.66,215.32
3320,1099,192,2,365.72,731.44
3321,1100,257,2,77.56,155.12
3322,1100,189,3,87.00,261.00
3323,1100,175,2,239.58,479.16
3324,1101,187,3,53.46,160.38
3325,1101,293,4,9518.10,38072.40
3326,1101,61,2,175.93,351.86
3327,1102,333,3,167.16,501.48
3328,1102,5,4,312.42,1249.68
3329,1102,103,1,88.38,88.38
3330,1103,53,3,26.41,79.23
3331,1103,260,2,95.74,191.48
3332,1103,188,4,50.01,200.04
3333,1104,178,2,110.15,220.30
3334,1104,155,2,80.38,160.76
3335,1104,16,3,82.24,246.72
3336,1105,96,2,171.36,342.72
3337,1105,243,4,471.30,1885.20
3338,1105,68,2,416.05,832.10
3339,1106,266,4,379.02,1516.08
3340,1106,217,1,324.83,324.83
3341,1106,298,4,103.05,412.20
3342,1107,132,1,152.84,152.84
3343,1107,304,2,121.41,242.82
3344,1107,257,1,77.56,77.56
3345,1108,97,3,201.04,603.12
3346,1108,174,2,93.41,186.82
3347,1108,317,3,85.93,257.79
3348,1109,47,4,100.93,403.72
3349,1109,43,2,930.93,1861.86
3350,1109,279,2,41.73,83.46
3351,1110,127,4,242.46,969.84
3352,1110,168,4,84.08,336.32
3353,1110,170,4,845.55,3382.20
3354,1111,102,4,39.38,157.52
3355,1111,168,4,84.08,336.32
3356,1111,290,2,744.49,1488.98
3357,1112,87,4,116.31,465.24
3358,1112,97,3,201.04,603.12
3359,1112,271,2,1470.33,2940.66
3360,1113,218,3,49.88,149.64
3361,1113,222,3,106.41,319.23
3362,1113,68,1,416.05,416.05
3363,1114,195,4,46.99,187.96
3364,1114,96,2,171.36,342.72
3365,1114,255,1,71.89,71.89
3366,1115,13,1,44.19,44.19
3367,1115,118,3,123.08,369.24
3368,1115,38,1,2984.65,2984.65
3369,1116,193,2,9668.18,19336.36
3370,1116,330,3,120.68,362.04
3371,1116,178,2,110.15,220.30
3372,1117,332,1,122.23,122.23
3373,1117,84,3,214.78,644.34
3374,1117,210,4,107.66,430.64
3375,1118,162,3,803.06,2409.18
3376,1118,235,4,1867.81,7471.24
3377,1118,31,2,79.21,158.42
3378,1119,279,1,41.73,41.73
3379,1119,200,4,51.39,205.56
3380,1119,86,3,137.39,412.17
3381,1120,313,2,49.11,98.22
3382,1120,259,4,37.26,149.04
3383,1120,15,3,602.60,1807.80
3384,1121,255,3,71.89,215.67
3385,1121,100,4,912.50,3650.00
3386,1121,1,4,41.61,166.44
3387,1122,328,4,180.51,722.04
3388,1122,11,2,88.33,176.66
3389,1122,157,2,2380.02,4760.04
3390,1123,289,3,37.80,113.40
3391,1123,107,3,136.14,408.42
3392,1123,299,4,57.14,228.56
3393,1124,221,4,484.99,1939.96
3394,1124,13,2,44.19,88.38
3395,1124,284,2,33.21,66.42
3396,1125,32,2,604.32,1208.64
3397,1125,98,2,116.76,233.52
3398,1125,212,1,1815.77,1815.77
3399,1126,220,3,38.34,115.02
3400,1126,305,3,18.21,54.63
3401,1126,323,3,43.39,130.17
3402,1127,331,2,54.96,109.92
3403,1127,45,3,5111.42,15334.26
3404,1127,133,2,153.60,307.20
3405,1128,40,2,62.79,125.58
3406,1128,23,4,477.55,1910.20
3407,1128,319,1,129.86,129.86
3408,1129,141,1,482.39,482.39
3409,1129,265,3,192.94,578.82
3410,1129,216,3,27.57,82.71
3411,1130,241,1,237.51,237.51
3412,1130,272,3,77.63,232.89
3413,1130,327,2,91.25,182.50
3414,1131,47,1,100.93,100.93
3415,1131,64,3,72.56,217.68
3416,1131,234,3,157.34,472.02
3417,1132,75,2,63.53,127.06
3418,1132,188,1,50.01,50.01
3419,1132,179,1,367.91,367.91
3420,1133,180,3,206.84,620.52
3421,1133,267,1,276.85,276.85
3422,1133,229,3,182.92,548.76
3423,1134,299,1,57.14,57.14
3424,1134,292,4,40.52,162.08
3425,1134,148,1,640.43,640.43
3426,1135,206,3,125.45,376.35
3427,1135,51,4,223.70,894.80
3428,1135,166,2,122.59,245.18
3429,1136,55,3,361.92,1085.76
3430,1136,230,4,64.40,257.60
3431,1136,101,1,156.57,156.57
3432,1137,57,4,425.93,1703.72
3433,1137,213,2,231.12,462.24
3434,1137,286,3,65.95,197.85
3435,1138,124,2,201.32,402.64
3436,1138,222,2,106.41,212.82
3437,1138,10,3,42.91,128.73
3438,1139,227,4,154.78,619.12
3439,1139,87,2,116.31,232.62
3440,1139,216,4,27.57,110.28
3441,1140,20,4,49.24,196.96
3442,1140,12,1,423.08,423.08
3443,1140,217,4,324.83,1299.32
3444,1141,231,4,170.32,681.28
3445,1141,324,3,183.99,551.97
3446,1141,31,2,79.21,158.42
3447,1142,46,3,64.02,192.06
3448,1142,226,1,106.24,106.24
3449,1142,229,4,182.92,731.68
3450,1143,272,2,77.63,155.26
3451,1143,318,3,27.43,82.29
3452,1143,33,4,618.92,2475.68
3453,1144,240,2,26.71,53.42
3454,1144,101,3,156.57,469.71
3455,1144,10,2,42.91,85.82
3456,1145,161,4,258.97,1035.88
3457,1145,75,2,63.53,127.06
3458,1145,187,4,53.46,213.84
3459,1146,309,1,132.91,132.91
3460,1146,14,1,430.90,430.90
3461,1146,20,1,49.24,49.24
3462,1147,3,3,108.77,326.31
3463,1147,34,1,5015.04,5015.04
3464,1147,247,2,127.32,254.64
3465,1148,130,2,261.07,522.14
3466,1148,209,1,299.28,299.28
3467,1148,16,4,82.24,328.96
3468,1149,216,2,27.57,55.14
3469,1149,240,4,26.71,106.84
3470,1149,10,3,42.91,128.73
3471,1150,257,2,77.56,155.12
3472,1150,202,4,109.28,437.12
3473,1150,175,3,239.58,718.74
3474,1151,102,1,39.38,39.38
3475,1151,9,1,1355.55,1355.55
3476,1151,225,4,267.00,1068.00
3477,1152,230,4,64.40,257.60
3478,1152,311,4,32.45,129.80
3479,1152,245,2,75.04,150.08
3480,1153,153,3,41.42,124.26
3481,1153,166,4,122.59,490.36
3482,1153,178,1,110.15,110.15
3483,1154,206,3,125.45,376.35
3484,1154,320,1,125.31,125.31
3485,1154,287,3,553.36,1660.08
3486,1155,103,1,88.38,88.38
3487,1155,203,1,59.44,59.44
3488,1155,65,2,114.10,228.20
3489,1156,304,1,121.41,121.41
3490,1156,42,1,288.25,288.25
3491,1156,4,2,70.68,141.36
3492,1157,50,1,293.39,293.39
3493,1157,175,4,239.58,958.32
3494,1157,187,3,53.46,160.38
3495,1158,239,2,642.80,1285.60
3496,1158,293,4,9518.10,38072.40
3497,1158,245,3,75.04,225.12
3498,1159,289,1,37.80,37.80
3499,1159,278,1,405.40,405.40
3500,1159,284,3,33.21,99.63
3501,1160,324,1,183.99,183.99
3502,1160,132,3,152.84,458.52
3503,1160,32,4,604.32,2417.28
3504,1161,209,3,299.28,897.84
3505,1161,64,2,72.56,145.12
3506,1161,96,1,171.36,171.36
3507,1162,1,4,41.61,166.44
3508,1162,103,2,88.38,176.76
3509,1162,297,1,83.28,83.28
3510,1163,3,1,108.77,108.77
3511,1163,286,4,65.95,263.80
3512,1163,191,2,217.48,434.96
3513,1164,287,2,553.36,1106.72
3514,1164,188,4,50.01,200.04
3515,1164,113,3,545.60,1636.80
3516,1165,237,3,188.93,566.79
3517,1165,104,2,2507.07,5014.14
3518,1165,287,2,553.36,1106.72
3519,1166,207,2,62.51,125.02
3520,1166,170,4,845.55,3382.20
3521,1166,236,2,54.07,108.14
3522,1167,7,2,158.64,317.28
3523,1167,8,2,92.31,184.62
3524,1167,130,1,261.07,261.07
3525,1168,128,2,1363.48,2726.96
3526,1168,303,1,199.54,199.54
3527,1168,79,4,221.90,887.60
3528,1169,285,2,6751.40,13502.80
3529,1169,3,1,108.77,108.77
3530,1169,110,2,81.80,163.60
3531,1170,95,3,198.29,594.87
3532,1170,189,4,87.00,348.00
3533,1170,175,3,239.58,718.74
3534,1171,54,4,73.34,293.36
3535,1171,129,4,120.28,481.12
3536,1171,168,3,84.08,252.24
3537,1172,30,4,165.44,661.76
3538,1172,142,3,544.13,1632.39
3539,1172,97,4,201.04,804.16
3540,1173,194,1,136.81,136.81
3541,1173,59,3,1165.61,3496.83
3542,1173,139,2,392.73,785.46
3543,1174,116,4,86.77,347.08
3544,1174,86,3,137.39,412.17
3545,1174,257,1,77.56,77.56
3546,1175,127,3,242.46,727.38
3547,1175,281,4,34.70,138.80
3548,1175,245,4,75.04,300.16
3549,1176,150,2,223.54,447.08
3550,1176,317,3,85.93,257.79
3551,1176,250,4,725.02,2900.08
3552,1177,312,1,25.20,25.20
3553,1177,108,3,368.57,1105.71
3554,1177,204,1,362.70,362.70
3555,1178,14,3,430.90,1292.70
3556,1178,159,4,176.40,705.60
3557,1178,117,4,795.33,3181.32
3558,1179,173,2,101.46,202.92
3559,1179,301,1,136.93,136.93
3560,1179,193,1,9668.18,9668.18
3561,1180,195,4,46.99,187.96
3562,1180,48,4,124.35,497.40
3563,1180,141,4,482.39,1929.56
3564,1181,177,3,173.92,521.76
3565,1181,31,3,79.21,237.63
3566,1181,302,3,17.70,53.10
3567,1182,121,1,376.95,376.95
3568,1182,259,1,37.26,37.26
3569,1182,6,3,536.76,1610.28
3570,1183,291,2,25.62,51.24
3571,1183,78,4,252.79,1011.16
3572,1183,165,1,257.39,257.39
3573,1184,292,2,40.52,81.04
3574,1184,252,1,576.27,576.27
3575,1184,43,2,930.93,1861.86
3576,1185,152,4,133.94,535.76
3577,1185,194,2,136.81,273.62
3578,1185,89,2,185.24,370.48
3579,1186,324,2,183.99,367.98
3580,1186,325,2,108.41,216.82
3581,1186,191,2,217.48,434.96
3582,1187,267,3,276.85,830.55
3583,1187,172,2,53.49,106.98
3584,1187,39,2,265.80,531.60
3585,1188,116,2,86.77,173.54
3586,1188,144,4,1176.11,4704.44
3587,1188,89,3,185.24,555.72
3588,1189,259,2,37.26,74.52
3589,1189,42,4,288.25,1153.00
3590,1189,59,1,1165.61,1165.61
3591,1190,222,2,106.41,212.82
3592,1190,158,4,210.26,841.04
3593,1190,231,1,170.32,170.32
3594,1191,104,4,2507.07,10028.28
3595,1191,110,3,81.80,245.40
3596,1191,132,4,152.84,611.36
3597,1192,234,2,157.34,314.68
3598,1192,200,4,51.39,205.56
3599,1192,295,2,207.06,414.12
3600,1193,331,2,54.96,109.92
3601,1193,102,2,39.38,78.76
3602,1193,241,1,237.51,237.51
3603,1194,265,1,192.94,192.94
3604,1194,251,2,87.96,175.92
3605,1194,169,2,537.24,1074.48
3606,1195,214,4,522.07,2088.28
3607,1195,13,1,44.19,44.19
3608,1195,48,4,124.35,497.40
3609,1196,15,3,602.60,1807.80
3610,1196,183,3,229.08,687.24
3611,1196,308,4,143.10,572.40
3612,1197,51,3,223.70,671.10
3613,1197,57,1,425.93,425.93
3614,1197,296,4,101.13,404.52
3615,1198,149,4,63.35,253.40
3616,1198,156,3,138.39,415.17
3617,1198,113,3,545.60,1636.80
3618,1199,114,2,59.81,119.62
3619,1199,48,4,124.35,497.40
3620,1199,179,2,367.91,735.82
3621,1200,19,2,79.80,159.60
3622,1200,105,2,63.28,126.56
3623,1200,318,3,27.43,82.29
3624,1201,232,2,117.39,234.78
3625,1201,115,3,559.60,1678.80
3626,1201,90,1,226.17,226.17
3627,1202,88,1,92.09,92.09
3628,1202,124,3,201.32,603.96
3629,1202,83,1,138.27,138.27
3630,1203,109,4,21.64,86.56
3631,1203,289,4,37.80,151.20
3632,1203,268,3,186.90,560.70
3633,1204,95,2,198.29,396.58
3634,1204,59,2,1165.61,2331.22
3635,1204,110,3,81.80,245.40
3636,1205,213,1,231.12,231.12
3637,1205,96,1,171.36,171.36
3638,1205,266,1,379.02,379.02
3639,1206,114,1,59.81,59.81
3640,1206,199,1,122.30,122.30
3641,1206,237,4,188.93,755.72
3642,1207,314,3,28.97,86.91
3643,1207,76,1,49.74,49.74
3644,1207,161,1,258.97,258.97
3645,1208,63,1,176.42,176.42
3646,1208,208,2,5119.77,10239.54
3647,1208,295,4,207.06,828.24
3648,1209,205,2,92.31,184.62
3649,1209,284,2,33.21,66.42
3650,1209,100,2,912.50,1825.00
3651,1210,61,2,175.93,351.86
3652,1210,179,4,367.91,1471.64
3653,1210,209,3,299.28,897.84
3654,1211,38,1,2984.65,2984.65
3655,1211,269,2,107.58,215.16
3656,1211,16,2,82.24,164.48
3657,1212,31,3,79.21,237.63
3658,1212,330,1,120.68,120.68
3659,1212,213,1,231.12,231.12
3660,1213,37,4,5435.24,21740.96
3661,1213,62,4,56.51,226.04
3662,1213,100,1,912.50,912.50
3663,1214,86,1,137.39,137.39
3664,1214,62,1,56.51,56.51
3665,1214,280,3,154.65,463.95
3666,1215,79,2,221.90,443.80
3667,1215,78,1,252.79,252.79
3668,1215,233,1,107.91,107.91
3669,1216,87,4,116.31,465.24
3670,1216,252,4,576.27,2305.08
3671,1216,14,2,430.90,861.80
3672,1217,68,1,416.05,416.05
3673,1217,151,2,52.78,105.56
3674,1217,195,3,46.99,140.97
3675,1218,179,1,367.91,367.91
3676,1218,213,3,231.12,693.36
3677,1218,215,1,136.44,136.44
3678,1219,114,1,59.81,59.81
3679,1219,34,1,5015.04,5015.04
3680,1219,245,3,75.04,225.12
3681,1220,19,2,79.80,159.60
3682,1220,310,4,106.27,425.08
3683,1220,215,4,136.44,545.76
3684,1221,97,4,201.04,804.16
3685,1221,57,2,425.93,851.86
3686,1221,64,3,72.56,217.68
3687,1222,228,2,148.63,297.26
3688,1222,224,3,203.37,610.11
3689,1222,107,4,136.14,544.56
3690,1223,118,2,123.08,246.16
3691,1223,318,1,27.43,27.43
3692,1223,161,4,258.97,1035.88
3693,1224,259,2,37.26,74.52
3694,1224,55,4,361.92,1447.68
3695,1224,128,2,1363.48,2726.96
3696,1225,113,4,545.60,2182.40
3697,1225,159,3,176.40,529.20
3698,1225,217,3,324.83,974.49
3699,1226,135,4,176.88,707.52
3700,1226,302,3,17.70,53.10
3701,1226,275,4,110.46,441.84
3702,1227,239,1,642.80,642.80
3703,1227,297,4,83.28,333.12
3704,1227,318,1,27.43,27.43
3705,1228,114,1,59.81,59.81
3706,1228,95,4,198.29,793.16
3707,1228,278,3,405.40,1216.20
3708,1229,65,3,114.10,342.30
3709,1229,186,1,324.89,324.89
3710,1229,246,3,42.72,128.16
3711,1230,265,1,192.94,192.94
3712,1230,263,1,82.89,82.89
3713,1230,1,4,41.61,166.44
3714,1231,222,3,106.41,319.23
3715,1231,224,1,203.37,203.37
3716,1231,136,3,407.27,1221.81
3717,1232,301,2,136.93,273.86
3718,1232,118,3,123.08,369.24
3719,1232,328,3,180.51,541.53
3720,1233,169,1,537.24,537.24
3721,1233,335,3,117.27,351.81
3722,1233,116,1,86.77,86.77
3723,1234,221,1,484.99,484.99
3724,1234,298,2,103.05,206.10
3725,1234,233,3,107.91,323.73
3726,1235,54,1,73.34,73.34
3727,1235,233,4,107.91,431.64
3728,1235,153,3,41.42,124.26
3729,1236,261,4,61.79,247.16
3730,1236,296,3,101.13,303.39
3731,1236,98,3,116.76,350.28
3732,1237,315,3,69.11,207.33
3733,1237,168,3,84.08,252.24
3734,1237,280,2,154.65,309.30
3735,1238,320,4,125.31,501.24
3736,1238,229,2,182.92,365.84
3737,1238,299,1,57.14,57.14
3738,1239,259,1,37.26,37.26
3739,1239,242,3,798.53,2395.59
3740,1239,295,3,207.06,621.18
3741,1240,8,3,92.31,276.93
3742,1240,335,1,117.27,117.27
3743,1240,69,3,206.85,620.55
3744,1241,277,3,198.38,595.14
3745,1241,25,4,70.53,282.12
3746,1241,6,3,536.76,1610.28
3747,1242,197,3,111.56,334.68
3748,1242,60,4,301.85,1207.40
3749,1242,10,2,42.91,85.82
3750,1243,27,4,485.13,1940.52
3751,1243,235,2,1867.81,3735.62
3752,1243,218,3,49.88,149.64
3753,1244,115,2,559.60,1119.20
3754,1244,145,4,369.80,1479.20
3755,1244,151,3,52.78,158.34
3756,1245,239,1,642.80,642.80
3757,1245,226,2,106.24,212.48
3758,1245,243,3,471.30,1413.90
3759,1246,177,3,173.92,521.76
3760,1246,17,3,189.07,567.21
3761,1246,292,3,40.52,121.56
3762,1247,156,3,138.39,415.17
3763,1247,315,4,69.11,276.44
3764,1247,170,1,845.55,845.55
3765,1248,167,2,125.02,250.04
3766,1248,75,2,63.53,127.06
3767,1248,139,2,392.73,785.46
3768,1249,39,3,265.80,797.40
3769,1249,165,4,257.39,1029.56
3770,1249,159,2,176.40,352.80
3771,1250,211,3,391.93,1175.79
3772,1250,131,4,151.63,606.52
3773,1250,66,1,41.56,41.56
3774,1251,313,2,49.11,98.22
3775,1251,145,2,369.80,739.60
3776,1251,98,1,116.76,116.76
3777,1252,14,4,430.90,1723.60
3778,1252,208,2,5119.77,10239.54
3779,1252,43,1,930.93,930.93
3780,1253,240,3,26.71,80.13
3781,1253,94,1,61.84,61.84
3782,1253,125,4,319.28,1277.12
3783,1254,233,4,107.91,431.64
3784,1254,36,3,184.31,552.93
3785,1254,199,3,122.30,366.90
3786,1255,302,4,17.70,70.80
3787,1255,153,3,41.42,124.26
3788,1255,187,4,53.46,213.84
3789,1256,249,3,333.60,1000.80
3790,1256,99,2,4229.74,8459.48
3791,1256,37,1,5435.24,5435.24
3792,1257,264,1,1374.60,1374.60
3793,1257,19,3,79.80,239.40
3794,1257,71,4,81.12,324.48
3795,1258,215,3,136.44,409.32
3796,1258,326,4,127.79,511.16
3797,1258,48,4,124.35,497.40
3798,1259,2,1,54.72,54.72
3799,1259,91,1,103.05,103.05
3800,1259,320,4,125.31,501.24
3801,1260,153,4,41.42,165.68
3802,1260,318,3,27.43,82.29
3803,1260,5,1,312.42,312.42
3804,1261,46,3,64.02,192.06
3805,1261,111,1,215.02,215.02
3806,1261,262,4,177.88,711.52
3807,1262,333,4,167.16,668.64
3808,1262,81,4,24.00,96.00
3809,1262,254,3,196.52,589.56
3810,1263,117,3,795.33,2385.99
3811,1263,97,3,201.04,603.12
3812,1263,53,1,26.41,26.41
3813,1264,168,2,84.08,168.16
3814,1264,36,1,184.31,184.31
3815,1264,92,3,243.24,729.72
3816,1265,235,3,1867.81,5603.43
3817,1265,1,1,41.61,41.61
3818,1265,292,2,40.52,81.04
3819,1266,278,2,405.40,810.80
3820,1266,170,2,845.55,1691.10
3821,1266,150,2,223.54,447.08
3822,1267,217,4,324.83,1299.32
3823,1267,2,4,54.72,218.88
3824,1267,214,4,522.07,2088.28
3825,1268,154,1,174.02,174.02
3826,1268,250,2,725.02,1450.04
3827,1268,319,2,129.86,259.72
3828,1269,106,1,502.86,502.86
3829,1269,249,1,333.60,333.60
3830,1269,263,2,82.89,165.78
3831,1270,181,4,181.57,726.28
3832,1270,333,4,167.16,668.64
3833,1270,298,1,103.05,103.05
3834,1271,263,2,82.89,165.78
3835,1271,132,4,152.84,611.36
3836,1271,292,3,40.52,121.56
3837,1272,24,4,136.38,545.52
3838,1272,264,3,1374.60,4123.80
3839,1272,65,2,114.10,228.20
3840,1273,97,1,201.04,201.04
3841,1273,179,1,367.91,367.91
3842,1273,72,2,201.58,403.16
3843,1274,159,4,176.40,705.60
3844,1274,15,4,602.60,2410.40
3845,1274,190,2,4952.78,9905.56
3846,1275,264,1,1374.60,1374.60
3847,1275,16,2,82.24,164.48
3848,1275,18,4,4347.52,17390.08
3849,1276,327,3,91.25,273.75
3850,1276,192,1,365.72,365.72
3851,1276,103,2,88.38,176.76
3852,1277,143,4,55.35,221.40
3853,1277,104,3,2507.07,7521.21
3854,1277,225,1,267.00,267.00
3855,1278,226,3,106.24,318.72
3856,1278,324,4,183.99,735.96
3857,1278,105,4,63.28,253.12
3858,1279,194,1,136.81,136.81
3859,1279,158,4,210.26,841.04
3860,1279,242,2,798.53,1597.06
3861,1280,245,3,75.04,225.12
3862,1280,241,4,237.51,950.04
3863,1280,87,3,116.31,348.93
3864,1281,123,3,340.07,1020.21
3865,1281,51,1,223.70,223.70
3866,1281,86,3,137.39,412.17
3867,1282,235,1,1867.81,1867.81
3868,1282,202,4,109.28,437.12
3869,1282,231,2,170.32,340.64
3870,1283,267,2,276.85,553.70
3871,1283,36,2,184.31,368.62
3872,1283,2,1,54.72,54.72
3873,1284,108,2,368.57,737.14
3874,1284,211,1,391.93,391.93
3875,1284,3,1,108.77,108.77
3876,1285,278,2,405.40,810.80
3877,1285,298,2,103.05,206.10
3878,1285,54,1,73.34,73.34
3879,1286,12,4,423.08,1692.32
3880,1286,58,1,158.45,158.45
3881,1286,64,1,72.56,72.56
3882,1287,307,2,195.28,390.56
3883,1287,132,3,152.84,458.52
3884,1287,110,2,81.80,163.60
3885,1288,176,1,204.81,204.81
3886,1288,228,2,148.63,297.26
3887,1288,136,4,407.27,1629.08
3888,1289,154,3,174.02,522.06
3889,1289,15,4,602.60,2410.40
3890,1289,253,2,32.75,65.50
3891,1290,285,2,6751.40,13502.80
3892,1290,145,3,369.80,1109.40
3893,1290,135,4,176.88,707.52
3894,1291,298,3,103.05,309.15
3895,1291,219,4,662.92,2651.68
3896,1291,79,1,221.90,221.90
3897,1292,16,4,82.24,328.96
3898,1292,307,1,195.28,195.28
3899,1292,328,1,180.51,180.51
3900,1293,284,2,33.21,66.42
3901,1293,318,3,27.43,82.29
3902,1293,19,2,79.80,159.60
3903,1294,226,4,106.24,424.96
3904,1294,194,1,136.81,136.81
3905,1294,335,1,117.27,117.27
3906,1295,1,1,41.61,41.61
3907,1295,193,4,9668.18,38672.72
3908,1295,13,4,44.19,176.76
3909,1296,286,2,65.95,131.90
3910,1296,159,2,176.40,352.80
3911,1296,268,1,186.90,186.90
3912,1297,138,2,75.42,150.84
3913,1297,208,1,5119.77,5119.77
3914,1297,243,3,471.30,1413.90
3915,1298,117,2,795.33,1590.66
3916,1298,291,2,25.62,51.24
3917,1298,35,2,166.21,332.42
3918,1299,226,4,106.24,424.96
3919,1299,73,4,550.57,2202.28
3920,1299,3,3,108.77,326.31
3921,1300,212,4,1815.77,7263.08
3922,1300,43,1,930.93,930.93
3923,1300,274,1,72.47,72.47
3924,1301,275,3,110.46,331.38
3925,1301,145,1,369.80,369.80
3926,1301,77,1,90.53,90.53
3927,1302,22,1,709.66,709.66
3928,1302,79,4,221.90,887.60
3929,1302,51,1,223.70,223.70
3930,1303,79,4,221.90,887.60
3931,1303,72,3,201.58,604.74
3932,1303,172,2,53.49,106.98
3933,1304,173,2,101.46,202.92
3934,1304,206,1,125.45,125.45
3935,1304,189,4,87.00,348.00
3936,1305,299,3,57.14,171.42
3937,1305,129,1,120.28,120.28
3938,1305,269,2,107.58,215.16
3939,1306,230,4,64.40,257.60
3940,1306,203,2,59.44,118.88
3941,1306,89,4,185.24,740.96
3942,1307,20,1,49.24,49.24
3943,1307,244,3,70.80,212.40
3944,1307,35,3,166.21,498.63
3945,1308,305,1,18.21,18.21
3946,1308,292,4,40.52,162.08
3947,1308,204,4,362.70,1450.80
3948,1309,101,3,156.57,469.71
3949,1309,139,3,392.73,1178.19
3950,1309,20,2,49.24,98.48
3951,1310,40,4,62.79,251.16
3952,1310,109,1,21.64,21.64
3953,1310,188,2,50.01,100.02
3954,1311,148,3,640.43,1921.29
3955,1311,6,2,536.76,1073.52
3956,1311,40,3,62.79,188.37
3957,1312,74,1,306.84,306.84
3958,1312,306,3,184.88,554.64
3959,1312,232,3,117.39,352.17
3960,1313,110,4,81.80,327.20
3961,1313,9,3,1355.55,4066.65
3962,1313,18,4,4347.52,17390.08
3963,1314,97,4,201.04,804.16
3964,1314,155,4,80.38,321.52
3965,1314,184,4,103.83,415.32
3966,1315,175,1,239.58,239.58
3967,1315,273,4,173.28,693.12
3968,1315,263,3,82.89,248.67
3969,1316,118,3,123.08,369.24
3970,1316,159,4,176.40,705.60
3971,1316,52,2,36.58,73.16
3972,1317,89,2,185.24,370.48
3973,1317,177,4,173.92,695.68
3974,1317,319,2,129.86,259.72
3975,1318,164,3,259.43,778.29
3976,1318,211,3,391.93,1175.79
3977,1318,170,3,845.55,2536.65
3978,1319,77,4,90.53,362.12
3979,1319,324,3,183.99,551.97
3980,1319,121,4,376.95,1507.80
3981,1320,223,2,467.04,934.08
3982,1320,211,3,391.93,1175.79
3983,1320,65,4,114.10,456.40
3984,1321,158,2,210.26,420.52
3985,1321,249,2,333.60,667.20
3986,1321,272,2,77.63,155.26
3987,1322,118,2,123.08,246.16
3988,1322,253,1,32.75,32.75
3989,1322,57,3,425.93,1277.79
3990,1323,164,1,259.43,259.43
3991,1323,194,1,136.81,136.81
3992,1323,262,4,177.88,711.52
3993,1324,157,2,2380.02,4760.04
3994,1324,150,3,223.54,670.62
3995,1324,257,1,77.56,77.56
3996,1325,112,3,97.46,292.38
3997,1325,257,2,77.56,155.12
3998,1325,320,1,125.31,125.31
3999,1326,305,4,18.21,72.84
4000,1326,103,1,88.38,88.38
4001,1326,88,4,92.09,368.36
4002,1327,334,4,173.02,692.08
4003,1327,226,3,106.24,318.72
4004,1327,46,4,64.02,256.08
4005,1328,242,3,798.53,2395.59
4006,1328,237,2,188.93,377.86
4007,1328,55,3,361.92,1085.76
4008,1329,200,2,51.39,102.78
4009,1329,225,1,267.00,267.00
4010,1329,191,4,217.48,869.92
4011,1330,131,1,151.63,151.63
4012,1330,19,3,79.80,239.40
4013,1330,321,4,105.04,420.16
4014,1331,222,2,106.41,212.82
4015,1331,333,3,167.16,501.48
4016,1331,44,2,86.79,173.58
4017,1332,263,1,82.89,82.89
4018,1332,131,2,151.63,303.26
4019,1332,96,3,171.36,514.08
4020,1333,57,2,425.93,851.86
4021,1333,4,4,70.68,282.72
4022,1333,232,3,117.39,352.17
4023,1334,290,3,744.49,2233.47
4024,1334,319,3,129.86,389.58
4025,1334,185,2,118.55,237.10
4026,1335,46,4,64.02,256.08
4027,1335,174,3,93.41,280.23
4028,1335,178,3,110.15,330.45
4029,1336,268,2,186.90,373.80
4030,1336,20,1,49.24,49.24
4031,1336,315,1,69.11,69.11
4032,1337,274,3,72.47,217.41
4033,1337,272,2,77.63,155.26
4034,1337,261,4,61.79,247.16
4035,1338,23,2,477.55,955.10
4036,1338,165,3,257.39,772.17
4037,1338,147,4,143.83,575.32
4038,1339,263,1,82.89,82.89
4039,1339,100,2,912.50,1825.00
4040,1339,76,2,49.74,99.48
4041,1340,214,4,522.07,2088.28
4042,1340,282,4,314.44,1257.76
4043,1340,280,4,154.65,618.60
4044,1341,63,1,176.42,176.42
4045,1341,96,4,171.36,685.44
4046,1341,148,4,640.43,2561.72
4047,1342,29,3,74.94,224.82
4048,1342,42,1,288.25,288.25
4049,1342,162,2,803.06,1606.12
4050,1343,273,1,173.28,173.28
4051,1343,197,3,111.56,334.68
4052,1343,278,4,405.40,1621.60
4053,1344,215,4,136.44,545.76
4054,1344,64,2,72.56,145.12
4055,1344,145,4,369.80,1479.20
4056,1345,28,1,30.65,30.65
4057,1345,207,4,62.51,250.04
4058,1345,206,3,125.45,376.35
4059,1346,122,3,130.97,392.91
4060,1346,246,1,42.72,42.72
4061,1346,65,2,114.10,228.20
4062,1347,235,2,1867.81,3735.62
4063,1347,189,1,87.00,87.00
4064,1347,171,2,49.52,99.04
4065,1348,140,1,558.26,558.26
4066,1348,237,4,188.93,755.72
4067,1348,27,4,485.13,1940.52
4068,1349,187,1,53.46,53.46
4069,1349,185,4,118.55,474.20
4070,1349,319,4,129.86,519.44
4071,1350,212,2,1815.77,3631.54
4072,1350,69,1,206.85,206.85
4073,1350,276,4,1553.72,6214.88
4074,1351,262,2,177.88,355.76
4075,1351,309,3,132.91,398.73
4076,1351,14,1,430.90,430.90
4077,1352,279,2,41.73,83.46
4078,1352,155,3,80.38,241.14
4079,1352,250,2,725.02,1450.04
4080,1353,207,3,62.51,187.53
4081,1353,89,2,185.24,370.48
4082,1353,212,2,1815.77,3631.54
4083,1354,244,2,70.80,141.60
4084,1354,267,1,276.85,276.85
4085,1354,183,1,229.08,229.08
4086,1355,12,1,423.08,423.08
4087,1355,61,4,175.93,703.72
4088,1355,234,2,157.34,314.68
4089,1356,43,4,930.93,3723.72
4090,1356,97,4,201.04,804.16
4091,1356,231,2,170.32,340.64
4092,1357,244,2,70.80,141.60
4093,1357,90,2,226.17,452.34
4094,1357,131,4,151.63,606.52
4095,1358,197,4,111.56,446.24
4096,1358,170,2,845.55,1691.10
4097,1358,307,4,195.28,781.12
4098,1359,148,1,640.43,640.43
4099,1359,71,3,81.12,243.36
4100,1359,251,3,87.96,263.88
4101,1360,170,3,845.55,2536.65
4102,1360,236,4,54.07,216.28
4103,1360,40,2,62.79,125.58
4104,1361,222,2,106.41,212.82
4105,1361,96,1,171.36,171.36
4106,1361,109,4,21.64,86.56
4107,1362,209,2,299.28,598.56
4108,1362,192,3,365.72,1097.16
4109,1362,26,1,979.66,979.66
4110,1363,159,3,176.40,529.20
4111,1363,87,3,116.31,348.93
4112,1363,263,1,82.89,82.89
4113,1364,154,1,174.02,174.02
4114,1364,39,3,265.80,797.40
4115,1364,34,2,5015.04,10030.08
4116,1365,30,1,165.44,165.44
4117,1365,158,1,210.26,210.26
4118,1365,1,1,41.61,41.61
4119,1366,37,1,5435.24,5435.24
4120,1366,253,4,32.75,131.00
4121,1366,311,3,32.45,97.35
4122,1367,325,1,108.41,108.41
4123,1367,280,3,154.65,463.95
4124,1367,116,2,86.77,173.54
4125,1368,147,2,143.83,287.66
4126,1368,193,1,9668.18,9668.18
4127,1368,8,2,92.31,184.62
4128,1369,244,1,70.80,70.80
4129,1369,267,3,276.85,830.55
4130,1369,221,3,484.99,1454.97
4131,1370,238,4,108.52,434.08
4132,1370,205,4,92.31,369.24
4133,1370,72,1,201.58,201.58
4134,1371,302,4,17.70,70.80
4135,1371,219,1,662.92,662.92
4136,1371,35,3,166.21,498.63
4137,1372,16,4,82.24,328.96
4138,1372,237,3,188.93,566.79
4139,1372,35,1,166.21,166.21
4140,1373,123,2,340.07,680.14
4141,1373,236,2,54.07,108.14
4142,1373,179,2,367.91,735.82
4143,1374,106,4,502.86,2011.44
4144,1374,304,2,121.41,242.82
4145,1374,328,3,180.51,541.53
4146,1375,282,3,314.44,943.32
4147,1375,256,1,255.06,255.06
4148,1375,305,4,18.21,72.84
4149,1376,173,1,101.46,101.46
4150,1376,332,1,122.23,122.23
4151,1376,101,4,156.57,626.28
4152,1377,111,4,215.02,860.08
4153,1377,324,2,183.99,367.98
4154,1377,239,1,642.80,642.80
4155,1378,148,3,640.43,1921.29
4156,1378,220,4,38.34,153.36
4157,1378,262,3,177.88,533.64
4158,1379,61,1,175.93,175.93
4159,1379,175,2,239.58,479.16
4160,1379,123,2,340.07,680.14
4161,1380,235,3,1867.81,5603.43
4162,1380,327,2,91.25,182.50
4163,1380,47,3,100.93,302.79
4164,1381,217,1,324.83,324.83
4165,1381,185,2,118.55,237.10
4166,1381,165,1,257.39,257.39
4167,1382,309,2,132.91,265.82
4168,1382,149,2,63.35,126.70
4169,1382,9,4,1355.55,5422.20
4170,1383,74,3,306.84,920.52
4171,1383,11,2,88.33,176.66
4172,1383,144,4,1176.11,4704.44
4173,1384,206,2,125.45,250.90
4174,1384,23,1,477.55,477.55
4175,1384,272,3,77.63,232.89
4176,1385,204,3,362.70,1088.10
4177,1385,39,2,265.80,531.60
4178,1385,307,4,195.28,781.12
4179,1386,325,4,108.41,433.64
4180,1386,34,4,5015.04,20060.16
4181,1386,40,2,62.79,125.58
4182,1387,162,2,803.06,1606.12
4183,1387,241,4,237.51,950.04
4184,1387,230,4,64.40,257.60
4185,1388,331,3,54.96,164.88
4186,1388,306,1,184.88,184.88
4187,1388,121,2,376.95,753.90
4188,1389,11,2,88.33,176.66
4189,1389,123,4,340.07,1360.28
4190,1389,84,3,214.78,644.34
4191,1390,291,2,25.62,51.24
4192,1390,328,1,180.51,180.51
4193,1390,96,1,171.36,171.36
4194,1391,99,3,4229.74,12689.22
4195,1391,32,4,604.32,2417.28
4196,1391,289,2,37.80,75.60
4197,1392,66,4,41.56,166.24
4198,1392,141,4,482.39,1929.56
4199,1392,334,1,173.02,173.02
4200,1393,186,3,324.89,974.67
4201,1393,44,2,86.79,173.58
4202,1393,304,3,121.41,364.23
4203,1394,325,3,108.41,325.23
4204,1394,232,4,117.39,469.56
4205,1394,254,2,196.52,393.04
4206,1395,237,4,188.93,755.72
4207,1395,17,2,189.07,378.14
4208,1395,268,2,186.90,373.80
4209,1396,266,3,379.02,1137.06
4210,1396,116,2,86.77,173.54
4211,1396,231,3,170.32,510.96
4212,1397,330,3,120.68,362.04
4213,1397,98,2,116.76,233.52
4214,1397,69,3,206.85,620.55
4215,1398,127,3,242.46,727.38
4216,1398,224,1,203.37,203.37
4217,1398,40,1,62.79,62.79
4218,1399,11,3,88.33,264.99
4219,1399,235,4,1867.81,7471.24
4220,1399,163,3,150.26,450.78
4221,1400,286,2,65.95,131.90
4222,1400,88,1,92.09,92.09
4223,1400,241,1,237.51,237.51
4224,1401,176,2,204.81,409.62
4225,1401,294,1,133.99,133.99
4226,1401,151,2,52.78,105.56
4227,1402,269,2,107.58,215.16
4228,1402,140,1,558.26,558.26
4229,1402,54,4,73.34,293.36
4230,1403,129,4,120.28,481.12
4231,1403,104,2,2507.07,5014.14
4232,1403,100,3,912.50,2737.50
4233,1404,182,2,312.02,624.04
4234,1404,255,3,71.89,215.67
4235,1404,47,2,100.93,201.86
4236,1405,312,2,25.20,50.40
4237,1405,137,2,197.81,395.62
4238,1405,287,1,553.36,553.36
4239,1406,52,1,36.58,36.58
4240,1406,15,3,602.60,1807.80
4241,1406,312,1,25.20,25.20
4242,1407,27,1,485.13,485.13
4243,1407,303,3,199.54,598.62
4244,1407,288,2,236.80,473.60
4245,1408,296,3,101.13,303.39
4246,1408,99,1,4229.74,4229.74
4247,1408,158,1,210.26,210.26
4248,1409,63,2,176.42,352.84
4249,1409,58,3,158.45,475.35
4250,1409,30,1,165.44,165.44
4251,1410,181,1,181.57,181.57
4252,1410,263,4,82.89,331.56
4253,1410,292,2,40.52,81.04
4254,1411,263,1,82.89,82.89
4255,1411,220,3,38.34,115.02
4256,1411,299,3,57.14,171.42
4257,1412,272,1,77.63,77.63
4258,1412,293,4,9518.10,38072.40
4259,1412,246,3,42.72,128.16
4260,1413,154,4,174.02,696.08
4261,1413,158,4,210.26,841.04
4262,1413,41,2,82.03,164.06
4263,1414,164,3,259.43,778.29
4264,1414,266,3,379.02,1137.06
4265,1414,99,4,4229.74,16918.96
4266,1415,24,1,136.38,136.38
4267,1415,126,1,105.42,105.42
4268,1415,243,4,471.30,1885.20
4269,1416,317,2,85.93,171.86
4270,1416,184,3,103.83,311.49
4271,1416,120,4,532.02,2128.08
4272,1417,73,1,550.57,550.57
4273,1417,19,3,79.80,239.40
4274,1417,35,2,166.21,332.42
4275,1418,278,3,405.40,1216.20
4276,1418,298,3,103.05,309.15
4277,1418,316,4,110.67,442.68
4278,1419,85,4,279.78,1119.12
4279,1419,110,2,81.80,163.60
4280,1419,207,3,62.51,187.53
4281,1420,330,1,120.68,120.68
4282,1420,97,4,201.04,804.16
4283,1420,319,1,129.86,129.86
4284,1421,105,3,63.28,189.84
4285,1421,327,2,91.25,182.50
4286,1421,60,4,301.85,1207.40
4287,1422,39,3,265.80,797.40
4288,1422,46,3,64.02,192.06
4289,1422,304,1,121.41,121.41
4290,1423,127,2,242.46,484.92
4291,1423,287,1,553.36,553.36
4292,1423,163,4,150.26,601.04
4293,1424,90,1,226.17,226.17
4294,1424,72,1,201.58,201.58
4295,1424,146,2,364.03,728.06
4296,1425,132,2,152.84,305.68
4297,1425,162,1,803.06,803.06
4298,1425,127,2,242.46,484.92
4299,1426,153,1,41.42,41.42
4300,1426,196,2,68.93,137.86
4301,1426,246,1,42.72,42.72
4302,1427,3,4,108.77,435.08
4303,1427,207,4,62.51,250.04
4304,1427,22,3,709.66,2128.98
4305,1428,268,4,186.90,747.60
4306,1428,57,4,425.93,1703.72
4307,1428,165,1,257.39,257.39
4308,1429,141,2,482.39,964.78
4309,1429,152,3,133.94,401.82
4310,1429,286,4,65.95,263.80
4311,1430,16,3,82.24,246.72
4312,1430,66,1,41.56,41.56
4313,1430,27,2,485.13,970.26
4314,1431,16,2,82.24,164.48
4315,1431,46,3,64.02,192.06
4316,1431,121,3,376.95,1130.85
4317,1432,180,4,206.84,827.36
4318,1432,202,2,109.28,218.56
4319,1432,241,1,237.51,237.51
4320,1433,243,2,471.30,942.60
4321,1433,299,4,57.14,228.56
4322,1433,330,3,120.68,362.04
4323,1434,31,1,79.21,79.21
4324,1434,39,2,265.80,531.60
4325,1434,192,4,365.72,1462.88
4326,1435,155,2,80.38,160.76
4327,1435,40,1,62.79,62.79
4328,1435,14,4,430.90,1723.60
4329,1436,124,4,201.32,805.28
4330,1436,238,3,108.52,325.56
4331,1436,45,4,5111.42,20445.68
4332,1437,59,1,1165.61,1165.61
4333,1437,305,3,18.21,54.63
4334,1437,123,2,340.07,680.14
4335,1438,334,2,173.02,346.04
4336,1438,140,3,558.26,1674.78
4337,1438,142,4,544.13,2176.52
4338,1439,258,3,57.78,173.34
4339,1439,222,1,106.41,106.41
4340,1439,290,3,744.49,2233.47
4341,1440,235,4,1867.81,7471.24
4342,1440,226,4,106.24,424.96
4343,1440,142,2,544.13,1088.26
4344,1441,259,4,37.26,149.04
4345,1441,68,3,416.05,1248.15
4346,1441,281,2,34.70,69.40
4347,1442,82,4,80.11,320.44
4348,1442,259,4,37.26,149.04
4349,1442,268,2,186.90,373.80
4350,1443,307,3,195.28,585.84
4351,1443,6,1,536.76,536.76
4352,1443,272,1,77.63,77.63
4353,1444,81,1,24.00,24.00
4354,1444,134,2,261.22,522.44
4355,1444,6,3,536.76,1610.28
4356,1445,304,2,121.41,242.82
4357,1445,63,3,176.42,529.26
4358,1445,152,4,133.94,535.76
4359,1446,104,3,2507.07,7521.21
4360,1446,222,3,106.41,319.23
4361,1446,327,1,91.25,91.25
4362,1447,69,2,206.85,413.70
4363,1447,253,2,32.75,65.50
4364,1447,131,3,151.63,454.89
4365,1448,267,1,276.85,276.85
4366,1448,181,4,181.57,726.28
4367,1448,29,4,74.94,299.76
4368,1449,212,3,1815.77,5447.31
4369,1449,188,3,50.01,150.03
4370,1449,237,4,188.93,755.72
4371,1450,88,1,92.09,92.09
4372,1450,279,4,41.73,166.92
4373,1450,188,3,50.01,150.03
4374,1451,245,1,75.04,75.04
4375,1451,210,2,107.66,215.32
4376,1451,107,3,136.14,408.42
4377,1452,325,2,108.41,216.82
4378,1452,171,2,49.52,99.04
4379,1452,284,1,33.21,33.21
4380,1453,136,1,407.27,407.27
4381,1453,19,2,79.80,159.60
4382,1453,102,1,39.38,39.38
4383,1454,206,4,125.45,501.80
4384,1454,274,1,72.47,72.47
4385,1454,75,1,63.53,63.53
4386,1455,231,2,170.32,340.64
4387,1455,196,3,68.93,206.79
4388,1455,18,3,4347.52,13042.56
4389,1456,170,1,845.55,845.55
4390,1456,140,1,558.26,558.26
4391,1456,250,2,725.02,1450.04
4392,1457,207,1,62.51,62.51
4393,1457,282,4,314.44,1257.76
4394,1457,129,4,120.28,481.12
4395,1458,87,1,116.31,116.31
4396,1458,103,1,88.38,88.38
4397,1458,227,3,154.78,464.34
4398,1459,232,3,117.39,352.17
4399,1459,49,2,109.83,219.66
4400,1459,38,1,2984.65,2984.65
4401,1460,12,4,423.08,1692.32
4402,1460,11,3,88.33,264.99
4403,1460,179,2,367.91,735.82
4404,1461,145,3,369.80,1109.40
4405,1461,148,1,640.43,640.43
4406,1461,93,3,73.99,221.97
4407,1462,134,3,261.22,783.66
4408,1462,118,2,123.08,246.16
4409,1462,28,2,30.65,61.30
4410,1463,26,1,979.66,979.66
4411,1463,20,2,49.24,98.48
4412,1463,275,4,110.46,441.84
4413,1464,186,1,324.89,324.89
4414,1464,211,1,391.93,391.93
4415,1464,143,1,55.35,55.35
4416,1465,252,3,576.27,1728.81
4417,1465,148,3,640.43,1921.29
4418,1465,6,3,536.76,1610.28
4419,1466,333,4,167.16,668.64
4420,1466,233,1,107.91,107.91
4421,1466,145,3,369.80,1109.40
4422,1467,5,4,312.42,1249.68
4423,1467,179,2,367.91,735.82
4424,1467,33,3,618.92,1856.76
4425,1468,3,4,108.77,435.08
4426,1468,244,1,70.80,70.80
4427,1468,157,2,2380.02,4760.04
4428,1469,164,2,259.43,518.86
4429,1469,234,2,157.34,314.68
4430,1469,329,1,124.79,124.79
4431,1470,205,1,92.31,92.31
4432,1470,189,3,87.00,261.00
4433,1470,191,1,217.48,217.48
4434,1471,241,4,237.51,950.04
4435,1471,187,1,53.46,53.46
4436,1471,97,2,201.04,402.08
4437,1472,130,3,261.07,783.21
4438,1472,70,4,79.39,317.56
4439,1472,131,4,151.63,606.52
4440,1473,19,1,79.80,79.80
4441,1473,115,3,559.60,1678.80
4442,1473,276,2,1553.72,3107.44
4443,1474,42,3,288.25,864.75
4444,1474,313,3,49.11,147.33
4445,1474,251,2,87.96,175.92
4446,1475,242,3,798.53,2395.59
4447,1475,29,3,74.94,224.82
4448,1475,116,3,86.77,260.31
4449,1476,167,2,125.02,250.04
4450,1476,10,1,42.91,42.91
4451,1476,215,3,136.44,409.32
4452,1477,294,2,133.99,267.98
4453,1477,320,4,125.31,501.24
4454,1477,48,2,124.35,248.70
4455,1478,265,4,192.94,771.76
4456,1478,73,3,550.57,1651.71
4457,1478,116,3,86.77,260.31
4458,1479,46,1,64.02,64.02
4459,1479,3,3,108.77,326.31
4460,1479,113,3,545.60,1636.80
4461,1480,90,2,226.17,452.34
4462,1480,23,4,477.55,1910.20
4463,1480,310,3,106.27,318.81
4464,1481,293,3,9518.10,28554.30
4465,1481,73,1,550.57,550.57
4466,1481,307,1,195.28,195.28
4467,1482,61,4,175.93,703.72
4468,1482,52,2,36.58,73.16
4469,1482,85,2,279.78,559.56
4470,1483,139,4,392.73,1570.92
4471,1483,294,3,133.99,401.97
4472,1483,335,2,117.27,234.54
4473,1484,265,4,192.94,771.76
4474,1484,169,1,537.24,537.24
4475,1484,96,3,171.36,514.08
4476,1485,46,1,64.02,64.02
4477,1485,266,4,379.02,1516.08
4478,1485,35,1,166.21,166.21
4479,1486,15,1,602.60,602.60
4480,1486,267,2,276.85,553.70
4481,1486,61,3,175.93,527.79
4482,1487,138,3,75.42,226.26
4483,1487,299,1,57.14,57.14
4484,1487,42,1,288.25,288.25
4485,1488,315,3,69.11,207.33
4486,1488,106,4,502.86,2011.44
4487,1488,248,3,4473.97,13421.91
4488,1489,157,3,2380.02,7140.06
4489,1489,295,3,207.06,621.18
4490,1489,76,4,49.74,198.96
4491,1490,197,4,111.56,446.24
4492,1490,108,2,368.57,737.14
4493,1490,176,4,204.81,819.24
4494,1491,181,2,181.57,363.14
4495,1491,74,3,306.84,920.52
4496,1491,220,4,38.34,153.36
4497,1492,9,2,1355.55,2711.10
4498,1492,187,3,53.46,160.38
4499,1492,4,1,70.68,70.68
4500,1493,123,2,340.07,680.14
4501,1493,201,4,83.06,332.24
4502,1493,9,4,1355.55,5422.20
4503,1494,118,3,123.08,369.24
4504,1494,196,1,68.93,68.93
4505,1494,25,2,70.53,141.06
4506,1495,317,1,85.93,85.93
4507,1495,254,2,196.52,393.04
4508,1495,258,4,57.78,231.12
4509,1496,5,2,312.42,624.84
4510,1496,225,4,267.00,1068.00
4511,1496,236,3,54.07,162.21
4512,1497,305,4,18.21,72.84
4513,1497,155,2,80.38,160.76
4514,1497,83,1,138.27,138.27
4515,1498,152,3,133.94,401.82
4516,1498,77,2,90.53,181.06
4517,1498,105,3,63.28,189.84
4518,1499,126,1,105.42,105.42
4519,1499,222,1,106.41,106.41
4520,1499,158,1,210.26,210.26
4521,1500,166,3,122.59,367.77
4522,1500,53,2,26.41,52.82
4523,1500,42,3,288.25,864.75
4524,1501,59,1,1165.61,1165.61
4525,1501,78,3,252.79,758.37
4526,1501,195,3,46.99,140.97
4527,1502,333,4,167.16,668.64
4528,1502,141,1,482.39,482.39
4529,1502,54,1,73.34,73.34
4530,1503,27,4,485.13,1940.52
4531,1503,66,3,41.56,124.68
4532,1503,118,4,123.08,492.32
4533,1504,252,1,576.27,576.27
4534,1504,162,4,803.06,3212.24
4535,1504,189,3,87.00,261.00
4536,1505,273,1,173.28,173.28
4537,1505,323,3,43.39,130.17
4538,1505,159,2,176.40,352.80
4539,1506,158,2,210.26,420.52
4540,1506,304,4,121.41,485.64
4541,1506,298,4,103.05,412.20
4542,1507,145,2,369.80,739.60
4543,1507,97,4,201.04,804.16
4544,1507,252,4,576.27,2305.08
4545,1508,283,2,594.23,1188.46
4546,1508,183,4,229.08,916.32
4547,1508,267,2,276.85,553.70
4548,1509,251,2,87.96,175.92
4549,1509,158,1,210.26,210.26
4550,1509,154,2,174.02,348.04
4551,1510,231,3,170.32,510.96
4552,1510,255,4,71.89,287.56
4553,1510,308,4,143.10,572.40
4554,1511,40,4,62.79,251.16
4555,1511,232,3,117.39,352.17
4556,1511,280,2,154.65,309.30
4557,1512,312,1,25.20,25.20
4558,1512,7,3,158.64,475.92
4559,1512,319,3,129.86,389.58
4560,1513,311,3,32.45,97.35
4561,1513,203,4,59.44,237.76
4562,1513,7,3,158.64,475.92
4563,1514,67,4,663.51,2654.04
4564,1514,48,2,124.35,248.70
4565,1514,134,1,261.22,261.22
4566,1515,168,3,84.08,252.24
4567,1515,113,4,545.60,2182.40
4568,1515,163,1,150.26,150.26
4569,1516,129,2,120.28,240.56
4570,1516,321,3,105.04,315.12
4571,1516,213,4,231.12,924.48
4572,1517,85,4,279.78,1119.12
4573,1517,184,2,103.83,207.66
4574,1517,140,1,558.26,558.26
4575,1518,35,1,166.21,166.21
4576,1518,278,3,405.40,1216.20
4577,1518,29,2,74.94,149.88
4578,1519,326,2,127.79,255.58
4579,1519,235,4,1867.81,7471.24
4580,1519,38,2,2984.65,5969.30
4581,1520,299,3,57.14,171.42
4582,1520,159,1,176.40,176.40
4583,1520,286,1,65.95,65.95
4584,1521,23,1,477.55,477.55
4585,1521,288,1,236.80,236.80
4586,1521,55,1,361.92,361.92
4587,1522,33,2,618.92,1237.84
4588,1522,295,2,207.06,414.12
4589,1522,57,2,425.93,851.86
4590,1523,289,1,37.80,37.80
4591,1523,159,2,176.40,352.80
4592,1523,153,3,41.42,124.26
4593,1524,231,3,170.32,510.96
4594,1524,185,1,118.55,118.55
4595,1524,266,4,379.02,1516.08
4596,1525,243,1,471.30,471.30
4597,1525,148,3,640.43,1921.29
4598,1525,206,2,125.45,250.90
4599,1526,79,2,221.90,443.80
4600,1526,225,4,267.00,1068.00
4601,1526,84,1,214.78,214.78
4602,1527,131,4,151.63,606.52
4603,1527,139,2,392.73,785.46
4604,1527,241,2,237.51,475.02
4605,1528,279,1,41.73,41.73
4606,1528,36,3,184.31,552.93
4607,1528,332,1,122.23,122.23
4608,1529,294,4,133.99,535.96
4609,1529,195,2,46.99,93.98
4610,1529,277,2,198.38,396.76
4611,1530,108,1,368.57,368.57
4612,1530,53,3,26.41,79.23
4613,1530,54,4,73.34,293.36
4614,1531,299,2,57.14,114.28
4615,1531,256,1,255.06,255.06
4616,1531,79,3,221.90,665.70
4617,1532,185,2,118.55,237.10
4618,1532,228,3,148.63,445.89
4619,1532,335,1,117.27,117.27
4620,1533,128,3,1363.48,4090.44
4621,1533,47,1,100.93,100.93
4622,1533,223,4,467.04,1868.16
4623,1534,72,4,201.58,806.32
4624,1534,200,3,51.39,154.17
4625,1534,48,3,124.35,373.05
4626,1535,84,2,214.78,429.56
4627,1535,268,2,186.90,373.80
4628,1535,35,4,166.21,664.84
4629,1536,153,2,41.42,82.84
4630,1536,12,3,423.08,1269.24
4631,1536,10,4,42.91,171.64
4632,1537,252,4,576.27,2305.08
4633,1537,26,2,979.66,1959.32
4634,1537,139,2,392.73,785.46
4635,1538,208,2,5119.77,10239.54
4636,1538,307,1,195.28,195.28
4637,1538,132,3,152.84,458.52
4638,1539,188,3,50.01,150.03
4639,1539,197,2,111.56,223.12
4640,1539,67,2,663.51,1327.02
4641,1540,65,3,114.10,342.30
4642,1540,107,2,136.14,272.28
4643,1540,2,2,54.72,109.44
4644,1541,100,3,912.50,2737.50
4645,1541,108,2,368.57,737.14
4646,1541,234,3,157.34,472.02
4647,1542,159,1,176.40,176.40
4648,1542,77,4,90.53,362.12
4649,1542,256,2,255.06,510.12
4650,1543,14,3,430.90,1292.70
4651,1543,157,2,2380.02,4760.04
4652,1543,298,2,103.05,206.10
4653,1544,306,2,184.88,369.76
4654,1544,73,2,550.57,1101.14
4655,1544,194,2,136.81,273.62
4656,1545,29,1,74.94,74.94
4657,1545,315,1,69.11,69.11
4658,1545,93,1,73.99,73.99
4659,1546,18,4,4347.52,17390.08
4660,1546,3,2,108.77,217.54
4661,1546,327,4,91.25,365.00
4662,1547,270,4,777.12,3108.48
4663,1547,205,4,92.31,369.24
4664,1547,249,4,333.60,1334.40
4665,1548,295,2,207.06,414.12
4666,1548,3,1,108.77,108.77
4667,1548,96,1,171.36,171.36
4668,1549,124,3,201.32,603.96
4669,1549,275,3,110.46,331.38
4670,1549,128,1,1363.48,1363.48
4671,1550,198,2,124.56,249.12
4672,1550,45,2,5111.42,10222.84
4673,1550,20,4,49.24,196.96
4674,1551,209,1,299.28,299.28
4675,1551,142,1,544.13,544.13
4676,1551,263,4,82.89,331.56
4677,1552,319,2,129.86,259.72
4678,1552,134,4,261.22,1044.88
4679,1552,108,1,368.57,368.57
4680,1553,212,4,1815.77,7263.08
4681,1553,103,4,88.38,353.52
4682,1553,192,1,365.72,365.72
4683,1554,209,4,299.28,1197.12
4684,1554,165,1,257.39,257.39
4685,1554,299,4,57.14,228.56
4686,1555,34,2,5015.04,10030.08
4687,1555,155,3,80.38,241.14
4688,1555,235,4,1867.81,7471.24
4689,1556,94,3,61.84,185.52
4690,1556,297,3,83.28,249.84
4691,1556,199,2,122.30,244.60
4692,1557,205,1,92.31,92.31
4693,1557,235,2,1867.81,3735.62
4694,1557,271,3,1470.33,4410.99
4695,1558,300,1,39.77,39.77
4696,1558,271,4,1470.33,5881.32
4697,1558,275,1,110.46,110.46
4698,1559,70,1,79.39,79.39
4699,1559,72,3,201.58,604.74
4700,1559,34,1,5015.04,5015.04
4701,1560,24,4,136.38,545.52
4702,1560,153,2,41.42,82.84
4703,1560,298,3,103.05,309.15
4704,1561,236,1,54.07,54.07
4705,1561,132,1,152.84,152.84
4706,1561,248,1,4473.97,4473.97
4707,1562,170,1,845.55,845.55
4708,1562,62,1,56.51,56.51
4709,1562,134,3,261.22,783.66
4710,1563,64,4,72.56,290.24
4711,1563,182,1,312.02,312.02
4712,1563,147,1,143.83,143.83
4713,1564,192,1,365.72,365.72
4714,1564,287,2,553.36,1106.72
4715,1564,256,2,255.06,510.12
4716,1565,331,2,54.96,109.92
4717,1565,316,4,110.67,442.68
4718,1565,102,3,39.38,118.14
4719,1566,335,2,117.27,234.54
4720,1566,188,1,50.01,50.01
4721,1566,211,1,391.93,391.93
4722,1567,159,1,176.40,176.40
4723,1567,298,3,103.05,309.15
4724,1567,149,4,63.35,253.40
4725,1568,308,1,143.10,143.10
4726,1568,202,4,109.28,437.12
4727,1568,172,1,53.49,53.49
4728,1569,159,4,176.40,705.60
4729,1569,278,1,405.40,405.40
4730,1569,127,4,242.46,969.84
4731,1570,108,3,368.57,1105.71
4732,1570,325,1,108.41,108.41
4733,1570,287,4,553.36,2213.44
4734,1571,139,4,392.73,1570.92
4735,1571,275,3,110.46,331.38
4736,1571,285,4,6751.40,27005.60
4737,1572,311,1,32.45,32.45
4738,1572,117,2,795.33,1590.66
4739,1572,162,3,803.06,2409.18
4740,1573,291,4,25.62,102.48
4741,1573,65,4,114.10,456.40
4742,1573,263,4,82.89,331.56
4743,1574,330,2,120.68,241.36
4744,1574,288,4,236.80,947.20
4745,1574,12,1,423.08,423.08
4746,1575,88,4,92.09,368.36
4747,1575,126,2,105.42,210.84
4748,1575,271,1,1470.33,1470.33
4749,1576,219,1,662.92,662.92
4750,1576,205,1,92.31,92.31
4751,1576,161,3,258.97,776.91
4752,1577,320,4,125.31,501.24
4753,1577,333,2,167.16,334.32
4754,1577,17,1,189.07,189.07
4755,1578,225,1,267.00,267.00
4756,1578,321,1,105.04,105.04
4757,1578,145,1,369.80,369.80
4758,1579,118,4,123.08,492.32
4759,1579,131,2,151.63,303.26
4760,1579,20,4,49.24,196.96
4761,1580,44,3,86.79,260.37
4762,1580,99,1,4229.74,4229.74
4763,1580,284,3,33.21,99.63
4764,1581,184,4,103.83,415.32
4765,1581,182,3,312.02,936.06
4766,1581,231,1,170.32,170.32
4767,1582,223,4,467.04,1868.16
4768,1582,39,3,265.80,797.40
4769,1582,92,1,243.24,243.24
4770,1583,113,3,545.60,1636.80
4771,1583,136,2,407.27,814.54
4772,1583,93,1,73.99,73.99
4773,1584,324,3,183.99,551.97
4774,1584,293,1,9518.10,9518.10
4775,1584,34,4,5015.04,20060.16
4776,1585,307,3,195.28,585.84
4777,1585,231,1,170.32,170.32
4778,1585,86,3,137.39,412.17
4779,1586,227,3,154.78,464.34
4780,1586,54,3,73.34,220.02
4781,1586,186,3,324.89,974.67
4782,1587,304,4,121.41,485.64
4783,1587,54,4,73.34,293.36
4784,1587,314,3,28.97,86.91
4785,1588,206,2,125.45,250.90
4786,1588,256,3,255.06,765.18
4787,1588,192,4,365.72,1462.88
4788,1589,319,3,129.86,389.58
4789,1589,52,2,36.58,73.16
4790,1589,135,3,176.88,530.64
4791,1590,172,1,53.49,53.49
4792,1590,330,1,120.68,120.68
4793,1590,99,1,4229.74,4229.74
4794,1591,77,3,90.53,271.59
4795,1591,173,1,101.46,101.46
4796,1591,102,3,39.38,118.14
4797,1592,57,3,425.93,1277.79
4798,1592,302,1,17.70,17.70
4799,1592,118,1,123.08,123.08
4800,1593,170,3,845.55,2536.65
4801,1593,52,1,36.58,36.58
4802,1593,197,2,111.56,223.12
4803,1594,5,1,312.42,312.42
4804,1594,189,3,87.00,261.00
4805,1594,232,2,117.39,234.78
4806,1595,308,4,143.10,572.40
4807,1595,192,3,365.72,1097.16
4808,1595,143,4,55.35,221.40
4809,1596,186,4,324.89,1299.56
4810,1596,258,1,57.78,57.78
4811,1596,316,2,110.67,221.34
4812,1597,313,3,49.11,147.33
4813,1597,32,4,604.32,2417.28
4814,1597,71,3,81.12,243.36
4815,1598,122,4,130.97,523.88
4816,1598,119,3,329.12,987.36
4817,1598,41,2,82.03,164.06
4818,1599,154,2,174.02,348.04
4819,1599,136,2,407.27,814.54
4820,1599,14,1,430.90,430.90
4821,1600,279,2,41.73,83.46
4822,1600,257,2,77.56,155.12
4823,1600,325,2,108.41,216.82
4824,1601,252,1,576.27,576.27
4825,1601,10,3,42.91,128.73
4826,1601,110,2,81.80,163.60
4827,1602,122,4,130.97,523.88
4828,1602,242,1,798.53,798.53
4829,1602,47,3,100.93,302.79
4830,1603,171,4,49.52,198.08
4831,1603,262,4,177.88,711.52
4832,1603,36,4,184.31,737.24
4833,1604,5,3,312.42,937.26
4834,1604,42,3,288.25,864.75
4835,1604,87,1,116.31,116.31
4836,1605,251,2,87.96,175.92
4837,1605,186,3,324.89,974.67
4838,1605,194,3,136.81,410.43
4839,1606,8,3,92.31,276.93
4840,1606,267,4,276.85,1107.40
4841,1606,90,1,226.17,226.17
4842,1607,136,1,407.27,407.27
4843,1607,129,4,120.28,481.12
4844,1607,231,3,170.32,510.96
4845,1608,237,2,188.93,377.86
4846,1608,17,1,189.07,189.07
4847,1608,121,3,376.95,1130.85
4848,1609,116,2,86.77,173.54
4849,1609,162,3,803.06,2409.18
4850,1609,335,4,117.27,469.08
4851,1610,282,2,314.44,628.88
4852,1610,180,3,206.84,620.52
4853,1610,258,1,57.78,57.78
4854,1611,205,3,92.31,276.93
4855,1611,133,1,153.60,153.60
4856,1611,239,4,642.80,2571.20
4857,1612,176,3,204.81,614.43
4858,1612,148,3,640.43,1921.29
4859,1612,327,4,91.25,365.00
4860,1613,38,4,2984.65,11938.60
4861,1613,61,3,175.93,527.79
4862,1613,131,2,151.63,303.26
4863,1614,192,3,365.72,1097.16
4864,1614,31,2,79.21,158.42
4865,1614,261,3,61.79,185.37
4866,1615,89,3,185.24,555.72
4867,1615,117,1,795.33,795.33
4868,1615,178,3,110.15,330.45
4869,1616,42,3,288.25,864.75
4870,1616,59,3,1165.61,3496.83
4871,1616,267,2,276.85,553.70
4872,1617,11,4,88.33,353.32
4873,1617,182,3,312.02,936.06
4874,1617,267,4,276.85,1107.40
4875,1618,8,2,92.31,184.62
4876,1618,190,1,4952.78,4952.78
4877,1618,80,1,180.81,180.81
4878,1619,185,1,118.55,118.55
4879,1619,99,2,4229.74,8459.48
4880,1619,293,1,9518.10,9518.10
4881,1620,330,4,120.68,482.72
4882,1620,223,1,467.04,467.04
4883,1620,97,2,201.04,402.08
4884,1621,180,2,206.84,413.68
4885,1621,75,3,63.53,190.59
4886,1621,53,4,26.41,105.64
4887,1622,300,1,39.77,39.77
4888,1622,309,3,132.91,398.73
4889,1622,304,2,121.41,242.82
4890,1623,276,2,1553.72,3107.44
4891,1623,225,4,267.00,1068.00
4892,1623,261,1,61.79,61.79
4893,1624,167,1,125.02,125.02
4894,1624,268,3,186.90,560.70
4895,1624,199,4,122.30,489.20
4896,1625,184,1,103.83,103.83
4897,1625,231,2,170.32,340.64
4898,1625,192,4,365.72,1462.88
4899,1626,133,1,153.60,153.60
4900,1626,126,3,105.42,316.26
4901,1626,119,2,329.12,658.24
4902,1627,226,1,106.24,106.24
4903,1627,67,2,663.51,1327.02
4904,1627,218,4,49.88,199.52
4905,1628,1,3,41.61,124.83
4906,1628,194,1,136.81,136.81
4907,1628,72,1,201.58,201.58
4908,1629,1,3,41.61,124.83
4909,1629,176,2,204.81,409.62
4910,1629,185,4,118.55,474.20
4911,1630,309,3,132.91,398.73
4912,1630,196,4,68.93,275.72
4913,1630,62,1,56.51,56.51
4914,1631,190,4,4952.78,19811.12
4915,1631,277,1,198.38,198.38
4916,1631,160,1,103.53,103.53
4917,1632,252,2,576.27,1152.54
4918,1632,322,2,161.49,322.98
4919,1632,121,3,376.95,1130.85
4920,1633,62,1,56.51,56.51
4921,1633,110,4,81.80,327.20
4922,1633,47,3,100.93,302.79
4923,1634,165,2,257.39,514.78
4924,1634,151,3,52.78,158.34
4925,1634,320,1,125.31,125.31
4926,1635,104,1,2507.07,2507.07
4927,1635,67,3,663.51,1990.53
4928,1635,103,3,88.38,265.14
4929,1636,27,2,485.13,970.26
4930,1636,225,2,267.00,534.00
4931,1636,2,4,54.72,218.88
4932,1637,53,4,26.41,105.64
4933,1637,138,2,75.42,150.84
4934,1637,285,1,6751.40,6751.40
4935,1638,104,1,2507.07,2507.07
4936,1638,248,3,4473.97,13421.91
4937,1638,42,1,288.25,288.25
4938,1639,319,1,129.86,129.86
4939,1639,242,4,798.53,3194.12
4940,1639,137,3,197.81,593.43
4941,1640,232,4,117.39,469.56
4942,1640,196,3,68.93,206.79
4943,1640,240,4,26.71,106.84
4944,1641,222,4,106.41,425.64
4945,1641,324,3,183.99,551.97
4946,1641,89,4,185.24,740.96
4947,1642,303,2,199.54,399.08
4948,1642,284,4,33.21,132.84
4949,1642,220,4,38.34,153.36
4950,1643,211,1,391.93,391.93
4951,1643,70,3,79.39,238.17
4952,1643,171,3,49.52,148.56
4953,1644,284,1,33.21,33.21
4954,1644,279,4,41.73,166.92
4955,1644,238,1,108.52,108.52
4956,1645,99,2,4229.74,8459.48
4957,1645,149,2,63.35,126.70
4958,1645,217,3,324.83,974.49
4959,1646,225,4,267.00,1068.00
4960,1646,229,1,182.92,182.92
4961,1646,277,1,198.38,198.38
4962,1647,31,3,79.21,237.63
4963,1647,90,2,226.17,452.34
4964,1647,176,2,204.81,409.62
4965,1648,77,1,90.53,90.53
4966,1648,186,1,324.89,324.89
4967,1648,305,1,18.21,18.21
4968,1649,203,1,59.44,59.44
4969,1649,148,1,640.43,640.43
4970,1649,212,4,1815.77,7263.08
4971,1650,71,1,81.12,81.12
4972,1650,70,4,79.39,317.56
4973,1650,160,1,103.53,103.53
4974,1651,300,2,39.77,79.54
4975,1651,56,1,408.87,408.87
4976,1651,28,4,30.65,122.60
4977,1652,139,4,392.73,1570.92
4978,1652,195,3,46.99,140.97
4979,1652,38,2,2984.65,5969.30
4980,1653,155,3,80.38,241.14
4981,1653,46,1,64.02,64.02
4982,1653,254,4,196.52,786.08
4983,1654,87,2,116.31,232.62
4984,1654,223,3,467.04,1401.12
4985,1654,204,3,362.70,1088.10
4986,1655,306,1,184.88,184.88
4987,1655,223,4,467.04,1868.16
4988,1655,253,4,32.75,131.00
4989,1656,179,3,367.91,1103.73
4990,1656,59,4,1165.61,4662.44
4991,1656,199,1,122.30,122.30
4992,1657,103,2,88.38,176.76
4993,1657,268,1,186.90,186.90
4994,1657,27,4,485.13,1940.52
4995,1658,43,4,930.93,3723.72
4996,1658,34,3,5015.04,15045.12
4997,1658,239,2,642.80,1285.60
4998,1659,297,3,83.28,249.84
4999,1659,55,1,361.92,361.92
5000,1659,286,1,65.95,65.95
5001,1660,31,3,79.21,237.63
5002,1660,116,3,86.77,260.31
5003,1660,271,4,1470.33,5881.32
5004,1661,99,4,4229.74,16918.96
5005,1661,24,2,136.38,272.76
5006,1661,323,3,43.39,130.17
5007,1662,25,1,70.53,70.53
5008,1662,86,4,137.39,549.56
5009,1662,190,4,4952.78,19811.12
5010,1663,307,1,195.28,195.28
5011,1663,47,2,100.93,201.86
5012,1663,59,1,1165.61,1165.61
5013,1664,187,4,53.46,213.84
5014,1664,98,2,116.76,233.52
5015,1664,294,2,133.99,267.98
5016,1665,331,1,54.96,54.96
5017,1665,183,1,229.08,229.08
5018,1665,17,4,189.07,756.28
5019,1666,319,2,129.86,259.72
5020,1666,184,1,103.83,103.83
5021,1666,150,4,223.54,894.16
5022,1667,246,4,42.72,170.88
5023,1667,88,3,92.09,276.27
5024,1667,323,2,43.39,86.78
5025,1668,289,2,37.80,75.60
5026,1668,256,1,255.06,255.06
5027,1668,306,2,184.88,369.76
5028,1669,140,1,558.26,558.26
5029,1669,289,1,37.80,37.80
5030,1669,168,4,84.08,336.32
5031,1670,136,3,407.27,1221.81
5032,1670,36,1,184.31,184.31
5033,1670,47,4,100.93,403.72
5034,1671,253,3,32.75,98.25
5035,1671,131,2,151.63,303.26
5036,1671,91,4,103.05,412.20
5037,1672,248,3,4473.97,13421.91
5038,1672,145,4,369.80,1479.20
5039,1672,97,1,201.04,201.04
5040,1673,290,3,744.49,2233.47
5041,1673,307,3,195.28,585.84
5042,1673,122,2,130.97,261.94
5043,1674,331,2,54.96,109.92
5044,1674,6,2,536.76,1073.52
5045,1674,303,1,199.54,199.54
5046,1675,11,4,88.33,353.32
5047,1675,21,4,37.53,150.12
5048,1675,105,4,63.28,253.12
5049,1676,167,4,125.02,500.08
5050,1676,145,3,369.80,1109.40
5051,1676,236,3,54.07,162.21
5052,1677,187,2,53.46,106.92
5053,1677,161,2,258.97,517.94
5054,1677,101,2,156.57,313.14
5055,1678,273,3,173.28,519.84
5056,1678,195,2,46.99,93.98
5057,1678,149,1,63.35,63.35
5058,1679,43,4,930.93,3723.72
5059,1679,296,3,101.13,303.39
5060,1679,212,3,1815.77,5447.31
5061,1680,124,3,201.32,603.96
5062,1680,226,4,106.24,424.96
5063,1680,105,1,63.28,63.28
5064,1681,45,2,5111.42,10222.84
5065,1681,251,2,87.96,175.92
5066,1681,117,2,795.33,1590.66
5067,1682,217,2,324.83,649.66
5068,1682,249,2,333.60,667.20
5069,1682,54,3,73.34,220.02
5070,1683,210,4,107.66,430.64
5071,1683,61,1,175.93,175.93
5072,1683,162,3,803.06,2409.18
5073,1684,267,4,276.85,1107.40
5074,1684,4,3,70.68,212.04
5075,1684,266,2,379.02,758.04
5076,1685,153,2,41.42,82.84
5077,1685,220,2,38.34,76.68
5078,1685,27,1,485.13,485.13
5079,1686,68,3,416.05,1248.15
5080,1686,155,1,80.38,80.38
5081,1686,32,2,604.32,1208.64
5082,1687,93,1,73.99,73.99
5083,1687,138,1,75.42,75.42
5084,1687,71,3,81.12,243.36
5085,1688,147,1,143.83,143.83
5086,1688,201,3,83.06,249.18
5087,1688,241,2,237.51,475.02
5088,1689,20,1,49.24,49.24
5089,1689,162,2,803.06,1606.12
5090,1689,104,1,2507.07,2507.07
5091,1690,45,4,5111.42,20445.68
5092,1690,29,2,74.94,149.88
5093,1690,130,1,261.07,261.07
5094,1691,16,4,82.24,328.96
5095,1691,180,4,206.84,827.36
5096,1691,130,2,261.07,522.14
5097,1692,331,3,54.96,164.88
5098,1692,200,4,51.39,205.56
5099,1692,167,4,125.02,500.08
5100,1693,332,1,122.23,122.23
5101,1693,146,2,364.03,728.06
5102,1693,258,4,57.78,231.12
5103,1694,249,2,333.60,667.20
5104,1694,319,4,129.86,519.44
5105,1694,175,1,239.58,239.58
5106,1695,251,1,87.96,87.96
5107,1695,254,4,196.52,786.08
5108,1695,77,1,90.53,90.53
5109,1696,240,2,26.71,53.42
5110,1696,55,3,361.92,1085.76
5111,1696,335,2,117.27,234.54
5112,1697,287,1,553.36,553.36
5113,1697,141,3,482.39,1447.17
5114,1697,190,4,4952.78,19811.12
5115,1698,30,3,165.44,496.32
5116,1698,292,3,40.52,121.56
5117,1698,130,4,261.07,1044.28
5118,1699,39,4,265.80,1063.20
5119,1699,232,4,117.39,469.56
5120,1699,29,2,74.94,149.88
5121,1700,278,3,405.40,1216.20
5122,1700,257,3,77.56,232.68
5123,1700,58,2,158.45,316.90
5124,1701,21,1,37.53,37.53
5125,1701,111,1,215.02,215.02
5126,1701,97,1,201.04,201.04
5127,1702,152,1,133.94,133.94
5128,1702,135,1,176.88,176.88
5129,1702,174,3,93.41,280.23
5130,1703,214,2,522.07,1044.14
5131,1703,133,3,153.60,460.80
5132,1703,329,1,124.79,124.79
5133,1704,74,4,306.84,1227.36
5134,1704,185,4,118.55,474.20
5135,1704,226,4,106.24,424.96
5136,1705,157,4,2380.02,9520.08
5137,1705,150,2,223.54,447.08
5138,1705,12,3,423.08,1269.24
5139,1706,1,3,41.61,124.83
5140,1706,259,3,37.26,111.78
5141,1706,41,3,82.03,246.09
5142,1707,170,1,845.55,845.55
5143,1707,299,3,57.14,171.42
5144,1707,245,2,75.04,150.08
5145,1708,252,1,576.27,576.27
5146,1708,120,1,532.02,532.02
5147,1708,277,3,198.38,595.14
5148,1709,167,4,125.02,500.08
5149,1709,203,2,59.44,118.88
5150,1709,205,4,92.31,369.24
5151,1710,302,4,17.70,70.80
5152,1710,197,1,111.56,111.56
5153,1710,164,1,259.43,259.43
5154,1711,106,2,502.86,1005.72
5155,1711,315,4,69.11,276.44
5156,1711,172,3,53.49,160.47
5157,1712,125,2,319.28,638.56
5158,1712,305,3,18.21,54.63
5159,1712,141,2,482.39,964.78
5160,1713,261,4,61.79,247.16
5161,1713,185,2,118.55,237.10
5162,1713,178,3,110.15,330.45
5163,1714,63,4,176.42,705.68
5164,1714,61,1,175.93,175.93
5165,1714,178,2,110.15,220.30
5166,1715,97,1,201.04,201.04
5167,1715,18,4,4347.52,17390.08
5168,1715,98,1,116.76,116.76
5169,1716,15,4,602.60,2410.40
5170,1716,44,1,86.79,86.79
5171,1716,300,3,39.77,119.31
5172,1717,100,4,912.50,3650.00
5173,1717,292,4,40.52,162.08
5174,1717,301,4,136.93,547.72
5175,1718,289,1,37.80,37.80
5176,1718,240,3,26.71,80.13
5177,1718,88,3,92.09,276.27
5178,1719,157,1,2380.02,2380.02
5179,1719,1,3,41.61,124.83
5180,1719,305,3,18.21,54.63
5181,1720,223,2,467.04,934.08
5182,1720,252,2,576.27,1152.54
5183,1720,7,4,158.64,634.56
5184,1721,227,1,154.78,154.78
5185,1721,7,4,158.64,634.56
5186,1721,211,2,391.93,783.86
5187,1722,204,3,362.70,1088.10
5188,1722,261,1,61.79,61.79
5189,1722,113,4,545.60,2182.40
5190,1723,49,3,109.83,329.49
5191,1723,308,4,143.10,572.40
5192,1723,295,2,207.06,414.12
5193,1724,240,1,26.71,26.71
5194,1724,328,4,180.51,722.04
5195,1724,165,1,257.39,257.39
5196,1725,112,3,97.46,292.38
5197,1725,271,1,1470.33,1470.33
5198,1725,308,1,143.10,143.10
5199,1726,182,4,312.02,1248.08
5200,1726,40,3,62.79,188.37
5201,1726,197,1,111.56,111.56
5202,1727,270,1,777.12,777.12
5203,1727,304,1,121.41,121.41
5204,1727,144,2,1176.11,2352.22
5205,1728,12,2,423.08,846.16
5206,1728,332,1,122.23,122.23
5207,1728,195,2,46.99,93.98
5208,1729,44,4,86.79,347.16
5209,1729,148,3,640.43,1921.29
5210,1729,209,4,299.28,1197.12
5211,1730,140,4,558.26,2233.04
5212,1730,171,3,49.52,148.56
5213,1730,95,1,198.29,198.29
5214,1731,145,1,369.80,369.80
5215,1731,254,3,196.52,589.56
5216,1731,216,1,27.57,27.57
5217,1732,86,1,137.39,137.39
5218,1732,19,3,79.80,239.40
5219,1732,221,1,484.99,484.99
5220,1733,152,1,133.94,133.94
5221,1733,32,3,604.32,1812.96
5222,1733,139,1,392.73,392.73
5223,1734,174,2,93.41,186.82
5224,1734,91,4,103.05,412.20
5225,1734,43,2,930.93,1861.86
5226,1735,74,2,306.84,613.68
5227,1735,24,1,136.38,136.38
5228,1735,302,3,17.70,53.10
5229,1736,141,3,482.39,1447.17
5230,1736,63,2,176.42,352.84
5231,1736,310,4,106.27,425.08
5232,1737,278,3,405.40,1216.20
5233,1737,171,4,49.52,198.08
5234,1737,105,3,63.28,189.84
5235,1738,227,3,154.78,464.34
5236,1738,21,3,37.53,112.59
5237,1738,302,3,17.70,53.10
5238,1739,105,1,63.28,63.28
5239,1739,98,3,116.76,350.28
5240,1739,280,2,154.65,309.30
5241,1740,69,4,206.85,827.40
5242,1740,157,4,2380.02,9520.08
5243,1740,299,4,57.14,228.56
5244,1741,158,2,210.26,420.52
5245,1741,97,4,201.04,804.16
5246,1741,333,3,167.16,501.48
5247,1742,133,2,153.60,307.20
5248,1742,9,3,1355.55,4066.65
5249,1742,105,4,63.28,253.12
5250,1743,135,2,176.88,353.76
5251,1743,229,3,182.92,548.76
5252,1743,311,3,32.45,97.35
5253,1744,200,3,51.39,154.17
5254,1744,15,4,602.60,2410.40
5255,1744,32,4,604.32,2417.28
5256,1745,32,2,604.32,1208.64
5257,1745,279,3,41.73,125.19
5258,1745,249,4,333.60,1334.40
5259,1746,5,2,312.42,624.84
5260,1746,221,1,484.99,484.99
5261,1746,183,3,229.08,687.24
5262,1747,204,1,362.70,362.70
5263,1747,156,4,138.39,553.56
5264,1747,271,4,1470.33,5881.32
5265,1748,218,1,49.88,49.88
5266,1748,318,3,27.43,82.29
5267,1748,77,2,90.53,181.06
5268,1749,325,3,108.41,325.23
5269,1749,184,3,103.83,311.49
5270,1749,331,1,54.96,54.96
5271,1750,95,4,198.29,793.16
5272,1750,26,1,979.66,979.66
5273,1750,218,2,49.88,99.76
5274,1751,174,3,93.41,280.23
5275,1751,253,2,32.75,65.50
5276,1751,186,4,324.89,1299.56
5277,1752,93,2,73.99,147.98
5278,1752,306,1,184.88,184.88
5279,1752,296,1,101.13,101.13
5280,1753,55,3,361.92,1085.76
5281,1753,155,4,80.38,321.52
5282,1753,16,3,82.24,246.72
5283,1754,116,4,86.77,347.08
5284,1754,19,4,79.80,319.20
5285,1754,166,4,122.59,490.36
5286,1755,195,2,46.99,93.98
5287,1755,252,2,576.27,1152.54
5288,1755,17,1,189.07,189.07
5289,1756,332,2,122.23,244.46
5290,1756,271,2,1470.33,2940.66
5291,1756,181,4,181.57,726.28
5292,1757,69,4,206.85,827.40
5293,1757,234,3,157.34,472.02
5294,1757,318,2,27.43,54.86
5295,1758,228,2,148.63,297.26
5296,1758,297,1,83.28,83.28
5297,1758,248,1,4473.97,4473.97
5298,1759,131,4,151.63,606.52
5299,1759,174,1,93.41,93.41
5300,1759,278,3,405.40,1216.20
5301,1760,237,2,188.93,377.86
5302,1760,7,3,158.64,475.92
5303,1760,238,1,108.52,108.52
5304,1761,197,3,111.56,334.68
5305,1761,122,2,130.97,261.94
5306,1761,47,3,100.93,302.79
5307,1762,6,4,536.76,2147.04
5308,1762,10,1,42.91,42.91
5309,1762,235,3,1867.81,5603.43
5310,1763,217,1,324.83,324.83
5311,1763,36,1,184.31,184.31
5312,1763,209,3,299.28,897.84
5313,1764,31,4,79.21,316.84
5314,1764,50,2,293.39,586.78
5315,1764,252,2,576.27,1152.54
5316,1765,43,2,930.93,1861.86
5317,1765,12,2,423.08,846.16
5318,1765,186,3,324.89,974.67
5319,1766,172,2,53.49,106.98
5320,1766,29,1,74.94,74.94
5321,1766,191,4,217.48,869.92
5322,1767,185,3,118.55,355.65
5323,1767,46,1,64.02,64.02
5324,1767,65,2,114.10,228.20
5325,1768,117,2,795.33,1590.66
5326,1768,290,2,744.49,1488.98
5327,1768,201,4,83.06,332.24
5328,1769,214,1,522.07,522.07
5329,1769,209,3,299.28,897.84
5330,1769,98,2,116.76,233.52
5331,1770,104,4,2507.07,10028.28
5332,1770,94,4,61.84,247.36
5333,1770,26,4,979.66,3918.64
5334,1771,252,3,576.27,1728.81
5335,1771,31,4,79.21,316.84
5336,1771,58,4,158.45,633.80
5337,1772,243,2,471.30,942.60
5338,1772,189,4,87.00,348.00
5339,1772,175,4,239.58,958.32
5340,1773,145,3,369.80,1109.40
5341,1773,7,1,158.64,158.64
5342,1773,303,1,199.54,199.54
5343,1774,9,1,1355.55,1355.55
5344,1774,126,4,105.42,421.68
5345,1774,186,3,324.89,974.67
5346,1775,13,4,44.19,176.76
5347,1775,315,3,69.11,207.33
5348,1775,248,2,4473.97,8947.94
5349,1776,251,1,87.96,87.96
5350,1776,188,3,50.01,150.03
5351,1776,201,3,83.06,249.18
5352,1777,243,2,471.30,942.60
5353,1777,262,2,177.88,355.76
5354,1777,176,4,204.81,819.24
5355,1778,69,4,206.85,827.40
5356,1778,248,4,4473.97,17895.88
5357,1778,95,4,198.29,793.16
5358,1779,12,4,423.08,1692.32
5359,1779,48,4,124.35,497.40
5360,1779,161,1,258.97,258.97
5361,1780,230,3,64.40,193.20
5362,1780,217,3,324.83,974.49
5363,1780,198,1,124.56,124.56
5364,1781,208,3,5119.77,15359.31
5365,1781,28,3,30.65,91.95
5366,1781,3,3,108.77,326.31
5367,1782,86,1,137.39,137.39
5368,1782,176,2,204.81,409.62
5369,1782,150,4,223.54,894.16
5370,1783,210,2,107.66,215.32
5371,1783,276,2,1553.72,3107.44
5372,1783,172,2,53.49,106.98
5373,1784,121,3,376.95,1130.85
5374,1784,136,1,407.27,407.27
5375,1784,235,2,1867.81,3735.62
5376,1785,14,1,430.90,430.90
5377,1785,78,1,252.79,252.79
5378,1785,7,4,158.64,634.56
5379,1786,7,2,158.64,317.28
5380,1786,10,3,42.91,128.73
5381,1786,91,4,103.05,412.20
5382,1787,287,4,553.36,2213.44
5383,1787,282,2,314.44,628.88
5384,1787,149,2,63.35,126.70
5385,1788,10,1,42.91,42.91
5386,1788,68,3,416.05,1248.15
5387,1788,35,2,166.21,332.42
5388,1789,203,4,59.44,237.76
5389,1789,172,2,53.49,106.98
5390,1789,145,1,369.80,369.80
5391,1790,138,2,75.42,150.84
5392,1790,245,1,75.04,75.04
5393,1790,81,2,24.00,48.00
5394,1791,30,2,165.44,330.88
5395,1791,222,1,106.41,106.41
5396,1791,220,4,38.34,153.36
5397,1792,57,2,425.93,851.86
5398,1792,306,1,184.88,184.88
5399,1792,17,3,189.07,567.21
5400,1793,92,3,243.24,729.72
5401,1793,213,3,231.12,693.36
5402,1793,317,3,85.93,257.79
5403,1794,157,3,2380.02,7140.06
5404,1794,328,3,180.51,541.53
5405,1794,22,3,709.66,2128.98
5406,1795,78,3,252.79,758.37
5407,1795,40,3,62.79,188.37
5408,1795,264,2,1374.60,2749.20
5409,1796,109,4,21.64,86.56
5410,1796,114,3,59.81,179.43
5411,1796,57,3,425.93,1277.79
5412,1797,239,3,642.80,1928.40
5413,1797,307,3,195.28,585.84
5414,1797,328,4,180.51,722.04
5415,1798,304,3,121.41,364.23
5416,1798,87,2,116.31,232.62
5417,1798,199,1,122.30,122.30
5418,1799,100,4,912.50,3650.00
5419,1799,50,3,293.39,880.17
5420,1799,211,3,391.93,1175.79
5421,1800,97,2,201.04,402.08
5422,1800,294,4,133.99,535.96
5423,1800,143,4,55.35,221.40
5424,1801,146,4,364.03,1456.12
5425,1801,175,4,239.58,958.32
5426,1801,136,2,407.27,814.54
5427,1802,1,2,41.61,83.22
5428,1802,189,1,87.00,87.00
5429,1802,44,2,86.79,173.58
5430,1803,195,4,46.99,187.96
5431,1803,33,2,618.92,1237.84
5432,1803,171,4,49.52,198.08
5433,1804,59,3,1165.61,3496.83
5434,1804,159,1,176.40,176.40
5435,1804,208,3,5119.77,15359.31
5436,1805,155,2,80.38,160.76
5437,1805,197,4,111.56,446.24
5438,1805,227,2,154.78,309.56
5439,1806,14,4,430.90,1723.60
5440,1806,324,4,183.99,735.96
5441,1806,141,2,482.39,964.78
5442,1807,174,2,93.41,186.82
5443,1807,88,4,92.09,368.36
5444,1807,95,2,198.29,396.58
5445,1808,149,3,63.35,190.05
5446,1808,181,2,181.57,363.14
5447,1808,243,4,471.30,1885.20
5448,1809,291,2,25.62,51.24
5449,1809,153,2,41.42,82.84
5450,1809,309,1,132.91,132.91
5451,1810,88,4,92.09,368.36
5452,1810,327,1,91.25,91.25
5453,1810,221,3,484.99,1454.97
5454,1811,193,4,9668.18,38672.72
5455,1811,213,4,231.12,924.48
5456,1811,272,1,77.63,77.63
5457,1812,1,2,41.61,83.22
5458,1812,298,3,103.05,309.15
5459,1812,231,2,170.32,340.64
5460,1813,235,1,1867.81,1867.81
5461,1813,23,2,477.55,955.10
5462,1813,241,4,237.51,950.04
5463,1814,1,2,41.61,83.22
5464,1814,90,3,226.17,678.51
5465,1814,138,1,75.42,75.42
5466,1815,29,3,74.94,224.82
5467,1815,134,1,261.22,261.22
5468,1815,262,4,177.88,711.52
5469,1816,302,3,17.70,53.10
5470,1816,51,2,223.70,447.40
5471,1816,114,2,59.81,119.62
5472,1817,40,2,62.79,125.58
5473,1817,327,4,91.25,365.00
5474,1817,11,2,88.33,176.66
5475,1818,326,2,127.79,255.58
5476,1818,222,2,106.41,212.82
5477,1818,318,2,27.43,54.86
5478,1819,168,2,84.08,168.16
5479,1819,80,4,180.81,723.24
5480,1819,70,4,79.39,317.56
5481,1820,235,1,1867.81,1867.81
5482,1820,248,4,4473.97,17895.88
5483,1820,105,4,63.28,253.12
5484,1821,17,4,189.07,756.28
5485,1821,133,3,153.60,460.80
5486,1821,261,3,61.79,185.37
5487,1822,306,2,184.88,369.76
5488,1822,269,1,107.58,107.58
5489,1822,283,1,594.23,594.23
5490,1823,199,1,122.30,122.30
5491,1823,4,3,70.68,212.04
5492,1823,44,2,86.79,173.58
5493,1824,102,1,39.38,39.38
5494,1824,68,4,416.05,1664.20
5495,1824,110,2,81.80,163.60
5496,1825,76,1,49.74,49.74
5497,1825,214,2,522.07,1044.14
5498,1825,101,3,156.57,469.71
5499,1826,136,4,407.27,1629.08
5500,1826,47,4,100.93,403.72
5501,1826,57,4,425.93,1703.72
5502,1827,228,1,148.63,148.63
5503,1827,230,4,64.40,257.60
5504,1827,87,4,116.31,465.24
5505,1828,86,4,137.39,549.56
5506,1828,266,1,379.02,379.02
5507,1828,47,3,100.93,302.79
5508,1829,303,4,199.54,798.16
5509,1829,176,2,204.81,409.62
5510,1829,39,3,265.80,797.40
5511,1830,273,1,173.28,173.28
5512,1830,67,2,663.51,1327.02
5513,1830,148,4,640.43,2561.72
5514,1831,69,1,206.85,206.85
5515,1831,299,4,57.14,228.56
5516,1831,73,4,550.57,2202.28
5517,1832,77,4,90.53,362.12
5518,1832,315,2,69.11,138.22
5519,1832,274,1,72.47,72.47
5520,1833,172,3,53.49,160.47
5521,1833,36,1,184.31,184.31
5522,1833,283,1,594.23,594.23
5523,1834,273,3,173.28,519.84
5524,1834,24,1,136.38,136.38
5525,1834,30,4,165.44,661.76
5526,1835,287,1,553.36,553.36
5527,1835,261,1,61.79,61.79
5528,1835,213,1,231.12,231.12
5529,1836,104,1,2507.07,2507.07
5530,1836,111,4,215.02,860.08
5531,1836,85,4,279.78,1119.12
5532,1837,283,3,594.23,1782.69
5533,1837,34,4,5015.04,20060.16
5534,1837,223,4,467.04,1868.16
5535,1838,109,3,21.64,64.92
5536,1838,127,4,242.46,969.84
5537,1838,184,3,103.83,311.49
5538,1839,186,1,324.89,324.89
5539,1839,147,1,143.83,143.83
5540,1839,248,4,4473.97,17895.88
5541,1840,259,4,37.26,149.04
5542,1840,223,1,467.04,467.04
5543,1840,305,2,18.21,36.42
5544,1841,141,1,482.39,482.39
5545,1841,163,2,150.26,300.52
5546,1841,14,2,430.90,861.80
5547,1842,61,4,175.93,703.72
5548,1842,94,1,61.84,61.84
5549,1842,33,1,618.92,618.92
5550,1843,168,4,84.08,336.32
5551,1843,81,2,24.00,48.00
5552,1843,59,2,1165.61,2331.22
5553,1844,282,4,314.44,1257.76
5554,1844,15,4,602.60,2410.40
5555,1844,305,2,18.21,36.42
5556,1845,59,4,1165.61,4662.44
5557,1845,30,4,165.44,661.76
5558,1845,3,1,108.77,108.77
5559,1846,49,1,109.83,109.83
5560,1846,46,3,64.02,192.06
5561,1846,172,2,53.49,106.98
5562,1847,27,4,485.13,1940.52
5563,1847,239,4,642.80,2571.20
5564,1847,284,1,33.21,33.21
5565,1848,58,2,158.45,316.90
5566,1848,251,1,87.96,87.96
5567,1848,246,4,42.72,170.88
5568,1849,106,3,502.86,1508.58
5569,1849,147,2,143.83,287.66
5570,1849,275,4,110.46,441.84
5571,1850,233,1,107.91,107.91
5572,1850,225,4,267.00,1068.00
5573,1850,87,3,116.31,348.93
5574,1851,16,1,82.24,82.24
5575,1851,24,3,136.38,409.14
5576,1851,140,4,558.26,2233.04
5577,1852,284,3,33.21,99.63
5578,1852,295,2,207.06,414.12
5579,1852,281,1,34.70,34.70
5580,1853,212,4,1815.77,7263.08
5581,1853,267,2,276.85,553.70
5582,1853,325,4,108.41,433.64
5583,1854,110,2,81.80,163.60
5584,1854,46,1,64.02,64.02
5585,1854,269,3,107.58,322.74
5586,1855,94,1,61.84,61.84
5587,1855,126,1,105.42,105.42
5588,1855,208,4,5119.77,20479.08
5589,1856,294,2,133.99,267.98
5590,1856,302,2,17.70,35.40
5591,1856,155,2,80.38,160.76
5592,1857,105,3,63.28,189.84
5593,1857,157,1,2380.02,2380.02
5594,1857,16,1,82.24,82.24
5595,1858,45,1,5111.42,5111.42
5596,1858,29,1,74.94,74.94
5597,1858,218,3,49.88,149.64
5598,1859,130,4,261.07,1044.28
5599,1859,90,4,226.17,904.68
5600,1859,37,2,5435.24,10870.48
5601,1860,83,4,138.27,553.08
5602,1860,287,3,553.36,1660.08
5603,1860,168,2,84.08,168.16
5604,1861,257,2,77.56,155.12
5605,1861,20,4,49.24,196.96
5606,1861,3,2,108.77,217.54
5607,1862,228,1,148.63,148.63
5608,1862,150,3,223.54,670.62
5609,1862,201,4,83.06,332.24
5610,1863,312,1,25.20,25.20
5611,1863,131,3,151.63,454.89
5612,1863,217,2,324.83,649.66
5613,1864,243,2,471.30,942.60
5614,1864,106,3,502.86,1508.58
5615,1864,15,4,602.60,2410.40
5616,1865,244,1,70.80,70.80
5617,1865,121,4,376.95,1507.80
5618,1865,18,4,4347.52,17390.08
5619,1866,208,3,5119.77,15359.31
5620,1866,175,2,239.58,479.16
5621,1866,241,1,237.51,237.51
5622,1867,130,4,261.07,1044.28
5623,1867,33,1,618.92,618.92
5624,1867,34,4,5015.04,20060.16
5625,1868,171,4,49.52,198.08
5626,1868,279,3,41.73,125.19
5627,1868,120,1,532.02,532.02
5628,1869,178,2,110.15,220.30
5629,1869,323,2,43.39,86.78
5630,1869,115,1,559.60,559.60
5631,1870,9,4,1355.55,5422.20
5632,1870,206,2,125.45,250.90
5633,1870,51,3,223.70,671.10
5634,1871,208,2,5119.77,10239.54
5635,1871,16,4,82.24,328.96
5636,1871,3,3,108.77,326.31
5637,1872,260,2,95.74,191.48
5638,1872,304,1,121.41,121.41
5639,1872,49,4,109.83,439.32
5640,1873,259,1,37.26,37.26
5641,1873,156,3,138.39,415.17
5642,1873,54,1,73.34,73.34
5643,1874,42,4,288.25,1153.00
5644,1874,16,1,82.24,82.24
5645,1874,9,2,1355.55,2711.10
5646,1875,60,1,301.85,301.85
5647,1875,171,1,49.52,49.52
5648,1875,332,4,122.23,488.92
5649,1876,278,4,405.40,1621.60
5650,1876,282,4,314.44,1257.76
5651,1876,156,4,138.39,553.56
5652,1877,65,3,114.10,342.30
5653,1877,84,4,214.78,859.12
5654,1877,167,2,125.02,250.04
5655,1878,102,3,39.38,118.14
5656,1878,38,3,2984.65,8953.95
5657,1878,195,3,46.99,140.97
5658,1879,110,3,81.80,245.40
5659,1879,123,2,340.07,680.14
5660,1879,23,1,477.55,477.55
5661,1880,250,3,725.02,2175.06
5662,1880,81,2,24.00,48.00
5663,1880,191,1,217.48,217.48
5664,1881,18,3,4347.52,13042.56
5665,1881,317,3,85.93,257.79
5666,1881,175,4,239.58,958.32
5667,1882,73,1,550.57,550.57
5668,1882,165,4,257.39,1029.56
5669,1882,120,3,532.02,1596.06
5670,1883,118,3,123.08,369.24
5671,1883,327,1,91.25,91.25
5672,1883,207,3,62.51,187.53
5673,1884,322,3,161.49,484.47
5674,1884,181,2,181.57,363.14
5675,1884,141,1,482.39,482.39
5676,1885,133,1,153.60,153.60
5677,1885,261,3,61.79,185.37
5678,1885,317,4,85.93,343.72
5679,1886,333,3,167.16,501.48
5680,1886,127,1,242.46,242.46
5681,1886,206,1,125.45,125.45
5682,1887,134,2,261.22,522.44
5683,1887,154,1,174.02,174.02
5684,1887,10,3,42.91,128.73
5685,1888,134,1,261.22,261.22
5686,1888,313,2,49.11,98.22
5687,1888,11,4,88.33,353.32
5688,1889,21,2,37.53,75.06
5689,1889,254,1,196.52,196.52
5690,1889,183,2,229.08,458.16
5691,1890,322,3,161.49,484.47
5692,1890,75,3,63.53,190.59
5693,1890,199,3,122.30,366.90
5694,1891,46,4,64.02,256.08
5695,1891,200,3,51.39,154.17
5696,1891,122,4,130.97,523.88
5697,1892,73,1,550.57,550.57
5698,1892,281,1,34.70,34.70
5699,1892,140,4,558.26,2233.04
5700,1893,295,1,207.06,207.06
5701,1893,329,2,124.79,249.58
5702,1893,264,4,1374.60,5498.40
5703,1894,143,1,55.35,55.35
5704,1894,68,2,416.05,832.10
5705,1894,88,1,92.09,92.09
5706,1895,183,2,229.08,458.16
5707,1895,10,3,42.91,128.73
5708,1895,71,1,81.12,81.12
5709,1896,89,2,185.24,370.48
5710,1896,217,3,324.83,974.49
5711,1896,62,1,56.51,56.51
5712,1897,16,1,82.24,82.24
5713,1897,164,4,259.43,1037.72
5714,1897,310,1,106.27,106.27
5715,1898,78,2,252.79,505.58
5716,1898,192,3,365.72,1097.16
5717,1898,9,1,1355.55,1355.55
5718,1899,206,3,125.45,376.35
5719,1899,126,3,105.42,316.26
5720,1899,164,1,259.43,259.43
5721,1900,94,4,61.84,247.36
5722,1900,121,4,376.95,1507.80
5723,1900,102,1,39.38,39.38
5724,1901,88,4,92.09,368.36
5725,1901,167,1,125.02,125.02
5726,1901,18,2,4347.52,8695.04
5727,1902,105,4,63.28,253.12
5728,1902,118,1,123.08,123.08
5729,1902,167,1,125.02,125.02
5730,1903,154,2,174.02,348.04
5731,1903,308,3,143.10,429.30
5732,1903,135,3,176.88,530.64
5733,1904,322,4,161.49,645.96
5734,1904,248,4,4473.97,17895.88
5735,1904,296,3,101.13,303.39
5736,1905,255,4,71.89,287.56
5737,1905,238,4,108.52,434.08
5738,1905,240,4,26.71,106.84
5739,1906,263,1,82.89,82.89
5740,1906,121,3,376.95,1130.85
5741,1906,87,4,116.31,465.24
5742,1907,211,3,391.93,1175.79
5743,1907,45,3,5111.42,15334.26
5744,1907,185,2,118.55,237.10
5745,1908,45,3,5111.42,15334.26
5746,1908,302,3,17.70,53.10
5747,1908,250,1,725.02,725.02
5748,1909,247,4,127.32,509.28
5749,1909,100,3,912.50,2737.50
5750,1909,113,2,545.60,1091.20
5751,1910,93,3,73.99,221.97
5752,1910,107,1,136.14,136.14
5753,1910,268,3,186.90,560.70
5754,1911,189,4,87.00,348.00
5755,1911,73,3,550.57,1651.71
5756,1911,223,3,467.04,1401.12
5757,1912,112,1,97.46,97.46
5758,1912,251,1,87.96,87.96
5759,1912,273,4,173.28,693.12
5760,1913,123,4,340.07,1360.28
5761,1913,164,1,259.43,259.43
5762,1913,154,4,174.02,696.08
5763,1914,29,1,74.94,74.94
5764,1914,256,3,255.06,765.18
5765,1914,247,1,127.32,127.32
5766,1915,48,1,124.35,124.35
5767,1915,174,4,93.41,373.64
5768,1915,250,1,725.02,725.02
5769,1916,49,3,109.83,329.49
5770,1916,263,3,82.89,248.67
5771,1916,265,1,192.94,192.94
5772,1917,232,4,117.39,469.56
5773,1917,203,1,59.44,59.44
5774,1917,48,3,124.35,373.05
5775,1918,319,1,129.86,129.86
5776,1918,262,3,177.88,533.64
5777,1918,315,2,69.11,138.22
5778,1919,189,3,87.00,261.00
5779,1919,22,4,709.66,2838.64
5780,1919,237,3,188.93,566.79
5781,1920,104,3,2507.07,7521.21
5782,1920,276,3,1553.72,4661.16
5783,1920,126,2,105.42,210.84
5784,1921,195,1,46.99,46.99
5785,1921,234,2,157.34,314.68
5786,1921,293,3,9518.10,28554.30
5787,1922,24,3,136.38,409.14
5788,1922,182,1,312.02,312.02
5789,1922,121,4,376.95,1507.80
5790,1923,116,2,86.77,173.54
5791,1923,33,1,618.92,618.92
5792,1923,161,4,258.97,1035.88
5793,1924,135,4,176.88,707.52
5794,1924,107,4,136.14,544.56
5795,1924,188,4,50.01,200.04
5796,1925,223,3,467.04,1401.12
5797,1925,295,3,207.06,621.18
5798,1925,24,2,136.38,272.76
5799,1926,327,2,91.25,182.50
5800,1926,245,1,75.04,75.04
5801,1926,141,1,482.39,482.39
5802,1927,283,3,594.23,1782.69
5803,1927,206,3,125.45,376.35
5804,1927,321,1,105.04,105.04
5805,1928,192,3,365.72,1097.16
5806,1928,311,4,32.45,129.80
5807,1928,33,1,618.92,618.92
5808,1929,228,3,148.63,445.89
5809,1929,95,4,198.29,793.16
5810,1929,271,3,1470.33,4410.99
5811,1930,193,3,9668.18,29004.54
5812,1930,287,2,553.36,1106.72
5813,1930,111,4,215.02,860.08
5814,1931,244,2,70.80,141.60
5815,1931,123,2,340.07,680.14
5816,1931,230,2,64.40,128.80
5817,1932,101,2,156.57,313.14
5818,1932,7,2,158.64,317.28
5819,1932,204,4,362.70,1450.80
5820,1933,245,1,75.04,75.04
5821,1933,187,3,53.46,160.38
5822,1933,240,1,26.71,26.71
5823,1934,77,4,90.53,362.12
5824,1934,224,1,203.37,203.37
5825,1934,275,2,110.46,220.92
5826,1935,318,2,27.43,54.86
5827,1935,159,4,176.40,705.60
5828,1935,52,2,36.58,73.16
5829,1936,61,1,175.93,175.93
5830,1936,288,3,236.80,710.40
5831,1936,233,3,107.91,323.73
5832,1937,144,3,1176.11,3528.33
5833,1937,73,4,550.57,2202.28
5834,1937,18,3,4347.52,13042.56
5835,1938,190,3,4952.78,14858.34
5836,1938,275,3,110.46,331.38
5837,1938,310,2,106.27,212.54
5838,1939,87,3,116.31,348.93
5839,1939,257,1,77.56,77.56
5840,1939,178,4,110.15,440.60
5841,1940,61,3,175.93,527.79
5842,1940,81,3,24.00,72.00
5843,1940,164,4,259.43,1037.72
5844,1941,140,3,558.26,1674.78
5845,1941,273,4,173.28,693.12
5846,1941,142,4,544.13,2176.52
5847,1942,128,2,1363.48,2726.96
5848,1942,212,2,1815.77,3631.54
5849,1942,60,2,301.85,603.70
5850,1943,128,3,1363.48,4090.44
5851,1943,71,2,81.12,162.24
5852,1943,305,2,18.21,36.42
5853,1944,192,3,365.72,1097.16
5854,1944,50,2,293.39,586.78
5855,1944,5,3,312.42,937.26
5856,1945,262,2,177.88,355.76
5857,1945,167,2,125.02,250.04
5858,1945,145,1,369.80,369.80
5859,1946,254,4,196.52,786.08
5860,1946,142,3,544.13,1632.39
5861,1946,89,4,185.24,740.96
5862,1947,219,1,662.92,662.92
5863,1947,328,1,180.51,180.51
5864,1947,314,1,28.97,28.97
5865,1948,35,1,166.21,166.21
5866,1948,211,4,391.93,1567.72
5867,1948,329,2,124.79,249.58
5868,1949,10,4,42.91,171.64
5869,1949,107,1,136.14,136.14
5870,1949,96,2,171.36,342.72
5871,1950,40,1,62.79,62.79
5872,1950,313,2,49.11,98.22
5873,1950,175,1,239.58,239.58
5874,1951,144,1,1176.11,1176.11
5875,1951,10,1,42.91,42.91
5876,1951,279,2,41.73,83.46
5877,1952,106,1,502.86,502.86
5878,1952,22,3,709.66,2128.98
5879,1952,150,2,223.54,447.08
5880,1953,284,1,33.21,33.21
5881,1953,168,2,84.08,168.16
5882,1953,28,3,30.65,91.95
5883,1954,206,3,125.45,376.35
5884,1954,44,4,86.79,347.16
5885,1954,89,3,185.24,555.72
5886,1955,311,1,32.45,32.45
5887,1955,141,3,482.39,1447.17
5888,1955,68,4,416.05,1664.20
5889,1956,120,3,532.02,1596.06
5890,1956,275,2,110.46,220.92
5891,1956,209,2,299.28,598.56
5892,1957,221,4,484.99,1939.96
5893,1957,117,4,795.33,3181.32
5894,1957,110,1,81.80,81.80
5895,1958,149,3,63.35,190.05
5896,1958,127,1,242.46,242.46
5897,1958,14,3,430.90,1292.70
5898,1959,57,4,425.93,1703.72
5899,1959,153,3,41.42,124.26
5900,1959,14,1,430.90,430.90
5901,1960,175,4,239.58,958.32
5902,1960,11,4,88.33,353.32
5903,1960,128,4,1363.48,5453.92
5904,1961,181,4,181.57,726.28
5905,1961,322,1,161.49,161.49
5906,1961,40,4,62.79,251.16
5907,1962,103,4,88.38,353.52
5908,1962,92,1,243.24,243.24
5909,1962,63,1,176.42,176.42
5910,1963,291,4,25.62,102.48
5911,1963,240,1,26.71,26.71
5912,1963,185,4,118.55,474.20
5913,1964,323,1,43.39,43.39
5914,1964,113,4,545.60,2182.40
5915,1964,253,4,32.75,131.00
5916,1965,327,4,91.25,365.00
5917,1965,27,3,485.13,1455.39
5918,1965,189,3,87.00,261.00
5919,1966,281,1,34.70,34.70
5920,1966,152,2,133.94,267.88
5921,1966,274,2,72.47,144.94
5922,1967,309,1,132.91,132.91
5923,1967,283,2,594.23,1188.46
5924,1967,135,4,176.88,707.52
5925,1968,82,3,80.11,240.33
5926,1968,130,4,261.07,1044.28
5927,1968,38,2,2984.65,5969.30
5928,1969,63,4,176.42,705.68
5929,1969,11,4,88.33,353.32
5930,1969,285,4,6751.40,27005.60
5931,1970,94,4,61.84,247.36
5932,1970,308,3,143.10,429.30
5933,1970,293,4,9518.10,38072.40
5934,1971,246,2,42.72,85.44
5935,1971,312,2,25.20,50.40
5936,1971,99,1,4229.74,4229.74
5937,1972,233,1,107.91,107.91
5938,1972,118,3,123.08,369.24
5939,1972,265,1,192.94,192.94
5940,1973,170,4,845.55,3382.20
5941,1973,313,4,49.11,196.44
5942,1973,149,2,63.35,126.70
5943,1974,259,1,37.26,37.26
5944,1974,46,1,64.02,64.02
5945,1974,296,1,101.13,101.13
5946,1975,259,1,37.26,37.26
5947,1975,239,3,642.80,1928.40
5948,1975,124,2,201.32,402.64
5949,1976,57,3,425.93,1277.79
5950,1976,152,4,133.94,535.76
5951,1976,70,3,79.39,238.17
5952,1977,104,2,2507.07,5014.14
5953,1977,65,1,114.10,114.10
5954,1977,136,3,407.27,1221.81
5955,1978,289,4,37.80,151.20
5956,1978,121,4,376.95,1507.80
5957,1978,95,1,198.29,198.29
5958,1979,65,1,114.10,114.10
5959,1979,205,4,92.31,369.24
5960,1979,334,2,173.02,346.04
5961,1980,163,4,150.26,601.04
5962,1980,10,3,42.91,128.73
5963,1980,136,2,407.27,814.54
5964,1981,88,1,92.09,92.09
5965,1981,282,2,314.44,628.88
5966,1981,246,2,42.72,85.44
5967,1982,37,2,5435.24,10870.48
5968,1982,300,4,39.77,159.08
5969,1982,142,3,544.13,1632.39
5970,1983,144,3,1176.11,3528.33
5971,1983,62,3,56.51,169.53
5972,1983,84,4,214.78,859.12
5973,1984,242,3,798.53,2395.59
5974,1984,189,1,87.00,87.00
5975,1984,151,2,52.78,105.56
5976,1985,133,3,153.60,460.80
5977,1985,99,1,4229.74,4229.74
5978,1985,189,3,87.00,261.00
5979,1986,119,1,329.12,329.12
5980,1986,285,3,6751.40,20254.20
5981,1986,141,1,482.39,482.39
5982,1987,296,4,101.13,404.52
5983,1987,50,4,293.39,1173.56
5984,1987,300,2,39.77,79.54
5985,1988,134,4,261.22,1044.88
5986,1988,317,1,85.93,85.93
5987,1988,264,3,1374.60,4123.80
5988,1989,42,2,288.25,576.50
5989,1989,41,2,82.03,164.06
5990,1989,89,1,185.24,185.24
5991,1990,244,1,70.80,70.80
5992,1990,3,3,108.77,326.31
5993,1990,24,3,136.38,409.14
5994,1991,111,2,215.02,430.04
5995,1991,16,1,82.24,82.24
5996,1991,313,1,49.11,49.11
5997,1992,317,1,85.93,85.93
5998,1992,304,4,121.41,485.64
5999,1992,9,3,1355.55,4066.65
6000,1993,174,4,93.41,373.64
6001,1993,59,2,1165.61,2331.22
6002,1993,28,2,30.65,61.30
6003,1994,273,3,173.28,519.84
6004,1994,66,3,41.56,124.68
6005,1994,108,4,368.57,1474.28
6006,1995,137,1,197.81,197.81
6007,1995,146,1,364.03,364.03
6008,1995,74,3,306.84,920.52
6009,1996,330,2,120.68,241.36
6010,1996,159,4,176.40,705.60
6011,1996,313,4,49.11,196.44
6012,1997,45,1,5111.42,5111.42
6013,1997,144,3,1176.11,3528.33
6014,1997,208,3,5119.77,15359.31
6015,1998,31,2,79.21,158.42
6016,1998,173,2,101.46,202.92
6017,1998,207,4,62.51,250.04
6018,1999,32,2,604.32,1208.64
6019,1999,132,2,152.84,305.68
6020,1999,188,3,50.01,150.03
6021,2000,8,3,92.31,276.93
6022,2000,162,2,803.06,1606.12
6023,2000,44,4,86.79,347.16
6024,2001,2,2,54.72,109.44
6025,2001,293,3,9518.10,28554.30
6026,2001,90,2,226.17,452.34
6027,2002,120,4,532.02,2128.08
6028,2002,83,4,138.27,553.08
6029,2002,199,2,122.30,244.60
6030,2003,91,3,103.05,309.15
6031,2003,42,4,288.25,1153.00
6032,2003,260,4,95.74,382.96
6033,2004,150,2,223.54,447.08
6034,2004,213,4,231.12,924.48
6035,2004,69,4,206.85,827.40
6036,2005,274,4,72.47,289.88
6037,2005,53,1,26.41,26.41
6038,2005,250,1,725.02,725.02
6039,2006,19,4,79.80,319.20
6040,2006,168,3,84.08,252.24
6041,2006,276,2,1553.72,3107.44
6042,2007,85,2,279.78,559.56
6043,2007,163,4,150.26,601.04
6044,2007,78,4,252.79,1011.16
6045,2008,167,4,125.02,500.08
6046,2008,170,4,845.55,3382.20
6047,2008,313,3,49.11,147.33
6048,2009,79,2,221.90,443.80
6049,2009,235,4,1867.81,7471.24
6050,2009,20,4,49.24,196.96
6051,2010,82,4,80.11,320.44
6052,2010,237,3,188.93,566.79
6053,2010,60,2,301.85,603.70
6054,2011,231,1,170.32,170.32
6055,2011,189,2,87.00,174.00
6056,2011,53,3,26.41,79.23
6057,2012,154,2,174.02,348.04
6058,2012,219,1,662.92,662.92
6059,2012,52,4,36.58,146.32
6060,2013,194,1,136.81,136.81
6061,2013,73,1,550.57,550.57
6062,2013,224,4,203.37,813.48
6063,2014,61,3,175.93,527.79
6064,2014,326,1,127.79,127.79
6065,2014,288,2,236.80,473.60
6066,2015,319,2,129.86,259.72
6067,2015,209,3,299.28,897.84
6068,2015,310,3,106.27,318.81
6069,2016,305,4,18.21,72.84
6070,2016,266,2,379.02,758.04
6071,2016,174,3,93.41,280.23
6072,2017,199,3,122.30,366.90
6073,2017,3,2,108.77,217.54
6074,2017,67,4,663.51,2654.04
6075,2018,132,3,152.84,458.52
6076,2018,7,2,158.64,317.28
6077,2018,142,3,544.13,1632.39
6078,2019,87,3,116.31,348.93
6079,2019,227,2,154.78,309.56
6080,2019,112,3,97.46,292.38
6081,2020,195,4,46.99,187.96
6082,2020,323,1,43.39,43.39
6083,2020,79,4,221.90,887.60
6084,2021,289,1,37.80,37.80
6085,2021,169,1,537.24,537.24
6086,2021,240,4,26.71,106.84
6087,2022,315,3,69.11,207.33
6088,2022,5,1,312.42,312.42
6089,2022,161,4,258.97,1035.88
6090,2023,253,2,32.75,65.50
6091,2023,124,3,201.32,603.96
6092,2023,47,3,100.93,302.79
6093,2024,258,1,57.78,57.78
6094,2024,53,3,26.41,79.23
6095,2024,42,3,288.25,864.75
6096,2025,298,3,103.05,309.15
6097,2025,306,3,184.88,554.64
6098,2025,125,4,319.28,1277.12
6099,2026,171,3,49.52,148.56
6100,2026,287,1,553.36,553.36
6101,2026,132,2,152.84,305.68
6102,2027,198,2,124.56,249.12
6103,2027,7,1,158.64,158.64
6104,2027,115,2,559.60,1119.20
6105,2028,332,4,122.23,488.92
6106,2028,68,4,416.05,1664.20
6107,2028,89,3,185.24,555.72
6108,2029,94,4,61.84,247.36
6109,2029,98,1,116.76,116.76
6110,2029,321,4,105.04,420.16
6111,2030,334,2,173.02,346.04
6112,2030,245,1,75.04,75.04
6113,2030,229,4,182.92,731.68
6114,2031,206,1,125.45,125.45
6115,2031,43,4,930.93,3723.72
6116,2031,127,1,242.46,242.46
6117,2032,224,1,203.37,203.37
6118,2032,197,2,111.56,223.12
6119,2032,28,2,30.65,61.30
6120,2033,269,2,107.58,215.16
6121,2033,303,1,199.54,199.54
6122,2033,309,2,132.91,265.82
6123,2034,259,1,37.26,37.26
6124,2034,273,1,173.28,173.28
6125,2034,268,2,186.90,373.80
6126,2035,134,1,261.22,261.22
6127,2035,252,3,576.27,1728.81
6128,2035,201,1,83.06,83.06
6129,2036,15,2,602.60,1205.20
6130,2036,238,1,108.52,108.52
6131,2036,332,1,122.23,122.23
6132,2037,187,3,53.46,160.38
6133,2037,290,4,744.49,2977.96
6134,2037,56,3,408.87,1226.61
6135,2038,305,4,18.21,72.84
6136,2038,220,4,38.34,153.36
6137,2038,193,2,9668.18,19336.36
6138,2039,165,1,257.39,257.39
6139,2039,36,3,184.31,552.93
6140,2039,185,3,118.55,355.65
6141,2040,201,4,83.06,332.24
6142,2040,154,4,174.02,696.08
6143,2040,282,1,314.44,314.44
6144,2041,193,3,9668.18,29004.54
6145,2041,218,4,49.88,199.52
6146,2041,143,1,55.35,55.35
6147,2042,82,2,80.11,160.22
6148,2042,133,4,153.60,614.40
6149,2042,278,4,405.40,1621.60
6150,2043,171,3,49.52,148.56
6151,2043,203,3,59.44,178.32
6152,2043,282,3,314.44,943.32
6153,2044,68,1,416.05,416.05
6154,2044,210,1,107.66,107.66
6155,2044,206,4,125.45,501.80
6156,2045,261,3,61.79,185.37
6157,2045,88,3,92.09,276.27
6158,2045,105,4,63.28,253.12
6159,2046,179,4,367.91,1471.64
6160,2046,214,1,522.07,522.07
6161,2046,282,2,314.44,628.88
6162,2047,48,1,124.35,124.35
6163,2047,42,2,288.25,576.50
6164,2047,70,4,79.39,317.56
6165,2048,53,4,26.41,105.64
6166,2048,204,2,362.70,725.40
6167,2048,77,1,90.53,90.53
6168,2049,3,3,108.77,326.31
6169,2049,302,3,17.70,53.10
6170,2049,192,1,365.72,365.72
6171,2050,211,4,391.93,1567.72
6172,2050,93,3,73.99,221.97
6173,2050,21,1,37.53,37.53
6174,2051,106,2,502.86,1005.72
6175,2051,117,2,795.33,1590.66
6176,2051,288,2,236.80,473.60
6177,2052,152,4,133.94,535.76
6178,2052,214,3,522.07,1566.21
6179,2052,175,3,239.58,718.74
6180,2053,12,2,423.08,846.16
6181,2053,170,4,845.55,3382.20
6182,2053,69,1,206.85,206.85
6183,2054,75,4,63.53,254.12
6184,2054,4,1,70.68,70.68
6185,2054,141,2,482.39,964.78
6186,2055,178,4,110.15,440.60
6187,2055,191,4,217.48,869.92
6188,2055,323,4,43.39,173.56
6189,2056,223,4,467.04,1868.16
6190,2056,158,2,210.26,420.52
6191,2056,60,2,301.85,603.70
6192,2057,14,1,430.90,430.90
6193,2057,260,2,95.74,191.48
6194,2057,335,1,117.27,117.27
6195,2058,96,1,171.36,171.36
6196,2058,65,2,114.10,228.20
6197,2058,34,2,5015.04,10030.08
6198,2059,121,2,376.95,753.90
6199,2059,102,2,39.38,78.76
6200,2059,74,4,306.84,1227.36
6201,2060,301,3,136.93,410.79
6202,2060,78,4,252.79,1011.16
6203,2060,298,1,103.05,103.05
6204,2061,118,1,123.08,123.08
6205,2061,187,3,53.46,160.38
6206,2061,37,1,5435.24,5435.24
6207,2062,162,2,803.06,1606.12
6208,2062,50,3,293.39,880.17
6209,2062,248,3,4473.97,13421.91
6210,2063,274,4,72.47,289.88
6211,2063,8,3,92.31,276.93
6212,2063,171,1,49.52,49.52
6213,2064,25,4,70.53,282.12
6214,2064,147,3,143.83,431.49
6215,2064,268,1,186.90,186.90
6216,2065,205,3,92.31,276.93
6217,2065,218,1,49.88,49.88
6218,2065,128,2,1363.48,2726.96
6219,2066,107,4,136.14,544.56
6220,2066,320,3,125.31,375.93
6221,2066,113,3,545.60,1636.80
6222,2067,91,4,103.05,412.20
6223,2067,29,4,74.94,299.76
6224,2067,130,4,261.07,1044.28
6225,2068,327,4,91.25,365.00
6226,2068,41,4,82.03,328.12
6227,2068,294,3,133.99,401.97
6228,2069,227,1,154.78,154.78
6229,2069,238,2,108.52,217.04
6230,2069,30,1,165.44,165.44
6231,2070,186,4,324.89,1299.56
6232,2070,86,3,137.39,412.17
6233,2070,223,1,467.04,467.04
6234,2071,208,3,5119.77,15359.31
6235,2071,284,3,33.21,99.63
6236,2071,141,2,482.39,964.78
6237,2072,44,3,86.79,260.37
6238,2072,145,2,369.80,739.60
6239,2072,304,1,121.41,121.41
6240,2073,214,4,522.07,2088.28
6241,2073,148,3,640.43,1921.29
6242,2073,121,4,376.95,1507.80
6243,2074,291,1,25.62,25.62
6244,2074,48,2,124.35,248.70
6245,2074,98,2,116.76,233.52
6246,2075,118,2,123.08,246.16
6247,2075,48,3,124.35,373.05
6248,2075,319,4,129.86,519.44
6249,2076,9,2,1355.55,2711.10
6250,2076,191,4,217.48,869.92
6251,2076,108,3,368.57,1105.71
6252,2077,257,1,77.56,77.56
6253,2077,175,1,239.58,239.58
6254,2077,293,2,9518.10,19036.20
6255,2078,2,4,54.72,218.88
6256,2078,280,4,154.65,618.60
6257,2078,102,3,39.38,118.14
6258,2079,20,4,49.24,196.96
6259,2079,36,4,184.31,737.24
6260,2079,12,1,423.08,423.08
6261,2080,96,1,171.36,171.36
6262,2080,285,4,6751.40,27005.60
6263,2080,187,4,53.46,213.84
6264,2081,285,2,6751.40,13502.80
6265,2081,323,2,43.39,86.78
6266,2081,305,3,18.21,54.63
6267,2082,253,2,32.75,65.50
6268,2082,132,4,152.84,611.36
6269,2082,323,3,43.39,130.17
6270,2083,53,4,26.41,105.64
6271,2083,296,4,101.13,404.52
6272,2083,149,2,63.35,126.70
6273,2084,159,1,176.40,176.40
6274,2084,222,2,106.41,212.82
6275,2084,74,3,306.84,920.52
6276,2085,221,2,484.99,969.98
6277,2085,1,4,41.61,166.44
6278,2085,124,1,201.32,201.32
6279,2086,22,1,709.66,709.66
6280,2086,130,2,261.07,522.14
6281,2086,34,1,5015.04,5015.04
6282,2087,308,3,143.10,429.30
6283,2087,267,2,276.85,553.70
6284,2087,201,3,83.06,249.18
6285,2088,129,4,120.28,481.12
6286,2088,202,4,109.28,437.12
6287,2088,179,2,367.91,735.82
6288,2089,131,4,151.63,606.52
6289,2089,253,3,32.75,98.25
6290,2089,30,3,165.44,496.32
6291,2090,7,4,158.64,634.56
6292,2090,52,4,36.58,146.32
6293,2090,28,1,30.65,30.65
6294,2091,135,1,176.88,176.88
6295,2091,232,4,117.39,469.56
6296,2091,255,1,71.89,71.89
6297,2092,218,1,49.88,49.88
6298,2092,86,4,137.39,549.56
6299,2092,167,4,125.02,500.08
6300,2093,203,1,59.44,59.44
6301,2093,244,3,70.80,212.40
6302,2093,23,2,477.55,955.10
6303,2094,103,3,88.38,265.14
6304,2094,210,2,107.66,215.32
6305,2094,84,2,214.78,429.56
6306,2095,92,3,243.24,729.72
6307,2095,295,4,207.06,828.24
6308,2095,43,4,930.93,3723.72
6309,2096,114,3,59.81,179.43
6310,2096,283,2,594.23,1188.46
6311,2096,289,2,37.80,75.60
6312,2097,117,3,795.33,2385.99
6313,2097,107,1,136.14,136.14
6314,2097,78,1,252.79,252.79
6315,2098,24,3,136.38,409.14
6316,2098,273,1,173.28,173.28
6317,2098,299,4,57.14,228.56
6318,2099,92,1,243.24,243.24
6319,2099,191,2,217.48,434.96
6320,2099,239,1,642.80,642.80
6321,2100,67,4,663.51,2654.04
6322,2100,31,4,79.21,316.84
6323,2100,231,2,170.32,340.64
6324,2101,328,2,180.51,361.02
6325,2101,274,3,72.47,217.41
6326,2101,292,3,40.52,121.56
6327,2102,237,2,188.93,377.86
6328,2102,235,3,1867.81,5603.43
6329,2102,66,1,41.56,41.56
6330,2103,280,2,154.65,309.30
6331,2103,110,4,81.80,327.20
6332,2103,47,1,100.93,100.93
6333,2104,83,3,138.27,414.81
6334,2104,260,2,95.74,191.48
6335,2104,272,3,77.63,232.89
6336,2105,97,4,201.04,804.16
6337,2105,294,2,133.99,267.98
6338,2105,309,3,132.91,398.73
6339,2106,120,4,532.02,2128.08
6340,2106,181,1,181.57,181.57
6341,2106,114,4,59.81,239.24
6342,2107,75,3,63.53,190.59
6343,2107,221,3,484.99,1454.97
6344,2107,292,3,40.52,121.56
6345,2108,250,4,725.02,2900.08
6346,2108,222,2,106.41,212.82
6347,2108,306,1,184.88,184.88
6348,2109,307,2,195.28,390.56
6349,2109,222,2,106.41,212.82
6350,2109,79,1,221.90,221.90
6351,2110,159,1,176.40,176.40
6352,2110,15,4,602.60,2410.40
6353,2110,302,2,17.70,35.40
6354,2111,136,3,407.27,1221.81
6355,2111,152,2,133.94,267.88
6356,2111,226,3,106.24,318.72
6357,2112,303,4,199.54,798.16
6358,2112,272,2,77.63,155.26
6359,2112,117,4,795.33,3181.32
6360,2113,171,3,49.52,148.56
6361,2113,90,4,226.17,904.68
6362,2113,323,3,43.39,130.17
6363,2114,319,2,129.86,259.72
6364,2114,108,2,368.57,737.14
6365,2114,42,3,288.25,864.75
6366,2115,209,3,299.28,897.84
6367,2115,290,4,744.49,2977.96
6368,2115,213,2,231.12,462.24
6369,2116,237,2,188.93,377.86
6370,2116,325,3,108.41,325.23
6371,2116,132,4,152.84,611.36
6372,2117,217,2,324.83,649.66
6373,2117,25,2,70.53,141.06
6374,2117,87,1,116.31,116.31
6375,2118,319,2,129.86,259.72
6376,2118,333,2,167.16,334.32
6377,2118,67,3,663.51,1990.53
6378,2119,158,2,210.26,420.52
6379,2119,276,1,1553.72,1553.72
6380,2119,264,2,1374.60,2749.20
6381,2120,304,2,121.41,242.82
6382,2120,52,1,36.58,36.58
6383,2120,183,3,229.08,687.24
6384,2121,292,4,40.52,162.08
6385,2121,112,1,97.46,97.46
6386,2121,185,3,118.55,355.65
6387,2122,90,4,226.17,904.68
6388,2122,280,4,154.65,618.60
6389,2122,274,3,72.47,217.41
6390,2123,246,2,42.72,85.44
6391,2123,171,4,49.52,198.08
6392,2123,202,2,109.28,218.56
6393,2124,21,3,37.53,112.59
6394,2124,130,3,261.07,783.21
6395,2124,149,4,63.35,253.40
6396,2125,30,3,165.44,496.32
6397,2125,264,4,1374.60,5498.40
6398,2125,122,4,130.97,523.88
6399,2126,153,1,41.42,41.42
6400,2126,249,2,333.60,667.20
6401,2126,193,2,9668.18,19336.36
6402,2127,130,1,261.07,261.07
6403,2127,267,2,276.85,553.70
6404,2127,334,1,173.02,173.02
6405,2128,317,1,85.93,85.93
6406,2128,322,4,161.49,645.96
6407,2128,127,4,242.46,969.84
6408,2129,235,2,1867.81,3735.62
6409,2129,147,3,143.83,431.49
6410,2129,248,4,4473.97,17895.88
6411,2130,310,4,106.27,425.08
6412,2130,95,3,198.29,594.87
6413,2130,35,1,166.21,166.21
6414,2131,119,2,329.12,658.24
6415,2131,223,2,467.04,934.08
6416,2131,30,2,165.44,330.88
6417,2132,207,2,62.51,125.02
6418,2132,191,3,217.48,652.44
6419,2132,147,1,143.83,143.83
6420,2133,297,2,83.28,166.56
6421,2133,191,4,217.48,869.92
6422,2133,125,1,319.28,319.28
6423,2134,135,2,176.88,353.76
6424,2134,198,2,124.56,249.12
6425,2134,128,4,1363.48,5453.92
6426,2135,13,2,44.19,88.38
6427,2135,191,1,217.48,217.48
6428,2135,176,2,204.81,409.62
6429,2136,170,4,845.55,3382.20
6430,2136,314,4,28.97,115.88
6431,2136,323,4,43.39,173.56
6432,2137,206,4,125.45,501.80
6433,2137,119,1,329.12,329.12
6434,2137,28,2,30.65,61.30
6435,2138,73,3,550.57,1651.71
6436,2138,131,4,151.63,606.52
6437,2138,47,1,100.93,100.93
6438,2139,24,3,136.38,409.14
6439,2139,112,3,97.46,292.38
6440,2139,138,4,75.42,301.68
6441,2140,144,2,1176.11,2352.22
6442,2140,110,3,81.80,245.40
6443,2140,313,3,49.11,147.33
6444,2141,13,4,44.19,176.76
6445,2141,166,4,122.59,490.36
6446,2141,294,3,133.99,401.97
6447,2142,271,1,1470.33,1470.33
6448,2142,175,1,239.58,239.58
6449,2142,39,2,265.80,531.60
6450,2143,118,2,123.08,246.16
6451,2143,296,4,101.13,404.52
6452,2143,227,3,154.78,464.34
6453,2144,82,1,80.11,80.11
6454,2144,77,3,90.53,271.59
6455,2144,117,2,795.33,1590.66
6456,2145,36,3,184.31,552.93
6457,2145,116,1,86.77,86.77
6458,2145,46,2,64.02,128.04
6459,2146,174,1,93.41,93.41
6460,2146,72,4,201.58,806.32
6461,2146,41,1,82.03,82.03
6462,2147,289,4,37.80,151.20
6463,2147,265,4,192.94,771.76
6464,2147,97,4,201.04,804.16
6465,2148,197,2,111.56,223.12
6466,2148,8,3,92.31,276.93
6467,2148,295,1,207.06,207.06
6468,2149,74,2,306.84,613.68
6469,2149,143,3,55.35,166.05
6470,2149,318,2,27.43,54.86
6471,2150,14,3,430.90,1292.70
6472,2150,63,3,176.42,529.26
6473,2150,107,1,136.14,136.14
6474,2151,62,1,56.51,56.51
6475,2151,158,3,210.26,630.78
6476,2151,126,2,105.42,210.84
6477,2152,55,1,361.92,361.92
6478,2152,226,3,106.24,318.72
6479,2152,299,2,57.14,114.28
6480,2153,216,3,27.57,82.71
6481,2153,296,2,101.13,202.26
6482,2153,301,3,136.93,410.79
6483,2154,271,3,1470.33,4410.99
6484,2154,317,2,85.93,171.86
6485,2154,232,2,117.39,234.78
6486,2155,295,3,207.06,621.18
6487,2155,186,1,324.89,324.89
6488,2155,226,2,106.24,212.48
6489,2156,84,4,214.78,859.12
6490,2156,269,1,107.58,107.58
6491,2156,9,2,1355.55,2711.10
6492,2157,80,2,180.81,361.62
6493,2157,271,3,1470.33,4410.99
6494,2157,182,3,312.02,936.06
6495,2158,15,3,602.60,1807.80
6496,2158,165,1,257.39,257.39
6497,2158,64,2,72.56,145.12
6498,2159,180,3,206.84,620.52
6499,2159,267,3,276.85,830.55
6500,2159,325,2,108.41,216.82
6501,2160,323,3,43.39,130.17
6502,2160,56,3,408.87,1226.61
6503,2160,59,4,1165.61,4662.44
6504,2161,220,3,38.34,115.02
6505,2161,131,3,151.63,454.89
6506,2161,171,1,49.52,49.52
6507,2162,28,2,30.65,61.30
6508,2162,79,3,221.90,665.70
6509,2162,293,4,9518.10,38072.40
6510,2163,205,1,92.31,92.31
6511,2163,248,2,4473.97,8947.94
6512,2163,190,2,4952.78,9905.56
6513,2164,114,1,59.81,59.81
6514,2164,261,1,61.79,61.79
6515,2164,310,3,106.27,318.81
6516,2165,197,4,111.56,446.24
6517,2165,111,2,215.02,430.04
6518,2165,294,1,133.99,133.99
6519,2166,54,1,73.34,73.34
6520,2166,232,4,117.39,469.56
6521,2166,216,2,27.57,55.14
6522,2167,182,3,312.02,936.06
6523,2167,168,4,84.08,336.32
6524,2167,188,4,50.01,200.04
6525,2168,187,2,53.46,106.92
6526,2168,91,2,103.05,206.10
6527,2168,233,1,107.91,107.91
6528,2169,262,4,177.88,711.52
6529,2169,110,3,81.80,245.40
6530,2169,221,4,484.99,1939.96
6531,2170,113,1,545.60,545.60
6532,2170,224,2,203.37,406.74
6533,2170,296,1,101.13,101.13
6534,2171,105,2,63.28,126.56
6535,2171,312,1,25.20,25.20
6536,2171,159,1,176.40,176.40
6537,2172,13,2,44.19,88.38
6538,2172,78,3,252.79,758.37
6539,2172,59,1,1165.61,1165.61
6540,2173,250,4,725.02,2900.08
6541,2173,329,4,124.79,499.16
6542,2173,145,4,369.80,1479.20
6543,2174,178,3,110.15,330.45
6544,2174,323,4,43.39,173.56
6545,2174,203,2,59.44,118.88
6546,2175,98,4,116.76,467.04
6547,2175,296,4,101.13,404.52
6548,2175,205,2,92.31,184.62
6549,2176,276,1,1553.72,1553.72
6550,2176,231,1,170.32,170.32
6551,2176,14,2,430.90,861.80
6552,2177,271,2,1470.33,2940.66
6553,2177,233,4,107.91,431.64
6554,2177,322,1,161.49,161.49
6555,2178,307,4,195.28,781.12
6556,2178,81,1,24.00,24.00
6557,2178,258,3,57.78,173.34
6558,2179,106,2,502.86,1005.72
6559,2179,89,3,185.24,555.72
6560,2179,192,3,365.72,1097.16
6561,2180,104,4,2507.07,10028.28
6562,2180,98,3,116.76,350.28
6563,2180,149,1,63.35,63.35
6564,2181,76,2,49.74,99.48
6565,2181,20,1,49.24,49.24
6566,2181,302,4,17.70,70.80
6567,2182,193,3,9668.18,29004.54
6568,2182,184,1,103.83,103.83
6569,2182,39,3,265.80,797.40
6570,2183,36,1,184.31,184.31
6571,2183,88,1,92.09,92.09
6572,2183,229,1,182.92,182.92
6573,2184,240,2,26.71,53.42
6574,2184,213,2,231.12,462.24
6575,2184,185,4,118.55,474.20
6576,2185,165,2,257.39,514.78
6577,2185,281,3,34.70,104.10
6578,2185,121,4,376.95,1507.80
6579,2186,245,4,75.04,300.16
6580,2186,93,3,73.99,221.97
6581,2186,153,4,41.42,165.68
6582,2187,328,2,180.51,361.02
6583,2187,26,4,979.66,3918.64
6584,2187,181,3,181.57,544.71
6585,2188,5,2,312.42,624.84
6586,2188,207,1,62.51,62.51
6587,2188,236,4,54.07,216.28
6588,2189,126,3,105.42,316.26
6589,2189,317,4,85.93,343.72
6590,2189,328,3,180.51,541.53
6591,2190,136,1,407.27,407.27
6592,2190,333,4,167.16,668.64
6593,2190,207,2,62.51,125.02
6594,2191,251,4,87.96,351.84
6595,2191,13,2,44.19,88.38
6596,2191,266,4,379.02,1516.08
6597,2192,131,2,151.63,303.26
6598,2192,292,4,40.52,162.08
6599,2192,154,3,174.02,522.06
6600,2193,253,3,32.75,98.25
6601,2193,288,4,236.80,947.20
6602,2193,15,4,602.60,2410.40
6603,2194,232,3,117.39,352.17
6604,2194,273,4,173.28,693.12
6605,2194,162,1,803.06,803.06
6606,2195,318,2,27.43,54.86
6607,2195,67,4,663.51,2654.04
6608,2195,8,4,92.31,369.24
6609,2196,120,4,532.02,2128.08
6610,2196,31,3,79.21,237.63
6611,2196,255,3,71.89,215.67
6612,2197,219,4,662.92,2651.68
6613,2197,257,1,77.56,77.56
6614,2197,72,3,201.58,604.74
6615,2198,73,2,550.57,1101.14
6616,2198,242,1,798.53,798.53
6617,2198,118,1,123.08,123.08
6618,2199,73,3,550.57,1651.71
6619,2199,211,3,391.93,1175.79
6620,2199,185,2,118.55,237.10
6621,2200,107,2,136.14,272.28
6622,2200,211,1,391.93,391.93
6623,2200,316,4,110.67,442.68
6624,2201,23,4,477.55,1910.20
6625,2201,79,3,221.90,665.70
6626,2201,95,2,198.29,396.58
6627,2202,292,3,40.52,121.56
6628,2202,10,1,42.91,42.91
6629,2202,40,2,62.79,125.58
6630,2203,29,1,74.94,74.94
6631,2203,20,1,49.24,49.24
6632,2203,10,2,42.91,85.82
6633,2204,326,1,127.79,127.79
6634,2204,280,3,154.65,463.95
6635,2204,99,4,4229.74,16918.96
6636,2205,47,2,100.93,201.86
6637,2205,98,1,116.76,116.76
6638,2205,115,3,559.60,1678.80
6639,2206,26,4,979.66,3918.64
6640,2206,223,3,467.04,1401.12
6641,2206,21,3,37.53,112.59
6642,2207,183,3,229.08,687.24
6643,2207,91,2,103.05,206.10
6644,2207,54,4,73.34,293.36
6645,2208,302,4,17.70,70.80
6646,2208,11,3,88.33,264.99
6647,2208,48,3,124.35,373.05
6648,2209,300,1,39.77,39.77
6649,2209,222,4,106.41,425.64
6650,2209,271,2,1470.33,2940.66
6651,2210,37,4,5435.24,21740.96
6652,2210,129,2,120.28,240.56
6653,2210,48,4,124.35,497.40
6654,2211,92,3,243.24,729.72
6655,2211,266,4,379.02,1516.08
6656,2211,326,4,127.79,511.16
6657,2212,82,4,80.11,320.44
6658,2212,136,3,407.27,1221.81
6659,2212,206,3,125.45,376.35
6660,2213,76,3,49.74,149.22
6661,2213,136,2,407.27,814.54
6662,2213,79,1,221.90,221.90
6663,2214,203,3,59.44,178.32
6664,2214,288,3,236.80,710.40
6665,2214,324,1,183.99,183.99
6666,2215,58,2,158.45,316.90
6667,2215,93,2,73.99,147.98
6668,2215,84,4,214.78,859.12
6669,2216,299,4,57.14,228.56
6670,2216,290,4,744.49,2977.96
6671,2216,76,2,49.74,99.48
6672,2217,248,4,4473.97,17895.88
6673,2217,34,1,5015.04,5015.04
6674,2217,46,4,64.02,256.08
6675,2218,57,4,425.93,1703.72
6676,2218,189,1,87.00,87.00
6677,2218,92,3,243.24,729.72
6678,2219,131,4,151.63,606.52
6679,2219,307,4,195.28,781.12
6680,2219,260,3,95.74,287.22
6681,2220,254,3,196.52,589.56
6682,2220,74,3,306.84,920.52
6683,2220,303,3,199.54,598.62
6684,2221,37,1,5435.24,5435.24
6685,2221,312,4,25.20,100.80
6686,2221,318,1,27.43,27.43
6687,2222,128,1,1363.48,1363.48
6688,2222,327,1,91.25,91.25
6689,2222,81,3,24.00,72.00
6690,2223,109,1,21.64,21.64
6691,2223,66,3,41.56,124.68
6692,2223,319,4,129.86,519.44
6693,2224,225,3,267.00,801.00
6694,2224,166,2,122.59,245.18
6695,2224,320,2,125.31,250.62
6696,2225,176,4,204.81,819.24
6697,2225,274,2,72.47,144.94
6698,2225,196,4,68.93,275.72
6699,2226,72,2,201.58,403.16
6700,2226,38,4,2984.65,11938.60
6701,2226,249,2,333.60,667.20
6702,2227,305,2,18.21,36.42
6703,2227,189,4,87.00,348.00
6704,2227,147,1,143.83,143.83
6705,2228,277,4,198.38,793.52
6706,2228,26,3,979.66,2938.98
6707,2228,15,3,602.60,1807.80
6708,2229,67,4,663.51,2654.04
6709,2229,162,1,803.06,803.06
6710,2229,225,3,267.00,801.00
6711,2230,217,4,324.83,1299.32
6712,2230,275,1,110.46,110.46
6713,2230,276,4,1553.72,6214.88
6714,2231,302,1,17.70,17.70
6715,2231,213,1,231.12,231.12
6716,2231,52,3,36.58,109.74
6717,2232,28,3,30.65,91.95
6718,2232,237,1,188.93,188.93
6719,2232,244,1,70.80,70.80
6720,2233,16,3,82.24,246.72
6721,2233,15,3,602.60,1807.80
6722,2233,22,2,709.66,1419.32
6723,2234,169,1,537.24,537.24
6724,2234,164,1,259.43,259.43
6725,2234,291,1,25.62,25.62
6726,2235,304,3,121.41,364.23
6727,2235,315,3,69.11,207.33
6728,2235,193,1,9668.18,9668.18
6729,2236,39,2,265.80,531.60
6730,2236,272,3,77.63,232.89
6731,2236,116,4,86.77,347.08
6732,2237,71,2,81.12,162.24
6733,2237,284,1,33.21,33.21
6734,2237,212,4,1815.77,7263.08
6735,2238,238,2,108.52,217.04
6736,2238,296,1,101.13,101.13
6737,2238,90,2,226.17,452.34
6738,2239,303,2,199.54,399.08
6739,2239,260,3,95.74,287.22
6740,2239,132,1,152.84,152.84
6741,2240,288,1,236.80,236.80
6742,2240,18,3,4347.52,13042.56
6743,2240,104,3,2507.07,7521.21
6744,2241,321,1,105.04,105.04
6745,2241,208,3,5119.77,15359.31
6746,2241,21,1,37.53,37.53
6747,2242,335,2,117.27,234.54
6748,2242,263,2,82.89,165.78
6749,2242,131,4,151.63,606.52
6750,2243,215,2,136.44,272.88
6751,2243,180,2,206.84,413.68
6752,2243,188,4,50.01,200.04
6753,2244,13,4,44.19,176.76
6754,2244,116,4,86.77,347.08
6755,2244,175,2,239.58,479.16
6756,2245,93,2,73.99,147.98
6757,2245,159,3,176.40,529.20
6758,2245,259,2,37.26,74.52
6759,2246,172,2,53.49,106.98
6760,2246,83,1,138.27,138.27
6761,2246,285,3,6751.40,20254.20
6762,2247,259,3,37.26,111.78
6763,2247,38,4,2984.65,11938.60
6764,2247,22,1,709.66,709.66
6765,2248,131,3,151.63,454.89
6766,2248,321,4,105.04,420.16
6767,2248,5,2,312.42,624.84
6768,2249,143,3,55.35,166.05
6769,2249,121,2,376.95,753.90
6770,2249,54,4,73.34,293.36
6771,2250,276,2,1553.72,3107.44
6772,2250,133,3,153.60,460.80
6773,2250,317,4,85.93,343.72
6774,2251,294,1,133.99,133.99
6775,2251,277,4,198.38,793.52
6776,2251,56,2,408.87,817.74
6777,2252,81,2,24.00,48.00
6778,2252,224,2,203.37,406.74
6779,2252,86,2,137.39,274.78
6780,2253,214,3,522.07,1566.21
6781,2253,74,2,306.84,613.68
6782,2253,178,4,110.15,440.60
6783,2254,146,1,364.03,364.03
6784,2254,98,3,116.76,350.28
6785,2254,183,1,229.08,229.08
6786,2255,73,1,550.57,550.57
6787,2255,295,2,207.06,414.12
6788,2255,301,1,136.93,136.93
6789,2256,193,2,9668.18,19336.36
6790,2256,72,1,201.58,201.58
6791,2256,231,4,170.32,681.28
6792,2257,212,1,1815.77,1815.77
6793,2257,101,2,156.57,313.14
6794,2257,171,4,49.52,198.08
6795,2258,50,3,293.39,880.17
6796,2258,95,3,198.29,594.87
6797,2258,323,2,43.39,86.78
6798,2259,205,1,92.31,92.31
6799,2259,91,2,103.05,206.10
6800,2259,98,2,116.76,233.52
6801,2260,142,4,544.13,2176.52
6802,2260,161,2,258.97,517.94
6803,2260,249,4,333.60,1334.40
6804,2261,323,1,43.39,43.39
6805,2261,46,1,64.02,64.02
6806,2261,65,3,114.10,342.30
6807,2262,196,3,68.93,206.79
6808,2262,215,4,136.44,545.76
6809,2262,163,4,150.26,601.04
6810,2263,181,4,181.57,726.28
6811,2263,75,1,63.53,63.53
6812,2263,95,3,198.29,594.87
6813,2264,204,2,362.70,725.40
6814,2264,309,2,132.91,265.82
6815,2264,156,1,138.39,138.39
6816,2265,271,4,1470.33,5881.32
6817,2265,218,4,49.88,199.52
6818,2265,254,3,196.52,589.56
6819,2266,161,4,258.97,1035.88
6820,2266,13,2,44.19,88.38
6821,2266,12,3,423.08,1269.24
6822,2267,27,4,485.13,1940.52
6823,2267,72,2,201.58,403.16
6824,2267,309,2,132.91,265.82
6825,2268,213,4,231.12,924.48
6826,2268,164,2,259.43,518.86
6827,2268,73,1,550.57,550.57
6828,2269,283,4,594.23,2376.92
6829,2269,78,2,252.79,505.58
6830,2269,240,2,26.71,53.42
6831,2270,229,3,182.92,548.76
6832,2270,137,2,197.81,395.62
6833,2270,193,1,9668.18,9668.18
6834,2271,228,1,148.63,148.63
6835,2271,56,2,408.87,817.74
6836,2271,64,1,72.56,72.56
6837,2272,229,3,182.92,548.76
6838,2272,296,3,101.13,303.39
6839,2272,185,3,118.55,355.65
6840,2273,65,4,114.10,456.40
6841,2273,263,2,82.89,165.78
6842,2273,121,4,376.95,1507.80
6843,2274,10,4,42.91,171.64
6844,2274,2,2,54.72,109.44
6845,2274,117,4,795.33,3181.32
6846,2275,19,3,79.80,239.40
6847,2275,182,3,312.02,936.06
6848,2275,285,2,6751.40,13502.80
6849,2276,221,1,484.99,484.99
6850,2276,54,1,73.34,73.34
6851,2276,190,3,4952.78,14858.34
6852,2277,173,3,101.46,304.38
6853,2277,171,1,49.52,49.52
6854,2277,99,1,4229.74,4229.74
6855,2278,248,4,4473.97,17895.88
6856,2278,302,3,17.70,53.10
6857,2278,277,3,198.38,595.14
6858,2279,131,4,151.63,606.52
6859,2279,240,1,26.71,26.71
6860,2279,31,1,79.21,79.21
6861,2280,193,2,9668.18,19336.36
6862,2280,38,3,2984.65,8953.95
6863,2280,195,1,46.99,46.99
6864,2281,218,4,49.88,199.52
6865,2281,319,2,129.86,259.72
6866,2281,309,4,132.91,531.64
6867,2282,233,1,107.91,107.91
6868,2282,272,1,77.63,77.63
6869,2282,289,2,37.80,75.60
6870,2283,82,2,80.11,160.22
6871,2283,259,4,37.26,149.04
6872,2283,48,4,124.35,497.40
6873,2284,102,4,39.38,157.52
6874,2284,6,3,536.76,1610.28
6875,2284,189,1,87.00,87.00
6876,2285,234,3,157.34,472.02
6877,2285,142,2,544.13,1088.26
6878,2285,5,3,312.42,937.26
6879,2286,309,2,132.91,265.82
6880,2286,208,2,5119.77,10239.54
6881,2286,267,3,276.85,830.55
6882,2287,292,1,40.52,40.52
6883,2287,61,4,175.93,703.72
6884,2287,278,2,405.40,810.80
6885,2288,182,1,312.02,312.02
6886,2288,199,2,122.30,244.60
6887,2288,246,4,42.72,170.88
6888,2289,6,4,536.76,2147.04
6889,2289,189,1,87.00,87.00
6890,2289,95,2,198.29,396.58
6891,2290,231,4,170.32,681.28
6892,2290,331,4,54.96,219.84
6893,2290,64,4,72.56,290.24
6894,2291,105,3,63.28,189.84
6895,2291,157,3,2380.02,7140.06
6896,2291,210,3,107.66,322.98
6897,2292,93,2,73.99,147.98
6898,2292,290,1,744.49,744.49
6899,2292,234,2,157.34,314.68
6900,2293,27,3,485.13,1455.39
6901,2293,163,4,150.26,601.04
6902,2293,72,1,201.58,201.58
6903,2294,86,2,137.39,274.78
6904,2294,23,1,477.55,477.55
6905,2294,135,2,176.88,353.76
6906,2295,3,1,108.77,108.77
6907,2295,37,2,5435.24,10870.48
6908,2295,237,2,188.93,377.86
6909,2296,61,1,175.93,175.93
6910,2296,38,2,2984.65,5969.30
6911,2296,95,1,198.29,198.29
6912,2297,296,2,101.13,202.26
6913,2297,201,2,83.06,166.12
6914,2297,142,2,544.13,1088.26
6915,2298,53,4,26.41,105.64
6916,2298,93,4,73.99,295.96
6917,2298,120,4,532.02,2128.08
6918,2299,28,1,30.65,30.65
6919,2299,191,4,217.48,869.92
6920,2299,190,3,4952.78,14858.34
6921,2300,313,2,49.11,98.22
6922,2300,109,3,21.64,64.92
6923,2300,69,1,206.85,206.85
6924,2301,56,4,408.87,1635.48
6925,2301,328,2,180.51,361.02
6926,2301,5,2,312.42,624.84
6927,2302,192,4,365.72,1462.88
6928,2302,55,2,361.92,723.84
6929,2302,139,3,392.73,1178.19
6930,2303,167,4,125.02,500.08
6931,2303,236,2,54.07,108.14
6932,2303,313,2,49.11,98.22
6933,2304,27,2,485.13,970.26
6934,2304,193,4,9668.18,38672.72
6935,2304,93,3,73.99,221.97
6936,2305,334,4,173.02,692.08
6937,2305,313,2,49.11,98.22
6938,2305,168,1,84.08,84.08
6939,2306,313,3,49.11,147.33
6940,2306,89,4,185.24,740.96
6941,2306,167,3,125.02,375.06
6942,2307,250,2,725.02,1450.04
6943,2307,63,1,176.42,176.42
6944,2307,263,1,82.89,82.89
6945,2308,301,4,136.93,547.72
6946,2308,173,4,101.46,405.84
6947,2308,243,1,471.30,471.30
6948,2309,197,3,111.56,334.68
6949,2309,81,3,24.00,72.00
6950,2309,74,4,306.84,1227.36
6951,2310,186,2,324.89,649.78
6952,2310,290,3,744.49,2233.47
6953,2310,161,3,258.97,776.91
6954,2311,179,1,367.91,367.91
6955,2311,253,4,32.75,131.00
6956,2311,132,3,152.84,458.52
6957,2312,111,3,215.02,645.06
6958,2312,178,1,110.15,110.15
6959,2312,173,4,101.46,405.84
6960,2313,250,4,725.02,2900.08
6961,2313,138,4,75.42,301.68
6962,2313,133,1,153.60,153.60
6963,2314,103,3,88.38,265.14
6964,2314,63,1,176.42,176.42
6965,2314,200,4,51.39,205.56
6966,2315,216,4,27.57,110.28
6967,2315,305,4,18.21,72.84
6968,2315,310,1,106.27,106.27
6969,2316,237,4,188.93,755.72
6970,2316,8,1,92.31,92.31
6971,2316,21,4,37.53,150.12
6972,2317,104,1,2507.07,2507.07
6973,2317,139,1,392.73,392.73
6974,2317,163,2,150.26,300.52
6975,2318,22,2,709.66,1419.32
6976,2318,307,3,195.28,585.84
6977,2318,314,4,28.97,115.88
6978,2319,133,2,153.60,307.20
6979,2319,141,1,482.39,482.39
6980,2319,223,4,467.04,1868.16
6981,2320,275,3,110.46,331.38
6982,2320,97,2,201.04,402.08
6983,2320,105,3,63.28,189.84
6984,2321,200,1,51.39,51.39
6985,2321,187,3,53.46,160.38
6986,2321,296,1,101.13,101.13
6987,2322,134,3,261.22,783.66
6988,2322,249,2,333.60,667.20
6989,2322,54,2,73.34,146.68
6990,2323,95,4,198.29,793.16
6991,2323,173,4,101.46,405.84
6992,2323,311,3,32.45,97.35
6993,2324,144,2,1176.11,2352.22
6994,2324,319,1,129.86,129.86
6995,2324,258,3,57.78,173.34
6996,2325,196,3,68.93,206.79
6997,2325,4,3,70.68,212.04
6998,2325,221,3,484.99,1454.97
6999,2326,96,3,171.36,514.08
7000,2326,241,4,237.51,950.04
7001,2326,323,4,43.39,173.56
7002,2327,177,4,173.92,695.68
7003,2327,100,4,912.50,3650.00
7004,2327,208,3,5119.77,15359.31
7005,2328,83,3,138.27,414.81
7006,2328,205,2,92.31,184.62
7007,2328,133,1,153.60,153.60
7008,2329,67,1,663.51,663.51
7009,2329,232,3,117.39,352.17
7010,2329,124,3,201.32,603.96
7011,2330,305,3,18.21,54.63
7012,2330,335,4,117.27,469.08
7013,2330,120,2,532.02,1064.04
7014,2331,118,1,123.08,123.08
7015,2331,221,3,484.99,1454.97
7016,2331,185,4,118.55,474.20
7017,2332,265,4,192.94,771.76
7018,2332,145,2,369.80,739.60
7019,2332,63,4,176.42,705.68
7020,2333,226,2,106.24,212.48
7021,2333,59,2,1165.61,2331.22
7022,2333,36,3,184.31,552.93
7023,2334,109,1,21.64,21.64
7024,2334,282,3,314.44,943.32
7025,2334,98,1,116.76,116.76
7026,2335,264,2,1374.60,2749.20
7027,2335,234,4,157.34,629.36
7028,2335,200,2,51.39,102.78
7029,2336,240,1,26.71,26.71
7030,2336,225,4,267.00,1068.00
7031,2336,228,2,148.63,297.26
7032,2337,224,1,203.37,203.37
7033,2337,85,4,279.78,1119.12
7034,2337,334,2,173.02,346.04
7035,2338,173,1,101.46,101.46
7036,2338,308,3,143.10,429.30
7037,2338,17,3,189.07,567.21
7038,2339,267,3,276.85,830.55
7039,2339,320,1,125.31,125.31
7040,2339,230,3,64.40,193.20
7041,2340,310,4,106.27,425.08
7042,2340,329,2,124.79,249.58
7043,2340,148,4,640.43,2561.72
7044,2341,26,3,979.66,2938.98
7045,2341,209,4,299.28,1197.12
7046,2341,305,3,18.21,54.63
7047,2342,1,1,41.61,41.61
7048,2342,63,1,176.42,176.42
7049,2342,2,3,54.72,164.16
7050,2343,247,3,127.32,381.96
7051,2343,54,4,73.34,293.36
7052,2343,175,2,239.58,479.16
7053,2344,30,1,165.44,165.44
7054,2344,76,3,49.74,149.22
7055,2344,278,3,405.40,1216.20
7056,2345,216,1,27.57,27.57
7057,2345,23,1,477.55,477.55
7058,2345,189,1,87.00,87.00
7059,2346,76,3,49.74,149.22
7060,2346,230,4,64.40,257.60
7061,2346,78,3,252.79,758.37
7062,2347,184,1,103.83,103.83
7063,2347,48,1,124.35,124.35
7064,2347,250,2,725.02,1450.04
7065,2348,234,3,157.34,472.02
7066,2348,88,4,92.09,368.36
7067,2348,264,1,1374.60,1374.60
7068,2349,117,1,795.33,795.33
7069,2349,108,4,368.57,1474.28
7070,2349,87,1,116.31,116.31
7071,2350,257,3,77.56,232.68
7072,2350,293,2,9518.10,19036.20
7073,2350,157,4,2380.02,9520.08
7074,2351,221,1,484.99,484.99
7075,2351,302,2,17.70,35.40
7076,2351,324,2,183.99,367.98
7077,2352,171,4,49.52,198.08
7078,2352,175,2,239.58,479.16
7079,2352,5,1,312.42,312.42
7080,2353,179,2,367.91,735.82
7081,2353,65,4,114.10,456.40
7082,2353,169,1,537.24,537.24
7083,2354,252,1,576.27,576.27
7084,2354,133,2,153.60,307.20
7085,2354,54,4,73.34,293.36
7086,2355,229,3,182.92,548.76
7087,2355,302,4,17.70,70.80
7088,2355,296,2,101.13,202.26
7089,2356,218,2,49.88,99.76
7090,2356,251,1,87.96,87.96
7091,2356,74,1,306.84,306.84
7092,2357,305,4,18.21,72.84
7093,2357,66,1,41.56,41.56
7094,2357,311,3,32.45,97.35
7095,2358,294,3,133.99,401.97
7096,2358,11,3,88.33,264.99
7097,2358,155,2,80.38,160.76
7098,2359,154,1,174.02,174.02
7099,2359,333,3,167.16,501.48
7100,2359,124,4,201.32,805.28
7101,2360,176,4,204.81,819.24
7102,2360,279,4,41.73,166.92
7103,2360,39,1,265.80,265.80
7104,2361,279,3,41.73,125.19
7105,2361,232,4,117.39,469.56
7106,2361,303,2,199.54,399.08
7107,2362,289,2,37.80,75.60
7108,2362,179,1,367.91,367.91
7109,2362,150,3,223.54,670.62
7110,2363,106,4,502.86,2011.44
7111,2363,14,2,430.90,861.80
7112,2363,141,2,482.39,964.78
7113,2364,28,4,30.65,122.60
7114,2364,48,4,124.35,497.40
7115,2364,142,4,544.13,2176.52
7116,2365,178,3,110.15,330.45
7117,2365,147,4,143.83,575.32
7118,2365,246,2,42.72,85.44
7119,2366,87,2,116.31,232.62
7120,2366,138,2,75.42,150.84
7121,2366,47,1,100.93,100.93
7122,2367,177,3,173.92,521.76
7123,2367,205,4,92.31,369.24
7124,2367,186,2,324.89,649.78
7125,2368,53,4,26.41,105.64
7126,2368,65,2,114.10,228.20
7127,2368,131,1,151.63,151.63
7128,2369,308,2,143.10,286.20
7129,2369,140,2,558.26,1116.52
7130,2369,313,3,49.11,147.33
7131,2370,219,4,662.92,2651.68
7132,2370,165,4,257.39,1029.56
7133,2370,24,3,136.38,409.14
7134,2371,4,1,70.68,70.68
7135,2371,185,3,118.55,355.65
7136,2371,220,2,38.34,76.68
7137,2372,214,3,522.07,1566.21
7138,2372,232,1,117.39,117.39
7139,2372,236,4,54.07,216.28
7140,2373,54,1,73.34,73.34
7141,2373,235,3,1867.81,5603.43
7142,2373,188,4,50.01,200.04
7143,2374,275,1,110.46,110.46
7144,2374,30,4,165.44,661.76
7145,2374,17,4,189.07,756.28
7146,2375,255,2,71.89,143.78
7147,2375,190,4,4952.78,19811.12
7148,2375,169,4,537.24,2148.96
7149,2376,205,4,92.31,369.24
7150,2376,193,3,9668.18,29004.54
7151,2376,36,2,184.31,368.62
7152,2377,161,4,258.97,1035.88
7153,2377,67,1,663.51,663.51
7154,2377,280,4,154.65,618.60
7155,2378,5,1,312.42,312.42
7156,2378,304,3,121.41,364.23
7157,2378,74,1,306.84,306.84
7158,2379,68,3,416.05,1248.15
7159,2379,106,2,502.86,1005.72
7160,2379,93,4,73.99,295.96
7161,2380,288,2,236.80,473.60
7162,2380,252,1,576.27,576.27
7163,2380,93,2,73.99,147.98
7164,2381,314,3,28.97,86.91
7165,2381,132,3,152.84,458.52
7166,2381,239,3,642.80,1928.40
7167,2382,235,1,1867.81,1867.81
7168,2382,179,4,367.91,1471.64
7169,2382,275,3,110.46,331.38
7170,2383,112,1,97.46,97.46
7171,2383,220,4,38.34,153.36
7172,2383,171,3,49.52,148.56
7173,2384,133,1,153.60,153.60
7174,2384,80,3,180.81,542.43
7175,2384,176,4,204.81,819.24
7176,2385,135,4,176.88,707.52
7177,2385,201,1,83.06,83.06
7178,2385,111,2,215.02,430.04
7179,2386,209,1,299.28,299.28
7180,2386,192,4,365.72,1462.88
7181,2386,117,4,795.33,3181.32
7182,2387,60,1,301.85,301.85
7183,2387,161,4,258.97,1035.88
7184,2387,300,4,39.77,159.08
7185,2388,181,2,181.57,363.14
7186,2388,188,1,50.01,50.01
7187,2388,67,3,663.51,1990.53
7188,2389,148,3,640.43,1921.29
7189,2389,56,3,408.87,1226.61
7190,2389,15,2,602.60,1205.20
7191,2390,312,1,25.20,25.20
7192,2390,242,1,798.53,798.53
7193,2390,148,3,640.43,1921.29
7194,2391,261,3,61.79,185.37
7195,2391,130,1,261.07,261.07
7196,2391,161,3,258.97,776.91
7197,2392,206,3,125.45,376.35
7198,2392,265,1,192.94,192.94
7199,2392,243,4,471.30,1885.20
7200,2393,251,1,87.96,87.96
7201,2393,61,1,175.93,175.93
7202,2393,318,1,27.43,27.43
7203,2394,86,4,137.39,549.56
7204,2394,74,4,306.84,1227.36
7205,2394,185,2,118.55,237.10
7206,2395,334,2,173.02,346.04
7207,2395,160,1,103.53,103.53
7208,2395,280,2,154.65,309.30
7209,2396,40,2,62.79,125.58
7210,2396,64,2,72.56,145.12
7211,2396,87,1,116.31,116.31
7212,2397,45,4,5111.42,20445.68
7213,2397,142,1,544.13,544.13
7214,2397,249,4,333.60,1334.40
7215,2398,30,4,165.44,661.76
7216,2398,254,2,196.52,393.04
7217,2398,331,4,54.96,219.84
7218,2399,63,2,176.42,352.84
7219,2399,292,3,40.52,121.56
7220,2399,236,2,54.07,108.14
7221,2400,325,1,108.41,108.41
7222,2400,201,4,83.06,332.24
7223,2400,198,2,124.56,249.12
7224,2401,27,4,485.13,1940.52
7225,2401,16,3,82.24,246.72
7226,2401,34,3,5015.04,15045.12
7227,2402,242,2,798.53,1597.06
7228,2402,45,1,5111.42,5111.42
7229,2402,277,2,198.38,396.76
7230,2403,52,1,36.58,36.58
7231,2403,111,2,215.02,430.04
7232,2403,183,3,229.08,687.24
7233,2404,38,4,2984.65,11938.60
7234,2404,291,1,25.62,25.62
7235,2404,305,3,18.21,54.63
7236,2405,88,4,92.09,368.36
7237,2405,8,4,92.31,369.24
7238,2405,26,2,979.66,1959.32
7239,2406,147,1,143.83,143.83
7240,2406,131,4,151.63,606.52
7241,2406,23,2,477.55,955.10
7242,2407,110,3,81.80,245.40
7243,2407,313,1,49.11,49.11
7244,2407,113,2,545.60,1091.20
7245,2408,283,4,594.23,2376.92
7246,2408,82,1,80.11,80.11
7247,2408,298,4,103.05,412.20
7248,2409,317,4,85.93,343.72
7249,2409,302,3,17.70,53.10
7250,2409,323,1,43.39,43.39
7251,2410,25,4,70.53,282.12
7252,2410,299,2,57.14,114.28
7253,2410,82,2,80.11,160.22
7254,2411,223,1,467.04,467.04
7255,2411,334,1,173.02,173.02
7256,2411,220,1,38.34,38.34
7257,2412,306,3,184.88,554.64
7258,2412,192,2,365.72,731.44
7259,2412,120,1,532.02,532.02
7260,2413,252,1,576.27,576.27
7261,2413,258,2,57.78,115.56
7262,2413,174,2,93.41,186.82
7263,2414,104,3,2507.07,7521.21
7264,2414,99,3,4229.74,12689.22
7265,2414,191,4,217.48,869.92
7266,2415,211,3,391.93,1175.79
7267,2415,24,3,136.38,409.14
7268,2415,287,1,553.36,553.36
7269,2416,322,4,161.49,645.96
7270,2416,114,4,59.81,239.24
7271,2416,156,3,138.39,415.17
7272,2417,176,2,204.81,409.62
7273,2417,259,3,37.26,111.78
7274,2417,227,4,154.78,619.12
7275,2418,86,2,137.39,274.78
7276,2418,123,2,340.07,680.14
7277,2418,129,3,120.28,360.84
7278,2419,75,1,63.53,63.53
7279,2419,202,4,109.28,437.12
7280,2419,144,4,1176.11,4704.44
7281,2420,191,1,217.48,217.48
7282,2420,156,4,138.39,553.56
7283,2420,223,3,467.04,1401.12
7284,2421,49,2,109.83,219.66
7285,2421,184,1,103.83,103.83
7286,2421,173,1,101.46,101.46
7287,2422,108,4,368.57,1474.28
7288,2422,334,4,173.02,692.08
7289,2422,179,2,367.91,735.82
7290,2423,166,4,122.59,490.36
7291,2423,262,4,177.88,711.52
7292,2423,279,2,41.73,83.46
7293,2424,173,2,101.46,202.92
7294,2424,76,3,49.74,149.22
7295,2424,73,2,550.57,1101.14
7296,2425,88,2,92.09,184.18
7297,2425,66,2,41.56,83.12
7298,2425,33,4,618.92,2475.68
7299,2426,34,3,5015.04,15045.12
7300,2426,329,4,124.79,499.16
7301,2426,120,3,532.02,1596.06
7302,2427,300,2,39.77,79.54
7303,2427,106,2,502.86,1005.72
7304,2427,87,1,116.31,116.31
7305,2428,29,1,74.94,74.94
7306,2428,187,3,53.46,160.38
7307,2428,251,2,87.96,175.92
7308,2429,255,2,71.89,143.78
7309,2429,115,2,559.60,1119.20
7310,2429,310,3,106.27,318.81
7311,2430,218,3,49.88,149.64
7312,2430,121,3,376.95,1130.85
7313,2430,135,4,176.88,707.52
7314,2431,41,3,82.03,246.09
7315,2431,283,4,594.23,2376.92
7316,2431,78,2,252.79,505.58
7317,2432,223,3,467.04,1401.12
7318,2432,192,3,365.72,1097.16
7319,2432,241,1,237.51,237.51
7320,2433,335,2,117.27,234.54
7321,2433,100,1,912.50,912.50
7322,2433,180,3,206.84,620.52
7323,2434,105,1,63.28,63.28
7324,2434,281,2,34.70,69.40
7325,2434,148,2,640.43,1280.86
7326,2435,62,3,56.51,169.53
7327,2435,130,4,261.07,1044.28
7328,2435,17,3,189.07,567.21
7329,2436,234,1,157.34,157.34
7330,2436,227,1,154.78,154.78
7331,2436,293,3,9518.10,28554.30
7332,2437,167,3,125.02,375.06
7333,2437,202,2,109.28,218.56
7334,2437,257,2,77.56,155.12
7335,2438,240,4,26.71,106.84
7336,2438,58,2,158.45,316.90
7337,2438,254,3,196.52,589.56
7338,2439,8,3,92.31,276.93
7339,2439,140,2,558.26,1116.52
7340,2439,237,1,188.93,188.93
7341,2440,59,2,1165.61,2331.22
7342,2440,72,4,201.58,806.32
7343,2440,164,1,259.43,259.43
7344,2441,136,3,407.27,1221.81
7345,2441,31,3,79.21,237.63
7346,2441,277,3,198.38,595.14
7347,2442,247,3,127.32,381.96
7348,2442,236,3,54.07,162.21
7349,2442,161,1,258.97,258.97
7350,2443,156,1,138.39,138.39
7351,2443,140,1,558.26,558.26
7352,2443,273,3,173.28,519.84
7353,2444,147,4,143.83,575.32
7354,2444,168,3,84.08,252.24
7355,2444,169,2,537.24,1074.48
7356,2445,166,4,122.59,490.36
7357,2445,131,3,151.63,454.89
7358,2445,228,2,148.63,297.26
7359,2446,266,1,379.02,379.02
7360,2446,79,1,221.90,221.90
7361,2446,3,2,108.77,217.54
7362,2447,42,2,288.25,576.50
7363,2447,26,4,979.66,3918.64
7364,2447,87,3,116.31,348.93
7365,2448,66,3,41.56,124.68
7366,2448,206,1,125.45,125.45
7367,2448,250,3,725.02,2175.06
7368,2449,259,1,37.26,37.26
7369,2449,250,2,725.02,1450.04
7370,2449,300,1,39.77,39.77
7371,2450,91,1,103.05,103.05
7372,2450,1,3,41.61,124.83
7373,2450,88,1,92.09,92.09
7374,2451,115,3,559.60,1678.80
7375,2451,261,4,61.79,247.16
7376,2451,118,4,123.08,492.32
7377,2452,325,3,108.41,325.23
7378,2452,263,1,82.89,82.89
7379,2452,221,3,484.99,1454.97
7380,2453,70,1,79.39,79.39
7381,2453,144,1,1176.11,1176.11
7382,2453,154,1,174.02,174.02
7383,2454,211,4,391.93,1567.72
7384,2454,134,1,261.22,261.22
7385,2454,78,2,252.79,505.58
7386,2455,26,4,979.66,3918.64
7387,2455,168,3,84.08,252.24
7388,2455,32,1,604.32,604.32
7389,2456,216,4,27.57,110.28
7390,2456,103,1,88.38,88.38
7391,2456,176,3,204.81,614.43
7392,2457,82,4,80.11,320.44
7393,2457,6,1,536.76,536.76
7394,2457,75,4,63.53,254.12
7395,2458,277,3,198.38,595.14
7396,2458,294,3,133.99,401.97
7397,2458,202,4,109.28,437.12
7398,2459,123,3,340.07,1020.21
7399,2459,165,4,257.39,1029.56
7400,2459,322,3,161.49,484.47
7401,2460,295,1,207.06,207.06
7402,2460,172,4,53.49,213.96
7403,2460,125,1,319.28,319.28
7404,2461,165,1,257.39,257.39
7405,2461,81,1,24.00,24.00
7406,2461,214,3,522.07,1566.21
7407,2462,97,3,201.04,603.12
7408,2462,329,2,124.79,249.58
7409,2462,244,3,70.80,212.40
7410,2463,115,2,559.60,1119.20
7411,2463,332,4,122.23,488.92
7412,2463,69,1,206.85,206.85
7413,2464,190,1,4952.78,4952.78
7414,2464,225,3,267.00,801.00
7415,2464,206,2,125.45,250.90
7416,2465,263,2,82.89,165.78
7417,2465,175,3,239.58,718.74
7418,2465,21,1,37.53,37.53
7419,2466,179,3,367.91,1103.73
7420,2466,283,2,594.23,1188.46
7421,2466,47,4,100.93,403.72
7422,2467,271,1,1470.33,1470.33
7423,2467,287,1,553.36,553.36
7424,2467,217,4,324.83,1299.32
7425,2468,218,4,49.88,199.52
7426,2468,335,4,117.27,469.08
7427,2468,67,2,663.51,1327.02
7428,2469,311,3,32.45,97.35
7429,2469,178,4,110.15,440.60
7430,2469,195,4,46.99,187.96
7431,2470,167,3,125.02,375.06
7432,2470,232,4,117.39,469.56
7433,2470,285,1,6751.40,6751.40
7434,2471,205,2,92.31,184.62
7435,2471,137,4,197.81,791.24
7436,2471,252,3,576.27,1728.81
7437,2472,89,4,185.24,740.96
7438,2472,307,1,195.28,195.28
7439,2472,90,1,226.17,226.17
7440,2473,123,1,340.07,340.07
7441,2473,121,1,376.95,376.95
7442,2473,284,4,33.21,132.84
7443,2474,316,4,110.67,442.68
7444,2474,147,2,143.83,287.66
7445,2474,170,2,845.55,1691.10
7446,2475,206,2,125.45,250.90
7447,2475,176,2,204.81,409.62
7448,2475,164,4,259.43,1037.72
7449,2476,30,3,165.44,496.32
7450,2476,75,4,63.53,254.12
7451,2476,138,2,75.42,150.84
7452,2477,200,4,51.39,205.56
7453,2477,260,1,95.74,95.74
7454,2477,252,2,576.27,1152.54
7455,2478,256,1,255.06,255.06
7456,2478,112,2,97.46,194.92
7457,2478,29,3,74.94,224.82
7458,2479,195,1,46.99,46.99
7459,2479,12,1,423.08,423.08
7460,2479,214,3,522.07,1566.21
7461,2480,133,3,153.60,460.80
7462,2480,95,4,198.29,793.16
7463,2480,189,2,87.00,174.00
7464,2481,219,4,662.92,2651.68
7465,2481,315,2,69.11,138.22
7466,2481,118,2,123.08,246.16
7467,2482,119,4,329.12,1316.48
7468,2482,215,2,136.44,272.88
7469,2482,65,3,114.10,342.30
7470,2483,35,1,166.21,166.21
7471,2483,324,3,183.99,551.97
7472,2483,115,2,559.60,1119.20
7473,2484,47,3,100.93,302.79
7474,2484,142,3,544.13,1632.39
7475,2484,265,4,192.94,771.76
7476,2485,16,3,82.24,246.72
7477,2485,163,1,150.26,150.26
7478,2485,52,2,36.58,73.16
7479,2486,146,4,364.03,1456.12
7480,2486,318,4,27.43,109.72
7481,2486,127,3,242.46,727.38
7482,2487,141,4,482.39,1929.56
7483,2487,174,3,93.41,280.23
7484,2487,77,1,90.53,90.53
7485,2488,93,2,73.99,147.98
7486,2488,25,2,70.53,141.06
7487,2488,81,4,24.00,96.00
7488,2489,304,4,121.41,485.64
7489,2489,191,2,217.48,434.96
7490,2489,228,2,148.63,297.26
7491,2490,131,2,151.63,303.26
7492,2490,67,4,663.51,2654.04
7493,2490,276,3,1553.72,4661.16
7494,2491,129,3,120.28,360.84
7495,2491,10,1,42.91,42.91
7496,2491,78,4,252.79,1011.16
7497,2492,318,4,27.43,109.72
7498,2492,319,2,129.86,259.72
7499,2492,130,3,261.07,783.21
7500,2493,38,4,2984.65,11938.60
7501,2493,289,2,37.80,75.60
7502,2493,47,2,100.93,201.86
7503,2494,28,2,30.65,61.30
7504,2494,6,1,536.76,536.76
7505,2494,164,2,259.43,518.86
7506,2495,294,3,133.99,401.97
7507,2495,1,3,41.61,124.83
7508,2495,9,1,1355.55,1355.55
7509,2496,21,1,37.53,37.53
7510,2496,154,2,174.02,348.04
7511,2496,251,3,87.96,263.88
7512,2497,92,4,243.24,972.96
7513,2497,231,3,170.32,510.96
7514,2497,314,3,28.97,86.91
7515,2498,276,1,1553.72,1553.72
7516,2498,223,4,467.04,1868.16
7517,2498,108,3,368.57,1105.71
7518,2499,122,4,130.97,523.88
7519,2499,97,2,201.04,402.08
7520,2499,317,1,85.93,85.93
7521,2500,273,3,173.28,519.84
7522,2500,310,1,106.27,106.27
7523,2500,127,1,242.46,242.46
7524,2501,138,4,75.42,301.68
7525,2501,240,2,26.71,53.42
7526,2501,263,2,82.89,165.78
7527,2502,8,4,92.31,369.24
7528,2502,169,4,537.24,2148.96
7529,2502,145,3,369.80,1109.40
7530,2503,65,3,114.10,342.30
7531,2503,21,1,37.53,37.53
7532,2503,213,3,231.12,693.36
7533,2504,292,2,40.52,81.04
7534,2504,179,4,367.91,1471.64
7535,2504,263,3,82.89,248.67
7536,2505,222,2,106.41,212.82
7537,2505,74,4,306.84,1227.36
7538,2505,307,1,195.28,195.28
7539,2506,271,3,1470.33,4410.99
7540,2506,178,1,110.15,110.15
7541,2506,163,3,150.26,450.78
7542,2507,155,3,80.38,241.14
7543,2507,328,1,180.51,180.51
7544,2507,30,4,165.44,661.76
7545,2508,117,2,795.33,1590.66
7546,2508,128,4,1363.48,5453.92
7547,2508,101,3,156.57,469.71
7548,2509,127,1,242.46,242.46
7549,2509,120,3,532.02,1596.06
7550,2509,85,1,279.78,279.78
7551,2510,194,2,136.81,273.62
7552,2510,12,2,423.08,846.16
7553,2510,107,2,136.14,272.28
7554,2511,75,2,63.53,127.06
7555,2511,191,3,217.48,652.44
7556,2511,78,1,252.79,252.79
7557,2512,318,2,27.43,54.86
7558,2512,246,4,42.72,170.88
7559,2512,137,3,197.81,593.43
7560,2513,278,1,405.40,405.40
7561,2513,224,4,203.37,813.48
7562,2513,17,4,189.07,756.28
7563,2514,78,2,252.79,505.58
7564,2514,179,1,367.91,367.91
7565,2514,189,1,87.00,87.00
7566,2515,201,3,83.06,249.18
7567,2515,310,2,106.27,212.54
7568,2515,33,1,618.92,618.92
7569,2516,307,3,195.28,585.84
7570,2516,140,4,558.26,2233.04
7571,2516,208,3,5119.77,15359.31
7572,2517,203,3,59.44,178.32
7573,2517,321,4,105.04,420.16
7574,2517,214,1,522.07,522.07
7575,2518,102,1,39.38,39.38
7576,2518,146,3,364.03,1092.09
7577,2518,19,3,79.80,239.40
7578,2519,203,3,59.44,178.32
7579,2519,20,4,49.24,196.96
7580,2519,72,1,201.58,201.58
7581,2520,297,3,83.28,249.84
7582,2520,290,3,744.49,2233.47
7583,2520,208,1,5119.77,5119.77
7584,2521,118,1,123.08,123.08
7585,2521,239,2,642.80,1285.60
7586,2521,289,2,37.80,75.60
7587,2522,2,4,54.72,218.88
7588,2522,225,3,267.00,801.00
7589,2522,159,4,176.40,705.60
7590,2523,206,3,125.45,376.35
7591,2523,293,2,9518.10,19036.20
7592,2523,185,2,118.55,237.10
7593,2524,266,2,379.02,758.04
7594,2524,43,3,930.93,2792.79
7595,2524,310,1,106.27,106.27
7596,2525,285,3,6751.40,20254.20
7597,2525,244,4,70.80,283.20
7598,2525,326,4,127.79,511.16
7599,2526,87,2,116.31,232.62
7600,2526,281,3,34.70,104.10
7601,2526,156,1,138.39,138.39
7602,2527,52,1,36.58,36.58
7603,2527,154,4,174.02,696.08
7604,2527,251,1,87.96,87.96
7605,2528,91,3,103.05,309.15
7606,2528,303,2,199.54,399.08
7607,2528,292,1,40.52,40.52
7608,2529,305,4,18.21,72.84
7609,2529,173,1,101.46,101.46
7610,2529,313,4,49.11,196.44
7611,2530,34,4,5015.04,20060.16
7612,2530,139,4,392.73,1570.92
7613,2530,160,2,103.53,207.06
7614,2531,51,3,223.70,671.10
7615,2531,319,1,129.86,129.86
7616,2531,28,3,30.65,91.95
7617,2532,62,4,56.51,226.04
7618,2532,237,4,188.93,755.72
7619,2532,157,1,2380.02,2380.02
7620,2533,157,1,2380.02,2380.02
7621,2533,296,1,101.13,101.13
7622,2533,217,1,324.83,324.83
7623,2534,123,2,340.07,680.14
7624,2534,331,2,54.96,109.92
7625,2534,273,2,173.28,346.56
7626,2535,300,3,39.77,119.31
7627,2535,172,4,53.49,213.96
7628,2535,201,4,83.06,332.24
7629,2536,283,1,594.23,594.23
7630,2536,184,3,103.83,311.49
7631,2536,316,2,110.67,221.34
7632,2537,227,2,154.78,309.56
7633,2537,59,2,1165.61,2331.22
7634,2537,123,3,340.07,1020.21
7635,2538,250,3,725.02,2175.06
7636,2538,101,4,156.57,626.28
7637,2538,65,1,114.10,114.10
7638,2539,258,4,57.78,231.12
7639,2539,276,1,1553.72,1553.72
7640,2539,87,1,116.31,116.31
7641,2540,4,4,70.68,282.72
7642,2540,136,2,407.27,814.54
7643,2540,95,4,198.29,793.16
7644,2541,20,2,49.24,98.48
7645,2541,129,4,120.28,481.12
7646,2541,321,3,105.04,315.12
7647,2542,305,3,18.21,54.63
7648,2542,213,4,231.12,924.48
7649,2542,36,2,184.31,368.62
7650,2543,291,3,25.62,76.86
7651,2543,96,2,171.36,342.72
7652,2543,234,1,157.34,157.34
7653,2544,134,4,261.22,1044.88
7654,2544,176,2,204.81,409.62
7655,2544,66,1,41.56,41.56
7656,2545,231,1,170.32,170.32
7657,2545,204,4,362.70,1450.80
7658,2545,13,4,44.19,176.76
7659,2546,84,3,214.78,644.34
7660,2546,315,4,69.11,276.44
7661,2546,25,3,70.53,211.59
7662,2547,120,4,532.02,2128.08
7663,2547,198,1,124.56,124.56
7664,2547,328,4,180.51,722.04
7665,2548,301,3,136.93,410.79
7666,2548,255,4,71.89,287.56
7667,2548,204,1,362.70,362.70
7668,2549,121,1,376.95,376.95
7669,2549,193,4,9668.18,38672.72
7670,2549,240,1,26.71,26.71
7671,2550,308,3,143.10,429.30
7672,2550,222,4,106.41,425.64
7673,2550,224,1,203.37,203.37
7674,2551,152,4,133.94,535.76
7675,2551,60,1,301.85,301.85
7676,2551,214,1,522.07,522.07
7677,2552,23,1,477.55,477.55
7678,2552,255,3,71.89,215.67
7679,2552,6,3,536.76,1610.28
7680,2553,37,2,5435.24,10870.48
7681,2553,32,1,604.32,604.32
7682,2553,127,4,242.46,969.84
7683,2554,146,2,364.03,728.06
7684,2554,270,4,777.12,3108.48
7685,2554,309,4,132.91,531.64
7686,2555,330,4,120.68,482.72
7687,2555,314,1,28.97,28.97
7688,2555,153,4,41.42,165.68
7689,2556,144,2,1176.11,2352.22
7690,2556,111,1,215.02,215.02
7691,2556,226,4,106.24,424.96
7692,2557,185,1,118.55,118.55
7693,2557,263,4,82.89,331.56
7694,2557,211,4,391.93,1567.72
7695,2558,248,3,4473.97,13421.91
7696,2558,4,3,70.68,212.04
7697,2558,110,1,81.80,81.80
7698,2559,182,1,312.02,312.02
7699,2559,22,3,709.66,2128.98
7700,2559,328,1,180.51,180.51
7701,2560,133,3,153.60,460.80
7702,2560,92,1,243.24,243.24
7703,2560,245,4,75.04,300.16
7704,2561,280,1,154.65,154.65
7705,2561,106,2,502.86,1005.72
7706,2561,305,3,18.21,54.63
7707,2562,136,4,407.27,1629.08
7708,2562,134,4,261.22,1044.88
7709,2562,37,4,5435.24,21740.96
7710,2563,216,4,27.57,110.28
7711,2563,266,4,379.02,1516.08
7712,2563,274,3,72.47,217.41
7713,2564,286,2,65.95,131.90
7714,2564,200,1,51.39,51.39
7715,2564,164,3,259.43,778.29
7716,2565,313,3,49.11,147.33
7717,2565,129,3,120.28,360.84
7718,2565,185,1,118.55,118.55
7719,2566,48,4,124.35,497.40
7720,2566,23,4,477.55,1910.20
7721,2566,111,2,215.02,430.04
7722,2567,228,1,148.63,148.63
7723,2567,94,4,61.84,247.36
7724,2567,41,2,82.03,164.06
7725,2568,167,1,125.02,125.02
7726,2568,168,1,84.08,84.08
7727,2568,302,3,17.70,53.10
7728,2569,231,4,170.32,681.28
7729,2569,1,2,41.61,83.22
7730,2569,212,2,1815.77,3631.54
7731,2570,192,2,365.72,731.44
7732,2570,1,1,41.61,41.61
7733,2570,170,1,845.55,845.55
7734,2571,269,4,107.58,430.32
7735,2571,54,2,73.34,146.68
7736,2571,139,3,392.73,1178.19
7737,2572,68,1,416.05,416.05
7738,2572,234,2,157.34,314.68
7739,2572,21,1,37.53,37.53
7740,2573,107,4,136.14,544.56
7741,2573,17,4,189.07,756.28
7742,2573,289,1,37.80,37.80
7743,2574,324,2,183.99,367.98
7744,2574,297,1,83.28,83.28
7745,2574,244,2,70.80,141.60
7746,2575,244,3,70.80,212.40
7747,2575,11,3,88.33,264.99
7748,2575,282,2,314.44,628.88
7749,2576,219,1,662.92,662.92
7750,2576,199,3,122.30,366.90
7751,2576,174,2,93.41,186.82
7752,2577,113,3,545.60,1636.80
7753,2577,79,3,221.90,665.70
7754,2577,183,1,229.08,229.08
7755,2578,5,4,312.42,1249.68
7756,2578,237,3,188.93,566.79
7757,2578,203,2,59.44,118.88
7758,2579,239,4,642.80,2571.20
7759,2579,13,2,44.19,88.38
7760,2579,196,3,68.93,206.79
7761,2580,218,4,49.88,199.52
7762,2580,191,2,217.48,434.96
7763,2580,161,4,258.97,1035.88
7764,2581,199,3,122.30,366.90
7765,2581,91,4,103.05,412.20
7766,2581,277,1,198.38,198.38
7767,2582,279,1,41.73,41.73
7768,2582,135,3,176.88,530.64
7769,2582,219,4,662.92,2651.68
7770,2583,75,4,63.53,254.12
7771,2583,79,4,221.90,887.60
7772,2583,133,3,153.60,460.80
7773,2584,270,2,777.12,1554.24
7774,2584,82,3,80.11,240.33
7775,2584,285,4,6751.40,27005.60
7776,2585,61,4,175.93,703.72
7777,2585,24,1,136.38,136.38
7778,2585,233,2,107.91,215.82
7779,2586,245,2,75.04,150.08
7780,2586,273,1,173.28,173.28
7781,2586,203,2,59.44,118.88
7782,2587,222,2,106.41,212.82
7783,2587,67,3,663.51,1990.53
7784,2587,283,4,594.23,2376.92
7785,2588,232,4,117.39,469.56
7786,2588,55,2,361.92,723.84
7787,2588,259,4,37.26,149.04
7788,2589,88,2,92.09,184.18
7789,2589,324,1,183.99,183.99
7790,2589,157,1,2380.02,2380.02
7791,2590,1,3,41.61,124.83
7792,2590,46,4,64.02,256.08
7793,2590,225,2,267.00,534.00
7794,2591,328,2,180.51,361.02
7795,2591,33,1,618.92,618.92
7796,2591,193,4,9668.18,38672.72
7797,2592,6,4,536.76,2147.04
7798,2592,237,1,188.93,188.93
7799,2592,113,2,545.60,1091.20
7800,2593,73,1,550.57,550.57
7801,2593,247,1,127.32,127.32
7802,2593,17,4,189.07,756.28
7803,2594,193,2,9668.18,19336.36
7804,2594,128,3,1363.48,4090.44
7805,2594,136,2,407.27,814.54
7806,2595,295,1,207.06,207.06
7807,2595,322,1,161.49,161.49
7808,2595,157,3,2380.02,7140.06
7809,2596,220,2,38.34,76.68
7810,2596,49,2,109.83,219.66
7811,2596,102,3,39.38,118.14
7812,2597,242,2,798.53,1597.06
7813,2597,251,2,87.96,175.92
7814,2597,164,1,259.43,259.43
7815,2598,269,4,107.58,430.32
7816,2598,143,1,55.35,55.35
7817,2598,77,3,90.53,271.59
7818,2599,327,2,91.25,182.50
7819,2599,51,2,223.70,447.40
7820,2599,83,2,138.27,276.54
7821,2600,35,3,166.21,498.63
7822,2600,104,2,2507.07,5014.14
7823,2600,40,4,62.79,251.16
7824,2601,183,3,229.08,687.24
7825,2601,244,1,70.80,70.80
7826,2601,287,3,553.36,1660.08
7827,2602,135,4,176.88,707.52
7828,2602,156,4,138.39,553.56
7829,2602,307,1,195.28,195.28
7830,2603,99,4,4229.74,16918.96
7831,2603,276,4,1553.72,6214.88
7832,2603,126,1,105.42,105.42
7833,2604,316,3,110.67,332.01
7834,2604,222,4,106.41,425.64
7835,2604,315,2,69.11,138.22
7836,2605,186,4,324.89,1299.56
7837,2605,324,1,183.99,183.99
7838,2605,190,2,4952.78,9905.56
7839,2606,141,3,482.39,1447.17
7840,2606,200,4,51.39,205.56
7841,2606,293,2,9518.10,19036.20
7842,2607,160,4,103.53,414.12
7843,2607,63,1,176.42,176.42
7844,2607,135,2,176.88,353.76
7845,2608,36,2,184.31,368.62
7846,2608,188,1,50.01,50.01
7847,2608,39,4,265.80,1063.20
7848,2609,213,4,231.12,924.48
7849,2609,279,1,41.73,41.73
7850,2609,114,4,59.81,239.24
7851,2610,274,1,72.47,72.47
7852,2610,237,1,188.93,188.93
7853,2610,203,4,59.44,237.76
7854,2611,254,4,196.52,786.08
7855,2611,308,1,143.10,143.10
7856,2611,317,4,85.93,343.72
7857,2612,184,1,103.83,103.83
7858,2612,225,1,267.00,267.00
7859,2612,333,2,167.16,334.32
7860,2613,64,4,72.56,290.24
7861,2613,67,1,663.51,663.51
7862,2613,101,3,156.57,469.71
7863,2614,284,2,33.21,66.42
7864,2614,301,3,136.93,410.79
7865,2614,298,2,103.05,206.10
7866,2615,304,3,121.41,364.23
7867,2615,186,1,324.89,324.89
7868,2615,225,3,267.00,801.00
7869,2616,164,4,259.43,1037.72
7870,2616,43,3,930.93,2792.79
7871,2616,306,2,184.88,369.76
7872,2617,248,4,4473.97,17895.88
7873,2617,117,4,795.33,3181.32
7874,2617,91,1,103.05,103.05
7875,2618,150,1,223.54,223.54
7876,2618,2,1,54.72,54.72
7877,2618,22,2,709.66,1419.32
7878,2619,222,4,106.41,425.64
7879,2619,87,3,116.31,348.93
7880,2619,20,3,49.24,147.72
7881,2620,268,4,186.90,747.60
7882,2620,183,1,229.08,229.08
7883,2620,229,1,182.92,182.92
7884,2621,323,4,43.39,173.56
7885,2621,32,2,604.32,1208.64
7886,2621,59,2,1165.61,2331.22
7887,2622,148,4,640.43,2561.72
7888,2622,248,4,4473.97,17895.88
7889,2622,146,2,364.03,728.06
7890,2623,82,2,80.11,160.22
7891,2623,306,2,184.88,369.76
7892,2623,207,4,62.51,250.04
7893,2624,193,2,9668.18,19336.36
7894,2624,120,4,532.02,2128.08
7895,2624,291,4,25.62,102.48
7896,2625,263,2,82.89,165.78
7897,2625,105,4,63.28,253.12
7898,2625,316,3,110.67,332.01
7899,2626,201,3,83.06,249.18
7900,2626,315,2,69.11,138.22
7901,2626,183,1,229.08,229.08
7902,2627,29,2,74.94,149.88
7903,2627,173,1,101.46,101.46
7904,2627,262,4,177.88,711.52
7905,2628,289,2,37.80,75.60
7906,2628,229,4,182.92,731.68
7907,2628,272,3,77.63,232.89
7908,2629,312,1,25.20,25.20
7909,2629,327,2,91.25,182.50
7910,2629,17,2,189.07,378.14
7911,2630,6,2,536.76,1073.52
7912,2630,233,2,107.91,215.82
7913,2630,291,4,25.62,102.48
7914,2631,153,1,41.42,41.42
7915,2631,320,1,125.31,125.31
7916,2631,173,2,101.46,202.92
7917,2632,305,4,18.21,72.84
7918,2632,312,4,25.20,100.80
7919,2632,140,4,558.26,2233.04
7920,2633,229,3,182.92,548.76
7921,2633,331,2,54.96,109.92
7922,2633,180,4,206.84,827.36
7923,2634,288,3,236.80,710.40
7924,2634,150,2,223.54,447.08
7925,2634,74,4,306.84,1227.36
7926,2635,7,2,158.64,317.28
7927,2635,213,4,231.12,924.48
7928,2635,132,2,152.84,305.68
7929,2636,173,4,101.46,405.84
7930,2636,188,3,50.01,150.03
7931,2636,67,4,663.51,2654.04
7932,2637,172,3,53.49,160.47
7933,2637,244,3,70.80,212.40
7934,2637,59,3,1165.61,3496.83
7935,2638,313,3,49.11,147.33
7936,2638,253,3,32.75,98.25
7937,2638,6,4,536.76,2147.04
7938,2639,10,4,42.91,171.64
7939,2639,98,1,116.76,116.76
7940,2639,70,4,79.39,317.56
7941,2640,24,4,136.38,545.52
7942,2640,35,4,166.21,664.84
7943,2640,43,2,930.93,1861.86
7944,2641,130,3,261.07,783.21
7945,2641,183,4,229.08,916.32
7946,2641,37,3,5435.24,16305.72
7947,2642,211,4,391.93,1567.72
7948,2642,203,3,59.44,178.32
7949,2642,165,1,257.39,257.39
7950,2643,216,2,27.57,55.14
7951,2643,3,3,108.77,326.31
7952,2643,26,2,979.66,1959.32
7953,2644,179,4,367.91,1471.64
7954,2644,96,3,171.36,514.08
7955,2644,103,4,88.38,353.52
7956,2645,116,3,86.77,260.31
7957,2645,127,2,242.46,484.92
7958,2645,297,3,83.28,249.84
7959,2646,80,3,180.81,542.43
7960,2646,137,1,197.81,197.81
7961,2646,281,3,34.70,104.10
7962,2647,3,3,108.77,326.31
7963,2647,97,2,201.04,402.08
7964,2647,289,4,37.80,151.20
7965,2648,177,2,173.92,347.84
7966,2648,67,3,663.51,1990.53
7967,2648,151,4,52.78,211.12
7968,2649,38,4,2984.65,11938.60
7969,2649,131,3,151.63,454.89
7970,2649,323,2,43.39,86.78
7971,2650,11,3,88.33,264.99
7972,2650,120,1,532.02,532.02
7973,2650,58,4,158.45,633.80
7974,2651,216,2,27.57,55.14
7975,2651,226,4,106.24,424.96
7976,2651,249,3,333.60,1000.80
7977,2652,277,2,198.38,396.76
7978,2652,223,2,467.04,934.08
7979,2652,317,4,85.93,343.72
7980,2653,104,3,2507.07,7521.21
7981,2653,268,3,186.90,560.70
7982,2653,334,4,173.02,692.08
7983,2654,91,3,103.05,309.15
7984,2654,39,3,265.80,797.40
7985,2654,131,2,151.63,303.26
7986,2655,275,3,110.46,331.38
7987,2655,322,3,161.49,484.47
7988,2655,330,2,120.68,241.36
7989,2656,136,1,407.27,407.27
7990,2656,150,3,223.54,670.62
7991,2656,130,1,261.07,261.07
7992,2657,1,1,41.61,41.61
7993,2657,23,3,477.55,1432.65
7994,2657,281,1,34.70,34.70
7995,2658,59,1,1165.61,1165.61
7996,2658,99,4,4229.74,16918.96
7997,2658,128,1,1363.48,1363.48
7998,2659,272,3,77.63,232.89
7999,2659,319,1,129.86,129.86
8000,2659,321,4,105.04,420.16
8001,2660,52,1,36.58,36.58
8002,2660,259,3,37.26,111.78
8003,2660,88,2,92.09,184.18
8004,2661,85,3,279.78,839.34
8005,2661,189,3,87.00,261.00
8006,2661,29,2,74.94,149.88
8007,2662,10,4,42.91,171.64
8008,2662,294,4,133.99,535.96
8009,2662,224,1,203.37,203.37
8010,2663,172,4,53.49,213.96
8011,2663,209,4,299.28,1197.12
8012,2663,316,1,110.67,110.67
8013,2664,120,4,532.02,2128.08
8014,2664,254,2,196.52,393.04
8015,2664,60,2,301.85,603.70
8016,2665,191,4,217.48,869.92
8017,2665,52,1,36.58,36.58
8018,2665,81,1,24.00,24.00
8019,2666,257,1,77.56,77.56
8020,2666,7,1,158.64,158.64
8021,2666,280,1,154.65,154.65
8022,2667,296,4,101.13,404.52
8023,2667,85,4,279.78,1119.12
8024,2667,109,3,21.64,64.92
8025,2668,185,4,118.55,474.20
8026,2668,278,3,405.40,1216.20
8027,2668,128,1,1363.48,1363.48
8028,2669,216,4,27.57,110.28
8029,2669,251,1,87.96,87.96
8030,2669,29,3,74.94,224.82
8031,2670,312,2,25.20,50.40
8032,2670,120,1,532.02,532.02
8033,2670,95,2,198.29,396.58
8034,2671,311,2,32.45,64.90
8035,2671,183,3,229.08,687.24
8036,2671,288,3,236.80,710.40
8037,2672,101,2,156.57,313.14
8038,2672,152,4,133.94,535.76
8039,2672,86,2,137.39,274.78
8040,2673,249,1,333.60,333.60
8041,2673,296,3,101.13,303.39
8042,2673,322,3,161.49,484.47
8043,2674,241,4,237.51,950.04
8044,2674,36,3,184.31,552.93
8045,2674,140,1,558.26,558.26
8046,2675,228,2,148.63,297.26
8047,2675,201,4,83.06,332.24
8048,2675,28,1,30.65,30.65
8049,2676,193,4,9668.18,38672.72
8050,2676,14,3,430.90,1292.70
8051,2676,153,3,41.42,124.26
8052,2677,12,2,423.08,846.16
8053,2677,111,1,215.02,215.02
8054,2677,296,3,101.13,303.39
8055,2678,326,1,127.79,127.79
8056,2678,332,1,122.23,122.23
8057,2678,70,4,79.39,317.56
8058,2679,182,4,312.02,1248.08
8059,2679,202,4,109.28,437.12
8060,2679,36,3,184.31,552.93
8061,2680,93,4,73.99,295.96
8062,2680,49,2,109.83,219.66
8063,2680,216,1,27.57,27.57
8064,2681,267,1,276.85,276.85
8065,2681,106,4,502.86,2011.44
8066,2681,164,2,259.43,518.86
8067,2682,289,4,37.80,151.20
8068,2682,327,3,91.25,273.75
8069,2682,109,3,21.64,64.92
8070,2683,61,1,175.93,175.93
8071,2683,190,2,4952.78,9905.56
8072,2683,58,3,158.45,475.35
8073,2684,53,4,26.41,105.64
8074,2684,285,2,6751.40,13502.80
8075,2684,150,2,223.54,447.08
8076,2685,275,4,110.46,441.84
8077,2685,139,2,392.73,785.46
8078,2685,162,4,803.06,3212.24
8079,2686,116,3,86.77,260.31
8080,2686,195,4,46.99,187.96
8081,2686,334,1,173.02,173.02
8082,2687,69,4,206.85,827.40
8083,2687,112,3,97.46,292.38
8084,2687,123,2,340.07,680.14
8085,2688,181,2,181.57,363.14
8086,2688,217,4,324.83,1299.32
8087,2688,297,4,83.28,333.12
8088,2689,43,1,930.93,930.93
8089,2689,145,2,369.80,739.60
8090,2689,204,1,362.70,362.70
8091,2690,8,4,92.31,369.24
8092,2690,293,4,9518.10,38072.40
8093,2690,94,4,61.84,247.36
8094,2691,205,1,92.31,92.31
8095,2691,147,2,143.83,287.66
8096,2691,272,1,77.63,77.63
8097,2692,328,4,180.51,722.04
8098,2692,42,3,288.25,864.75
8099,2692,204,1,362.70,362.70
8100,2693,122,1,130.97,130.97
8101,2693,241,3,237.51,712.53
8102,2693,57,2,425.93,851.86
8103,2694,190,2,4952.78,9905.56
8104,2694,199,1,122.30,122.30
8105,2694,49,2,109.83,219.66
8106,2695,53,4,26.41,105.64
8107,2695,104,3,2507.07,7521.21
8108,2695,221,1,484.99,484.99
8109,2696,153,4,41.42,165.68
8110,2696,50,3,293.39,880.17
8111,2696,21,1,37.53,37.53
8112,2697,105,2,63.28,126.56
8113,2697,245,1,75.04,75.04
8114,2697,305,4,18.21,72.84
8115,2698,171,4,49.52,198.08
8116,2698,316,4,110.67,442.68
8117,2698,183,2,229.08,458.16
8118,2699,255,1,71.89,71.89
8119,2699,91,2,103.05,206.10
8120,2699,58,2,158.45,316.90
8121,2700,222,4,106.41,425.64
8122,2700,142,4,544.13,2176.52
8123,2700,27,2,485.13,970.26
8124,2701,193,3,9668.18,29004.54
8125,2701,223,4,467.04,1868.16
8126,2701,91,2,103.05,206.10
8127,2702,28,3,30.65,91.95
8128,2702,178,3,110.15,330.45
8129,2702,221,2,484.99,969.98
8130,2703,117,1,795.33,795.33
8131,2703,315,3,69.11,207.33
8132,2703,67,4,663.51,2654.04
8133,2704,247,3,127.32,381.96
8134,2704,222,1,106.41,106.41
8135,2704,263,1,82.89,82.89
8136,2705,325,2,108.41,216.82
8137,2705,49,2,109.83,219.66
8138,2705,292,1,40.52,40.52
8139,2706,196,2,68.93,137.86
8140,2706,237,2,188.93,377.86
8141,2706,272,3,77.63,232.89
8142,2707,324,1,183.99,183.99
8143,2707,197,3,111.56,334.68
8144,2707,236,2,54.07,108.14
8145,2708,204,1,362.70,362.70
8146,2708,224,2,203.37,406.74
8147,2708,39,2,265.80,531.60
8148,2709,76,4,49.74,198.96
8149,2709,129,3,120.28,360.84
8150,2709,301,2,136.93,273.86
8151,2710,193,4,9668.18,38672.72
8152,2710,180,1,206.84,206.84
8153,2710,29,4,74.94,299.76
8154,2711,306,4,184.88,739.52
8155,2711,304,1,121.41,121.41
8156,2711,297,2,83.28,166.56
8157,2712,57,4,425.93,1703.72
8158,2712,140,2,558.26,1116.52
8159,2712,78,4,252.79,1011.16
8160,2713,33,4,618.92,2475.68
8161,2713,277,1,198.38,198.38
8162,2713,262,3,177.88,533.64
8163,2714,60,3,301.85,905.55
8164,2714,53,3,26.41,79.23
8165,2714,281,4,34.70,138.80
8166,2715,180,1,206.84,206.84
8167,2715,256,4,255.06,1020.24
8168,2715,178,2,110.15,220.30
8169,2716,261,3,61.79,185.37
8170,2716,50,3,293.39,880.17
8171,2716,149,1,63.35,63.35
8172,2717,331,1,54.96,54.96
8173,2717,72,4,201.58,806.32
8174,2717,151,1,52.78,52.78
8175,2718,186,1,324.89,324.89
8176,2718,122,1,130.97,130.97
8177,2718,193,3,9668.18,29004.54
8178,2719,157,3,2380.02,7140.06
8179,2719,239,2,642.80,1285.60
8180,2719,144,4,1176.11,4704.44
8181,2720,90,2,226.17,452.34
8182,2720,268,4,186.90,747.60
8183,2720,203,4,59.44,237.76
8184,2721,296,2,101.13,202.26
8185,2721,259,2,37.26,74.52
8186,2721,186,2,324.89,649.78
8187,2722,94,4,61.84,247.36
8188,2722,134,2,261.22,522.44
8189,2722,191,4,217.48,869.92
8190,2723,97,2,201.04,402.08
8191,2723,223,2,467.04,934.08
8192,2723,169,1,537.24,537.24
8193,2724,187,1,53.46,53.46
8194,2724,220,4,38.34,153.36
8195,2724,73,2,550.57,1101.14
8196,2725,146,2,364.03,728.06
8197,2725,264,3,1374.60,4123.80
8198,2725,112,1,97.46,97.46
8199,2726,253,2,32.75,65.50
8200,2726,230,1,64.40,64.40
8201,2726,318,4,27.43,109.72
8202,2727,1,3,41.61,124.83
8203,2727,262,1,177.88,177.88
8204,2727,113,3,545.60,1636.80
8205,2728,231,1,170.32,170.32
8206,2728,170,3,845.55,2536.65
8207,2728,288,3,236.80,710.40
8208,2729,148,1,640.43,640.43
8209,2729,303,1,199.54,199.54
8210,2729,317,4,85.93,343.72
8211,2730,70,3,79.39,238.17
8212,2730,308,2,143.10,286.20
8213,2730,237,2,188.93,377.86
8214,2731,137,1,197.81,197.81
8215,2731,229,1,182.92,182.92
8216,2731,115,4,559.60,2238.40
8217,2732,135,1,176.88,176.88
8218,2732,43,4,930.93,3723.72
8219,2732,335,2,117.27,234.54
8220,2733,141,4,482.39,1929.56
8221,2733,167,3,125.02,375.06
8222,2733,124,2,201.32,402.64
8223,2734,265,1,192.94,192.94
8224,2734,306,1,184.88,184.88
8225,2734,182,3,312.02,936.06
8226,2735,11,4,88.33,353.32
8227,2735,182,4,312.02,1248.08
8228,2735,296,1,101.13,101.13
8229,2736,164,3,259.43,778.29
8230,2736,214,3,522.07,1566.21
8231,2736,132,3,152.84,458.52
8232,2737,86,3,137.39,412.17
8233,2737,266,4,379.02,1516.08
8234,2737,118,3,123.08,369.24
8235,2738,93,2,73.99,147.98
8236,2738,155,4,80.38,321.52
8237,2738,290,2,744.49,1488.98
8238,2739,109,3,21.64,64.92
8239,2739,212,4,1815.77,7263.08
8240,2739,210,2,107.66,215.32
8241,2740,171,1,49.52,49.52
8242,2740,156,3,138.39,415.17
8243,2740,145,3,369.80,1109.40
8244,2741,59,1,1165.61,1165.61
8245,2741,136,4,407.27,1629.08
8246,2741,75,1,63.53,63.53
8247,2742,172,3,53.49,160.47
8248,2742,332,1,122.23,122.23
8249,2742,318,2,27.43,54.86
8250,2743,104,4,2507.07,10028.28
8251,2743,278,4,405.40,1621.60
8252,2743,125,2,319.28,638.56
8253,2744,234,3,157.34,472.02
8254,2744,313,2,49.11,98.22
8255,2744,140,1,558.26,558.26
8256,2745,239,1,642.80,642.80
8257,2745,47,1,100.93,100.93
8258,2745,22,4,709.66,2838.64
8259,2746,192,2,365.72,731.44
8260,2746,183,3,229.08,687.24
8261,2746,159,3,176.40,529.20
8262,2747,22,2,709.66,1419.32
8263,2747,61,2,175.93,351.86
8264,2747,170,1,845.55,845.55
8265,2748,59,1,1165.61,1165.61
8266,2748,156,3,138.39,415.17
8267,2748,220,3,38.34,115.02
8268,2749,150,1,223.54,223.54
8269,2749,264,1,1374.60,1374.60
8270,2749,139,2,392.73,785.46
8271,2750,99,1,4229.74,4229.74
8272,2750,262,1,177.88,177.88
8273,2750,41,3,82.03,246.09
8274,2751,307,3,195.28,585.84
8275,2751,128,2,1363.48,2726.96
8276,2751,49,1,109.83,109.83
8277,2752,4,4,70.68,282.72
8278,2752,109,3,21.64,64.92
8279,2752,322,3,161.49,484.47
8280,2753,195,2,46.99,93.98
8281,2753,256,4,255.06,1020.24
8282,2753,189,1,87.00,87.00
8283,2754,182,1,312.02,312.02
8284,2754,318,4,27.43,109.72
8285,2754,87,4,116.31,465.24
8286,2755,52,2,36.58,73.16
8287,2755,70,2,79.39,158.78
8288,2755,94,3,61.84,185.52
8289,2756,293,2,9518.10,19036.20
8290,2756,198,2,124.56,249.12
8291,2756,15,1,602.60,602.60
8292,2757,143,4,55.35,221.40
8293,2757,123,3,340.07,1020.21
8294,2757,2,1,54.72,54.72
8295,2758,205,2,92.31,184.62
8296,2758,181,2,181.57,363.14
8297,2758,202,2,109.28,218.56
8298,2759,295,1,207.06,207.06
8299,2759,145,3,369.80,1109.40
8300,2759,169,1,537.24,537.24
8301,2760,68,4,416.05,1664.20
8302,2760,311,3,32.45,97.35
8303,2760,46,4,64.02,256.08
8304,2761,232,3,117.39,352.17
8305,2761,36,1,184.31,184.31
8306,2761,212,3,1815.77,5447.31
8307,2762,211,3,391.93,1175.79
8308,2762,110,3,81.80,245.40
8309,2762,296,4,101.13,404.52
8310,2763,226,2,106.24,212.48
8311,2763,12,1,423.08,423.08
8312,2763,116,2,86.77,173.54
8313,2764,153,2,41.42,82.84
8314,2764,12,2,423.08,846.16
8315,2764,89,2,185.24,370.48
8316,2765,196,3,68.93,206.79
8317,2765,306,3,184.88,554.64
8318,2765,123,2,340.07,680.14
8319,2766,313,2,49.11,98.22
8320,2766,1,2,41.61,83.22
8321,2766,87,2,116.31,232.62
8322,2767,202,2,109.28,218.56
8323,2767,29,2,74.94,149.88
8324,2767,70,2,79.39,158.78
8325,2768,107,4,136.14,544.56
8326,2768,90,1,226.17,226.17
8327,2768,151,1,52.78,52.78
8328,2769,3,2,108.77,217.54
8329,2769,193,4,9668.18,38672.72
8330,2769,211,3,391.93,1175.79
8331,2770,324,4,183.99,735.96
8332,2770,258,4,57.78,231.12
8333,2770,29,2,74.94,149.88
8334,2771,233,2,107.91,215.82
8335,2771,279,4,41.73,166.92
8336,2771,207,2,62.51,125.02
8337,2772,334,2,173.02,346.04
8338,2772,277,3,198.38,595.14
8339,2772,6,1,536.76,536.76
8340,2773,241,4,237.51,950.04
8341,2773,23,4,477.55,1910.20
8342,2773,86,4,137.39,549.56
8343,2774,240,3,26.71,80.13
8344,2774,239,4,642.80,2571.20
8345,2774,259,2,37.26,74.52
8346,2775,139,2,392.73,785.46
8347,2775,263,2,82.89,165.78
8348,2775,131,1,151.63,151.63
8349,2776,187,1,53.46,53.46
8350,2776,242,3,798.53,2395.59
8351,2776,67,4,663.51,2654.04
8352,2777,127,1,242.46,242.46
8353,2777,165,3,257.39,772.17
8354,2777,70,4,79.39,317.56
8355,2778,303,4,199.54,798.16
8356,2778,229,2,182.92,365.84
8357,2778,277,3,198.38,595.14
8358,2779,102,2,39.38,78.76
8359,2779,322,3,161.49,484.47
8360,2779,237,3,188.93,566.79
8361,2780,70,4,79.39,317.56
8362,2780,199,3,122.30,366.90
8363,2780,201,4,83.06,332.24
8364,2781,331,4,54.96,219.84
8365,2781,267,4,276.85,1107.40
8366,2781,129,1,120.28,120.28
8367,2782,265,4,192.94,771.76
8368,2782,299,3,57.14,171.42
8369,2782,290,3,744.49,2233.47
8370,2783,257,2,77.56,155.12
8371,2783,243,3,471.30,1413.90
8372,2783,188,3,50.01,150.03
8373,2784,205,4,92.31,369.24
8374,2784,82,1,80.11,80.11
8375,2784,154,2,174.02,348.04
8376,2785,1,1,41.61,41.61
8377,2785,142,2,544.13,1088.26
8378,2785,59,3,1165.61,3496.83
8379,2786,165,1,257.39,257.39
8380,2786,281,2,34.70,69.40
8381,2786,148,4,640.43,2561.72
8382,2787,200,3,51.39,154.17
8383,2787,268,2,186.90,373.80
8384,2787,40,2,62.79,125.58
8385,2788,315,1,69.11,69.11
8386,2788,257,4,77.56,310.24
8387,2788,36,3,184.31,552.93
8388,2789,167,3,125.02,375.06
8389,2789,273,4,173.28,693.12
8390,2789,58,4,158.45,633.80
8391,2790,271,2,1470.33,2940.66
8392,2790,78,1,252.79,252.79
8393,2790,291,2,25.62,51.24
8394,2791,282,3,314.44,943.32
8395,2791,38,3,2984.65,8953.95
8396,2791,218,1,49.88,49.88
8397,2792,65,2,114.10,228.20
8398,2792,186,2,324.89,649.78
8399,2792,20,4,49.24,196.96
8400,2793,52,3,36.58,109.74
8401,2793,143,4,55.35,221.40
8402,2793,309,3,132.91,398.73
8403,2794,165,2,257.39,514.78
8404,2794,167,3,125.02,375.06
8405,2794,154,3,174.02,522.06
8406,2795,25,4,70.53,282.12
8407,2795,32,1,604.32,604.32
8408,2795,297,1,83.28,83.28
8409,2796,124,4,201.32,805.28
8410,2796,68,1,416.05,416.05
8411,2796,12,2,423.08,846.16
8412,2797,46,1,64.02,64.02
8413,2797,94,4,61.84,247.36
8414,2797,7,2,158.64,317.28
8415,2798,225,1,267.00,267.00
8416,2798,238,3,108.52,325.56
8417,2798,108,4,368.57,1474.28
8418,2799,153,3,41.42,124.26
8419,2799,332,3,122.23,366.69
8420,2799,255,2,71.89,143.78
8421,2800,45,2,5111.42,10222.84
8422,2800,82,2,80.11,160.22
8423,2800,302,4,17.70,70.80
8424,2801,159,1,176.40,176.40
8425,2801,54,2,73.34,146.68
8426,2801,235,1,1867.81,1867.81
8427,2802,54,1,73.34,73.34
8428,2802,212,2,1815.77,3631.54
8429,2802,248,3,4473.97,13421.91
8430,2803,73,4,550.57,2202.28
8431,2803,293,1,9518.10,9518.10
8432,2803,164,2,259.43,518.86
8433,2804,36,1,184.31,184.31
8434,2804,261,3,61.79,185.37
8435,2804,328,1,180.51,180.51
8436,2805,190,3,4952.78,14858.34
8437,2805,212,1,1815.77,1815.77
8438,2805,158,4,210.26,841.04
8439,2806,134,2,261.22,522.44
8440,2806,250,4,725.02,2900.08
8441,2806,132,3,152.84,458.52
8442,2807,142,3,544.13,1632.39
8443,2807,242,1,798.53,798.53
8444,2807,316,4,110.67,442.68
8445,2808,111,1,215.02,215.02
8446,2808,332,3,122.23,366.69
8447,2808,243,1,471.30,471.30
8448,2809,240,2,26.71,53.42
8449,2809,132,1,152.84,152.84
8450,2809,223,3,467.04,1401.12
8451,2810,180,1,206.84,206.84
8452,2810,157,2,2380.02,4760.04
8453,2810,318,4,27.43,109.72
8454,2811,116,4,86.77,347.08
8455,2811,225,3,267.00,801.00
8456,2811,229,1,182.92,182.92
8457,2812,240,2,26.71,53.42
8458,2812,308,2,143.10,286.20
8459,2812,278,3,405.40,1216.20
8460,2813,27,2,485.13,970.26
8461,2813,243,1,471.30,471.30
8462,2813,7,1,158.64,158.64
8463,2814,309,1,132.91,132.91
8464,2814,202,3,109.28,327.84
8465,2814,178,1,110.15,110.15
8466,2815,21,1,37.53,37.53
8467,2815,229,3,182.92,548.76
8468,2815,168,4,84.08,336.32
8469,2816,185,3,118.55,355.65
8470,2816,231,4,170.32,681.28
8471,2816,86,4,137.39,549.56
8472,2817,48,3,124.35,373.05
8473,2817,36,2,184.31,368.62
8474,2817,191,1,217.48,217.48
8475,2818,224,1,203.37,203.37
8476,2818,251,3,87.96,263.88
8477,2818,177,1,173.92,173.92
8478,2819,330,3,120.68,362.04
8479,2819,145,1,369.80,369.80
8480,2819,28,4,30.65,122.60
8481,2820,134,1,261.22,261.22
8482,2820,255,2,71.89,143.78
8483,2820,13,3,44.19,132.57
8484,2821,4,2,70.68,141.36
8485,2821,315,3,69.11,207.33
8486,2821,288,4,236.80,947.20
8487,2822,101,3,156.57,469.71
8488,2822,184,1,103.83,103.83
8489,2822,211,3,391.93,1175.79
8490,2823,272,3,77.63,232.89
8491,2823,174,3,93.41,280.23
8492,2823,36,3,184.31,552.93
8493,2824,10,2,42.91,85.82
8494,2824,6,4,536.76,2147.04
8495,2824,231,3,170.32,510.96
8496,2825,258,2,57.78,115.56
8497,2825,191,1,217.48,217.48
8498,2825,49,3,109.83,329.49
8499,2826,278,2,405.40,810.80
8500,2826,131,3,151.63,454.89
8501,2826,147,1,143.83,143.83
8502,2827,269,1,107.58,107.58
8503,2827,124,4,201.32,805.28
8504,2827,188,1,50.01,50.01
8505,2828,150,3,223.54,670.62
8506,2828,96,1,171.36,171.36
8507,2828,2,1,54.72,54.72
8508,2829,175,2,239.58,479.16
8509,2829,209,3,299.28,897.84
8510,2829,299,4,57.14,228.56
8511,2830,17,1,189.07,189.07
8512,2830,330,4,120.68,482.72
8513,2830,293,1,9518.10,9518.10
8514,2831,173,1,101.46,101.46
8515,2831,115,1,559.60,559.60
8516,2831,224,3,203.37,610.11
8517,2832,3,3,108.77,326.31
8518,2832,275,4,110.46,441.84
8519,2832,196,4,68.93,275.72
8520,2833,150,3,223.54,670.62
8521,2833,77,1,90.53,90.53
8522,2833,319,1,129.86,129.86
8523,2834,251,2,87.96,175.92
8524,2834,309,1,132.91,132.91
8525,2834,175,2,239.58,479.16
8526,2835,260,2,95.74,191.48
8527,2835,236,3,54.07,162.21
8528,2835,295,3,207.06,621.18
8529,2836,270,1,777.12,777.12
8530,2836,136,2,407.27,814.54
8531,2836,246,2,42.72,85.44
8532,2837,252,3,576.27,1728.81
8533,2837,128,4,1363.48,5453.92
8534,2837,198,2,124.56,249.12
8535,2838,245,1,75.04,75.04
8536,2838,140,4,558.26,2233.04
8537,2838,334,1,173.02,173.02
8538,2839,147,2,143.83,287.66
8539,2839,135,3,176.88,530.64
8540,2839,120,1,532.02,532.02
8541,2840,272,1,77.63,77.63
8542,2840,330,1,120.68,120.68
8543,2840,50,2,293.39,586.78
8544,2841,302,1,17.70,17.70
8545,2841,128,4,1363.48,5453.92
8546,2841,310,3,106.27,318.81
8547,2842,56,1,408.87,408.87
8548,2842,250,3,725.02,2175.06
8549,2842,152,3,133.94,401.82
8550,2843,94,3,61.84,185.52
8551,2843,103,1,88.38,88.38
8552,2843,136,4,407.27,1629.08
8553,2844,53,2,26.41,52.82
8554,2844,126,1,105.42,105.42
8555,2844,39,2,265.80,531.60
8556,2845,212,4,1815.77,7263.08
8557,2845,138,1,75.42,75.42
8558,2845,158,1,210.26,210.26
8559,2846,119,4,329.12,1316.48
8560,2846,27,2,485.13,970.26
8561,2846,123,2,340.07,680.14
8562,2847,36,3,184.31,552.93
8563,2847,107,4,136.14,544.56
8564,2847,314,1,28.97,28.97
8565,2848,286,2,65.95,131.90
8566,2848,52,3,36.58,109.74
8567,2848,253,2,32.75,65.50
8568,2849,96,4,171.36,685.44
8569,2849,300,1,39.77,39.77
8570,2849,35,2,166.21,332.42
8571,2850,145,3,369.80,1109.40
8572,2850,271,3,1470.33,4410.99
8573,2850,79,4,221.90,887.60
8574,2851,187,1,53.46,53.46
8575,2851,243,4,471.30,1885.20
8576,2851,106,1,502.86,502.86
8577,2852,143,1,55.35,55.35
8578,2852,274,1,72.47,72.47
8579,2852,69,3,206.85,620.55
8580,2853,130,2,261.07,522.14
8581,2853,168,4,84.08,336.32
8582,2853,72,2,201.58,403.16
8583,2854,189,3,87.00,261.00
8584,2854,99,3,4229.74,12689.22
8585,2854,240,3,26.71,80.13
8586,2855,88,1,92.09,92.09
8587,2855,35,1,166.21,166.21
8588,2855,59,1,1165.61,1165.61
8589,2856,49,2,109.83,219.66
8590,2856,53,2,26.41,52.82
8591,2856,46,2,64.02,128.04
8592,2857,107,4,136.14,544.56
8593,2857,304,3,121.41,364.23
8594,2857,111,4,215.02,860.08
8595,2858,108,4,368.57,1474.28
8596,2858,88,2,92.09,184.18
8597,2858,42,2,288.25,576.50
8598,2859,304,2,121.41,242.82
8599,2859,117,2,795.33,1590.66
8600,2859,24,4,136.38,545.52
8601,2860,205,4,92.31,369.24
8602,2860,101,1,156.57,156.57
8603,2860,13,4,44.19,176.76
8604,2861,75,4,63.53,254.12
8605,2861,105,3,63.28,189.84
8606,2861,289,2,37.80,75.60
8607,2862,4,4,70.68,282.72
8608,2862,314,4,28.97,115.88
8609,2862,162,2,803.06,1606.12
8610,2863,311,1,32.45,32.45
8611,2863,313,3,49.11,147.33
8612,2863,162,3,803.06,2409.18
8613,2864,176,1,204.81,204.81
8614,2864,136,4,407.27,1629.08
8615,2864,225,2,267.00,534.00
8616,2865,6,1,536.76,536.76
8617,2865,144,3,1176.11,3528.33
8618,2865,263,1,82.89,82.89
8619,2866,166,3,122.59,367.77
8620,2866,93,4,73.99,295.96
8621,2866,41,3,82.03,246.09
8622,2867,242,3,798.53,2395.59
8623,2867,64,1,72.56,72.56
8624,2867,196,1,68.93,68.93
8625,2868,48,1,124.35,124.35
8626,2868,282,2,314.44,628.88
8627,2868,319,1,129.86,129.86
8628,2869,143,3,55.35,166.05
8629,2869,14,3,430.90,1292.70
8630,2869,139,4,392.73,1570.92
8631,2870,180,3,206.84,620.52
8632,2870,131,1,151.63,151.63
8633,2870,104,3,2507.07,7521.21
8634,2871,24,2,136.38,272.76
8635,2871,35,2,166.21,332.42
8636,2871,137,1,197.81,197.81
8637,2872,73,3,550.57,1651.71
8638,2872,224,1,203.37,203.37
8639,2872,154,2,174.02,348.04
8640,2873,187,1,53.46,53.46
8641,2873,327,3,91.25,273.75
8642,2873,128,4,1363.48,5453.92
8643,2874,330,2,120.68,241.36
8644,2874,241,1,237.51,237.51
8645,2874,152,1,133.94,133.94
8646,2875,14,2,430.90,861.80
8647,2875,262,2,177.88,355.76
8648,2875,165,4,257.39,1029.56
8649,2876,126,1,105.42,105.42
8650,2876,143,4,55.35,221.40
8651,2876,227,1,154.78,154.78
8652,2877,88,4,92.09,368.36
8653,2877,110,4,81.80,327.20
8654,2877,264,2,1374.60,2749.20
8655,2878,204,4,362.70,1450.80
8656,2878,245,2,75.04,150.08
8657,2878,166,3,122.59,367.77
8658,2879,43,2,930.93,1861.86
8659,2879,92,1,243.24,243.24
8660,2879,160,3,103.53,310.59
8661,2880,60,3,301.85,905.55
8662,2880,25,2,70.53,141.06
8663,2880,152,3,133.94,401.82
8664,2881,218,2,49.88,99.76
8665,2881,298,3,103.05,309.15
8666,2881,281,1,34.70,34.70
8667,2882,4,3,70.68,212.04
8668,2882,157,1,2380.02,2380.02
8669,2882,126,4,105.42,421.68
8670,2883,5,4,312.42,1249.68
8671,2883,105,4,63.28,253.12
8672,2883,219,2,662.92,1325.84
8673,2884,63,3,176.42,529.26
8674,2884,102,1,39.38,39.38
8675,2884,329,4,124.79,499.16
8676,2885,18,4,4347.52,17390.08
8677,2885,280,1,154.65,154.65
8678,2885,196,2,68.93,137.86
8679,2886,282,4,314.44,1257.76
8680,2886,77,3,90.53,271.59
8681,2886,131,2,151.63,303.26
8682,2887,178,4,110.15,440.60
8683,2887,25,1,70.53,70.53
8684,2887,139,3,392.73,1178.19
8685,2888,157,4,2380.02,9520.08
8686,2888,332,1,122.23,122.23
8687,2888,146,3,364.03,1092.09
8688,2889,335,4,117.27,469.08
8689,2889,302,2,17.70,35.40
8690,2889,179,1,367.91,367.91
8691,2890,114,4,59.81,239.24
8692,2890,313,3,49.11,147.33
8693,2890,122,4,130.97,523.88
8694,2891,77,1,90.53,90.53
8695,2891,302,3,17.70,53.10
8696,2891,328,1,180.51,180.51
8697,2892,130,2,261.07,522.14
8698,2892,22,4,709.66,2838.64
8699,2892,293,1,9518.10,9518.10
8700,2893,47,1,100.93,100.93
8701,2893,86,3,137.39,412.17
8702,2893,227,1,154.78,154.78
8703,2894,249,3,333.60,1000.80
8704,2894,102,3,39.38,118.14
8705,2894,167,4,125.02,500.08
8706,2895,152,2,133.94,267.88
8707,2895,207,1,62.51,62.51
8708,2895,248,2,4473.97,8947.94
8709,2896,132,1,152.84,152.84
8710,2896,151,1,52.78,52.78
8711,2896,31,2,79.21,158.42
8712,2897,196,1,68.93,68.93
8713,2897,327,4,91.25,365.00
8714,2897,214,3,522.07,1566.21
8715,2898,33,3,618.92,1856.76
8716,2898,269,4,107.58,430.32
8717,2898,228,4,148.63,594.52
8718,2899,256,4,255.06,1020.24
8719,2899,249,4,333.60,1334.40
8720,2899,107,4,136.14,544.56
8721,2900,54,3,73.34,220.02
8722,2900,311,1,32.45,32.45
8723,2900,48,4,124.35,497.40
8724,2901,6,3,536.76,1610.28
8725,2901,308,3,143.10,429.30
8726,2901,123,2,340.07,680.14
8727,2902,49,4,109.83,439.32
8728,2902,23,1,477.55,477.55
8729,2902,245,1,75.04,75.04
8730,2903,182,2,312.02,624.04
8731,2903,32,2,604.32,1208.64
8732,2903,206,1,125.45,125.45
8733,2904,298,4,103.05,412.20
8734,2904,186,1,324.89,324.89
8735,2904,287,4,553.36,2213.44
8736,2905,202,3,109.28,327.84
8737,2905,25,2,70.53,141.06
8738,2905,182,4,312.02,1248.08
8739,2906,88,3,92.09,276.27
8740,2906,276,1,1553.72,1553.72
8741,2906,265,3,192.94,578.82
8742,2907,306,3,184.88,554.64
8743,2907,217,3,324.83,974.49
8744,2907,207,1,62.51,62.51
8745,2908,234,2,157.34,314.68
8746,2908,64,4,72.56,290.24
8747,2908,93,1,73.99,73.99
8748,2909,132,4,152.84,611.36
8749,2909,284,3,33.21,99.63
8750,2909,35,2,166.21,332.42
8751,2910,154,1,174.02,174.02
8752,2910,185,2,118.55,237.10
8753,2910,117,2,795.33,1590.66
8754,2911,302,4,17.70,70.80
8755,2911,194,2,136.81,273.62
8756,2911,100,4,912.50,3650.00
8757,2912,15,4,602.60,2410.40
8758,2912,112,4,97.46,389.84
8759,2912,37,3,5435.24,16305.72
8760,2913,60,1,301.85,301.85
8761,2913,125,3,319.28,957.84
8762,2913,233,4,107.91,431.64
8763,2914,203,2,59.44,118.88
8764,2914,284,4,33.21,132.84
8765,2914,82,1,80.11,80.11
8766,2915,1,2,41.61,83.22
8767,2915,132,4,152.84,611.36
8768,2915,38,1,2984.65,2984.65
8769,2916,12,1,423.08,423.08
8770,2916,4,3,70.68,212.04
8771,2916,233,2,107.91,215.82
8772,2917,212,3,1815.77,5447.31
8773,2917,90,1,226.17,226.17
8774,2917,77,4,90.53,362.12
8775,2918,65,3,114.10,342.30
8776,2918,28,4,30.65,122.60
8777,2918,208,3,5119.77,15359.31
8778,2919,262,2,177.88,355.76
8779,2919,59,1,1165.61,1165.61
8780,2919,243,2,471.30,942.60
8781,2920,180,4,206.84,827.36
8782,2920,139,4,392.73,1570.92
8783,2920,321,4,105.04,420.16
8784,2921,24,3,136.38,409.14
8785,2921,105,2,63.28,126.56
8786,2921,208,1,5119.77,5119.77
8787,2922,171,2,49.52,99.04
8788,2922,313,1,49.11,49.11
8789,2922,15,3,602.60,1807.80
8790,2923,88,4,92.09,368.36
8791,2923,107,1,136.14,136.14
8792,2923,219,4,662.92,2651.68
8793,2924,271,3,1470.33,4410.99
8794,2924,75,2,63.53,127.06
8795,2924,218,2,49.88,99.76
8796,2925,298,4,103.05,412.20
8797,2925,245,3,75.04,225.12
8798,2925,166,1,122.59,122.59
8799,2926,25,4,70.53,282.12
8800,2926,12,3,423.08,1269.24
8801,2926,311,4,32.45,129.80
8802,2927,221,2,484.99,969.98
8803,2927,55,2,361.92,723.84
8804,2927,206,2,125.45,250.90
8805,2928,320,1,125.31,125.31
8806,2928,242,4,798.53,3194.12
8807,2928,92,3,243.24,729.72
8808,2929,175,2,239.58,479.16
8809,2929,21,4,37.53,150.12
8810,2929,301,3,136.93,410.79
8811,2930,141,4,482.39,1929.56
8812,2930,189,1,87.00,87.00
8813,2930,310,4,106.27,425.08
8814,2931,319,1,129.86,129.86
8815,2931,72,4,201.58,806.32
8816,2931,262,4,177.88,711.52
8817,2932,151,1,52.78,52.78
8818,2932,16,3,82.24,246.72
8819,2932,322,3,161.49,484.47
8820,2933,299,2,57.14,114.28
8821,2933,298,3,103.05,309.15
8822,2933,315,2,69.11,138.22
8823,2934,153,2,41.42,82.84
8824,2934,76,3,49.74,149.22
8825,2934,161,3,258.97,776.91
8826,2935,87,4,116.31,465.24
8827,2935,98,1,116.76,116.76
8828,2935,252,4,576.27,2305.08
8829,2936,224,1,203.37,203.37
8830,2936,167,1,125.02,125.02
8831,2936,174,4,93.41,373.64
8832,2937,287,2,553.36,1106.72
8833,2937,242,1,798.53,798.53
8834,2937,27,3,485.13,1455.39
8835,2938,28,3,30.65,91.95
8836,2938,162,3,803.06,2409.18
8837,2938,191,2,217.48,434.96
8838,2939,10,4,42.91,171.64
8839,2939,13,3,44.19,132.57
8840,2939,229,2,182.92,365.84
8841,2940,248,4,4473.97,17895.88
8842,2940,90,1,226.17,226.17
8843,2940,297,4,83.28,333.12
8844,2941,136,1,407.27,407.27
8845,2941,120,1,532.02,532.02
8846,2941,29,1,74.94,74.94
8847,2942,137,2,197.81,395.62
8848,2942,221,3,484.99,1454.97
8849,2942,241,3,237.51,712.53
8850,2943,224,4,203.37,813.48
8851,2943,105,1,63.28,63.28
8852,2943,240,2,26.71,53.42
8853,2944,161,3,258.97,776.91
8854,2944,48,4,124.35,497.40
8855,2944,326,4,127.79,511.16
8856,2945,79,1,221.90,221.90
8857,2945,325,1,108.41,108.41
8858,2945,202,3,109.28,327.84
8859,2946,62,4,56.51,226.04
8860,2946,271,1,1470.33,1470.33
8861,2946,224,1,203.37,203.37
8862,2947,92,3,243.24,729.72
8863,2947,25,1,70.53,70.53
8864,2947,276,4,1553.72,6214.88
8865,2948,9,1,1355.55,1355.55
8866,2948,186,2,324.89,649.78
8867,2948,81,4,24.00,96.00
8868,2949,112,1,97.46,97.46
8869,2949,118,3,123.08,369.24
8870,2949,309,4,132.91,531.64
8871,2950,116,2,86.77,173.54
8872,2950,55,1,361.92,361.92
8873,2950,295,2,207.06,414.12
8874,2951,220,3,38.34,115.02
8875,2951,179,4,367.91,1471.64
8876,2951,52,2,36.58,73.16
8877,2952,166,1,122.59,122.59
8878,2952,211,1,391.93,391.93
8879,2952,65,1,114.10,114.10
8880,2953,47,4,100.93,403.72
8881,2953,165,3,257.39,772.17
8882,2953,200,3,51.39,154.17
8883,2954,115,1,559.60,559.60
8884,2954,23,2,477.55,955.10
8885,2954,134,3,261.22,783.66
8886,2955,187,4,53.46,213.84
8887,2955,293,4,9518.10,38072.40
8888,2955,172,3,53.49,160.47
8889,2956,320,2,125.31,250.62
8890,2956,35,4,166.21,664.84
8891,2956,129,3,120.28,360.84
8892,2957,252,3,576.27,1728.81
8893,2957,198,4,124.56,498.24
8894,2957,50,1,293.39,293.39
8895,2958,171,1,49.52,49.52
8896,2958,142,3,544.13,1632.39
8897,2958,150,2,223.54,447.08
8898,2959,275,3,110.46,331.38
8899,2959,217,2,324.83,649.66
8900,2959,78,3,252.79,758.37
8901,2960,12,3,423.08,1269.24
8902,2960,187,4,53.46,213.84
8903,2960,253,4,32.75,131.00
8904,2961,303,4,199.54,798.16
8905,2961,173,3,101.46,304.38
8906,2961,194,3,136.81,410.43
8907,2962,237,3,188.93,566.79
8908,2962,286,2,65.95,131.90
8909,2962,207,4,62.51,250.04
8910,2963,5,3,312.42,937.26
8911,2963,283,4,594.23,2376.92
8912,2963,237,2,188.93,377.86
8913,2964,118,4,123.08,492.32
8914,2964,122,2,130.97,261.94
8915,2964,185,1,118.55,118.55
8916,2965,308,2,143.10,286.20
8917,2965,92,2,243.24,486.48
8918,2965,13,1,44.19,44.19
8919,2966,36,1,184.31,184.31
8920,2966,290,3,744.49,2233.47
8921,2966,100,2,912.50,1825.00
8922,2967,285,3,6751.40,20254.20
8923,2967,120,2,532.02,1064.04
8924,2967,84,4,214.78,859.12
8925,2968,46,3,64.02,192.06
8926,2968,78,1,252.79,252.79
8927,2968,204,1,362.70,362.70
8928,2969,214,2,522.07,1044.14
8929,2969,107,2,136.14,272.28
8930,2969,285,1,6751.40,6751.40
8931,2970,258,1,57.78,57.78
8932,2970,126,3,105.42,316.26
8933,2970,163,2,150.26,300.52
8934,2971,109,4,21.64,86.56
8935,2971,258,2,57.78,115.56
8936,2971,216,3,27.57,82.71
8937,2972,223,3,467.04,1401.12
8938,2972,192,2,365.72,731.44
8939,2972,3,3,108.77,326.31
8940,2973,183,4,229.08,916.32
8941,2973,292,3,40.52,121.56
8942,2973,3,1,108.77,108.77
8943,2974,149,4,63.35,253.40
8944,2974,51,2,223.70,447.40
8945,2974,46,2,64.02,128.04
8946,2975,234,2,157.34,314.68
8947,2975,313,4,49.11,196.44
8948,2975,307,4,195.28,781.12
8949,2976,187,1,53.46,53.46
8950,2976,208,3,5119.77,15359.31
8951,2976,7,4,158.64,634.56
8952,2977,53,4,26.41,105.64
8953,2977,206,3,125.45,376.35
8954,2977,143,3,55.35,166.05
8955,2978,52,4,36.58,146.32
8956,2978,295,2,207.06,414.12
8957,2978,84,3,214.78,644.34
8958,2979,47,1,100.93,100.93
8959,2979,230,2,64.40,128.80
8960,2979,226,1,106.24,106.24
8961,2980,143,1,55.35,55.35
8962,2980,127,2,242.46,484.92
8963,2980,177,3,173.92,521.76
8964,2981,168,1,84.08,84.08
8965,2981,150,2,223.54,447.08
8966,2981,170,2,845.55,1691.10
8967,2982,137,1,197.81,197.81
8968,2982,330,4,120.68,482.72
8969,2982,207,3,62.51,187.53
8970,2983,329,2,124.79,249.58
8971,2983,281,2,34.70,69.40
8972,2983,13,1,44.19,44.19
8973,2984,60,3,301.85,905.55
8974,2984,45,1,5111.42,5111.42
8975,2984,324,1,183.99,183.99
8976,2985,307,4,195.28,781.12
8977,2985,67,4,663.51,2654.04
8978,2985,141,4,482.39,1929.56
8979,2986,232,2,117.39,234.78
8980,2986,214,4,522.07,2088.28
8981,2986,155,3,80.38,241.14
8982,2987,229,2,182.92,365.84
8983,2987,8,1,92.31,92.31
8984,2987,236,1,54.07,54.07
8985,2988,34,1,5015.04,5015.04
8986,2988,37,4,5435.24,21740.96
8987,2988,256,1,255.06,255.06
8988,2989,162,4,803.06,3212.24
8989,2989,279,2,41.73,83.46
8990,2989,103,3,88.38,265.14
8991,2990,163,3,150.26,450.78
8992,2990,218,4,49.88,199.52
8993,2990,298,4,103.05,412.20
8994,2991,161,2,258.97,517.94
8995,2991,234,4,157.34,629.36
8996,2991,158,1,210.26,210.26
8997,2992,38,1,2984.65,2984.65
8998,2992,114,1,59.81,59.81
8999,2992,185,3,118.55,355.65
9000,2993,251,3,87.96,263.88
9001,2993,127,4,242.46,969.84
9002,2993,221,1,484.99,484.99
9003,2994,7,1,158.64,158.64
9004,2994,233,1,107.91,107.91
9005,2994,71,1,81.12,81.12
9006,2995,246,2,42.72,85.44
9007,2995,32,1,604.32,604.32
9008,2995,110,3,81.80,245.40
9009,2996,181,3,181.57,544.71
9010,2996,335,1,117.27,117.27
9011,2996,267,3,276.85,830.55
9012,2997,290,4,744.49,2977.96
9013,2997,36,4,184.31,737.24
9014,2997,82,4,80.11,320.44
9015,2998,5,4,312.42,1249.68
9016,2998,118,4,123.08,492.32
9017,2998,271,4,1470.33,5881.32
9018,2999,203,2,59.44,118.88
9019,2999,318,1,27.43,27.43
9020,2999,146,2,364.03,728.06
9021,3000,250,4,725.02,2900.08
9022,3000,131,3,151.63,454.89
9023,3000,195,2,46.99,93.98
9024,3001,38,2,2984.65,5969.30
9025,3001,111,2,215.02,430.04
9026,3001,308,3,143.10,429.30
9027,3002,5,3,312.42,937.26
9028,3002,329,3,124.79,374.37
9029,3002,325,1,108.41,108.41
9030,3003,285,1,6751.40,6751.40
9031,3003,38,3,2984.65,8953.95
9032,3003,109,1,21.64,21.64
9033,3004,95,3,198.29,594.87
9034,3004,315,4,69.11,276.44
9035,3004,330,2,120.68,241.36
9036,3005,180,4,206.84,827.36
9037,3005,302,3,17.70,53.10
9038,3005,91,2,103.05,206.10
9039,3006,37,4,5435.24,21740.96
9040,3006,109,1,21.64,21.64
9041,3006,66,1,41.56,41.56
9042,3007,90,2,226.17,452.34
9043,3007,41,3,82.03,246.09
9044,3007,282,3,314.44,943.32
9045,3008,86,2,137.39,274.78
9046,3008,13,1,44.19,44.19
9047,3008,3,4,108.77,435.08
9048,3009,312,3,25.20,75.60
9049,3009,70,1,79.39,79.39
9050,3009,91,4,103.05,412.20
9051,3010,182,2,312.02,624.04
9052,3010,144,3,1176.11,3528.33
9053,3010,242,1,798.53,798.53
9054,3011,142,2,544.13,1088.26
9055,3011,27,1,485.13,485.13
9056,3011,153,2,41.42,82.84
9057,3012,220,1,38.34,38.34
9058,3012,106,3,502.86,1508.58
9059,3012,277,4,198.38,793.52
9060,3013,156,2,138.39,276.78
9061,3013,105,2,63.28,126.56
9062,3013,100,1,912.50,912.50
9063,3014,264,1,1374.60,1374.60
9064,3014,16,4,82.24,328.96
9065,3014,189,2,87.00,174.00
9066,3015,29,3,74.94,224.82
9067,3015,291,1,25.62,25.62
9068,3015,314,4,28.97,115.88
9069,3016,281,3,34.70,104.10
9070,3016,76,4,49.74,198.96
9071,3016,220,3,38.34,115.02
9072,3017,295,1,207.06,207.06
9073,3017,101,3,156.57,469.71
9074,3017,148,1,640.43,640.43
9075,3018,95,4,198.29,793.16
9076,3018,74,1,306.84,306.84
9077,3018,297,3,83.28,249.84
9078,3019,48,2,124.35,248.70
9079,3019,118,1,123.08,123.08
9080,3019,275,3,110.46,331.38
9081,3020,165,2,257.39,514.78
9082,3020,315,2,69.11,138.22
9083,3020,127,1,242.46,242.46
9084,3021,37,3,5435.24,16305.72
9085,3021,254,4,196.52,786.08
9086,3021,38,3,2984.65,8953.95
9087,3022,290,2,744.49,1488.98
9088,3022,285,1,6751.40,6751.40
9089,3022,67,4,663.51,2654.04
9090,3023,261,1,61.79,61.79
9091,3023,105,4,63.28,253.12
9092,3023,217,3,324.83,974.49
9093,3024,266,3,379.02,1137.06
9094,3024,48,1,124.35,124.35
9095,3024,110,2,81.80,163.60
9096,3025,110,3,81.80,245.40
9097,3025,185,2,118.55,237.10
9098,3025,245,4,75.04,300.16
9099,3026,48,1,124.35,124.35
9100,3026,294,2,133.99,267.98
9101,3026,236,4,54.07,216.28
9102,3027,149,1,63.35,63.35
9103,3027,19,3,79.80,239.40
9104,3027,318,1,27.43,27.43
9105,3028,284,3,33.21,99.63
9106,3028,45,2,5111.42,10222.84
9107,3028,172,4,53.49,213.96
9108,3029,203,2,59.44,118.88
9109,3029,199,1,122.30,122.30
9110,3029,17,1,189.07,189.07
9111,3030,25,1,70.53,70.53
9112,3030,194,1,136.81,136.81
9113,3030,166,2,122.59,245.18
9114,3031,95,3,198.29,594.87
9115,3031,126,1,105.42,105.42
9116,3031,148,3,640.43,1921.29
9117,3032,293,4,9518.10,38072.40
9118,3032,222,2,106.41,212.82
9119,3032,123,2,340.07,680.14
9120,3033,250,3,725.02,2175.06
9121,3033,72,3,201.58,604.74
9122,3033,146,1,364.03,364.03
9123,3034,225,2,267.00,534.00
9124,3034,24,2,136.38,272.76
9125,3034,259,1,37.26,37.26
9126,3035,264,4,1374.60,5498.40
9127,3035,184,1,103.83,103.83
9128,3035,330,4,120.68,482.72
9129,3036,65,1,114.10,114.10
9130,3036,95,1,198.29,198.29
9131,3036,192,2,365.72,731.44
9132,3037,205,1,92.31,92.31
9133,3037,228,2,148.63,297.26
9134,3037,51,1,223.70,223.70
9135,3038,286,1,65.95,65.95
9136,3038,129,4,120.28,481.12
9137,3038,198,4,124.56,498.24
9138,3039,51,2,223.70,447.40
9139,3039,304,3,121.41,364.23
9140,3039,173,2,101.46,202.92
9141,3040,205,4,92.31,369.24
9142,3040,318,1,27.43,27.43
9143,3040,17,1,189.07,189.07
9144,3041,3,4,108.77,435.08
9145,3041,270,1,777.12,777.12
9146,3041,60,2,301.85,603.70
9147,3042,165,2,257.39,514.78
9148,3042,143,2,55.35,110.70
9149,3042,251,4,87.96,351.84
9150,3043,11,4,88.33,353.32
9151,3043,232,2,117.39,234.78
9152,3043,216,4,27.57,110.28
9153,3044,77,3,90.53,271.59
9154,3044,172,2,53.49,106.98
9155,3044,23,3,477.55,1432.65
9156,3045,228,4,148.63,594.52
9157,3045,72,3,201.58,604.74
9158,3045,66,4,41.56,166.24
9159,3046,232,2,117.39,234.78
9160,3046,68,4,416.05,1664.20
9161,3046,209,4,299.28,1197.12
9162,3047,18,3,4347.52,13042.56
9163,3047,209,4,299.28,1197.12
9164,3047,140,1,558.26,558.26
9165,3048,147,4,143.83,575.32
9166,3048,211,4,391.93,1567.72
9167,3048,111,2,215.02,430.04
9168,3049,272,3,77.63,232.89
9169,3049,59,4,1165.61,4662.44
9170,3049,39,3,265.80,797.40
9171,3050,36,4,184.31,737.24
9172,3050,49,1,109.83,109.83
9173,3050,37,1,5435.24,5435.24
9174,3051,173,1,101.46,101.46
9175,3051,17,2,189.07,378.14
9176,3051,87,1,116.31,116.31
9177,3052,108,2,368.57,737.14
9178,3052,120,3,532.02,1596.06
9179,3052,51,2,223.70,447.40
9180,3053,84,4,214.78,859.12
9181,3053,331,2,54.96,109.92
9182,3053,31,1,79.21,79.21
9183,3054,77,2,90.53,181.06
9184,3054,323,1,43.39,43.39
9185,3054,250,3,725.02,2175.06
9186,3055,229,1,182.92,182.92
9187,3055,307,4,195.28,781.12
9188,3055,164,2,259.43,518.86
9189,3056,115,4,559.60,2238.40
9190,3056,192,1,365.72,365.72
9191,3056,296,4,101.13,404.52
9192,3057,210,4,107.66,430.64
9193,3057,292,1,40.52,40.52
9194,3057,112,2,97.46,194.92
9195,3058,297,1,83.28,83.28
9196,3058,235,2,1867.81,3735.62
9197,3058,313,2,49.11,98.22
9198,3059,324,3,183.99,551.97
9199,3059,113,4,545.60,2182.40
9200,3059,150,3,223.54,670.62
9201,3060,165,4,257.39,1029.56
9202,3060,29,3,74.94,224.82
9203,3060,307,3,195.28,585.84
9204,3061,329,2,124.79,249.58
9205,3061,162,2,803.06,1606.12
9206,3061,61,3,175.93,527.79
9207,3062,311,3,32.45,97.35
9208,3062,164,2,259.43,518.86
9209,3062,234,3,157.34,472.02
9210,3063,74,4,306.84,1227.36
9211,3063,325,2,108.41,216.82
9212,3063,56,3,408.87,1226.61
9213,3064,83,2,138.27,276.54
9214,3064,117,1,795.33,795.33
9215,3064,251,3,87.96,263.88
9216,3065,329,4,124.79,499.16
9217,3065,27,2,485.13,970.26
9218,3065,164,3,259.43,778.29
9219,3066,334,3,173.02,519.06
9220,3066,246,1,42.72,42.72
9221,3066,88,3,92.09,276.27
9222,3067,14,1,430.90,430.90
9223,3067,37,2,5435.24,10870.48
9224,3067,296,1,101.13,101.13
9225,3068,182,1,312.02,312.02
9226,3068,281,4,34.70,138.80
9227,3068,189,1,87.00,87.00
9228,3069,244,4,70.80,283.20
9229,3069,207,3,62.51,187.53
9230,3069,70,2,79.39,158.78
9231,3070,294,4,133.99,535.96
9232,3070,170,4,845.55,3382.20
9233,3070,55,2,361.92,723.84
9234,3071,173,3,101.46,304.38
9235,3071,181,3,181.57,544.71
9236,3071,202,3,109.28,327.84
9237,3072,61,3,175.93,527.79
9238,3072,77,1,90.53,90.53
9239,3072,14,1,430.90,430.90
9240,3073,84,3,214.78,644.34
9241,3073,19,1,79.80,79.80
9242,3073,248,4,4473.97,17895.88
9243,3074,22,3,709.66,2128.98
9244,3074,196,2,68.93,137.86
9245,3074,14,1,430.90,430.90
9246,3075,244,1,70.80,70.80
9247,3075,272,4,77.63,310.52
9248,3075,278,2,405.40,810.80
9249,3076,5,3,312.42,937.26
9250,3076,115,2,559.60,1119.20
9251,3076,316,3,110.67,332.01
9252,3077,174,1,93.41,93.41
9253,3077,200,4,51.39,205.56
9254,3077,41,3,82.03,246.09
9255,3078,235,3,1867.81,5603.43
9256,3078,153,3,41.42,124.26
9257,3078,192,1,365.72,365.72
9258,3079,19,3,79.80,239.40
9259,3079,141,4,482.39,1929.56
9260,3079,13,2,44.19,88.38
9261,3080,216,4,27.57,110.28
9262,3080,210,4,107.66,430.64
9263,3080,148,2,640.43,1280.86
9264,3081,238,4,108.52,434.08
9265,3081,176,4,204.81,819.24
9266,3081,112,4,97.46,389.84
9267,3082,217,2,324.83,649.66
9268,3082,115,2,559.60,1119.20
9269,3082,77,1,90.53,90.53
9270,3083,205,1,92.31,92.31
9271,3083,235,4,1867.81,7471.24
9272,3083,240,4,26.71,106.84
9273,3084,248,4,4473.97,17895.88
9274,3084,253,2,32.75,65.50
9275,3084,321,2,105.04,210.08
9276,3085,203,4,59.44,237.76
9277,3085,266,3,379.02,1137.06
9278,3085,9,4,1355.55,5422.20
9279,3086,101,4,156.57,626.28
9280,3086,69,2,206.85,413.70
9281,3086,93,2,73.99,147.98
9282,3087,242,3,798.53,2395.59
9283,3087,78,4,252.79,1011.16
9284,3087,301,2,136.93,273.86
9285,3088,319,3,129.86,389.58
9286,3088,16,1,82.24,82.24
9287,3088,133,4,153.60,614.40
9288,3089,111,2,215.02,430.04
9289,3089,172,4,53.49,213.96
9290,3089,138,2,75.42,150.84
9291,3090,14,3,430.90,1292.70
9292,3090,191,3,217.48,652.44
9293,3090,139,2,392.73,785.46
9294,3091,109,1,21.64,21.64
9295,3091,193,1,9668.18,9668.18
9296,3091,204,1,362.70,362.70
9297,3092,204,1,362.70,362.70
9298,3092,188,3,50.01,150.03
9299,3092,246,2,42.72,85.44
9300,3093,77,2,90.53,181.06
9301,3093,300,3,39.77,119.31
9302,3093,281,2,34.70,69.40
9303,3094,164,1,259.43,259.43
9304,3094,156,3,138.39,415.17
9305,3094,148,3,640.43,1921.29
9306,3095,75,1,63.53,63.53
9307,3095,171,3,49.52,148.56
9308,3095,331,3,54.96,164.88
9309,3096,91,2,103.05,206.10
9310,3096,196,4,68.93,275.72
9311,3096,293,1,9518.10,9518.10
9312,3097,55,1,361.92,361.92
9313,3097,247,3,127.32,381.96
9314,3097,114,3,59.81,179.43
9315,3098,268,3,186.90,560.70
9316,3098,96,2,171.36,342.72
9317,3098,52,1,36.58,36.58
9318,3099,286,4,65.95,263.80
9319,3099,115,4,559.60,2238.40
9320,3099,112,4,97.46,389.84
9321,3100,325,3,108.41,325.23
9322,3100,231,3,170.32,510.96
9323,3100,60,2,301.85,603.70
9324,3101,257,3,77.56,232.68
9325,3101,15,3,602.60,1807.80
9326,3101,57,3,425.93,1277.79
9327,3102,234,1,157.34,157.34
9328,3102,274,4,72.47,289.88
9329,3102,252,1,576.27,576.27
9330,3103,205,1,92.31,92.31
9331,3103,30,4,165.44,661.76
9332,3103,249,4,333.60,1334.40
9333,3104,41,1,82.03,82.03
9334,3104,14,2,430.90,861.80
9335,3104,115,3,559.60,1678.80
9336,3105,53,1,26.41,26.41
9337,3105,284,2,33.21,66.42
9338,3105,199,1,122.30,122.30
9339,3106,147,3,143.83,431.49
9340,3106,66,4,41.56,166.24
9341,3106,121,1,376.95,376.95
9342,3107,104,3,2507.07,7521.21
9343,3107,89,1,185.24,185.24
9344,3107,315,1,69.11,69.11
9345,3108,174,2,93.41,186.82
9346,3108,333,3,167.16,501.48
9347,3108,329,1,124.79,124.79
9348,3109,234,4,157.34,629.36
9349,3109,204,1,362.70,362.70
9350,3109,140,4,558.26,2233.04
9351,3110,94,3,61.84,185.52
9352,3110,255,3,71.89,215.67
9353,3110,187,1,53.46,53.46
9354,3111,19,1,79.80,79.80
9355,3111,267,3,276.85,830.55
9356,3111,117,1,795.33,795.33
9357,3112,178,2,110.15,220.30
9358,3112,281,1,34.70,34.70
9359,3112,56,2,408.87,817.74
9360,3113,105,2,63.28,126.56
9361,3113,126,1,105.42,105.42
9362,3113,111,1,215.02,215.02
9363,3114,98,4,116.76,467.04
9364,3114,81,2,24.00,48.00
9365,3114,334,1,173.02,173.02
9366,3115,10,1,42.91,42.91
9367,3115,264,1,1374.60,1374.60
9368,3115,198,2,124.56,249.12
9369,3116,38,2,2984.65,5969.30
9370,3116,210,4,107.66,430.64
9371,3116,41,1,82.03,82.03
9372,3117,224,3,203.37,610.11
9373,3117,42,2,288.25,576.50
9374,3117,269,2,107.58,215.16
9375,3118,213,4,231.12,924.48
9376,3118,282,1,314.44,314.44
9377,3118,313,2,49.11,98.22
9378,3119,62,2,56.51,113.02
9379,3119,226,1,106.24,106.24
9380,3119,121,1,376.95,376.95
9381,3120,38,1,2984.65,2984.65
9382,3120,20,1,49.24,49.24
9383,3120,187,2,53.46,106.92
9384,3121,260,2,95.74,191.48
9385,3121,2,1,54.72,54.72
9386,3121,265,4,192.94,771.76
9387,3122,258,2,57.78,115.56
9388,3122,5,3,312.42,937.26
9389,3122,253,4,32.75,131.00
9390,3123,213,1,231.12,231.12
9391,3123,147,2,143.83,287.66
9392,3123,257,4,77.56,310.24
9393,3124,280,2,154.65,309.30
9394,3124,296,2,101.13,202.26
9395,3124,139,2,392.73,785.46
9396,3125,48,1,124.35,124.35
9397,3125,57,4,425.93,1703.72
9398,3125,231,3,170.32,510.96
9399,3126,328,2,180.51,361.02
9400,3126,8,3,92.31,276.93
9401,3126,29,4,74.94,299.76
9402,3127,293,4,9518.10,38072.40
9403,3127,260,1,95.74,95.74
9404,3127,3,3,108.77,326.31
9405,3128,24,2,136.38,272.76
9406,3128,266,4,379.02,1516.08
9407,3128,46,4,64.02,256.08
9408,3129,36,2,184.31,368.62
9409,3129,146,3,364.03,1092.09
9410,3129,48,1,124.35,124.35
9411,3130,167,3,125.02,375.06
9412,3130,43,1,930.93,930.93
9413,3130,125,1,319.28,319.28
9414,3131,72,3,201.58,604.74
9415,3131,171,2,49.52,99.04
9416,3131,230,2,64.40,128.80
9417,3132,36,2,184.31,368.62
9418,3132,27,2,485.13,970.26
9419,3132,105,2,63.28,126.56
9420,3133,42,1,288.25,288.25
9421,3133,226,4,106.24,424.96
9422,3133,87,2,116.31,232.62
9423,3134,276,2,1553.72,3107.44
9424,3134,309,1,132.91,132.91
9425,3134,146,1,364.03,364.03
9426,3135,229,1,182.92,182.92
9427,3135,13,2,44.19,88.38
9428,3135,319,3,129.86,389.58
9429,3136,121,4,376.95,1507.80
9430,3136,81,1,24.00,24.00
9431,3136,210,3,107.66,322.98
9432,3137,214,4,522.07,2088.28
9433,3137,194,4,136.81,547.24
9434,3137,58,4,158.45,633.80
9435,3138,3,3,108.77,326.31
9436,3138,320,2,125.31,250.62
9437,3138,270,1,777.12,777.12
9438,3139,110,2,81.80,163.60
9439,3139,98,1,116.76,116.76
9440,3139,159,3,176.40,529.20
9441,3140,107,4,136.14,544.56
9442,3140,235,4,1867.81,7471.24
9443,3140,219,1,662.92,662.92
9444,3141,102,1,39.38,39.38
9445,3141,133,1,153.60,153.60
9446,3141,225,2,267.00,534.00
9447,3142,169,4,537.24,2148.96
9448,3142,241,1,237.51,237.51
9449,3142,329,2,124.79,249.58
9450,3143,229,4,182.92,731.68
9451,3143,278,4,405.40,1621.60
9452,3143,156,4,138.39,553.56
9453,3144,193,2,9668.18,19336.36
9454,3144,64,4,72.56,290.24
9455,3144,253,3,32.75,98.25
9456,3145,50,1,293.39,293.39
9457,3145,33,2,618.92,1237.84
9458,3145,130,4,261.07,1044.28
9459,3146,102,4,39.38,157.52
9460,3146,24,1,136.38,136.38
9461,3146,2,4,54.72,218.88
9462,3147,281,4,34.70,138.80
9463,3147,297,4,83.28,333.12
9464,3147,301,2,136.93,273.86
9465,3148,53,2,26.41,52.82
9466,3148,216,4,27.57,110.28
9467,3148,326,2,127.79,255.58
9468,3149,335,1,117.27,117.27
9469,3149,117,3,795.33,2385.99
9470,3149,24,3,136.38,409.14
9471,3150,86,2,137.39,274.78
9472,3150,75,2,63.53,127.06
9473,3150,324,4,183.99,735.96
9474,3151,322,3,161.49,484.47
9475,3151,260,2,95.74,191.48
9476,3151,205,3,92.31,276.93
9477,3152,184,3,103.83,311.49
9478,3152,82,1,80.11,80.11
9479,3152,159,4,176.40,705.60
9480,3153,196,4,68.93,275.72
9481,3153,298,3,103.05,309.15
9482,3153,40,3,62.79,188.37
9483,3154,318,3,27.43,82.29
9484,3154,48,4,124.35,497.40
9485,3154,201,3,83.06,249.18
9486,3155,37,3,5435.24,16305.72
9487,3155,93,4,73.99,295.96
9488,3155,33,4,618.92,2475.68
9489,3156,142,2,544.13,1088.26
9490,3156,244,3,70.80,212.40
9491,3156,271,4,1470.33,5881.32
9492,3157,279,3,41.73,125.19
9493,3157,240,2,26.71,53.42
9494,3157,280,2,154.65,309.30
9495,3158,84,1,214.78,214.78
9496,3158,211,4,391.93,1567.72
9497,3158,140,1,558.26,558.26
9498,3159,145,4,369.80,1479.20
9499,3159,115,4,559.60,2238.40
9500,3159,181,3,181.57,544.71
9501,3160,149,2,63.35,126.70
9502,3160,279,1,41.73,41.73
9503,3160,3,2,108.77,217.54
9504,3161,193,3,9668.18,29004.54
9505,3161,152,3,133.94,401.82
9506,3161,149,2,63.35,126.70
9507,3162,276,4,1553.72,6214.88
9508,3162,120,2,532.02,1064.04
9509,3162,322,4,161.49,645.96
9510,3163,322,4,161.49,645.96
9511,3163,261,4,61.79,247.16
9512,3163,49,4,109.83,439.32
9513,3164,60,1,301.85,301.85
9514,3164,164,3,259.43,778.29
9515,3164,26,2,979.66,1959.32
9516,3165,188,2,50.01,100.02
9517,3165,143,3,55.35,166.05
9518,3165,176,4,204.81,819.24
9519,3166,12,3,423.08,1269.24
9520,3166,195,4,46.99,187.96
9521,3166,33,4,618.92,2475.68
9522,3167,11,3,88.33,264.99
9523,3167,171,4,49.52,198.08
9524,3167,262,3,177.88,533.64
9525,3168,237,4,188.93,755.72
9526,3168,216,2,27.57,55.14
9527,3168,69,2,206.85,413.70
9528,3169,310,1,106.27,106.27
9529,3169,191,1,217.48,217.48
9530,3169,156,4,138.39,553.56
9531,3170,221,4,484.99,1939.96
9532,3170,7,1,158.64,158.64
9533,3170,276,4,1553.72,6214.88
9534,3171,291,2,25.62,51.24
9535,3171,292,1,40.52,40.52
9536,3171,120,3,532.02,1596.06
9537,3172,11,1,88.33,88.33
9538,3172,178,2,110.15,220.30
9539,3172,99,4,4229.74,16918.96
9540,3173,117,1,795.33,795.33
9541,3173,168,3,84.08,252.24
9542,3173,37,3,5435.24,16305.72
9543,3174,48,4,124.35,497.40
9544,3174,106,3,502.86,1508.58
9545,3174,65,1,114.10,114.10
9546,3175,57,4,425.93,1703.72
9547,3175,304,2,121.41,242.82
9548,3175,319,3,129.86,389.58
9549,3176,276,3,1553.72,4661.16
9550,3176,90,1,226.17,226.17
9551,3176,273,4,173.28,693.12
9552,3177,263,4,82.89,331.56
9553,3177,130,1,261.07,261.07
9554,3177,272,1,77.63,77.63
9555,3178,153,1,41.42,41.42
9556,3178,223,3,467.04,1401.12
9557,3178,247,2,127.32,254.64
9558,3179,281,4,34.70,138.80
9559,3179,145,4,369.80,1479.20
9560,3179,300,2,39.77,79.54
9561,3180,268,1,186.90,186.90
9562,3180,210,4,107.66,430.64
9563,3180,314,2,28.97,57.94
9564,3181,54,1,73.34,73.34
9565,3181,256,4,255.06,1020.24
9566,3181,238,2,108.52,217.04
9567,3182,268,1,186.90,186.90
9568,3182,253,2,32.75,65.50
9569,3182,324,4,183.99,735.96
9570,3183,36,4,184.31,737.24
9571,3183,27,2,485.13,970.26
9572,3183,45,2,5111.42,10222.84
9573,3184,7,4,158.64,634.56
9574,3184,89,4,185.24,740.96
9575,3184,102,2,39.38,78.76
9576,3185,327,1,91.25,91.25
9577,3185,242,3,798.53,2395.59
9578,3185,214,1,522.07,522.07
9579,3186,190,1,4952.78,4952.78
9580,3186,212,1,1815.77,1815.77
9581,3186,25,2,70.53,141.06
9582,3187,256,2,255.06,510.12
9583,3187,4,1,70.68,70.68
9584,3187,11,4,88.33,353.32
9585,3188,328,2,180.51,361.02
9586,3188,334,2,173.02,346.04
9587,3188,161,2,258.97,517.94
9588,3189,273,4,173.28,693.12
9589,3189,308,4,143.10,572.40
9590,3189,201,1,83.06,83.06
9591,3190,23,1,477.55,477.55
9592,3190,161,1,258.97,258.97
9593,3190,30,2,165.44,330.88
9594,3191,128,2,1363.48,2726.96
9595,3191,315,1,69.11,69.11
9596,3191,72,4,201.58,806.32
9597,3192,47,4,100.93,403.72
9598,3192,157,3,2380.02,7140.06
9599,3192,54,4,73.34,293.36
9600,3193,189,2,87.00,174.00
9601,3193,50,3,293.39,880.17
9602,3193,66,4,41.56,166.24
9603,3194,7,4,158.64,634.56
9604,3194,142,4,544.13,2176.52
9605,3194,33,2,618.92,1237.84
9606,3195,202,2,109.28,218.56
9607,3195,69,2,206.85,413.70
9608,3195,275,4,110.46,441.84
9609,3196,292,4,40.52,162.08
9610,3196,300,4,39.77,159.08
9611,3196,193,2,9668.18,19336.36
9612,3197,146,2,364.03,728.06
9613,3197,114,4,59.81,239.24
9614,3197,116,2,86.77,173.54
9615,3198,187,1,53.46,53.46
9616,3198,7,1,158.64,158.64
9617,3198,37,1,5435.24,5435.24
9618,3199,73,1,550.57,550.57
9619,3199,211,1,391.93,391.93
9620,3199,130,1,261.07,261.07
9621,3200,210,3,107.66,322.98
9622,3200,271,4,1470.33,5881.32
9623,3200,157,1,2380.02,2380.02
9624,3201,234,1,157.34,157.34
9625,3201,292,1,40.52,40.52
9626,3201,328,1,180.51,180.51
9627,3202,81,1,24.00,24.00
9628,3202,118,4,123.08,492.32
9629,3202,41,4,82.03,328.12
9630,3203,281,3,34.70,104.10
9631,3203,316,3,110.67,332.01
9632,3203,58,1,158.45,158.45
9633,3204,259,1,37.26,37.26
9634,3204,293,4,9518.10,38072.40
9635,3204,215,3,136.44,409.32
9636,3205,142,4,544.13,2176.52
9637,3205,257,1,77.56,77.56
9638,3205,323,4,43.39,173.56
9639,3206,18,1,4347.52,4347.52
9640,3206,286,3,65.95,197.85
9641,3206,277,4,198.38,793.52
9642,3207,188,2,50.01,100.02
9643,3207,79,1,221.90,221.90
9644,3207,213,4,231.12,924.48
9645,3208,31,3,79.21,237.63
9646,3208,103,2,88.38,176.76
9647,3208,117,4,795.33,3181.32
9648,3209,2,1,54.72,54.72
9649,3209,120,4,532.02,2128.08
9650,3209,118,1,123.08,123.08
9651,3210,206,4,125.45,501.80
9652,3210,111,2,215.02,430.04
9653,3210,90,4,226.17,904.68
9654,3211,281,3,34.70,104.10
9655,3211,163,3,150.26,450.78
9656,3211,71,4,81.12,324.48
9657,3212,1,2,41.61,83.22
9658,3212,102,2,39.38,78.76
9659,3212,316,1,110.67,110.67
9660,3213,155,1,80.38,80.38
9661,3213,100,4,912.50,3650.00
9662,3213,258,3,57.78,173.34
9663,3214,260,1,95.74,95.74
9664,3214,258,2,57.78,115.56
9665,3214,271,1,1470.33,1470.33
9666,3215,228,4,148.63,594.52
9667,3215,326,3,127.79,383.37
9668,3215,210,3,107.66,322.98
9669,3216,124,3,201.32,603.96
9670,3216,334,3,173.02,519.06
9671,3216,114,3,59.81,179.43
9672,3217,311,3,32.45,97.35
9673,3217,267,1,276.85,276.85
9674,3217,242,1,798.53,798.53
9675,3218,256,1,255.06,255.06
9676,3218,137,4,197.81,791.24
9677,3218,115,1,559.60,559.60
9678,3219,29,1,74.94,74.94
9679,3219,35,2,166.21,332.42
9680,3219,88,4,92.09,368.36
9681,3220,192,4,365.72,1462.88
9682,3220,25,4,70.53,282.12
9683,3220,328,3,180.51,541.53
9684,3221,256,4,255.06,1020.24
9685,3221,94,4,61.84,247.36
9686,3221,149,2,63.35,126.70
9687,3222,27,3,485.13,1455.39
9688,3222,20,1,49.24,49.24
9689,3222,313,4,49.11,196.44
9690,3223,123,4,340.07,1360.28
9691,3223,314,3,28.97,86.91
9692,3223,248,3,4473.97,13421.91
9693,3224,305,3,18.21,54.63
9694,3224,158,4,210.26,841.04
9695,3224,203,3,59.44,178.32
9696,3225,269,4,107.58,430.32
9697,3225,307,3,195.28,585.84
9698,3225,142,1,544.13,544.13
9699,3226,68,1,416.05,416.05
9700,3226,199,3,122.30,366.90
9701,3226,89,2,185.24,370.48
9702,3227,265,4,192.94,771.76
9703,3227,216,1,27.57,27.57
9704,3227,240,4,26.71,106.84
9705,3228,71,4,81.12,324.48
9706,3228,150,1,223.54,223.54
9707,3228,138,4,75.42,301.68
9708,3229,8,1,92.31,92.31
9709,3229,142,4,544.13,2176.52
9710,3229,46,4,64.02,256.08
9711,3230,179,2,367.91,735.82
9712,3230,267,3,276.85,830.55
9713,3230,300,4,39.77,159.08
9714,3231,74,3,306.84,920.52
9715,3231,75,1,63.53,63.53
9716,3231,59,4,1165.61,4662.44
9717,3232,138,4,75.42,301.68
9718,3232,193,4,9668.18,38672.72
9719,3232,121,4,376.95,1507.80
9720,3233,120,3,532.02,1596.06
9721,3233,156,3,138.39,415.17
9722,3233,157,1,2380.02,2380.02
9723,3234,83,3,138.27,414.81
9724,3234,110,3,81.80,245.40
9725,3234,323,1,43.39,43.39
9726,3235,203,1,59.44,59.44
9727,3235,133,4,153.60,614.40
9728,3235,204,1,362.70,362.70
9729,3236,284,2,33.21,66.42
9730,3236,287,1,553.36,553.36
9731,3236,332,2,122.23,244.46
9732,3237,250,2,725.02,1450.04
9733,3237,176,4,204.81,819.24
9734,3237,138,3,75.42,226.26
9735,3238,308,3,143.10,429.30
9736,3238,132,3,152.84,458.52
9737,3238,2,1,54.72,54.72
9738,3239,146,2,364.03,728.06
9739,3239,58,3,158.45,475.35
9740,3239,78,1,252.79,252.79
9741,3240,96,4,171.36,685.44
9742,3240,183,4,229.08,916.32
9743,3240,333,3,167.16,501.48
9744,3241,77,1,90.53,90.53
9745,3241,182,4,312.02,1248.08
9746,3241,194,4,136.81,547.24
9747,3242,240,3,26.71,80.13
9748,3242,129,3,120.28,360.84
9749,3242,23,4,477.55,1910.20
9750,3243,100,1,912.50,912.50
9751,3243,47,3,100.93,302.79
9752,3243,331,3,54.96,164.88
9753,3244,248,2,4473.97,8947.94
9754,3244,170,3,845.55,2536.65
9755,3244,27,4,485.13,1940.52
9756,3245,251,4,87.96,351.84
9757,3245,161,3,258.97,776.91
9758,3245,292,1,40.52,40.52
9759,3246,134,1,261.22,261.22
9760,3246,214,4,522.07,2088.28
9761,3246,52,2,36.58,73.16
9762,3247,159,4,176.40,705.60
9763,3247,150,3,223.54,670.62
9764,3247,93,3,73.99,221.97
9765,3248,59,3,1165.61,3496.83
9766,3248,44,3,86.79,260.37
9767,3248,327,1,91.25,91.25
9768,3249,91,4,103.05,412.20
9769,3249,58,2,158.45,316.90
9770,3249,24,2,136.38,272.76
9771,3250,207,2,62.51,125.02
9772,3250,220,3,38.34,115.02
9773,3250,78,1,252.79,252.79
9774,3251,155,1,80.38,80.38
9775,3251,278,4,405.40,1621.60
9776,3251,128,2,1363.48,2726.96
9777,3252,86,2,137.39,274.78
9778,3252,147,1,143.83,143.83
9779,3252,182,2,312.02,624.04
9780,3253,272,1,77.63,77.63
9781,3253,28,3,30.65,91.95
9782,3253,304,4,121.41,485.64
9783,3254,171,4,49.52,198.08
9784,3254,321,4,105.04,420.16
9785,3254,191,1,217.48,217.48
9786,3255,53,2,26.41,52.82
9787,3255,95,4,198.29,793.16
9788,3255,206,1,125.45,125.45
9789,3256,297,4,83.28,333.12
9790,3256,169,4,537.24,2148.96
9791,3256,300,1,39.77,39.77
9792,3257,179,4,367.91,1471.64
9793,3257,194,2,136.81,273.62
9794,3257,258,3,57.78,173.34
9795,3258,112,2,97.46,194.92
9796,3258,107,2,136.14,272.28
9797,3258,114,2,59.81,119.62
9798,3259,232,3,117.39,352.17
9799,3259,188,2,50.01,100.02
9800,3259,320,4,125.31,501.24
9801,3260,110,2,81.80,163.60
9802,3260,154,2,174.02,348.04
9803,3260,128,2,1363.48,2726.96
9804,3261,37,2,5435.24,10870.48
9805,3261,174,1,93.41,93.41
9806,3261,230,4,64.40,257.60
9807,3262,223,1,467.04,467.04
9808,3262,65,4,114.10,456.40
9809,3262,47,2,100.93,201.86
9810,3263,193,3,9668.18,29004.54
9811,3263,48,1,124.35,124.35
9812,3263,58,1,158.45,158.45
9813,3264,98,1,116.76,116.76
9814,3264,123,2,340.07,680.14
9815,3264,258,3,57.78,173.34
9816,3265,20,1,49.24,49.24
9817,3265,40,1,62.79,62.79
9818,3265,313,1,49.11,49.11
9819,3266,26,2,979.66,1959.32
9820,3266,234,4,157.34,629.36
9821,3266,250,3,725.02,2175.06
9822,3267,109,2,21.64,43.28
9823,3267,176,3,204.81,614.43
9824,3267,169,1,537.24,537.24
9825,3268,151,3,52.78,158.34
9826,3268,38,2,2984.65,5969.30
9827,3268,74,4,306.84,1227.36
9828,3269,46,1,64.02,64.02
9829,3269,242,4,798.53,3194.12
9830,3269,216,3,27.57,82.71
9831,3270,228,2,148.63,297.26
9832,3270,280,4,154.65,618.60
9833,3270,76,3,49.74,149.22
9834,3271,140,4,558.26,2233.04
9835,3271,94,3,61.84,185.52
9836,3271,34,2,5015.04,10030.08
9837,3272,204,1,362.70,362.70
9838,3272,278,1,405.40,405.40
9839,3272,103,4,88.38,353.52
9840,3273,288,2,236.80,473.60
9841,3273,12,3,423.08,1269.24
9842,3273,172,4,53.49,213.96
9843,3274,281,3,34.70,104.10
9844,3274,241,1,237.51,237.51
9845,3274,176,3,204.81,614.43
9846,3275,6,3,536.76,1610.28
9847,3275,179,3,367.91,1103.73
9848,3275,33,4,618.92,2475.68
9849,3276,268,4,186.90,747.60
9850,3276,210,2,107.66,215.32
9851,3276,305,2,18.21,36.42
9852,3277,5,1,312.42,312.42
9853,3277,37,2,5435.24,10870.48
9854,3277,240,2,26.71,53.42
9855,3278,33,2,618.92,1237.84
9856,3278,169,3,537.24,1611.72
9857,3278,137,2,197.81,395.62
9858,3279,262,2,177.88,355.76
9859,3279,175,2,239.58,479.16
9860,3279,133,1,153.60,153.60
9861,3280,258,4,57.78,231.12
9862,3280,138,4,75.42,301.68
9863,3280,216,3,27.57,82.71
9864,3281,83,2,138.27,276.54
9865,3281,2,2,54.72,109.44
9866,3281,330,2,120.68,241.36
9867,3282,274,2,72.47,144.94
9868,3282,166,2,122.59,245.18
9869,3282,217,1,324.83,324.83
9870,3283,261,3,61.79,185.37
9871,3283,112,4,97.46,389.84
9872,3283,119,2,329.12,658.24
9873,3284,48,3,124.35,373.05
9874,3284,102,2,39.38,78.76
9875,3284,50,1,293.39,293.39
9876,3285,177,2,173.92,347.84
9877,3285,317,3,85.93,257.79
9878,3285,260,1,95.74,95.74
9879,3286,150,1,223.54,223.54
9880,3286,18,1,4347.52,4347.52
9881,3286,25,4,70.53,282.12
9882,3287,95,4,198.29,793.16
9883,3287,189,1,87.00,87.00
9884,3287,205,1,92.31,92.31
9885,3288,295,4,207.06,828.24
9886,3288,6,4,536.76,2147.04
9887,3288,41,3,82.03,246.09
9888,3289,280,4,154.65,618.60
9889,3289,100,1,912.50,912.50
9890,3289,38,2,2984.65,5969.30
9891,3290,87,2,116.31,232.62
9892,3290,183,2,229.08,458.16
9893,3290,5,3,312.42,937.26
9894,3291,154,3,174.02,522.06
9895,3291,40,2,62.79,125.58
9896,3291,329,4,124.79,499.16
9897,3292,36,3,184.31,552.93
9898,3292,40,3,62.79,188.37
9899,3292,198,4,124.56,498.24
9900,3293,159,1,176.40,176.40
9901,3293,190,4,4952.78,19811.12
9902,3293,93,3,73.99,221.97
9903,3294,83,2,138.27,276.54
9904,3294,318,1,27.43,27.43
9905,3294,182,2,312.02,624.04
9906,3295,21,3,37.53,112.59
9907,3295,200,3,51.39,154.17
9908,3295,52,4,36.58,146.32
9909,3296,270,2,777.12,1554.24
9910,3296,216,2,27.57,55.14
9911,3296,41,3,82.03,246.09
9912,3297,301,1,136.93,136.93
9913,3297,324,4,183.99,735.96
9914,3297,44,2,86.79,173.58
9915,3298,317,3,85.93,257.79
9916,3298,19,4,79.80,319.20
9917,3298,234,2,157.34,314.68
9918,3299,5,3,312.42,937.26
9919,3299,265,3,192.94,578.82
9920,3299,68,3,416.05,1248.15
9921,3300,228,1,148.63,148.63
9922,3300,105,1,63.28,63.28
9923,3300,178,3,110.15,330.45
9924,3301,9,3,1355.55,4066.65
9925,3301,238,2,108.52,217.04
9926,3301,120,4,532.02,2128.08
9927,3302,5,4,312.42,1249.68
9928,3302,288,1,236.80,236.80
9929,3302,29,3,74.94,224.82
9930,3303,334,2,173.02,346.04
9931,3303,56,3,408.87,1226.61
9932,3303,248,3,4473.97,13421.91
9933,3304,284,2,33.21,66.42
9934,3304,291,2,25.62,51.24
9935,3304,272,1,77.63,77.63
9936,3305,102,2,39.38,78.76
9937,3305,304,1,121.41,121.41
9938,3305,317,4,85.93,343.72
9939,3306,62,4,56.51,226.04
9940,3306,19,3,79.80,239.40
9941,3306,14,4,430.90,1723.60
9942,3307,169,2,537.24,1074.48
9943,3307,312,1,25.20,25.20
9944,3307,173,1,101.46,101.46
9945,3308,121,1,376.95,376.95
9946,3308,82,4,80.11,320.44
9947,3308,125,3,319.28,957.84
9948,3309,182,2,312.02,624.04
9949,3309,275,1,110.46,110.46
9950,3309,309,1,132.91,132.91
9951,3310,128,3,1363.48,4090.44
9952,3310,142,3,544.13,1632.39
9953,3310,85,1,279.78,279.78
9954,3311,200,1,51.39,51.39
9955,3311,130,3,261.07,783.21
9956,3311,289,1,37.80,37.80
9957,3312,54,4,73.34,293.36
9958,3312,78,2,252.79,505.58
9959,3312,82,3,80.11,240.33
9960,3313,290,4,744.49,2977.96
9961,3313,207,3,62.51,187.53
9962,3313,228,2,148.63,297.26
9963,3314,321,2,105.04,210.08
9964,3314,79,3,221.90,665.70
9965,3314,22,2,709.66,1419.32
9966,3315,166,4,122.59,490.36
9967,3315,56,4,408.87,1635.48
9968,3315,74,4,306.84,1227.36
9969,3316,6,2,536.76,1073.52
9970,3316,79,3,221.90,665.70
9971,3316,252,3,576.27,1728.81
9972,3317,13,4,44.19,176.76
9973,3317,287,1,553.36,553.36
9974,3317,255,2,71.89,143.78
9975,3318,315,3,69.11,207.33
9976,3318,23,2,477.55,955.10
9977,3318,334,1,173.02,173.02
9978,3319,316,1,110.67,110.67
9979,3319,234,2,157.34,314.68
9980,3319,203,1,59.44,59.44
9981,3320,297,1,83.28,83.28
9982,3320,214,3,522.07,1566.21
9983,3320,85,3,279.78,839.34
9984,3321,112,3,97.46,292.38
9985,3321,101,4,156.57,626.28
9986,3321,270,4,777.12,3108.48
9987,3322,3,1,108.77,108.77
9988,3322,4,3,70.68,212.04
9989,3322,193,2,9668.18,19336.36
9990,3323,320,1,125.31,125.31
9991,3323,161,2,258.97,517.94
9992,3323,177,3,173.92,521.76
9993,3324,71,2,81.12,162.24
9994,3324,296,3,101.13,303.39
9995,3324,297,1,83.28,83.28
9996,3325,174,4,93.41,373.64
9997,3325,182,1,312.02,312.02
9998,3325,246,1,42.72,42.72
9999,3326,4,2,70.68,141.36
10000,3326,18,2,4347.52,8695.04
10001,3326,73,4,550.57,2202.28
10002,3327,277,2,198.38,396.76
10003,3327,269,1,107.58,107.58
10004,3327,267,3,276.85,830.55
10005,3328,36,1,184.31,184.31
10006,3328,59,3,1165.61,3496.83
10007,3328,162,4,803.06,3212.24
10008,3329,312,3,25.20,75.60
10009,3329,237,2,188.93,377.86
10010,3329,102,3,39.38,118.14
10011,3330,156,4,138.39,553.56
10012,3330,196,2,68.93,137.86
10013,3330,297,3,83.28,249.84
10014,3331,188,3,50.01,150.03
10015,3331,256,2,255.06,510.12
10016,3331,252,1,576.27,576.27
10017,3332,120,4,532.02,2128.08
10018,3332,150,3,223.54,670.62
10019,3332,24,2,136.38,272.76
10020,3333,166,3,122.59,367.77
10021,3333,152,1,133.94,133.94
10022,3333,147,4,143.83,575.32
10023,3334,3,3,108.77,326.31
10024,3334,71,3,81.12,243.36
10025,3334,145,1,369.80,369.80
10026,3335,163,2,150.26,300.52
10027,3335,1,2,41.61,83.22
10028,3335,115,4,559.60,2238.40
10029,3336,119,2,329.12,658.24
10030,3336,5,3,312.42,937.26
10031,3336,195,4,46.99,187.96
10032,3337,8,2,92.31,184.62
10033,3337,165,2,257.39,514.78
10034,3337,84,3,214.78,644.34
10035,3338,311,2,32.45,64.90
10036,3338,110,2,81.80,163.60
10037,3338,38,1,2984.65,2984.65
10038,3339,2,4,54.72,218.88
10039,3339,11,3,88.33,264.99
10040,3339,30,2,165.44,330.88
10041,3340,44,4,86.79,347.16
10042,3340,331,1,54.96,54.96
10043,3340,286,3,65.95,197.85
10044,3341,99,3,4229.74,12689.22
10045,3341,156,3,138.39,415.17
10046,3341,6,3,536.76,1610.28
10047,3342,22,3,709.66,2128.98
10048,3342,228,4,148.63,594.52
10049,3342,172,4,53.49,213.96
10050,3343,21,4,37.53,150.12
10051,3343,58,1,158.45,158.45
10052,3343,325,4,108.41,433.64
10053,3344,302,2,17.70,35.40
10054,3344,158,3,210.26,630.78
10055,3344,102,4,39.38,157.52
10056,3345,79,3,221.90,665.70
10057,3345,288,3,236.80,710.40
10058,3345,171,2,49.52,99.04
10059,3346,130,1,261.07,261.07
10060,3346,127,3,242.46,727.38
10061,3346,294,1,133.99,133.99
10062,3347,126,3,105.42,316.26
10063,3347,231,4,170.32,681.28
10064,3347,56,1,408.87,408.87
10065,3348,91,2,103.05,206.10
10066,3348,201,3,83.06,249.18
10067,3348,83,4,138.27,553.08
10068,3349,255,1,71.89,71.89
10069,3349,232,1,117.39,117.39
10070,3349,175,1,239.58,239.58
10071,3350,285,1,6751.40,6751.40
10072,3350,216,1,27.57,27.57
10073,3350,40,4,62.79,251.16
10074,3351,240,3,26.71,80.13
10075,3351,201,1,83.06,83.06
10076,3351,278,3,405.40,1216.20
10077,3352,299,2,57.14,114.28
10078,3352,231,3,170.32,510.96
10079,3352,156,4,138.39,553.56
10080,3353,151,1,52.78,52.78
10081,3353,122,2,130.97,261.94
10082,3353,212,2,1815.77,3631.54
10083,3354,265,4,192.94,771.76
10084,3354,212,3,1815.77,5447.31
10085,3354,91,3,103.05,309.15
10086,3355,48,1,124.35,124.35
10087,3355,164,2,259.43,518.86
10088,3355,315,1,69.11,69.11
10089,3356,298,1,103.05,103.05
10090,3356,308,2,143.10,286.20
10091,3356,152,2,133.94,267.88
10092,3357,156,4,138.39,553.56
10093,3357,170,1,845.55,845.55
10094,3357,285,4,6751.40,27005.60
10095,3358,302,2,17.70,35.40
10096,3358,209,3,299.28,897.84
10097,3358,236,1,54.07,54.07
10098,3359,25,4,70.53,282.12
10099,3359,157,3,2380.02,7140.06
10100,3359,28,4,30.65,122.60
10101,3360,109,3,21.64,64.92
10102,3360,291,4,25.62,102.48
10103,3360,185,4,118.55,474.20
10104,3361,232,4,117.39,469.56
10105,3361,121,1,376.95,376.95
10106,3361,302,3,17.70,53.10
10107,3362,53,2,26.41,52.82
10108,3362,96,2,171.36,342.72
10109,3362,305,4,18.21,72.84
10110,3363,141,3,482.39,1447.17
10111,3363,127,3,242.46,727.38
10112,3363,198,2,124.56,249.12
10113,3364,284,3,33.21,99.63
10114,3364,225,4,267.00,1068.00
10115,3364,164,2,259.43,518.86
10116,3365,202,3,109.28,327.84
10117,3365,238,1,108.52,108.52
10118,3365,284,1,33.21,33.21
10119,3366,182,1,312.02,312.02
10120,3366,82,2,80.11,160.22
10121,3366,9,2,1355.55,2711.10
10122,3367,259,3,37.26,111.78
10123,3367,12,2,423.08,846.16
10124,3367,233,1,107.91,107.91
10125,3368,124,4,201.32,805.28
10126,3368,55,4,361.92,1447.68
10127,3368,12,2,423.08,846.16
10128,3369,256,3,255.06,765.18
10129,3369,27,3,485.13,1455.39
10130,3369,54,1,73.34,73.34
10131,3370,263,1,82.89,82.89
10132,3370,111,2,215.02,430.04
10133,3370,227,1,154.78,154.78
10134,3371,44,1,86.79,86.79
10135,3371,102,3,39.38,118.14
10136,3371,195,3,46.99,140.97
10137,3372,127,4,242.46,969.84
10138,3372,330,4,120.68,482.72
10139,3372,64,1,72.56,72.56
10140,3373,209,3,299.28,897.84
10141,3373,71,4,81.12,324.48
10142,3373,229,4,182.92,731.68
10143,3374,313,4,49.11,196.44
10144,3374,53,2,26.41,52.82
10145,3374,74,3,306.84,920.52
10146,3375,22,2,709.66,1419.32
10147,3375,1,1,41.61,41.61
10148,3375,288,1,236.80,236.80
10149,3376,66,4,41.56,166.24
10150,3376,135,2,176.88,353.76
10151,3376,283,3,594.23,1782.69
10152,3377,304,1,121.41,121.41
10153,3377,135,4,176.88,707.52
10154,3377,146,4,364.03,1456.12
10155,3378,279,1,41.73,41.73
10156,3378,218,1,49.88,49.88
10157,3378,53,1,26.41,26.41
10158,3379,217,4,324.83,1299.32
10159,3379,26,2,979.66,1959.32
10160,3379,316,2,110.67,221.34
10161,3380,13,3,44.19,132.57
10162,3380,237,1,188.93,188.93
10163,3380,316,4,110.67,442.68
10164,3381,289,2,37.80,75.60
10165,3381,233,2,107.91,215.82
10166,3381,192,1,365.72,365.72
10167,3382,140,1,558.26,558.26
10168,3382,285,3,6751.40,20254.20
10169,3382,182,4,312.02,1248.08
10170,3383,153,1,41.42,41.42
10171,3383,42,2,288.25,576.50
10172,3383,319,1,129.86,129.86
10173,3384,151,2,52.78,105.56
10174,3384,230,1,64.40,64.40
10175,3384,60,1,301.85,301.85
10176,3385,320,3,125.31,375.93
10177,3385,194,3,136.81,410.43
10178,3385,29,4,74.94,299.76
10179,3386,200,4,51.39,205.56
10180,3386,85,1,279.78,279.78
10181,3386,95,1,198.29,198.29
10182,3387,130,2,261.07,522.14
10183,3387,252,3,576.27,1728.81
10184,3387,267,2,276.85,553.70
10185,3388,164,3,259.43,778.29
10186,3388,199,3,122.30,366.90
10187,3388,274,2,72.47,144.94
10188,3389,89,4,185.24,740.96
10189,3389,282,1,314.44,314.44
10190,3389,230,4,64.40,257.60
10191,3390,309,2,132.91,265.82
10192,3390,184,2,103.83,207.66
10193,3390,119,3,329.12,987.36
10194,3391,81,2,24.00,48.00
10195,3391,144,4,1176.11,4704.44
10196,3391,74,2,306.84,613.68
10197,3392,183,2,229.08,458.16
10198,3392,53,3,26.41,79.23
10199,3392,80,4,180.81,723.24
10200,3393,53,1,26.41,26.41
10201,3393,55,2,361.92,723.84
10202,3393,91,3,103.05,309.15
10203,3394,68,2,416.05,832.10
10204,3394,107,1,136.14,136.14
10205,3394,308,4,143.10,572.40
10206,3395,165,2,257.39,514.78
10207,3395,79,3,221.90,665.70
10208,3395,42,4,288.25,1153.00
10209,3396,326,4,127.79,511.16
10210,3396,299,3,57.14,171.42
10211,3396,55,1,361.92,361.92
10212,3397,136,3,407.27,1221.81
10213,3397,250,1,725.02,725.02
10214,3397,206,3,125.45,376.35
10215,3398,82,2,80.11,160.22
10216,3398,276,1,1553.72,1553.72
10217,3398,273,2,173.28,346.56
10218,3399,217,2,324.83,649.66
10219,3399,168,1,84.08,84.08
10220,3399,216,4,27.57,110.28
10221,3400,268,3,186.90,560.70
10222,3400,54,2,73.34,146.68
10223,3400,247,4,127.32,509.28
10224,3401,308,1,143.10,143.10
10225,3401,267,4,276.85,1107.40
10226,3401,142,1,544.13,544.13
10227,3402,247,4,127.32,509.28
10228,3402,296,1,101.13,101.13
10229,3402,48,4,124.35,497.40
10230,3403,274,2,72.47,144.94
10231,3403,200,4,51.39,205.56
10232,3403,183,4,229.08,916.32
10233,3404,150,1,223.54,223.54
10234,3404,178,3,110.15,330.45
10235,3404,143,3,55.35,166.05
10236,3405,293,2,9518.10,19036.20
10237,3405,122,1,130.97,130.97
10238,3405,127,4,242.46,969.84
10239,3406,244,4,70.80,283.20
10240,3406,154,3,174.02,522.06
10241,3406,137,4,197.81,791.24
10242,3407,284,1,33.21,33.21
10243,3407,211,4,391.93,1567.72
10244,3407,129,4,120.28,481.12
10245,3408,18,2,4347.52,8695.04
10246,3408,290,3,744.49,2233.47
10247,3408,281,1,34.70,34.70
10248,3409,296,4,101.13,404.52
10249,3409,127,3,242.46,727.38
10250,3409,177,2,173.92,347.84
10251,3410,325,2,108.41,216.82
10252,3410,246,3,42.72,128.16
10253,3410,274,4,72.47,289.88
10254,3411,296,2,101.13,202.26
10255,3411,316,3,110.67,332.01
10256,3411,80,2,180.81,361.62
10257,3412,11,3,88.33,264.99
10258,3412,111,4,215.02,860.08
10259,3412,319,4,129.86,519.44
10260,3413,78,1,252.79,252.79
10261,3413,164,3,259.43,778.29
10262,3413,26,4,979.66,3918.64
10263,3414,158,2,210.26,420.52
10264,3414,151,2,52.78,105.56
10265,3414,327,3,91.25,273.75
10266,3415,52,2,36.58,73.16
10267,3415,290,2,744.49,1488.98
10268,3415,93,1,73.99,73.99
10269,3416,152,3,133.94,401.82
10270,3416,127,4,242.46,969.84
10271,3416,26,4,979.66,3918.64
10272,3417,170,1,845.55,845.55
10273,3417,174,1,93.41,93.41
10274,3417,277,3,198.38,595.14
10275,3418,210,4,107.66,430.64
10276,3418,94,4,61.84,247.36
10277,3418,320,2,125.31,250.62
10278,3419,43,4,930.93,3723.72
10279,3419,149,3,63.35,190.05
10280,3419,266,4,379.02,1516.08
10281,3420,54,3,73.34,220.02
10282,3420,229,3,182.92,548.76
10283,3420,20,4,49.24,196.96
10284,3421,154,4,174.02,696.08
10285,3421,56,4,408.87,1635.48
10286,3421,242,4,798.53,3194.12
10287,3422,44,2,86.79,173.58
10288,3422,270,4,777.12,3108.48
10289,3422,302,4,17.70,70.80
10290,3423,92,4,243.24,972.96
10291,3423,317,4,85.93,343.72
10292,3423,214,3,522.07,1566.21
10293,3424,4,4,70.68,282.72
10294,3424,109,1,21.64,21.64
10295,3424,272,3,77.63,232.89
10296,3425,66,4,41.56,166.24
10297,3425,153,2,41.42,82.84
10298,3425,277,1,198.38,198.38
10299,3426,307,4,195.28,781.12
10300,3426,217,1,324.83,324.83
10301,3426,236,3,54.07,162.21
10302,3427,212,4,1815.77,7263.08
10303,3427,131,1,151.63,151.63
10304,3427,76,4,49.74,198.96
10305,3428,78,1,252.79,252.79
10306,3428,33,4,618.92,2475.68
10307,3428,267,3,276.85,830.55
10308,3429,116,1,86.77,86.77
10309,3429,280,1,154.65,154.65
10310,3429,163,4,150.26,601.04
10311,3430,240,3,26.71,80.13
10312,3430,49,4,109.83,439.32
10313,3430,81,3,24.00,72.00
10314,3431,246,2,42.72,85.44
10315,3431,205,4,92.31,369.24
10316,3431,154,1,174.02,174.02
10317,3432,23,1,477.55,477.55
10318,3432,151,4,52.78,211.12
10319,3432,179,3,367.91,1103.73
10320,3433,228,4,148.63,594.52
10321,3433,282,3,314.44,943.32
10322,3433,164,4,259.43,1037.72
10323,3434,235,1,1867.81,1867.81
10324,3434,213,2,231.12,462.24
10325,3434,309,4,132.91,531.64
10326,3435,193,2,9668.18,19336.36
10327,3435,128,2,1363.48,2726.96
10328,3435,35,4,166.21,664.84
10329,3436,182,3,312.02,936.06
10330,3436,67,3,663.51,1990.53
10331,3436,250,2,725.02,1450.04
10332,3437,109,3,21.64,64.92
10333,3437,203,3,59.44,178.32
10334,3437,133,1,153.60,153.60
10335,3438,187,2,53.46,106.92
10336,3438,152,3,133.94,401.82
10337,3438,132,3,152.84,458.52
10338,3439,293,2,9518.10,19036.20
10339,3439,39,2,265.80,531.60
10340,3439,185,4,118.55,474.20
10341,3440,118,2,123.08,246.16
10342,3440,133,3,153.60,460.80
10343,3440,294,2,133.99,267.98
10344,3441,213,1,231.12,231.12
10345,3441,157,1,2380.02,2380.02
10346,3441,203,1,59.44,59.44
10347,3442,215,1,136.44,136.44
10348,3442,300,2,39.77,79.54
10349,3442,250,2,725.02,1450.04
10350,3443,110,4,81.80,327.20
10351,3443,163,2,150.26,300.52
10352,3443,88,4,92.09,368.36
10353,3444,335,4,117.27,469.08
10354,3444,53,3,26.41,79.23
10355,3444,56,1,408.87,408.87
10356,3445,209,3,299.28,897.84
10357,3445,334,4,173.02,692.08
10358,3445,110,4,81.80,327.20
10359,3446,82,2,80.11,160.22
10360,3446,136,2,407.27,814.54
10361,3446,66,4,41.56,166.24
10362,3447,10,4,42.91,171.64
10363,3447,299,3,57.14,171.42
10364,3447,164,1,259.43,259.43
10365,3448,172,4,53.49,213.96
10366,3448,195,3,46.99,140.97
10367,3448,207,4,62.51,250.04
10368,3449,269,1,107.58,107.58
10369,3449,209,2,299.28,598.56
10370,3449,6,1,536.76,536.76
10371,3450,150,3,223.54,670.62
10372,3450,59,4,1165.61,4662.44
10373,3450,200,1,51.39,51.39
10374,3451,320,4,125.31,501.24
10375,3451,70,3,79.39,238.17
10376,3451,316,1,110.67,110.67
10377,3452,23,2,477.55,955.10
10378,3452,62,1,56.51,56.51
10379,3452,314,2,28.97,57.94
10380,3453,80,3,180.81,542.43
10381,3453,157,3,2380.02,7140.06
10382,3453,295,2,207.06,414.12
10383,3454,308,4,143.10,572.40
10384,3454,174,1,93.41,93.41
10385,3454,155,1,80.38,80.38
10386,3455,301,4,136.93,547.72
10387,3455,113,4,545.60,2182.40
10388,3455,262,2,177.88,355.76
10389,3456,314,2,28.97,57.94
10390,3456,232,2,117.39,234.78
10391,3456,323,1,43.39,43.39
10392,3457,11,3,88.33,264.99
10393,3457,304,1,121.41,121.41
10394,3457,165,1,257.39,257.39
10395,3458,106,2,502.86,1005.72
10396,3458,104,2,2507.07,5014.14
10397,3458,89,2,185.24,370.48
10398,3459,269,2,107.58,215.16
10399,3459,233,2,107.91,215.82
10400,3459,271,4,1470.33,5881.32
10401,3460,78,1,252.79,252.79
10402,3460,61,1,175.93,175.93
10403,3460,42,4,288.25,1153.00
10404,3461,143,4,55.35,221.40
10405,3461,127,1,242.46,242.46
10406,3461,75,1,63.53,63.53
10407,3462,278,1,405.40,405.40
10408,3462,314,4,28.97,115.88
10409,3462,38,2,2984.65,5969.30
10410,3463,144,3,1176.11,3528.33
10411,3463,121,3,376.95,1130.85
10412,3463,257,2,77.56,155.12
10413,3464,199,3,122.30,366.90
10414,3464,44,3,86.79,260.37
10415,3464,206,3,125.45,376.35
10416,3465,265,3,192.94,578.82
10417,3465,274,3,72.47,217.41
10418,3465,174,3,93.41,280.23
10419,3466,335,1,117.27,117.27
10420,3466,27,3,485.13,1455.39
10421,3466,282,4,314.44,1257.76
10422,3467,138,4,75.42,301.68
10423,3467,35,2,166.21,332.42
10424,3467,98,3,116.76,350.28
10425,3468,310,4,106.27,425.08
10426,3468,278,3,405.40,1216.20
10427,3468,171,1,49.52,49.52
10428,3469,7,1,158.64,158.64
10429,3469,167,2,125.02,250.04
10430,3469,199,1,122.30,122.30
10431,3470,312,3,25.20,75.60
10432,3470,8,2,92.31,184.62
10433,3470,150,3,223.54,670.62
10434,3471,293,1,9518.10,9518.10
10435,3471,114,1,59.81,59.81
10436,3471,335,4,117.27,469.08
10437,3472,248,1,4473.97,4473.97
10438,3472,229,1,182.92,182.92
10439,3472,169,2,537.24,1074.48
10440,3473,306,1,184.88,184.88
10441,3473,262,1,177.88,177.88
10442,3473,68,2,416.05,832.10
10443,3474,216,3,27.57,82.71
10444,3474,150,3,223.54,670.62
10445,3474,82,2,80.11,160.22
10446,3475,149,2,63.35,126.70
10447,3475,230,4,64.40,257.60
10448,3475,18,1,4347.52,4347.52
10449,3476,258,3,57.78,173.34
10450,3476,312,2,25.20,50.40
10451,3476,2,2,54.72,109.44
10452,3477,190,3,4952.78,14858.34
10453,3477,125,1,319.28,319.28
10454,3477,55,4,361.92,1447.68
10455,3478,165,2,257.39,514.78
10456,3478,253,4,32.75,131.00
10457,3478,320,4,125.31,501.24
10458,3479,273,1,173.28,173.28
10459,3479,103,2,88.38,176.76
10460,3479,148,3,640.43,1921.29
10461,3480,303,1,199.54,199.54
10462,3480,115,1,559.60,559.60
10463,3480,62,3,56.51,169.53
10464,3481,138,1,75.42,75.42
10465,3481,151,1,52.78,52.78
10466,3481,62,2,56.51,113.02
10467,3482,27,2,485.13,970.26
10468,3482,288,4,236.80,947.20
10469,3482,194,4,136.81,547.24
10470,3483,326,3,127.79,383.37
10471,3483,223,1,467.04,467.04
10472,3483,196,2,68.93,137.86
10473,3484,168,1,84.08,84.08
10474,3484,40,3,62.79,188.37
10475,3484,101,1,156.57,156.57
10476,3485,231,3,170.32,510.96
10477,3485,245,4,75.04,300.16
10478,3485,281,2,34.70,69.40
10479,3486,82,1,80.11,80.11
10480,3486,199,4,122.30,489.20
10481,3486,275,2,110.46,220.92
10482,3487,49,1,109.83,109.83
10483,3487,188,3,50.01,150.03
10484,3487,206,1,125.45,125.45
10485,3488,18,2,4347.52,8695.04
10486,3488,207,1,62.51,62.51
10487,3488,27,4,485.13,1940.52
10488,3489,3,2,108.77,217.54
10489,3489,213,1,231.12,231.12
10490,3489,242,4,798.53,3194.12
10491,3490,117,3,795.33,2385.99
10492,3490,81,3,24.00,72.00
10493,3490,176,4,204.81,819.24
10494,3491,303,3,199.54,598.62
10495,3491,244,2,70.80,141.60
10496,3491,209,2,299.28,598.56
10497,3492,285,4,6751.40,27005.60
10498,3492,92,4,243.24,972.96
10499,3492,109,3,21.64,64.92
10500,3493,322,4,161.49,645.96
10501,3493,28,1,30.65,30.65
10502,3493,253,1,32.75,32.75
10503,3494,117,2,795.33,1590.66
10504,3494,239,3,642.80,1928.40
10505,3494,67,3,663.51,1990.53
10506,3495,303,1,199.54,199.54
10507,3495,193,2,9668.18,19336.36
10508,3495,310,2,106.27,212.54
10509,3496,101,1,156.57,156.57
10510,3496,313,1,49.11,49.11
10511,3496,298,4,103.05,412.20
10512,3497,190,3,4952.78,14858.34
10513,3497,160,4,103.53,414.12
10514,3497,41,3,82.03,246.09
10515,3498,325,4,108.41,433.64
10516,3498,35,1,166.21,166.21
10517,3498,27,4,485.13,1940.52
10518,3499,132,4,152.84,611.36
10519,3499,229,1,182.92,182.92
10520,3499,15,1,602.60,602.60
10521,3500,189,4,87.00,348.00
10522,3500,288,4,236.80,947.20
10523,3500,95,1,198.29,198.29
10524,3501,307,2,195.28,390.56
10525,3501,127,1,242.46,242.46
10526,3501,240,3,26.71,80.13
10527,3502,197,4,111.56,446.24
10528,3502,330,4,120.68,482.72
10529,3502,15,4,602.60,2410.40
10530,3503,250,4,725.02,2900.08
10531,3503,154,3,174.02,522.06
10532,3503,305,2,18.21,36.42
10533,3504,219,4,662.92,2651.68
10534,3504,302,1,17.70,17.70
10535,3504,166,4,122.59,490.36
10536,3505,317,3,85.93,257.79
10537,3505,138,2,75.42,150.84
10538,3505,142,4,544.13,2176.52
10539,3506,258,2,57.78,115.56
10540,3506,248,3,4473.97,13421.91
10541,3506,224,2,203.37,406.74
10542,3507,117,2,795.33,1590.66
10543,3507,329,2,124.79,249.58
10544,3507,10,4,42.91,171.64
10545,3508,73,1,550.57,550.57
10546,3508,199,2,122.30,244.60
10547,3508,215,4,136.44,545.76
10548,3509,189,1,87.00,87.00
10549,3509,216,2,27.57,55.14
10550,3509,315,2,69.11,138.22
10551,3510,202,1,109.28,109.28
10552,3510,179,3,367.91,1103.73
10553,3510,253,2,32.75,65.50
10554,3511,321,2,105.04,210.08
10555,3511,201,2,83.06,166.12
10556,3511,210,2,107.66,215.32
10557,3512,232,1,117.39,117.39
10558,3512,327,1,91.25,91.25
10559,3512,70,4,79.39,317.56
10560,3513,22,1,709.66,709.66
10561,3513,142,2,544.13,1088.26
10562,3513,15,2,602.60,1205.20
10563,3514,6,4,536.76,2147.04
10564,3514,192,2,365.72,731.44
10565,3514,249,2,333.60,667.20
10566,3515,77,1,90.53,90.53
10567,3515,274,3,72.47,217.41
10568,3515,103,2,88.38,176.76
10569,3516,16,4,82.24,328.96
10570,3516,170,3,845.55,2536.65
10571,3516,11,1,88.33,88.33
10572,3517,14,4,430.90,1723.60
10573,3517,93,3,73.99,221.97
10574,3517,99,3,4229.74,12689.22
10575,3518,3,2,108.77,217.54
10576,3518,125,1,319.28,319.28
10577,3518,101,4,156.57,626.28
10578,3519,175,4,239.58,958.32
10579,3519,69,3,206.85,620.55
10580,3519,285,1,6751.40,6751.40
10581,3520,272,4,77.63,310.52
10582,3520,4,2,70.68,141.36
10583,3520,300,1,39.77,39.77
10584,3521,121,4,376.95,1507.80
10585,3521,1,1,41.61,41.61
10586,3521,299,4,57.14,228.56
10587,3522,170,1,845.55,845.55
10588,3522,118,1,123.08,123.08
10589,3522,238,3,108.52,325.56
10590,3523,302,2,17.70,35.40
10591,3523,85,3,279.78,839.34
10592,3523,273,4,173.28,693.12
10593,3524,167,4,125.02,500.08
10594,3524,10,3,42.91,128.73
10595,3524,145,1,369.80,369.80
10596,3525,10,2,42.91,85.82
10597,3525,202,1,109.28,109.28
10598,3525,275,2,110.46,220.92
10599,3526,217,2,324.83,649.66
10600,3526,88,3,92.09,276.27
10601,3526,17,2,189.07,378.14
10602,3527,39,3,265.80,797.40
10603,3527,188,1,50.01,50.01
10604,3527,262,4,177.88,711.52
10605,3528,120,1,532.02,532.02
10606,3528,308,1,143.10,143.10
10607,3528,19,2,79.80,159.60
10608,3529,14,1,430.90,430.90
10609,3529,48,1,124.35,124.35
10610,3529,17,2,189.07,378.14
10611,3530,165,3,257.39,772.17
10612,3530,258,3,57.78,173.34
10613,3530,214,2,522.07,1044.14
10614,3531,330,2,120.68,241.36
10615,3531,158,3,210.26,630.78
10616,3531,280,4,154.65,618.60
10617,3532,291,2,25.62,51.24
10618,3532,31,3,79.21,237.63
10619,3532,289,1,37.80,37.80
10620,3533,214,1,522.07,522.07
10621,3533,244,2,70.80,141.60
10622,3533,151,4,52.78,211.12
10623,3534,119,2,329.12,658.24
10624,3534,330,4,120.68,482.72
10625,3534,22,2,709.66,1419.32
10626,3535,253,1,32.75,32.75
10627,3535,82,2,80.11,160.22
10628,3535,97,4,201.04,804.16
10629,3536,173,4,101.46,405.84
10630,3536,102,2,39.38,78.76
10631,3536,11,4,88.33,353.32
10632,3537,323,2,43.39,86.78
10633,3537,320,1,125.31,125.31
10634,3537,206,2,125.45,250.90
10635,3538,51,4,223.70,894.80
10636,3538,59,2,1165.61,2331.22
10637,3538,49,3,109.83,329.49
10638,3539,113,4,545.60,2182.40
10639,3539,54,4,73.34,293.36
10640,3539,302,1,17.70,17.70
10641,3540,257,4,77.56,310.24
10642,3540,192,2,365.72,731.44
10643,3540,168,2,84.08,168.16
10644,3541,78,4,252.79,1011.16
10645,3541,94,3,61.84,185.52
10646,3541,38,1,2984.65,2984.65
10647,3542,151,4,52.78,211.12
10648,3542,234,4,157.34,629.36
10649,3542,313,4,49.11,196.44
10650,3543,281,1,34.70,34.70
10651,3543,305,3,18.21,54.63
10652,3543,332,2,122.23,244.46
10653,3544,299,1,57.14,57.14
10654,3544,27,3,485.13,1455.39
10655,3544,17,3,189.07,567.21
10656,3545,87,2,116.31,232.62
10657,3545,71,1,81.12,81.12
10658,3545,70,1,79.39,79.39
10659,3546,333,2,167.16,334.32
10660,3546,2,3,54.72,164.16
10661,3546,316,2,110.67,221.34
10662,3547,332,3,122.23,366.69
10663,3547,42,1,288.25,288.25
10664,3547,284,2,33.21,66.42
10665,3548,159,4,176.40,705.60
10666,3548,325,1,108.41,108.41
10667,3548,111,1,215.02,215.02
10668,3549,185,4,118.55,474.20
10669,3549,318,1,27.43,27.43
10670,3549,199,2,122.30,244.60
10671,3550,193,2,9668.18,19336.36
10672,3550,283,3,594.23,1782.69
10673,3550,140,4,558.26,2233.04
10674,3551,258,2,57.78,115.56
10675,3551,110,4,81.80,327.20
10676,3551,259,4,37.26,149.04
10677,3552,220,1,38.34,38.34
10678,3552,239,1,642.80,642.80
10679,3552,13,4,44.19,176.76
10680,3553,197,2,111.56,223.12
10681,3553,1,1,41.61,41.61
10682,3553,237,1,188.93,188.93
10683,3554,103,2,88.38,176.76
10684,3554,163,4,150.26,601.04
10685,3554,146,2,364.03,728.06
10686,3555,21,3,37.53,112.59
10687,3555,280,3,154.65,463.95
10688,3555,196,4,68.93,275.72
10689,3556,121,1,376.95,376.95
10690,3556,332,1,122.23,122.23
10691,3556,172,1,53.49,53.49
10692,3557,119,2,329.12,658.24
10693,3557,53,1,26.41,26.41
10694,3557,27,1,485.13,485.13
10695,3558,200,3,51.39,154.17
10696,3558,126,2,105.42,210.84
10697,3558,11,2,88.33,176.66
10698,3559,328,4,180.51,722.04
10699,3559,199,3,122.30,366.90
10700,3559,219,2,662.92,1325.84
10701,3560,20,1,49.24,49.24
10702,3560,89,1,185.24,185.24
10703,3560,83,1,138.27,138.27
10704,3561,197,1,111.56,111.56
10705,3561,327,3,91.25,273.75
10706,3561,242,3,798.53,2395.59
10707,3562,96,3,171.36,514.08
10708,3562,317,4,85.93,343.72
10709,3562,78,4,252.79,1011.16
10710,3563,149,4,63.35,253.40
10711,3563,36,3,184.31,552.93
10712,3563,310,3,106.27,318.81
10713,3564,256,3,255.06,765.18
10714,3564,165,2,257.39,514.78
10715,3564,136,1,407.27,407.27
10716,3565,133,4,153.60,614.40
10717,3565,322,2,161.49,322.98
10718,3565,36,3,184.31,552.93
10719,3566,153,4,41.42,165.68
10720,3566,20,1,49.24,49.24
10721,3566,2,1,54.72,54.72
10722,3567,106,4,502.86,2011.44
10723,3567,205,4,92.31,369.24
10724,3567,230,2,64.40,128.80
10725,3568,77,3,90.53,271.59
10726,3568,202,4,109.28,437.12
10727,3568,97,4,201.04,804.16
10728,3569,133,4,153.60,614.40
10729,3569,129,2,120.28,240.56
10730,3569,43,3,930.93,2792.79
10731,3570,199,3,122.30,366.90
10732,3570,170,4,845.55,3382.20
10733,3570,214,2,522.07,1044.14
10734,3571,241,1,237.51,237.51
10735,3571,49,3,109.83,329.49
10736,3571,63,4,176.42,705.68
10737,3572,93,1,73.99,73.99
10738,3572,25,1,70.53,70.53
10739,3572,198,3,124.56,373.68
10740,3573,157,4,2380.02,9520.08
10741,3573,110,2,81.80,163.60
10742,3573,58,1,158.45,158.45
10743,3574,69,3,206.85,620.55
10744,3574,318,3,27.43,82.29
10745,3574,92,1,243.24,243.24
10746,3575,8,3,92.31,276.93
10747,3575,217,4,324.83,1299.32
10748,3575,58,1,158.45,158.45
10749,3576,211,1,391.93,391.93
10750,3576,268,3,186.90,560.70
10751,3576,270,2,777.12,1554.24
10752,3577,41,2,82.03,164.06
10753,3577,320,4,125.31,501.24
10754,3577,242,3,798.53,2395.59
10755,3578,217,1,324.83,324.83
10756,3578,186,4,324.89,1299.56
10757,3578,208,4,5119.77,20479.08
10758,3579,50,3,293.39,880.17
10759,3579,329,2,124.79,249.58
10760,3579,96,1,171.36,171.36
10761,3580,102,4,39.38,157.52
10762,3580,44,1,86.79,86.79
10763,3580,297,3,83.28,249.84
10764,3581,266,2,379.02,758.04
10765,3581,298,1,103.05,103.05
10766,3581,251,1,87.96,87.96
10767,3582,312,1,25.20,25.20
10768,3582,54,4,73.34,293.36
10769,3582,142,1,544.13,544.13
10770,3583,63,3,176.42,529.26
10771,3583,117,2,795.33,1590.66
10772,3583,86,2,137.39,274.78
10773,3584,182,2,312.02,624.04
10774,3584,328,2,180.51,361.02
10775,3584,242,4,798.53,3194.12
10776,3585,155,1,80.38,80.38
10777,3585,323,1,43.39,43.39
10778,3585,246,4,42.72,170.88
10779,3586,328,1,180.51,180.51
10780,3586,138,3,75.42,226.26
10781,3586,132,1,152.84,152.84
10782,3587,190,4,4952.78,19811.12
10783,3587,169,1,537.24,537.24
10784,3587,302,4,17.70,70.80
10785,3588,130,2,261.07,522.14
10786,3588,106,2,502.86,1005.72
10787,3588,300,2,39.77,79.54
10788,3589,138,1,75.42,75.42
10789,3589,297,4,83.28,333.12
10790,3589,62,1,56.51,56.51
10791,3590,122,2,130.97,261.94
10792,3590,128,4,1363.48,5453.92
10793,3590,176,3,204.81,614.43
10794,3591,209,2,299.28,598.56
10795,3591,180,4,206.84,827.36
10796,3591,228,3,148.63,445.89
10797,3592,316,1,110.67,110.67
10798,3592,121,1,376.95,376.95
10799,3592,197,2,111.56,223.12
10800,3593,4,1,70.68,70.68
10801,3593,333,4,167.16,668.64
10802,3593,270,4,777.12,3108.48
10803,3594,12,1,423.08,423.08
10804,3594,226,2,106.24,212.48
10805,3594,159,3,176.40,529.20
10806,3595,217,3,324.83,974.49
10807,3595,18,3,4347.52,13042.56
10808,3595,157,3,2380.02,7140.06
10809,3596,14,4,430.90,1723.60
10810,3596,264,4,1374.60,5498.40
10811,3596,130,1,261.07,261.07
10812,3597,180,3,206.84,620.52
10813,3597,304,4,121.41,485.64
10814,3597,136,3,407.27,1221.81
10815,3598,317,3,85.93,257.79
10816,3598,213,4,231.12,924.48
10817,3598,237,4,188.93,755.72
10818,3599,335,1,117.27,117.27
10819,3599,299,4,57.14,228.56
10820,3599,153,4,41.42,165.68
10821,3600,140,3,558.26,1674.78
10822,3600,29,2,74.94,149.88
10823,3600,130,4,261.07,1044.28
10824,3601,188,1,50.01,50.01
10825,3601,57,2,425.93,851.86
10826,3601,151,2,52.78,105.56
10827,3602,202,1,109.28,109.28
10828,3602,213,1,231.12,231.12
10829,3602,163,2,150.26,300.52
10830,3603,171,2,49.52,99.04
10831,3603,226,3,106.24,318.72
10832,3603,12,3,423.08,1269.24
10833,3604,180,1,206.84,206.84
10834,3604,167,3,125.02,375.06
10835,3604,64,4,72.56,290.24
10836,3605,73,4,550.57,2202.28
10837,3605,153,1,41.42,41.42
10838,3605,65,3,114.10,342.30
10839,3606,325,1,108.41,108.41
10840,3606,103,3,88.38,265.14
10841,3606,170,2,845.55,1691.10
10842,3607,310,1,106.27,106.27
10843,3607,307,1,195.28,195.28
10844,3607,292,1,40.52,40.52
10845,3608,32,3,604.32,1812.96
10846,3608,116,2,86.77,173.54
10847,3608,83,2,138.27,276.54
10848,3609,262,2,177.88,355.76
10849,3609,291,1,25.62,25.62
10850,3609,97,4,201.04,804.16
10851,3610,179,4,367.91,1471.64
10852,3610,313,4,49.11,196.44
10853,3610,335,2,117.27,234.54
10854,3611,13,1,44.19,44.19
10855,3611,35,3,166.21,498.63
10856,3611,74,3,306.84,920.52
10857,3612,42,4,288.25,1153.00
10858,3612,124,4,201.32,805.28
10859,3612,36,2,184.31,368.62
10860,3613,271,1,1470.33,1470.33
10861,3613,150,2,223.54,447.08
10862,3613,32,2,604.32,1208.64
10863,3614,25,1,70.53,70.53
10864,3614,40,4,62.79,251.16
10865,3614,17,2,189.07,378.14
10866,3615,119,1,329.12,329.12
10867,3615,162,2,803.06,1606.12
10868,3615,8,4,92.31,369.24
10869,3616,90,4,226.17,904.68
10870,3616,203,2,59.44,118.88
10871,3616,98,4,116.76,467.04
10872,3617,83,3,138.27,414.81
10873,3617,296,4,101.13,404.52
10874,3617,212,1,1815.77,1815.77
10875,3618,88,3,92.09,276.27
10876,3618,326,2,127.79,255.58
10877,3618,197,4,111.56,446.24
10878,3619,246,1,42.72,42.72
10879,3619,192,2,365.72,731.44
10880,3619,241,3,237.51,712.53
10881,3620,315,4,69.11,276.44
10882,3620,7,2,158.64,317.28
10883,3620,307,1,195.28,195.28
10884,3621,132,1,152.84,152.84
10885,3621,173,4,101.46,405.84
10886,3621,129,2,120.28,240.56
10887,3622,102,3,39.38,118.14
10888,3622,82,3,80.11,240.33
10889,3622,271,1,1470.33,1470.33
10890,3623,165,3,257.39,772.17
10891,3623,174,1,93.41,93.41
10892,3623,276,1,1553.72,1553.72
10893,3624,4,3,70.68,212.04
10894,3624,257,2,77.56,155.12
10895,3624,125,2,319.28,638.56
10896,3625,23,4,477.55,1910.20
10897,3625,204,4,362.70,1450.80
10898,3625,333,2,167.16,334.32
10899,3626,43,4,930.93,3723.72
10900,3626,225,3,267.00,801.00
10901,3626,139,2,392.73,785.46
10902,3627,239,2,642.80,1285.60
10903,3627,220,1,38.34,38.34
10904,3627,330,4,120.68,482.72
10905,3628,19,1,79.80,79.80
10906,3628,116,4,86.77,347.08
10907,3628,162,1,803.06,803.06
10908,3629,31,1,79.21,79.21
10909,3629,154,2,174.02,348.04
10910,3629,260,2,95.74,191.48
10911,3630,60,1,301.85,301.85
10912,3630,59,1,1165.61,1165.61
10913,3630,36,1,184.31,184.31
10914,3631,257,4,77.56,310.24
10915,3631,333,4,167.16,668.64
10916,3631,88,2,92.09,184.18
10917,3632,58,3,158.45,475.35
10918,3632,286,1,65.95,65.95
10919,3632,4,1,70.68,70.68
10920,3633,233,1,107.91,107.91
10921,3633,292,2,40.52,81.04
10922,3633,306,2,184.88,369.76
10923,3634,133,4,153.60,614.40
10924,3634,333,3,167.16,501.48
10925,3634,143,2,55.35,110.70
10926,3635,129,4,120.28,481.12
10927,3635,309,3,132.91,398.73
10928,3635,79,3,221.90,665.70
10929,3636,68,3,416.05,1248.15
10930,3636,60,2,301.85,603.70
10931,3636,201,4,83.06,332.24
10932,3637,133,2,153.60,307.20
10933,3637,211,3,391.93,1175.79
10934,3637,44,4,86.79,347.16
10935,3638,54,3,73.34,220.02
10936,3638,11,1,88.33,88.33
10937,3638,72,2,201.58,403.16
10938,3639,300,3,39.77,119.31
10939,3639,136,3,407.27,1221.81
10940,3639,46,2,64.02,128.04
10941,3640,262,1,177.88,177.88
10942,3640,292,3,40.52,121.56
10943,3640,198,4,124.56,498.24
10944,3641,149,1,63.35,63.35
10945,3641,225,1,267.00,267.00
10946,3641,48,3,124.35,373.05
10947,3642,268,2,186.90,373.80
10948,3642,306,3,184.88,554.64
10949,3642,225,3,267.00,801.00
10950,3643,268,1,186.90,186.90
10951,3643,93,3,73.99,221.97
10952,3643,326,4,127.79,511.16
10953,3644,101,1,156.57,156.57
10954,3644,219,2,662.92,1325.84
10955,3644,56,4,408.87,1635.48
10956,3645,262,2,177.88,355.76
10957,3645,28,3,30.65,91.95
10958,3645,275,3,110.46,331.38
10959,3646,239,1,642.80,642.80
10960,3646,241,1,237.51,237.51
10961,3646,18,1,4347.52,4347.52
10962,3647,187,2,53.46,106.92
10963,3647,307,2,195.28,390.56
10964,3647,327,1,91.25,91.25
10965,3648,58,4,158.45,633.80
10966,3648,2,4,54.72,218.88
10967,3648,297,1,83.28,83.28
10968,3649,185,3,118.55,355.65
10969,3649,243,4,471.30,1885.20
10970,3649,296,2,101.13,202.26
10971,3650,27,3,485.13,1455.39
10972,3650,34,4,5015.04,20060.16
10973,3650,120,2,532.02,1064.04
10974,3651,121,2,376.95,753.90
10975,3651,93,1,73.99,73.99
10976,3651,103,2,88.38,176.76
10977,3652,95,4,198.29,793.16
10978,3652,235,2,1867.81,3735.62
10979,3652,122,1,130.97,130.97
10980,3653,211,4,391.93,1567.72
10981,3653,237,2,188.93,377.86
10982,3653,332,3,122.23,366.69
10983,3654,318,4,27.43,109.72
10984,3654,12,2,423.08,846.16
10985,3654,90,4,226.17,904.68
10986,3655,127,1,242.46,242.46
10987,3655,33,4,618.92,2475.68
10988,3655,214,1,522.07,522.07
10989,3656,289,2,37.80,75.60
10990,3656,324,1,183.99,183.99
10991,3656,13,1,44.19,44.19
10992,3657,242,1,798.53,798.53
10993,3657,276,3,1553.72,4661.16
10994,3657,128,2,1363.48,2726.96
10995,3658,27,3,485.13,1455.39
10996,3658,129,1,120.28,120.28
10997,3658,284,2,33.21,66.42
10998,3659,183,3,229.08,687.24
10999,3659,169,1,537.24,537.24
11000,3659,330,1,120.68,120.68
11001,3660,258,3,57.78,173.34
11002,3660,207,2,62.51,125.02
11003,3660,76,4,49.74,198.96
11004,3661,276,2,1553.72,3107.44
11005,3661,29,1,74.94,74.94
11006,3661,5,4,312.42,1249.68
11007,3662,278,4,405.40,1621.60
11008,3662,263,4,82.89,331.56
11009,3662,20,2,49.24,98.48
11010,3663,318,4,27.43,109.72
11011,3663,174,3,93.41,280.23
11012,3663,304,2,121.41,242.82
11013,3664,7,1,158.64,158.64
11014,3664,125,3,319.28,957.84
11015,3664,16,4,82.24,328.96
11016,3665,250,1,725.02,725.02
11017,3665,7,4,158.64,634.56
11018,3665,199,1,122.30,122.30
11019,3666,11,1,88.33,88.33
11020,3666,42,1,288.25,288.25
11021,3666,108,4,368.57,1474.28
11022,3667,205,1,92.31,92.31
11023,3667,238,4,108.52,434.08
11024,3667,167,1,125.02,125.02
11025,3668,249,3,333.60,1000.80
11026,3668,153,4,41.42,165.68
11027,3668,317,2,85.93,171.86
11028,3669,45,2,5111.42,10222.84
11029,3669,290,4,744.49,2977.96
11030,3669,309,4,132.91,531.64
11031,3670,331,3,54.96,164.88
11032,3670,291,4,25.62,102.48
11033,3670,268,2,186.90,373.80
11034,3671,326,3,127.79,383.37
11035,3671,143,2,55.35,110.70
11036,3671,256,2,255.06,510.12
11037,3672,141,1,482.39,482.39
11038,3672,321,2,105.04,210.08
11039,3672,281,3,34.70,104.10
11040,3673,324,2,183.99,367.98
11041,3673,285,3,6751.40,20254.20
11042,3673,107,4,136.14,544.56
11043,3674,243,4,471.30,1885.20
11044,3674,143,2,55.35,110.70
11045,3674,228,2,148.63,297.26
11046,3675,124,1,201.32,201.32
11047,3675,307,1,195.28,195.28
11048,3675,141,4,482.39,1929.56
11049,3676,249,3,333.60,1000.80
11050,3676,272,4,77.63,310.52
11051,3676,288,4,236.80,947.20
11052,3677,241,1,237.51,237.51
11053,3677,194,1,136.81,136.81
11054,3677,29,4,74.94,299.76
11055,3678,120,1,532.02,532.02
11056,3678,260,1,95.74,95.74
11057,3678,176,2,204.81,409.62
11058,3679,88,1,92.09,92.09
11059,3679,229,4,182.92,731.68
11060,3679,186,3,324.89,974.67
11061,3680,327,4,91.25,365.00
11062,3680,281,2,34.70,69.40
11063,3680,183,4,229.08,916.32
11064,3681,198,2,124.56,249.12
11065,3681,241,1,237.51,237.51
11066,3681,65,3,114.10,342.30
11067,3682,254,2,196.52,393.04
11068,3682,31,4,79.21,316.84
11069,3682,239,3,642.80,1928.40
11070,3683,309,4,132.91,531.64
11071,3683,176,2,204.81,409.62
11072,3683,145,3,369.80,1109.40
11073,3684,112,3,97.46,292.38
11074,3684,128,2,1363.48,2726.96
11075,3684,298,2,103.05,206.10
11076,3685,30,4,165.44,661.76
11077,3685,164,4,259.43,1037.72
11078,3685,90,4,226.17,904.68
11079,3686,121,1,376.95,376.95
11080,3686,56,1,408.87,408.87
11081,3686,53,2,26.41,52.82
11082,3687,6,1,536.76,536.76
11083,3687,63,2,176.42,352.84
11084,3687,44,2,86.79,173.58
11085,3688,331,4,54.96,219.84
11086,3688,282,3,314.44,943.32
11087,3688,154,2,174.02,348.04
11088,3689,168,1,84.08,84.08
11089,3689,25,2,70.53,141.06
11090,3689,166,4,122.59,490.36
11091,3690,159,1,176.40,176.40
11092,3690,183,4,229.08,916.32
11093,3690,322,4,161.49,645.96
11094,3691,10,3,42.91,128.73
11095,3691,238,2,108.52,217.04
11096,3691,245,4,75.04,300.16
11097,3692,216,4,27.57,110.28
11098,3692,331,2,54.96,109.92
11099,3692,116,1,86.77,86.77
11100,3693,30,1,165.44,165.44
11101,3693,29,4,74.94,299.76
11102,3693,206,3,125.45,376.35
11103,3694,112,3,97.46,292.38
11104,3694,125,1,319.28,319.28
11105,3694,116,1,86.77,86.77
11106,3695,159,3,176.40,529.20
11107,3695,331,3,54.96,164.88
11108,3695,144,2,1176.11,2352.22
11109,3696,270,1,777.12,777.12
11110,3696,81,2,24.00,48.00
11111,3696,10,3,42.91,128.73
11112,3697,66,4,41.56,166.24
11113,3697,97,2,201.04,402.08
11114,3697,34,2,5015.04,10030.08
11115,3698,195,3,46.99,140.97
11116,3698,1,1,41.61,41.61
11117,3698,15,2,602.60,1205.20
11118,3699,159,1,176.40,176.40
11119,3699,202,4,109.28,437.12
11120,3699,87,3,116.31,348.93
11121,3700,231,3,170.32,510.96
11122,3700,278,3,405.40,1216.20
11123,3700,194,4,136.81,547.24
11124,3701,171,1,49.52,49.52
11125,3701,174,2,93.41,186.82
11126,3701,285,1,6751.40,6751.40
11127,3702,201,3,83.06,249.18
11128,3702,180,1,206.84,206.84
11129,3702,295,3,207.06,621.18
11130,3703,104,1,2507.07,2507.07
11131,3703,198,3,124.56,373.68
11132,3703,17,4,189.07,756.28
11133,3704,173,3,101.46,304.38
11134,3704,71,1,81.12,81.12
11135,3704,69,2,206.85,413.70
11136,3705,20,4,49.24,196.96
11137,3705,93,2,73.99,147.98
11138,3705,28,3,30.65,91.95
11139,3706,334,3,173.02,519.06
11140,3706,65,2,114.10,228.20
11141,3706,66,4,41.56,166.24
11142,3707,310,2,106.27,212.54
11143,3707,203,1,59.44,59.44
11144,3707,80,4,180.81,723.24
11145,3708,183,2,229.08,458.16
11146,3708,204,4,362.70,1450.80
11147,3708,190,2,4952.78,9905.56
11148,3709,313,3,49.11,147.33
11149,3709,206,2,125.45,250.90
11150,3709,124,1,201.32,201.32
11151,3710,202,1,109.28,109.28
11152,3710,28,1,30.65,30.65
11153,3710,253,3,32.75,98.25
11154,3711,238,3,108.52,325.56
11155,3711,40,3,62.79,188.37
11156,3711,268,3,186.90,560.70
11157,3712,330,1,120.68,120.68
11158,3712,158,1,210.26,210.26
11159,3712,309,2,132.91,265.82
11160,3713,322,4,161.49,645.96
11161,3713,266,2,379.02,758.04
11162,3713,19,3,79.80,239.40
11163,3714,95,1,198.29,198.29
11164,3714,203,3,59.44,178.32
11165,3714,212,3,1815.77,5447.31
11166,3715,314,1,28.97,28.97
11167,3715,159,1,176.40,176.40
11168,3715,202,4,109.28,437.12
11169,3716,256,4,255.06,1020.24
11170,3716,267,2,276.85,553.70
11171,3716,271,1,1470.33,1470.33
11172,3717,117,3,795.33,2385.99
11173,3717,37,2,5435.24,10870.48
11174,3717,185,2,118.55,237.10
11175,3718,222,3,106.41,319.23
11176,3718,237,2,188.93,377.86
11177,3718,12,2,423.08,846.16
11178,3719,61,1,175.93,175.93
11179,3719,191,2,217.48,434.96
11180,3719,22,1,709.66,709.66
11181,3720,115,3,559.60,1678.80
11182,3720,121,3,376.95,1130.85
11183,3720,201,1,83.06,83.06
11184,3721,39,4,265.80,1063.20
11185,3721,179,2,367.91,735.82
11186,3721,20,4,49.24,196.96
11187,3722,247,1,127.32,127.32
11188,3722,232,4,117.39,469.56
11189,3722,189,2,87.00,174.00
11190,3723,299,2,57.14,114.28
11191,3723,15,3,602.60,1807.80
11192,3723,306,3,184.88,554.64
11193,3724,327,2,91.25,182.50
11194,3724,43,1,930.93,930.93
11195,3724,200,3,51.39,154.17
11196,3725,87,3,116.31,348.93
11197,3725,291,2,25.62,51.24
11198,3725,170,1,845.55,845.55
11199,3726,225,3,267.00,801.00
11200,3726,94,3,61.84,185.52
11201,3726,297,2,83.28,166.56
11202,3727,254,1,196.52,196.52
11203,3727,43,3,930.93,2792.79
11204,3727,280,1,154.65,154.65
11205,3728,52,3,36.58,109.74
11206,3728,59,4,1165.61,4662.44
11207,3728,281,2,34.70,69.40
11208,3729,114,1,59.81,59.81
11209,3729,319,2,129.86,259.72
11210,3729,100,4,912.50,3650.00
11211,3730,125,3,319.28,957.84
11212,3730,218,2,49.88,99.76
11213,3730,196,2,68.93,137.86
11214,3731,66,4,41.56,166.24
11215,3731,31,3,79.21,237.63
11216,3731,51,1,223.70,223.70
11217,3732,65,2,114.10,228.20
11218,3732,327,4,91.25,365.00
11219,3732,286,3,65.95,197.85
11220,3733,198,4,124.56,498.24
11221,3733,85,4,279.78,1119.12
11222,3733,181,2,181.57,363.14
11223,3734,153,1,41.42,41.42
11224,3734,331,1,54.96,54.96
11225,3734,28,1,30.65,30.65
11226,3735,128,3,1363.48,4090.44
11227,3735,45,2,5111.42,10222.84
11228,3735,74,1,306.84,306.84
11229,3736,327,4,91.25,365.00
11230,3736,134,4,261.22,1044.88
11231,3736,146,2,364.03,728.06
11232,3737,31,2,79.21,158.42
11233,3737,27,4,485.13,1940.52
11234,3737,70,3,79.39,238.17
11235,3738,59,2,1165.61,2331.22
11236,3738,157,1,2380.02,2380.02
11237,3738,4,3,70.68,212.04
11238,3739,253,3,32.75,98.25
11239,3739,16,1,82.24,82.24
11240,3739,52,2,36.58,73.16
11241,3740,116,4,86.77,347.08
11242,3740,65,3,114.10,342.30
11243,3740,81,4,24.00,96.00
11244,3741,167,2,125.02,250.04
11245,3741,164,3,259.43,778.29
11246,3741,102,2,39.38,78.76
11247,3742,26,4,979.66,3918.64
11248,3742,218,3,49.88,149.64
11249,3742,106,4,502.86,2011.44
11250,3743,200,4,51.39,205.56
11251,3743,104,3,2507.07,7521.21
11252,3743,219,2,662.92,1325.84
11253,3744,176,4,204.81,819.24
11254,3744,46,1,64.02,64.02
11255,3744,237,3,188.93,566.79
11256,3745,43,4,930.93,3723.72
11257,3745,158,4,210.26,841.04
11258,3745,21,2,37.53,75.06
11259,3746,214,3,522.07,1566.21
11260,3746,53,4,26.41,105.64
11261,3746,258,4,57.78,231.12
11262,3747,5,3,312.42,937.26
11263,3747,297,4,83.28,333.12
11264,3747,244,4,70.80,283.20
11265,3748,298,4,103.05,412.20
11266,3748,36,3,184.31,552.93
11267,3748,228,4,148.63,594.52
11268,3749,218,2,49.88,99.76
11269,3749,333,1,167.16,167.16
11270,3749,325,4,108.41,433.64
11271,3750,232,4,117.39,469.56
11272,3750,309,4,132.91,531.64
11273,3750,22,4,709.66,2838.64
11274,3751,51,2,223.70,447.40
11275,3751,252,3,576.27,1728.81
11276,3751,162,1,803.06,803.06
11277,3752,99,2,4229.74,8459.48
11278,3752,187,4,53.46,213.84
11279,3752,95,1,198.29,198.29
11280,3753,318,4,27.43,109.72
11281,3753,162,2,803.06,1606.12
11282,3753,31,1,79.21,79.21
11283,3754,148,1,640.43,640.43
11284,3754,203,1,59.44,59.44
11285,3754,192,2,365.72,731.44
11286,3755,326,3,127.79,383.37
11287,3755,322,1,161.49,161.49
11288,3755,269,3,107.58,322.74
11289,3756,135,4,176.88,707.52
11290,3756,308,3,143.10,429.30
11291,3756,49,2,109.83,219.66
11292,3757,135,2,176.88,353.76
11293,3757,18,3,4347.52,13042.56
11294,3757,223,2,467.04,934.08
11295,3758,60,1,301.85,301.85
11296,3758,299,3,57.14,171.42
11297,3758,135,4,176.88,707.52
11298,3759,65,4,114.10,456.40
11299,3759,121,1,376.95,376.95
11300,3759,168,4,84.08,336.32
11301,3760,15,3,602.60,1807.80
11302,3760,49,2,109.83,219.66
11303,3760,11,4,88.33,353.32
11304,3761,54,4,73.34,293.36
11305,3761,206,2,125.45,250.90
11306,3761,306,2,184.88,369.76
11307,3762,103,2,88.38,176.76
11308,3762,270,4,777.12,3108.48
11309,3762,198,3,124.56,373.68
11310,3763,202,4,109.28,437.12
11311,3763,158,3,210.26,630.78
11312,3763,1,2,41.61,83.22
11313,3764,287,1,553.36,553.36
11314,3764,89,2,185.24,370.48
11315,3764,307,4,195.28,781.12
11316,3765,75,2,63.53,127.06
11317,3765,117,3,795.33,2385.99
11318,3765,328,1,180.51,180.51
11319,3766,51,1,223.70,223.70
11320,3766,158,3,210.26,630.78
11321,3766,272,4,77.63,310.52
11322,3767,320,3,125.31,375.93
11323,3767,72,2,201.58,403.16
11324,3767,127,2,242.46,484.92
11325,3768,163,2,150.26,300.52
11326,3768,221,1,484.99,484.99
11327,3768,165,1,257.39,257.39
11328,3769,240,2,26.71,53.42
11329,3769,26,3,979.66,2938.98
11330,3769,321,1,105.04,105.04
11331,3770,120,4,532.02,2128.08
11332,3770,97,1,201.04,201.04
11333,3770,227,3,154.78,464.34
11334,3771,145,1,369.80,369.80
11335,3771,307,1,195.28,195.28
11336,3771,204,2,362.70,725.40
11337,3772,20,2,49.24,98.48
11338,3772,196,3,68.93,206.79
11339,3772,38,3,2984.65,8953.95
11340,3773,108,2,368.57,737.14
11341,3773,326,3,127.79,383.37
11342,3773,208,4,5119.77,20479.08
11343,3774,205,3,92.31,276.93
11344,3774,324,2,183.99,367.98
11345,3774,168,4,84.08,336.32
11346,3775,218,1,49.88,49.88
11347,3775,51,2,223.70,447.40
11348,3775,292,2,40.52,81.04
11349,3776,327,1,91.25,91.25
11350,3776,248,1,4473.97,4473.97
11351,3776,112,1,97.46,97.46
11352,3777,145,2,369.80,739.60
11353,3777,313,1,49.11,49.11
11354,3777,212,2,1815.77,3631.54
11355,3778,101,2,156.57,313.14
11356,3778,325,3,108.41,325.23
11357,3778,116,2,86.77,173.54
11358,3779,265,1,192.94,192.94
11359,3779,8,1,92.31,92.31
11360,3779,262,4,177.88,711.52
11361,3780,260,4,95.74,382.96
11362,3780,245,2,75.04,150.08
11363,3780,62,4,56.51,226.04
11364,3781,14,2,430.90,861.80
11365,3781,208,3,5119.77,15359.31
11366,3781,106,3,502.86,1508.58
11367,3782,169,2,537.24,1074.48
11368,3782,163,4,150.26,601.04
11369,3782,266,3,379.02,1137.06
11370,3783,118,3,123.08,369.24
11371,3783,80,4,180.81,723.24
11372,3783,320,3,125.31,375.93
11373,3784,247,4,127.32,509.28
11374,3784,334,4,173.02,692.08
11375,3784,201,3,83.06,249.18
11376,3785,35,1,166.21,166.21
11377,3785,323,3,43.39,130.17
11378,3785,180,1,206.84,206.84
11379,3786,173,2,101.46,202.92
11380,3786,147,1,143.83,143.83
11381,3786,253,1,32.75,32.75
11382,3787,200,2,51.39,102.78
11383,3787,285,4,6751.40,27005.60
11384,3787,216,2,27.57,55.14
11385,3788,204,2,362.70,725.40
11386,3788,326,1,127.79,127.79
11387,3788,58,3,158.45,475.35
11388,3789,295,4,207.06,828.24
11389,3789,193,3,9668.18,29004.54
11390,3789,167,2,125.02,250.04
11391,3790,333,4,167.16,668.64
11392,3790,84,3,214.78,644.34
11393,3790,284,3,33.21,99.63
11394,3791,267,1,276.85,276.85
11395,3791,295,2,207.06,414.12
11396,3791,204,4,362.70,1450.80
11397,3792,133,3,153.60,460.80
11398,3792,142,1,544.13,544.13
11399,3792,157,1,2380.02,2380.02
11400,3793,15,3,602.60,1807.80
11401,3793,261,1,61.79,61.79
11402,3793,331,3,54.96,164.88
11403,3794,75,3,63.53,190.59
11404,3794,45,1,5111.42,5111.42
11405,3794,164,2,259.43,518.86
11406,3795,109,4,21.64,86.56
11407,3795,234,2,157.34,314.68
11408,3795,76,1,49.74,49.74
11409,3796,62,1,56.51,56.51
11410,3796,82,4,80.11,320.44
11411,3796,148,2,640.43,1280.86
11412,3797,256,3,255.06,765.18
11413,3797,64,2,72.56,145.12
11414,3797,147,4,143.83,575.32
11415,3798,190,1,4952.78,4952.78
11416,3798,14,4,430.90,1723.60
11417,3798,212,4,1815.77,7263.08
11418,3799,78,3,252.79,758.37
11419,3799,132,3,152.84,458.52
11420,3799,246,3,42.72,128.16
11421,3800,7,4,158.64,634.56
11422,3800,280,1,154.65,154.65
11423,3800,79,2,221.90,443.80
11424,3801,63,2,176.42,352.84
11425,3801,81,3,24.00,72.00
11426,3801,275,2,110.46,220.92
11427,3802,56,3,408.87,1226.61
11428,3802,168,4,84.08,336.32
11429,3802,216,4,27.57,110.28
11430,3803,123,1,340.07,340.07
11431,3803,7,3,158.64,475.92
11432,3803,157,1,2380.02,2380.02
11433,3804,306,1,184.88,184.88
11434,3804,287,3,553.36,1660.08
11435,3804,203,4,59.44,237.76
11436,3805,185,2,118.55,237.10
11437,3805,205,2,92.31,184.62
11438,3805,213,1,231.12,231.12
11439,3806,145,3,369.80,1109.40
11440,3806,91,3,103.05,309.15
11441,3806,238,2,108.52,217.04
11442,3807,141,3,482.39,1447.17
11443,3807,147,4,143.83,575.32
11444,3807,270,2,777.12,1554.24
11445,3808,262,1,177.88,177.88
11446,3808,18,2,4347.52,8695.04
11447,3808,13,1,44.19,44.19
11448,3809,57,2,425.93,851.86
11449,3809,209,2,299.28,598.56
11450,3809,4,3,70.68,212.04
11451,3810,285,4,6751.40,27005.60
11452,3810,219,4,662.92,2651.68
11453,3810,109,1,21.64,21.64
11454,3811,212,2,1815.77,3631.54
11455,3811,97,4,201.04,804.16
11456,3811,148,4,640.43,2561.72
11457,3812,180,2,206.84,413.68
11458,3812,67,2,663.51,1327.02
11459,3812,138,1,75.42,75.42
11460,3813,234,3,157.34,472.02
11461,3813,241,3,237.51,712.53
11462,3813,44,2,86.79,173.58
11463,3814,250,3,725.02,2175.06
11464,3814,333,2,167.16,334.32
11465,3814,148,3,640.43,1921.29
11466,3815,53,2,26.41,52.82
11467,3815,221,4,484.99,1939.96
11468,3815,142,3,544.13,1632.39
11469,3816,6,3,536.76,1610.28
11470,3816,7,3,158.64,475.92
11471,3816,219,1,662.92,662.92
11472,3817,16,2,82.24,164.48
11473,3817,165,4,257.39,1029.56
11474,3817,127,4,242.46,969.84
11475,3818,121,1,376.95,376.95
11476,3818,157,1,2380.02,2380.02
11477,3818,32,1,604.32,604.32
11478,3819,325,1,108.41,108.41
11479,3819,196,3,68.93,206.79
11480,3819,321,1,105.04,105.04
11481,3820,232,4,117.39,469.56
11482,3820,92,2,243.24,486.48
11483,3820,243,1,471.30,471.30
11484,3821,247,4,127.32,509.28
11485,3821,313,2,49.11,98.22
11486,3821,140,4,558.26,2233.04
11487,3822,4,2,70.68,141.36
11488,3822,142,4,544.13,2176.52
11489,3822,228,3,148.63,445.89
11490,3823,65,3,114.10,342.30
11491,3823,281,2,34.70,69.40
11492,3823,82,4,80.11,320.44
11493,3824,301,1,136.93,136.93
11494,3824,243,3,471.30,1413.90
11495,3824,271,1,1470.33,1470.33
11496,3825,9,1,1355.55,1355.55
11497,3825,181,2,181.57,363.14
11498,3825,234,1,157.34,157.34
11499,3826,38,4,2984.65,11938.60
11500,3826,314,2,28.97,57.94
11501,3826,296,1,101.13,101.13
11502,3827,75,3,63.53,190.59
11503,3827,70,2,79.39,158.78
11504,3827,317,2,85.93,171.86
11505,3828,76,2,49.74,99.48
11506,3828,18,3,4347.52,13042.56
11507,3828,6,4,536.76,2147.04
11508,3829,155,4,80.38,321.52
11509,3829,316,3,110.67,332.01
11510,3829,242,2,798.53,1597.06
11511,3830,195,2,46.99,93.98
11512,3830,104,2,2507.07,5014.14
11513,3830,252,3,576.27,1728.81
11514,3831,251,1,87.96,87.96
11515,3831,209,1,299.28,299.28
11516,3831,325,1,108.41,108.41
11517,3832,269,4,107.58,430.32
11518,3832,229,4,182.92,731.68
11519,3832,303,2,199.54,399.08
11520,3833,164,4,259.43,1037.72
11521,3833,51,4,223.70,894.80
11522,3833,334,2,173.02,346.04
11523,3834,196,4,68.93,275.72
11524,3834,52,1,36.58,36.58
11525,3834,331,3,54.96,164.88
11526,3835,95,3,198.29,594.87
11527,3835,146,3,364.03,1092.09
11528,3835,192,1,365.72,365.72
11529,3836,289,3,37.80,113.40
11530,3836,92,1,243.24,243.24
11531,3836,257,3,77.56,232.68
11532,3837,182,4,312.02,1248.08
11533,3837,317,2,85.93,171.86
11534,3837,123,3,340.07,1020.21
11535,3838,316,1,110.67,110.67
11536,3838,281,4,34.70,138.80
11537,3838,308,1,143.10,143.10
11538,3839,216,3,27.57,82.71
11539,3839,141,4,482.39,1929.56
11540,3839,38,3,2984.65,8953.95
11541,3840,105,4,63.28,253.12
11542,3840,227,1,154.78,154.78
11543,3840,4,3,70.68,212.04
11544,3841,264,4,1374.60,5498.40
11545,3841,301,2,136.93,273.86
11546,3841,147,3,143.83,431.49
11547,3842,33,1,618.92,618.92
11548,3842,264,4,1374.60,5498.40
11549,3842,328,1,180.51,180.51
11550,3843,182,4,312.02,1248.08
11551,3843,302,2,17.70,35.40
11552,3843,145,3,369.80,1109.40
11553,3844,65,4,114.10,456.40
11554,3844,170,2,845.55,1691.10
11555,3844,233,2,107.91,215.82
11556,3845,231,4,170.32,681.28
11557,3845,143,3,55.35,166.05
11558,3845,164,2,259.43,518.86
11559,3846,335,2,117.27,234.54
11560,3846,205,2,92.31,184.62
11561,3846,288,1,236.80,236.80
11562,3847,263,4,82.89,331.56
11563,3847,295,2,207.06,414.12
11564,3847,282,4,314.44,1257.76
11565,3848,71,4,81.12,324.48
11566,3848,50,1,293.39,293.39
11567,3848,327,4,91.25,365.00
11568,3849,73,1,550.57,550.57
11569,3849,104,4,2507.07,10028.28
11570,3849,184,4,103.83,415.32
11571,3850,175,2,239.58,479.16
11572,3850,57,1,425.93,425.93
11573,3850,334,3,173.02,519.06
11574,3851,81,3,24.00,72.00
11575,3851,82,1,80.11,80.11
11576,3851,15,3,602.60,1807.80
11577,3852,61,1,175.93,175.93
11578,3852,265,3,192.94,578.82
11579,3852,307,1,195.28,195.28
11580,3853,280,4,154.65,618.60
11581,3853,274,1,72.47,72.47
11582,3853,333,4,167.16,668.64
11583,3854,254,4,196.52,786.08
11584,3854,104,1,2507.07,2507.07
11585,3854,258,1,57.78,57.78
11586,3855,281,1,34.70,34.70
11587,3855,119,4,329.12,1316.48
11588,3855,259,2,37.26,74.52
11589,3856,2,2,54.72,109.44
11590,3856,217,4,324.83,1299.32
11591,3856,102,2,39.38,78.76
11592,3857,139,2,392.73,785.46
11593,3857,67,4,663.51,2654.04
11594,3857,36,3,184.31,552.93
11595,3858,327,2,91.25,182.50
11596,3858,91,1,103.05,103.05
11597,3858,312,1,25.20,25.20
11598,3859,311,1,32.45,32.45
11599,3859,258,2,57.78,115.56
11600,3859,222,4,106.41,425.64
11601,3860,335,4,117.27,469.08
11602,3860,320,4,125.31,501.24
11603,3860,248,4,4473.97,17895.88
11604,3861,97,2,201.04,402.08
11605,3861,307,2,195.28,390.56
11606,3861,323,2,43.39,86.78
11607,3862,195,1,46.99,46.99
11608,3862,3,1,108.77,108.77
11609,3862,141,1,482.39,482.39
11610,3863,9,3,1355.55,4066.65
11611,3863,322,4,161.49,645.96
11612,3863,67,3,663.51,1990.53
11613,3864,253,4,32.75,131.00
11614,3864,237,4,188.93,755.72
11615,3864,99,3,4229.74,12689.22
11616,3865,219,4,662.92,2651.68
11617,3865,199,1,122.30,122.30
11618,3865,171,1,49.52,49.52
11619,3866,228,3,148.63,445.89
11620,3866,192,4,365.72,1462.88
11621,3866,299,4,57.14,228.56
11622,3867,21,2,37.53,75.06
11623,3867,314,4,28.97,115.88
11624,3867,194,1,136.81,136.81
11625,3868,84,4,214.78,859.12
11626,3868,218,2,49.88,99.76
11627,3868,106,4,502.86,2011.44
11628,3869,178,1,110.15,110.15
11629,3869,300,2,39.77,79.54
11630,3869,217,4,324.83,1299.32
11631,3870,277,3,198.38,595.14
11632,3870,66,1,41.56,41.56
11633,3870,180,1,206.84,206.84
11634,3871,115,1,559.60,559.60
11635,3871,35,1,166.21,166.21
11636,3871,2,2,54.72,109.44
11637,3872,11,3,88.33,264.99
11638,3872,66,2,41.56,83.12
11639,3872,321,3,105.04,315.12
11640,3873,176,1,204.81,204.81
11641,3873,56,4,408.87,1635.48
11642,3873,186,2,324.89,649.78
11643,3874,165,3,257.39,772.17
11644,3874,127,4,242.46,969.84
11645,3874,109,4,21.64,86.56
11646,3875,78,3,252.79,758.37
11647,3875,257,2,77.56,155.12
11648,3875,184,4,103.83,415.32
11649,3876,82,2,80.11,160.22
11650,3876,301,1,136.93,136.93
11651,3876,135,3,176.88,530.64
11652,3877,132,3,152.84,458.52
11653,3877,98,4,116.76,467.04
11654,3877,137,2,197.81,395.62
11655,3878,21,4,37.53,150.12
11656,3878,128,2,1363.48,2726.96
11657,3878,195,2,46.99,93.98
11658,3879,69,2,206.85,413.70
11659,3879,88,2,92.09,184.18
11660,3879,52,4,36.58,146.32
11661,3880,133,1,153.60,153.60
11662,3880,255,1,71.89,71.89
11663,3880,233,2,107.91,215.82
11664,3881,66,3,41.56,124.68
11665,3881,80,1,180.81,180.81
11666,3881,84,2,214.78,429.56
11667,3882,260,2,95.74,191.48
11668,3882,60,2,301.85,603.70
11669,3882,39,3,265.80,797.40
11670,3883,16,1,82.24,82.24
11671,3883,12,1,423.08,423.08
11672,3883,166,3,122.59,367.77
11673,3884,287,3,553.36,1660.08
11674,3884,156,1,138.39,138.39
11675,3884,135,1,176.88,176.88
11676,3885,159,4,176.40,705.60
11677,3885,190,3,4952.78,14858.34
11678,3885,166,3,122.59,367.77
11679,3886,201,4,83.06,332.24
11680,3886,239,4,642.80,2571.20
11681,3886,266,2,379.02,758.04
11682,3887,300,1,39.77,39.77
11683,3887,333,1,167.16,167.16
11684,3887,49,1,109.83,109.83
11685,3888,271,2,1470.33,2940.66
11686,3888,284,3,33.21,99.63
11687,3888,10,1,42.91,42.91
11688,3889,15,1,602.60,602.60
11689,3889,297,4,83.28,333.12
11690,3889,134,2,261.22,522.44
11691,3890,138,4,75.42,301.68
11692,3890,196,2,68.93,137.86
11693,3890,230,2,64.40,128.80
11694,3891,320,4,125.31,501.24
11695,3891,17,3,189.07,567.21
11696,3891,173,4,101.46,405.84
11697,3892,225,1,267.00,267.00
11698,3892,158,1,210.26,210.26
11699,3892,13,4,44.19,176.76
11700,3893,243,3,471.30,1413.90
11701,3893,41,1,82.03,82.03
11702,3893,137,4,197.81,791.24
11703,3894,209,1,299.28,299.28
11704,3894,311,3,32.45,97.35
11705,3894,150,1,223.54,223.54
11706,3895,207,2,62.51,125.02
11707,3895,261,3,61.79,185.37
11708,3895,278,3,405.40,1216.20
11709,3896,274,3,72.47,217.41
11710,3896,132,4,152.84,611.36
11711,3896,5,3,312.42,937.26
11712,3897,228,1,148.63,148.63
11713,3897,71,3,81.12,243.36
11714,3897,164,1,259.43,259.43
11715,3898,301,4,136.93,547.72
11716,3898,298,3,103.05,309.15
11717,3898,13,1,44.19,44.19
11718,3899,331,1,54.96,54.96
11719,3899,292,4,40.52,162.08
11720,3899,284,3,33.21,99.63
11721,3900,35,3,166.21,498.63
11722,3900,34,2,5015.04,10030.08
11723,3900,101,1,156.57,156.57
11724,3901,266,1,379.02,379.02
11725,3901,303,1,199.54,199.54
11726,3901,278,2,405.40,810.80
11727,3902,298,4,103.05,412.20
11728,3902,124,2,201.32,402.64
11729,3902,242,4,798.53,3194.12
11730,3903,218,2,49.88,99.76
11731,3903,302,3,17.70,53.10
11732,3903,45,2,5111.42,10222.84
11733,3904,36,1,184.31,184.31
11734,3904,54,2,73.34,146.68
11735,3904,126,1,105.42,105.42
11736,3905,209,4,299.28,1197.12
11737,3905,219,1,662.92,662.92
11738,3905,218,2,49.88,99.76
11739,3906,111,2,215.02,430.04
11740,3906,121,2,376.95,753.90
11741,3906,56,2,408.87,817.74
11742,3907,130,1,261.07,261.07
11743,3907,28,3,30.65,91.95
11744,3907,7,3,158.64,475.92
11745,3908,46,1,64.02,64.02
11746,3908,213,2,231.12,462.24
11747,3908,299,1,57.14,57.14
11748,3909,54,2,73.34,146.68
11749,3909,10,4,42.91,171.64
11750,3909,231,4,170.32,681.28
11751,3910,145,4,369.80,1479.20
11752,3910,152,3,133.94,401.82
11753,3910,107,3,136.14,408.42
11754,3911,190,1,4952.78,4952.78
11755,3911,157,4,2380.02,9520.08
11756,3911,293,1,9518.10,9518.10
11757,3912,288,1,236.80,236.80
11758,3912,88,3,92.09,276.27
11759,3912,330,1,120.68,120.68
11760,3913,64,4,72.56,290.24
11761,3913,205,1,92.31,92.31
11762,3913,228,1,148.63,148.63
11763,3914,120,3,532.02,1596.06
11764,3914,247,3,127.32,381.96
11765,3914,245,3,75.04,225.12
11766,3915,38,4,2984.65,11938.60
11767,3915,136,4,407.27,1629.08
11768,3915,80,2,180.81,361.62
11769,3916,49,1,109.83,109.83
11770,3916,315,2,69.11,138.22
11771,3916,176,2,204.81,409.62
11772,3917,143,1,55.35,55.35
11773,3917,260,4,95.74,382.96
11774,3917,195,2,46.99,93.98
11775,3918,14,3,430.90,1292.70
11776,3918,230,2,64.40,128.80
11777,3918,101,4,156.57,626.28
11778,3919,300,1,39.77,39.77
11779,3919,92,1,243.24,243.24
11780,3919,107,3,136.14,408.42
11781,3920,326,1,127.79,127.79
11782,3920,138,1,75.42,75.42
11783,3920,70,2,79.39,158.78
11784,3921,173,2,101.46,202.92
11785,3921,148,1,640.43,640.43
11786,3921,89,3,185.24,555.72
11787,3922,116,4,86.77,347.08
11788,3922,20,3,49.24,147.72
11789,3922,217,1,324.83,324.83
11790,3923,124,1,201.32,201.32
11791,3923,322,4,161.49,645.96
11792,3923,271,4,1470.33,5881.32
11793,3924,261,1,61.79,61.79
11794,3924,50,4,293.39,1173.56
11795,3924,82,2,80.11,160.22
11796,3925,136,4,407.27,1629.08
11797,3925,244,1,70.80,70.80
11798,3925,195,3,46.99,140.97
11799,3926,268,4,186.90,747.60
11800,3926,61,4,175.93,703.72
11801,3926,44,4,86.79,347.16
11802,3927,228,4,148.63,594.52
11803,3927,44,3,86.79,260.37
11804,3927,264,1,1374.60,1374.60
11805,3928,110,2,81.80,163.60
11806,3928,84,1,214.78,214.78
11807,3928,330,3,120.68,362.04
11808,3929,248,1,4473.97,4473.97
11809,3929,290,3,744.49,2233.47
11810,3929,302,4,17.70,70.80
11811,3930,211,1,391.93,391.93
11812,3930,201,3,83.06,249.18
11813,3930,176,2,204.81,409.62
11814,3931,96,2,171.36,342.72
11815,3931,12,3,423.08,1269.24
11816,3931,84,1,214.78,214.78
11817,3932,325,4,108.41,433.64
11818,3932,14,2,430.90,861.80
11819,3932,209,3,299.28,897.84
11820,3933,74,4,306.84,1227.36
11821,3933,21,3,37.53,112.59
11822,3933,124,2,201.32,402.64
11823,3934,290,4,744.49,2977.96
11824,3934,60,3,301.85,905.55
11825,3934,22,1,709.66,709.66
11826,3935,246,2,42.72,85.44
11827,3935,82,2,80.11,160.22
11828,3935,313,3,49.11,147.33
11829,3936,129,3,120.28,360.84
11830,3936,273,1,173.28,173.28
11831,3936,226,3,106.24,318.72
11832,3937,46,3,64.02,192.06
11833,3937,180,2,206.84,413.68
11834,3937,116,1,86.77,86.77
11835,3938,307,3,195.28,585.84
11836,3938,236,4,54.07,216.28
11837,3938,151,1,52.78,52.78
11838,3939,206,2,125.45,250.90
11839,3939,69,2,206.85,413.70
11840,3939,34,4,5015.04,20060.16
11841,3940,92,3,243.24,729.72
11842,3940,143,1,55.35,55.35
11843,3940,297,2,83.28,166.56
11844,3941,24,3,136.38,409.14
11845,3941,39,3,265.80,797.40
11846,3941,273,4,173.28,693.12
11847,3942,63,3,176.42,529.26
11848,3942,11,3,88.33,264.99
11849,3942,53,1,26.41,26.41
11850,3943,19,3,79.80,239.40
11851,3943,216,4,27.57,110.28
11852,3943,311,2,32.45,64.90
11853,3944,1,3,41.61,124.83
11854,3944,113,4,545.60,2182.40
11855,3944,47,2,100.93,201.86
11856,3945,211,3,391.93,1175.79
11857,3945,114,2,59.81,119.62
11858,3945,22,1,709.66,709.66
11859,3946,75,1,63.53,63.53
11860,3946,96,2,171.36,342.72
11861,3946,50,2,293.39,586.78
11862,3947,112,3,97.46,292.38
11863,3947,102,1,39.38,39.38
11864,3947,3,1,108.77,108.77
11865,3948,173,4,101.46,405.84
11866,3948,11,2,88.33,176.66
11867,3948,2,2,54.72,109.44
11868,3949,136,4,407.27,1629.08
11869,3949,10,3,42.91,128.73
11870,3949,243,1,471.30,471.30
11871,3950,107,4,136.14,544.56
11872,3950,13,4,44.19,176.76
11873,3950,108,4,368.57,1474.28
11874,3951,8,4,92.31,369.24
11875,3951,25,1,70.53,70.53
11876,3951,156,2,138.39,276.78
11877,3952,151,4,52.78,211.12
11878,3952,79,4,221.90,887.60
11879,3952,124,2,201.32,402.64
11880,3953,281,1,34.70,34.70
11881,3953,297,1,83.28,83.28
11882,3953,295,4,207.06,828.24
11883,3954,149,4,63.35,253.40
11884,3954,82,4,80.11,320.44
11885,3954,272,2,77.63,155.26
11886,3955,211,2,391.93,783.86
11887,3955,122,1,130.97,130.97
11888,3955,209,4,299.28,1197.12
11889,3956,198,3,124.56,373.68
11890,3956,146,3,364.03,1092.09
11891,3956,77,4,90.53,362.12
11892,3957,43,3,930.93,2792.79
11893,3957,241,1,237.51,237.51
11894,3957,275,4,110.46,441.84
11895,3958,51,1,223.70,223.70
11896,3958,320,1,125.31,125.31
11897,3958,156,4,138.39,553.56
11898,3959,119,2,329.12,658.24
11899,3959,231,1,170.32,170.32
11900,3959,194,3,136.81,410.43
11901,3960,206,3,125.45,376.35
11902,3960,301,1,136.93,136.93
11903,3960,302,4,17.70,70.80
11904,3961,87,1,116.31,116.31
11905,3961,244,2,70.80,141.60
11906,3961,115,3,559.60,1678.80
11907,3962,310,3,106.27,318.81
11908,3962,12,2,423.08,846.16
11909,3962,213,4,231.12,924.48
11910,3963,271,1,1470.33,1470.33
11911,3963,38,4,2984.65,11938.60
11912,3963,290,3,744.49,2233.47
11913,3964,133,4,153.60,614.40
11914,3964,116,1,86.77,86.77
11915,3964,54,1,73.34,73.34
11916,3965,280,4,154.65,618.60
11917,3965,242,1,798.53,798.53
11918,3965,288,1,236.80,236.80
11919,3966,209,1,299.28,299.28
11920,3966,305,4,18.21,72.84
11921,3966,181,2,181.57,363.14
11922,3967,46,2,64.02,128.04
11923,3967,118,1,123.08,123.08
11924,3967,263,3,82.89,248.67
11925,3968,152,3,133.94,401.82
11926,3968,208,2,5119.77,10239.54
11927,3968,269,1,107.58,107.58
11928,3969,289,1,37.80,37.80
11929,3969,301,2,136.93,273.86
11930,3969,315,2,69.11,138.22
11931,3970,206,1,125.45,125.45
11932,3970,68,4,416.05,1664.20
11933,3970,24,1,136.38,136.38
11934,3971,150,1,223.54,223.54
11935,3971,222,4,106.41,425.64
11936,3971,58,2,158.45,316.90
11937,3972,133,4,153.60,614.40
11938,3972,150,1,223.54,223.54
11939,3972,171,4,49.52,198.08
11940,3973,172,1,53.49,53.49
11941,3973,143,4,55.35,221.40
11942,3973,326,3,127.79,383.37
11943,3974,248,2,4473.97,8947.94
11944,3974,3,3,108.77,326.31
11945,3974,89,4,185.24,740.96
11946,3975,143,2,55.35,110.70
11947,3975,180,1,206.84,206.84
11948,3975,9,2,1355.55,2711.10
11949,3976,207,2,62.51,125.02
11950,3976,38,4,2984.65,11938.60
11951,3976,66,2,41.56,83.12
11952,3977,77,2,90.53,181.06
11953,3977,60,4,301.85,1207.40
11954,3977,214,1,522.07,522.07
11955,3978,183,2,229.08,458.16
11956,3978,203,2,59.44,118.88
11957,3978,247,1,127.32,127.32
11958,3979,85,2,279.78,559.56
11959,3979,231,4,170.32,681.28
11960,3979,278,2,405.40,810.80
11961,3980,334,3,173.02,519.06
11962,3980,325,2,108.41,216.82
11963,3980,30,3,165.44,496.32
11964,3981,228,1,148.63,148.63
11965,3981,87,2,116.31,232.62
11966,3981,137,3,197.81,593.43
11967,3982,96,1,171.36,171.36
11968,3982,35,4,166.21,664.84
11969,3982,215,1,136.44,136.44
11970,3983,70,1,79.39,79.39
11971,3983,109,1,21.64,21.64
11972,3983,173,1,101.46,101.46
11973,3984,132,3,152.84,458.52
11974,3984,235,4,1867.81,7471.24
11975,3984,184,2,103.83,207.66
11976,3985,335,3,117.27,351.81
11977,3985,43,2,930.93,1861.86
11978,3985,265,4,192.94,771.76
11979,3986,141,1,482.39,482.39
11980,3986,63,4,176.42,705.68
11981,3986,293,2,9518.10,19036.20
11982,3987,330,1,120.68,120.68
11983,3987,142,3,544.13,1632.39
11984,3987,198,2,124.56,249.12
11985,3988,237,1,188.93,188.93
11986,3988,253,3,32.75,98.25
11987,3988,295,3,207.06,621.18
11988,3989,18,3,4347.52,13042.56
11989,3989,136,3,407.27,1221.81
11990,3989,124,2,201.32,402.64
11991,3990,171,3,49.52,148.56
11992,3990,232,2,117.39,234.78
11993,3990,44,2,86.79,173.58
11994,3991,234,3,157.34,472.02
11995,3991,165,1,257.39,257.39
11996,3991,88,3,92.09,276.27
11997,3992,334,2,173.02,346.04
11998,3992,321,4,105.04,420.16
11999,3992,314,3,28.97,86.91
12000,3993,93,2,73.99,147.98
12001,3993,7,1,158.64,158.64
12002,3993,250,4,725.02,2900.08
12003,3994,195,3,46.99,140.97
12004,3994,188,1,50.01,50.01
12005,3994,148,4,640.43,2561.72
12006,3995,93,2,73.99,147.98
12007,3995,7,4,158.64,634.56
12008,3995,257,4,77.56,310.24
12009,3996,193,3,9668.18,29004.54
12010,3996,151,2,52.78,105.56
12011,3996,31,4,79.21,316.84
12012,3997,96,1,171.36,171.36
12013,3997,301,4,136.93,547.72
12014,3997,269,3,107.58,322.74
12015,3998,302,4,17.70,70.80
12016,3998,266,2,379.02,758.04
12017,3998,258,2,57.78,115.56
12018,3999,19,1,79.80,79.80
12019,3999,49,4,109.83,439.32
12020,3999,140,1,558.26,558.26
12021,4000,46,3,64.02,192.06
12022,4000,294,4,133.99,535.96
12023,4000,315,2,69.11,138.22
12024,4001,40,2,62.79,125.58
12025,4001,67,3,663.51,1990.53
12026,4001,31,3,79.21,237.63
12027,4002,42,4,288.25,1153.00
12028,4002,244,2,70.80,141.60
12029,4002,46,4,64.02,256.08
12030,4003,314,4,28.97,115.88
12031,4003,59,1,1165.61,1165.61
12032,4003,131,2,151.63,303.26
12033,4004,5,1,312.42,312.42
12034,4004,51,4,223.70,894.80
12035,4004,326,1,127.79,127.79
12036,4005,64,2,72.56,145.12
12037,4005,316,4,110.67,442.68
12038,4005,275,3,110.46,331.38
12039,4006,301,4,136.93,547.72
12040,4006,136,2,407.27,814.54
12041,4006,83,2,138.27,276.54
12042,4007,49,1,109.83,109.83
12043,4007,210,2,107.66,215.32
12044,4007,233,2,107.91,215.82
12045,4008,204,1,362.70,362.70
12046,4008,188,2,50.01,100.02
12047,4008,66,1,41.56,41.56
12048,4009,156,4,138.39,553.56
12049,4009,50,2,293.39,586.78
12050,4009,257,4,77.56,310.24
12051,4010,112,1,97.46,97.46
12052,4010,117,2,795.33,1590.66
12053,4010,62,2,56.51,113.02
12054,4011,320,2,125.31,250.62
12055,4011,66,4,41.56,166.24
12056,4011,225,3,267.00,801.00
12057,4012,230,2,64.40,128.80
12058,4012,212,1,1815.77,1815.77
12059,4012,72,1,201.58,201.58
12060,4013,201,2,83.06,166.12
12061,4013,85,3,279.78,839.34
12062,4013,56,1,408.87,408.87
12063,4014,61,3,175.93,527.79
12064,4014,329,2,124.79,249.58
12065,4014,313,4,49.11,196.44
12066,4015,331,4,54.96,219.84
12067,4015,99,2,4229.74,8459.48
12068,4015,193,1,9668.18,9668.18
12069,4016,208,2,5119.77,10239.54
12070,4016,290,3,744.49,2233.47
12071,4016,78,3,252.79,758.37
12072,4017,143,3,55.35,166.05
12073,4017,109,3,21.64,64.92
12074,4017,204,1,362.70,362.70
12075,4018,228,1,148.63,148.63
12076,4018,21,2,37.53,75.06
12077,4018,28,1,30.65,30.65
12078,4019,276,4,1553.72,6214.88
12079,4019,102,2,39.38,78.76
12080,4019,53,1,26.41,26.41
12081,4020,133,1,153.60,153.60
12082,4020,299,2,57.14,114.28
12083,4020,155,2,80.38,160.76
12084,4021,93,2,73.99,147.98
12085,4021,64,4,72.56,290.24
12086,4021,89,3,185.24,555.72
12087,4022,180,1,206.84,206.84
12088,4022,245,3,75.04,225.12
12089,4022,165,4,257.39,1029.56
12090,4023,264,3,1374.60,4123.80
12091,4023,217,3,324.83,974.49
12092,4023,199,3,122.30,366.90
12093,4024,287,2,553.36,1106.72
12094,4024,140,4,558.26,2233.04
12095,4024,80,3,180.81,542.43
12096,4025,284,4,33.21,132.84
12097,4025,13,1,44.19,44.19
12098,4025,317,3,85.93,257.79
12099,4026,280,3,154.65,463.95
12100,4026,203,4,59.44,237.76
12101,4026,324,4,183.99,735.96
12102,4027,141,3,482.39,1447.17
12103,4027,109,1,21.64,21.64
12104,4027,65,3,114.10,342.30
12105,4028,57,3,425.93,1277.79
12106,4028,256,3,255.06,765.18
12107,4028,127,1,242.46,242.46
12108,4029,18,3,4347.52,13042.56
12109,4029,82,3,80.11,240.33
12110,4029,78,3,252.79,758.37
12111,4030,61,4,175.93,703.72
12112,4030,286,4,65.95,263.80
12113,4030,10,1,42.91,42.91
12114,4031,22,1,709.66,709.66
12115,4031,258,2,57.78,115.56
12116,4031,290,4,744.49,2977.96
12117,4032,219,1,662.92,662.92
12118,4032,160,2,103.53,207.06
12119,4032,145,3,369.80,1109.40
12120,4033,198,1,124.56,124.56
12121,4033,51,1,223.70,223.70
12122,4033,199,1,122.30,122.30
12123,4034,99,4,4229.74,16918.96
12124,4034,59,1,1165.61,1165.61
12125,4034,129,3,120.28,360.84
12126,4035,172,2,53.49,106.98
12127,4035,216,3,27.57,82.71
12128,4035,299,4,57.14,228.56
12129,4036,28,4,30.65,122.60
12130,4036,140,4,558.26,2233.04
12131,4036,146,1,364.03,364.03
12132,4037,24,3,136.38,409.14
12133,4037,110,4,81.80,327.20
12134,4037,316,4,110.67,442.68
12135,4038,165,4,257.39,1029.56
12136,4038,294,3,133.99,401.97
12137,4038,151,1,52.78,52.78
12138,4039,15,4,602.60,2410.40
12139,4039,269,1,107.58,107.58
12140,4039,36,3,184.31,552.93
12141,4040,287,2,553.36,1106.72
12142,4040,70,1,79.39,79.39
12143,4040,305,2,18.21,36.42
12144,4041,77,2,90.53,181.06
12145,4041,102,3,39.38,118.14
12146,4041,277,2,198.38,396.76
12147,4042,107,2,136.14,272.28
12148,4042,236,2,54.07,108.14
12149,4042,126,3,105.42,316.26
12150,4043,223,3,467.04,1401.12
12151,4043,200,2,51.39,102.78
12152,4043,143,1,55.35,55.35
12153,4044,197,1,111.56,111.56
12154,4044,204,3,362.70,1088.10
12155,4044,188,4,50.01,200.04
12156,4045,221,3,484.99,1454.97
12157,4045,119,4,329.12,1316.48
12158,4045,293,2,9518.10,19036.20
12159,4046,225,1,267.00,267.00
12160,4046,51,4,223.70,894.80
12161,4046,96,4,171.36,685.44
12162,4047,308,2,143.10,286.20
12163,4047,331,3,54.96,164.88
12164,4047,169,3,537.24,1611.72
12165,4048,323,2,43.39,86.78
12166,4048,214,4,522.07,2088.28
12167,4048,58,4,158.45,633.80
12168,4049,3,2,108.77,217.54
12169,4049,217,4,324.83,1299.32
12170,4049,1,3,41.61,124.83
12171,4050,267,4,276.85,1107.40
12172,4050,97,2,201.04,402.08
12173,4050,213,3,231.12,693.36
12174,4051,146,4,364.03,1456.12
12175,4051,134,1,261.22,261.22
12176,4051,90,4,226.17,904.68
12177,4052,69,2,206.85,413.70
12178,4052,311,2,32.45,64.90
12179,4052,89,2,185.24,370.48
12180,4053,187,2,53.46,106.92
12181,4053,278,2,405.40,810.80
12182,4053,214,1,522.07,522.07
12183,4054,281,4,34.70,138.80
12184,4054,260,3,95.74,287.22
12185,4054,85,3,279.78,839.34
12186,4055,216,4,27.57,110.28
12187,4055,187,3,53.46,160.38
12188,4055,79,2,221.90,443.80
12189,4056,1,3,41.61,124.83
12190,4056,158,1,210.26,210.26
12191,4056,177,4,173.92,695.68
12192,4057,10,1,42.91,42.91
12193,4057,304,1,121.41,121.41
12194,4057,50,4,293.39,1173.56
12195,4058,335,3,117.27,351.81
12196,4058,121,1,376.95,376.95
12197,4058,239,2,642.80,1285.60
12198,4059,214,3,522.07,1566.21
12199,4059,155,2,80.38,160.76
12200,4059,215,4,136.44,545.76
12201,4060,3,2,108.77,217.54
12202,4060,260,1,95.74,95.74
12203,4060,95,3,198.29,594.87
12204,4061,254,4,196.52,786.08
12205,4061,63,2,176.42,352.84
12206,4061,15,3,602.60,1807.80
12207,4062,145,4,369.80,1479.20
12208,4062,79,2,221.90,443.80
12209,4062,56,2,408.87,817.74
12210,4063,64,1,72.56,72.56
12211,4063,172,1,53.49,53.49
12212,4063,247,3,127.32,381.96
12213,4064,231,4,170.32,681.28
12214,4064,205,4,92.31,369.24
12215,4064,271,4,1470.33,5881.32
12216,4065,122,3,130.97,392.91
12217,4065,227,4,154.78,619.12
12218,4065,309,1,132.91,132.91
12219,4066,301,2,136.93,273.86
12220,4066,57,2,425.93,851.86
12221,4066,255,3,71.89,215.67
12222,4067,198,2,124.56,249.12
12223,4067,2,4,54.72,218.88
12224,4067,84,1,214.78,214.78
12225,4068,242,1,798.53,798.53
12226,4068,65,2,114.10,228.20
12227,4068,8,4,92.31,369.24
12228,4069,74,2,306.84,613.68
12229,4069,227,1,154.78,154.78
12230,4069,301,4,136.93,547.72
12231,4070,246,1,42.72,42.72
12232,4070,267,4,276.85,1107.40
12233,4070,142,3,544.13,1632.39
12234,4071,226,3,106.24,318.72
12235,4071,2,3,54.72,164.16
12236,4071,243,2,471.30,942.60
12237,4072,288,1,236.80,236.80
12238,4072,215,3,136.44,409.32
12239,4072,148,2,640.43,1280.86
12240,4073,59,2,1165.61,2331.22
12241,4073,29,1,74.94,74.94
12242,4073,55,1,361.92,361.92
12243,4074,248,3,4473.97,13421.91
12244,4074,138,3,75.42,226.26
12245,4074,51,1,223.70,223.70
12246,4075,181,1,181.57,181.57
12247,4075,199,3,122.30,366.90
12248,4075,125,1,319.28,319.28
12249,4076,92,1,243.24,243.24
12250,4076,49,2,109.83,219.66
12251,4076,30,3,165.44,496.32
12252,4077,100,2,912.50,1825.00
12253,4077,134,2,261.22,522.44
12254,4077,115,3,559.60,1678.80
12255,4078,318,1,27.43,27.43
12256,4078,272,4,77.63,310.52
12257,4078,325,4,108.41,433.64
12258,4079,34,2,5015.04,10030.08
12259,4079,47,3,100.93,302.79
12260,4079,181,2,181.57,363.14
12261,4080,153,1,41.42,41.42
12262,4080,161,2,258.97,517.94
12263,4080,8,3,92.31,276.93
12264,4081,93,3,73.99,221.97
12265,4081,104,2,2507.07,5014.14
12266,4081,40,2,62.79,125.58
12267,4082,268,4,186.90,747.60
12268,4082,219,2,662.92,1325.84
12269,4082,291,4,25.62,102.48
12270,4083,295,3,207.06,621.18
12271,4083,100,4,912.50,3650.00
12272,4083,317,1,85.93,85.93
12273,4084,260,4,95.74,382.96
12274,4084,259,1,37.26,37.26
12275,4084,187,4,53.46,213.84
12276,4085,330,4,120.68,482.72
12277,4085,327,4,91.25,365.00
12278,4085,33,3,618.92,1856.76
12279,4086,4,3,70.68,212.04
12280,4086,58,2,158.45,316.90
12281,4086,256,1,255.06,255.06
12282,4087,101,1,156.57,156.57
12283,4087,112,3,97.46,292.38
12284,4087,207,4,62.51,250.04
12285,4088,325,3,108.41,325.23
12286,4088,272,2,77.63,155.26
12287,4088,311,3,32.45,97.35
12288,4089,11,4,88.33,353.32
12289,4089,20,1,49.24,49.24
12290,4089,266,4,379.02,1516.08
12291,4090,44,4,86.79,347.16
12292,4090,30,4,165.44,661.76
12293,4090,180,4,206.84,827.36
12294,4091,67,1,663.51,663.51
12295,4091,306,2,184.88,369.76
12296,4091,98,4,116.76,467.04
12297,4092,176,4,204.81,819.24
12298,4092,33,1,618.92,618.92
12299,4092,29,3,74.94,224.82
12300,4093,50,4,293.39,1173.56
12301,4093,136,2,407.27,814.54
12302,4093,237,2,188.93,377.86
12303,4094,68,1,416.05,416.05
12304,4094,204,4,362.70,1450.80
12305,4094,201,2,83.06,166.12
12306,4095,275,4,110.46,441.84
12307,4095,129,2,120.28,240.56
12308,4095,83,4,138.27,553.08
12309,4096,65,3,114.10,342.30
12310,4096,174,4,93.41,373.64
12311,4096,182,3,312.02,936.06
12312,4097,42,2,288.25,576.50
12313,4097,315,2,69.11,138.22
12314,4097,270,1,777.12,777.12
12315,4098,261,1,61.79,61.79
12316,4098,303,3,199.54,598.62
12317,4098,199,1,122.30,122.30
12318,4099,251,2,87.96,175.92
12319,4099,307,4,195.28,781.12
12320,4099,229,3,182.92,548.76
12321,4100,249,2,333.60,667.20
12322,4100,119,2,329.12,658.24
12323,4100,138,1,75.42,75.42
12324,4101,160,4,103.53,414.12
12325,4101,26,2,979.66,1959.32
12326,4101,73,2,550.57,1101.14
12327,4102,96,1,171.36,171.36
12328,4102,114,4,59.81,239.24
12329,4102,20,3,49.24,147.72
12330,4103,122,1,130.97,130.97
12331,4103,305,4,18.21,72.84
12332,4103,267,2,276.85,553.70
12333,4104,157,1,2380.02,2380.02
12334,4104,310,4,106.27,425.08
12335,4104,49,2,109.83,219.66
12336,4105,58,4,158.45,633.80
12337,4105,274,4,72.47,289.88
12338,4105,232,3,117.39,352.17
12339,4106,52,1,36.58,36.58
12340,4106,214,4,522.07,2088.28
12341,4106,78,4,252.79,1011.16
12342,4107,45,1,5111.42,5111.42
12343,4107,249,4,333.60,1334.40
12344,4107,176,3,204.81,614.43
12345,4108,189,3,87.00,261.00
12346,4108,103,3,88.38,265.14
12347,4108,326,1,127.79,127.79
12348,4109,332,1,122.23,122.23
12349,4109,113,2,545.60,1091.20
12350,4109,249,3,333.60,1000.80
12351,4110,87,1,116.31,116.31
12352,4110,66,1,41.56,41.56
12353,4110,42,2,288.25,576.50
12354,4111,177,2,173.92,347.84
12355,4111,126,3,105.42,316.26
12356,4111,215,4,136.44,545.76
12357,4112,218,1,49.88,49.88
12358,4112,182,1,312.02,312.02
12359,4112,82,3,80.11,240.33
12360,4113,18,2,4347.52,8695.04
12361,4113,169,3,537.24,1611.72
12362,4113,126,1,105.42,105.42
12363,4114,253,1,32.75,32.75
12364,4114,247,1,127.32,127.32
12365,4114,109,1,21.64,21.64
12366,4115,210,2,107.66,215.32
12367,4115,283,2,594.23,1188.46
12368,4115,313,1,49.11,49.11
12369,4116,151,4,52.78,211.12
12370,4116,4,4,70.68,282.72
12371,4116,27,1,485.13,485.13
12372,4117,195,1,46.99,46.99
12373,4117,119,1,329.12,329.12
12374,4117,121,1,376.95,376.95
12375,4118,278,3,405.40,1216.20
12376,4118,234,4,157.34,629.36
12377,4118,143,2,55.35,110.70
12378,4119,80,4,180.81,723.24
12379,4119,206,4,125.45,501.80
12380,4119,93,3,73.99,221.97
12381,4120,236,2,54.07,108.14
12382,4120,292,2,40.52,81.04
12383,4120,244,3,70.80,212.40
12384,4121,95,1,198.29,198.29
12385,4121,228,2,148.63,297.26
12386,4121,324,3,183.99,551.97
12387,4122,171,2,49.52,99.04
12388,4122,178,4,110.15,440.60
12389,4122,53,4,26.41,105.64
12390,4123,131,3,151.63,454.89
12391,4123,294,4,133.99,535.96
12392,4123,245,3,75.04,225.12
12393,4124,188,1,50.01,50.01
12394,4124,32,4,604.32,2417.28
12395,4124,44,3,86.79,260.37
12396,4125,328,1,180.51,180.51
12397,4125,217,2,324.83,649.66
12398,4125,17,1,189.07,189.07
12399,4126,283,1,594.23,594.23
12400,4126,86,1,137.39,137.39
12401,4126,162,3,803.06,2409.18
12402,4127,40,2,62.79,125.58
12403,4127,280,1,154.65,154.65
12404,4127,124,2,201.32,402.64
12405,4128,99,2,4229.74,8459.48
12406,4128,180,1,206.84,206.84
12407,4128,205,1,92.31,92.31
12408,4129,279,1,41.73,41.73
12409,4129,311,1,32.45,32.45
12410,4129,325,2,108.41,216.82
12411,4130,242,4,798.53,3194.12
12412,4130,74,1,306.84,306.84
12413,4130,312,4,25.20,100.80
12414,4131,229,1,182.92,182.92
12415,4131,218,2,49.88,99.76
12416,4131,263,4,82.89,331.56
12417,4132,237,4,188.93,755.72
12418,4132,193,4,9668.18,38672.72
12419,4132,204,2,362.70,725.40
12420,4133,168,1,84.08,84.08
12421,4133,233,4,107.91,431.64
12422,4133,199,3,122.30,366.90
12423,4134,255,2,71.89,143.78
12424,4134,137,3,197.81,593.43
12425,4134,11,4,88.33,353.32
12426,4135,6,1,536.76,536.76
12427,4135,70,1,79.39,79.39
12428,4135,16,4,82.24,328.96
12429,4136,262,3,177.88,533.64
12430,4136,288,3,236.80,710.40
12431,4136,65,3,114.10,342.30
12432,4137,3,2,108.77,217.54
12433,4137,133,3,153.60,460.80
12434,4137,74,2,306.84,613.68
12435,4138,91,3,103.05,309.15
12436,4138,279,2,41.73,83.46
12437,4138,171,1,49.52,49.52
12438,4139,215,2,136.44,272.88
12439,4139,125,4,319.28,1277.12
12440,4139,101,1,156.57,156.57
12441,4140,277,2,198.38,396.76
12442,4140,160,2,103.53,207.06
12443,4140,191,1,217.48,217.48
12444,4141,182,4,312.02,1248.08
12445,4141,36,4,184.31,737.24
12446,4141,8,2,92.31,184.62
12447,4142,62,3,56.51,169.53
12448,4142,288,1,236.80,236.80
12449,4142,126,1,105.42,105.42
12450,4143,196,4,68.93,275.72
12451,4143,66,4,41.56,166.24
12452,4143,314,2,28.97,57.94
12453,4144,266,2,379.02,758.04
12454,4144,171,2,49.52,99.04
12455,4144,155,2,80.38,160.76
12456,4145,47,1,100.93,100.93
12457,4145,37,2,5435.24,10870.48
12458,4145,34,1,5015.04,5015.04
12459,4146,21,2,37.53,75.06
12460,4146,217,3,324.83,974.49
12461,4146,183,3,229.08,687.24
12462,4147,118,2,123.08,246.16
12463,4147,282,2,314.44,628.88
12464,4147,274,3,72.47,217.41
12465,4148,205,3,92.31,276.93
12466,4148,199,3,122.30,366.90
12467,4148,328,4,180.51,722.04
12468,4149,207,1,62.51,62.51
12469,4149,39,2,265.80,531.60
12470,4149,210,3,107.66,322.98
12471,4150,48,4,124.35,497.40
12472,4150,319,2,129.86,259.72
12473,4150,1,1,41.61,41.61
12474,4151,173,3,101.46,304.38
12475,4151,183,2,229.08,458.16
12476,4151,244,4,70.80,283.20
12477,4152,334,2,173.02,346.04
12478,4152,322,4,161.49,645.96
12479,4152,314,3,28.97,86.91
12480,4153,135,4,176.88,707.52
12481,4153,303,1,199.54,199.54
12482,4153,148,4,640.43,2561.72
12483,4154,306,1,184.88,184.88
12484,4154,48,1,124.35,124.35
12485,4154,316,4,110.67,442.68
12486,4155,303,1,199.54,199.54
12487,4155,37,4,5435.24,21740.96
12488,4155,8,4,92.31,369.24
12489,4156,116,4,86.77,347.08
12490,4156,229,4,182.92,731.68
12491,4156,294,4,133.99,535.96
12492,4157,308,4,143.10,572.40
12493,4157,180,4,206.84,827.36
12494,4157,237,3,188.93,566.79
12495,4158,325,1,108.41,108.41
12496,4158,46,1,64.02,64.02
12497,4158,248,2,4473.97,8947.94
12498,4159,213,1,231.12,231.12
12499,4159,176,4,204.81,819.24
12500,4159,260,2,95.74,191.48
12501,4160,178,2,110.15,220.30
12502,4160,146,4,364.03,1456.12
12503,4160,283,3,594.23,1782.69
12504,4161,159,4,176.40,705.60
12505,4161,24,3,136.38,409.14
12506,4161,169,1,537.24,537.24
12507,4162,87,4,116.31,465.24
12508,4162,165,1,257.39,257.39
12509,4162,190,2,4952.78,9905.56
12510,4163,324,2,183.99,367.98
12511,4163,86,2,137.39,274.78
12512,4163,196,3,68.93,206.79
12513,4164,218,2,49.88,99.76
12514,4164,198,3,124.56,373.68
12515,4164,327,2,91.25,182.50
12516,4165,208,4,5119.77,20479.08
12517,4165,220,3,38.34,115.02
12518,4165,254,2,196.52,393.04
12519,4166,127,4,242.46,969.84
12520,4166,293,4,9518.10,38072.40
12521,4166,17,1,189.07,189.07
12522,4167,90,3,226.17,678.51
12523,4167,133,1,153.60,153.60
12524,4167,110,1,81.80,81.80
12525,4168,85,3,279.78,839.34
12526,4168,309,3,132.91,398.73
12527,4168,188,3,50.01,150.03
12528,4169,110,1,81.80,81.80
12529,4169,36,1,184.31,184.31
12530,4169,35,4,166.21,664.84
12531,4170,120,1,532.02,532.02
12532,4170,90,4,226.17,904.68
12533,4170,180,2,206.84,413.68
12534,4171,196,3,68.93,206.79
12535,4171,3,1,108.77,108.77
12536,4171,72,4,201.58,806.32
12537,4172,133,1,153.60,153.60
12538,4172,281,1,34.70,34.70
12539,4172,65,2,114.10,228.20
12540,4173,298,1,103.05,103.05
12541,4173,309,1,132.91,132.91
12542,4173,267,2,276.85,553.70
12543,4174,286,4,65.95,263.80
12544,4174,49,4,109.83,439.32
12545,4174,179,2,367.91,735.82
12546,4175,181,3,181.57,544.71
12547,4175,303,1,199.54,199.54
12548,4175,268,1,186.90,186.90
12549,4176,219,1,662.92,662.92
12550,4176,29,1,74.94,74.94
12551,4176,20,4,49.24,196.96
12552,4177,43,4,930.93,3723.72
12553,4177,295,4,207.06,828.24
12554,4177,193,2,9668.18,19336.36
12555,4178,237,1,188.93,188.93
12556,4178,54,3,73.34,220.02
12557,4178,154,4,174.02,696.08
12558,4179,50,3,293.39,880.17
12559,4179,65,1,114.10,114.10
12560,4179,85,2,279.78,559.56
12561,4180,170,2,845.55,1691.10
12562,4180,316,2,110.67,221.34
12563,4180,199,4,122.30,489.20
12564,4181,245,1,75.04,75.04
12565,4181,36,2,184.31,368.62
12566,4181,133,3,153.60,460.80
12567,4182,12,1,423.08,423.08
12568,4182,251,1,87.96,87.96
12569,4182,57,2,425.93,851.86
12570,4183,317,3,85.93,257.79
12571,4183,259,2,37.26,74.52
12572,4183,160,4,103.53,414.12
12573,4184,146,1,364.03,364.03
12574,4184,240,4,26.71,106.84
12575,4184,179,1,367.91,367.91
12576,4185,23,3,477.55,1432.65
12577,4185,335,3,117.27,351.81
12578,4185,317,4,85.93,343.72
12579,4186,110,4,81.80,327.20
12580,4186,320,3,125.31,375.93
12581,4186,308,2,143.10,286.20
12582,4187,250,1,725.02,725.02
12583,4187,142,2,544.13,1088.26
12584,4187,79,2,221.90,443.80
12585,4188,330,1,120.68,120.68
12586,4188,176,1,204.81,204.81
12587,4188,287,4,553.36,2213.44
12588,4189,85,2,279.78,559.56
12589,4189,86,3,137.39,412.17
12590,4189,192,1,365.72,365.72
12591,4190,16,3,82.24,246.72
12592,4190,243,4,471.30,1885.20
12593,4190,329,1,124.79,124.79
12594,4191,272,4,77.63,310.52
12595,4191,189,2,87.00,174.00
12596,4191,280,3,154.65,463.95
12597,4192,5,2,312.42,624.84
12598,4192,133,4,153.60,614.40
12599,4192,228,2,148.63,297.26
12600,4193,34,4,5015.04,20060.16
12601,4193,92,2,243.24,486.48
12602,4193,105,4,63.28,253.12
12603,4194,270,1,777.12,777.12
12604,4194,16,3,82.24,246.72
12605,4194,215,2,136.44,272.88
12606,4195,113,1,545.60,545.60
12607,4195,41,2,82.03,164.06
12608,4195,30,2,165.44,330.88
12609,4196,27,1,485.13,485.13
12610,4196,296,3,101.13,303.39
12611,4196,193,4,9668.18,38672.72
12612,4197,73,2,550.57,1101.14
12613,4197,15,2,602.60,1205.20
12614,4197,298,3,103.05,309.15
12615,4198,124,4,201.32,805.28
12616,4198,84,1,214.78,214.78
12617,4198,247,3,127.32,381.96
12618,4199,324,3,183.99,551.97
12619,4199,140,4,558.26,2233.04
12620,4199,326,4,127.79,511.16
12621,4200,217,4,324.83,1299.32
12622,4200,303,2,199.54,399.08
12623,4200,32,2,604.32,1208.64
12624,4201,204,4,362.70,1450.80
12625,4201,2,3,54.72,164.16
12626,4201,86,3,137.39,412.17
12627,4202,153,3,41.42,124.26
12628,4202,59,2,1165.61,2331.22
12629,4202,2,1,54.72,54.72
12630,4203,42,2,288.25,576.50
12631,4203,314,3,28.97,86.91
12632,4203,326,3,127.79,383.37
12633,4204,30,3,165.44,496.32
12634,4204,107,4,136.14,544.56
12635,4204,181,1,181.57,181.57
12636,4205,147,3,143.83,431.49
12637,4205,204,1,362.70,362.70
12638,4205,123,2,340.07,680.14
12639,4206,199,2,122.30,244.60
12640,4206,138,3,75.42,226.26
12641,4206,195,4,46.99,187.96
12642,4207,331,2,54.96,109.92
12643,4207,61,1,175.93,175.93
12644,4207,225,3,267.00,801.00
12645,4208,4,1,70.68,70.68
12646,4208,149,1,63.35,63.35
12647,4208,80,1,180.81,180.81
12648,4209,174,3,93.41,280.23
12649,4209,145,2,369.80,739.60
12650,4209,44,3,86.79,260.37
12651,4210,29,1,74.94,74.94
12652,4210,293,3,9518.10,28554.30
12653,4210,105,3,63.28,189.84
12654,4211,16,4,82.24,328.96
12655,4211,31,3,79.21,237.63
12656,4211,65,4,114.10,456.40
12657,4212,115,1,559.60,559.60
12658,4212,290,1,744.49,744.49
12659,4212,181,4,181.57,726.28
12660,4213,169,3,537.24,1611.72
12661,4213,87,1,116.31,116.31
12662,4213,66,4,41.56,166.24
12663,4214,98,3,116.76,350.28
12664,4214,73,1,550.57,550.57
12665,4214,151,2,52.78,105.56
12666,4215,293,1,9518.10,9518.10
12667,4215,291,1,25.62,25.62
12668,4215,86,3,137.39,412.17
12669,4216,49,2,109.83,219.66
12670,4216,238,3,108.52,325.56
12671,4216,251,1,87.96,87.96
12672,4217,82,4,80.11,320.44
12673,4217,2,2,54.72,109.44
12674,4217,123,2,340.07,680.14
12675,4218,44,3,86.79,260.37
12676,4218,182,1,312.02,312.02
12677,4218,52,4,36.58,146.32
12678,4219,193,2,9668.18,19336.36
12679,4219,12,3,423.08,1269.24
12680,4219,123,1,340.07,340.07
12681,4220,311,4,32.45,129.80
12682,4220,4,2,70.68,141.36
12683,4220,159,1,176.40,176.40
12684,4221,195,2,46.99,93.98
12685,4221,279,4,41.73,166.92
12686,4221,207,2,62.51,125.02
12687,4222,183,1,229.08,229.08
12688,4222,245,2,75.04,150.08
12689,4222,104,2,2507.07,5014.14
12690,4223,27,2,485.13,970.26
12691,4223,193,1,9668.18,9668.18
12692,4223,309,2,132.91,265.82
12693,4224,325,1,108.41,108.41
12694,4224,31,2,79.21,158.42
12695,4224,262,1,177.88,177.88
12696,4225,6,1,536.76,536.76
12697,4225,217,2,324.83,649.66
12698,4225,193,2,9668.18,19336.36
12699,4226,176,4,204.81,819.24
12700,4226,123,1,340.07,340.07
12701,4226,75,4,63.53,254.12
12702,4227,278,4,405.40,1621.60
12703,4227,300,4,39.77,159.08
12704,4227,142,3,544.13,1632.39
12705,4228,219,3,662.92,1988.76
12706,4228,251,2,87.96,175.92
12707,4228,249,1,333.60,333.60
12708,4229,274,2,72.47,144.94
12709,4229,250,1,725.02,725.02
12710,4229,209,1,299.28,299.28
12711,4230,102,2,39.38,78.76
12712,4230,106,3,502.86,1508.58
12713,4230,166,4,122.59,490.36
12714,4231,208,1,5119.77,5119.77
12715,4231,285,4,6751.40,27005.60
12716,4231,272,1,77.63,77.63
12717,4232,47,1,100.93,100.93
12718,4232,242,1,798.53,798.53
12719,4232,98,4,116.76,467.04
12720,4233,12,2,423.08,846.16
12721,4233,238,3,108.52,325.56
12722,4233,4,1,70.68,70.68
12723,4234,134,4,261.22,1044.88
12724,4234,211,2,391.93,783.86
12725,4234,127,2,242.46,484.92
12726,4235,91,4,103.05,412.20
12727,4235,267,1,276.85,276.85
12728,4235,297,4,83.28,333.12
12729,4236,175,2,239.58,479.16
12730,4236,88,1,92.09,92.09
12731,4236,299,2,57.14,114.28
12732,4237,91,1,103.05,103.05
12733,4237,42,1,288.25,288.25
12734,4237,236,1,54.07,54.07
12735,4238,97,1,201.04,201.04
12736,4238,112,3,97.46,292.38
12737,4238,110,3,81.80,245.40
12738,4239,175,2,239.58,479.16
12739,4239,8,2,92.31,184.62
12740,4239,52,1,36.58,36.58
12741,4240,263,3,82.89,248.67
12742,4240,72,4,201.58,806.32
12743,4240,66,4,41.56,166.24
12744,4241,256,4,255.06,1020.24
12745,4241,45,3,5111.42,15334.26
12746,4241,100,2,912.50,1825.00
12747,4242,225,4,267.00,1068.00
12748,4242,62,2,56.51,113.02
12749,4242,23,4,477.55,1910.20
12750,4243,157,2,2380.02,4760.04
12751,4243,6,1,536.76,536.76
12752,4243,132,1,152.84,152.84
12753,4244,211,3,391.93,1175.79
12754,4244,208,1,5119.77,5119.77
12755,4244,201,3,83.06,249.18
12756,4245,242,4,798.53,3194.12
12757,4245,112,2,97.46,194.92
12758,4245,225,2,267.00,534.00
12759,4246,99,4,4229.74,16918.96
12760,4246,20,3,49.24,147.72
12761,4246,40,2,62.79,125.58
12762,4247,24,1,136.38,136.38
12763,4247,19,4,79.80,319.20
12764,4247,23,1,477.55,477.55
12765,4248,104,4,2507.07,10028.28
12766,4248,37,3,5435.24,16305.72
12767,4248,39,1,265.80,265.80
12768,4249,175,2,239.58,479.16
12769,4249,233,1,107.91,107.91
12770,4249,2,3,54.72,164.16
12771,4250,65,4,114.10,456.40
12772,4250,313,3,49.11,147.33
12773,4250,269,3,107.58,322.74
12774,4251,193,3,9668.18,29004.54
12775,4251,311,4,32.45,129.80
12776,4251,79,3,221.90,665.70
12777,4252,223,1,467.04,467.04
12778,4252,201,1,83.06,83.06
12779,4252,313,2,49.11,98.22
12780,4253,276,1,1553.72,1553.72
12781,4253,75,2,63.53,127.06
12782,4253,189,3,87.00,261.00
12783,4254,51,2,223.70,447.40
12784,4254,14,2,430.90,861.80
12785,4254,207,2,62.51,125.02
12786,4255,100,3,912.50,2737.50
12787,4255,58,4,158.45,633.80
12788,4255,123,1,340.07,340.07
12789,4256,73,1,550.57,550.57
12790,4256,257,2,77.56,155.12
12791,4256,220,2,38.34,76.68
12792,4257,215,3,136.44,409.32
12793,4257,118,1,123.08,123.08
12794,4257,53,2,26.41,52.82
12795,4258,226,4,106.24,424.96
12796,4258,37,4,5435.24,21740.96
12797,4258,266,2,379.02,758.04
12798,4259,151,3,52.78,158.34
12799,4259,160,3,103.53,310.59
12800,4259,95,4,198.29,793.16
12801,4260,161,3,258.97,776.91
12802,4260,150,4,223.54,894.16
12803,4260,215,2,136.44,272.88
12804,4261,72,3,201.58,604.74
12805,4261,170,4,845.55,3382.20
12806,4261,275,4,110.46,441.84
12807,4262,320,3,125.31,375.93
12808,4262,180,3,206.84,620.52
12809,4262,261,3,61.79,185.37
12810,4263,176,1,204.81,204.81
12811,4263,93,2,73.99,147.98
12812,4263,121,3,376.95,1130.85
12813,4264,156,3,138.39,415.17
12814,4264,95,3,198.29,594.87
12815,4264,114,2,59.81,119.62
12816,4265,210,3,107.66,322.98
12817,4265,100,2,912.50,1825.00
12818,4265,109,1,21.64,21.64
12819,4266,297,2,83.28,166.56
12820,4266,103,3,88.38,265.14
12821,4266,10,4,42.91,171.64
12822,4267,213,4,231.12,924.48
12823,4267,215,2,136.44,272.88
12824,4267,16,4,82.24,328.96
12825,4268,2,1,54.72,54.72
12826,4268,41,2,82.03,164.06
12827,4268,109,3,21.64,64.92
12828,4269,4,2,70.68,141.36
12829,4269,258,1,57.78,57.78
12830,4269,296,2,101.13,202.26
12831,4270,37,3,5435.24,16305.72
12832,4270,95,1,198.29,198.29
12833,4270,64,2,72.56,145.12
12834,4271,66,3,41.56,124.68
12835,4271,112,3,97.46,292.38
12836,4271,59,4,1165.61,4662.44
12837,4272,101,3,156.57,469.71
12838,4272,19,1,79.80,79.80
12839,4272,220,4,38.34,153.36
12840,4273,245,1,75.04,75.04
12841,4273,40,1,62.79,62.79
12842,4273,24,1,136.38,136.38
12843,4274,211,3,391.93,1175.79
12844,4274,212,1,1815.77,1815.77
12845,4274,149,3,63.35,190.05
12846,4275,153,1,41.42,41.42
12847,4275,273,3,173.28,519.84
12848,4275,145,3,369.80,1109.40
12849,4276,34,1,5015.04,5015.04
12850,4276,260,2,95.74,191.48
12851,4276,202,1,109.28,109.28
12852,4277,284,3,33.21,99.63
12853,4277,223,4,467.04,1868.16
12854,4277,248,2,4473.97,8947.94
12855,4278,174,3,93.41,280.23
12856,4278,30,4,165.44,661.76
12857,4278,172,2,53.49,106.98
12858,4279,67,3,663.51,1990.53
12859,4279,4,3,70.68,212.04
12860,4279,31,3,79.21,237.63
12861,4280,94,1,61.84,61.84
12862,4280,85,2,279.78,559.56
12863,4280,73,3,550.57,1651.71
12864,4281,134,4,261.22,1044.88
12865,4281,174,3,93.41,280.23
12866,4281,179,3,367.91,1103.73
12867,4282,6,1,536.76,536.76
12868,4282,205,2,92.31,184.62
12869,4282,24,2,136.38,272.76
12870,4283,260,3,95.74,287.22
12871,4283,187,3,53.46,160.38
12872,4283,213,1,231.12,231.12
12873,4284,93,1,73.99,73.99
12874,4284,318,1,27.43,27.43
12875,4284,61,2,175.93,351.86
12876,4285,192,2,365.72,731.44
12877,4285,48,2,124.35,248.70
12878,4285,269,4,107.58,430.32
12879,4286,289,3,37.80,113.40
12880,4286,244,3,70.80,212.40
12881,4286,312,1,25.20,25.20
12882,4287,222,1,106.41,106.41
12883,4287,168,3,84.08,252.24
12884,4287,60,4,301.85,1207.40
12885,4288,283,3,594.23,1782.69
12886,4288,314,2,28.97,57.94
12887,4288,97,4,201.04,804.16
12888,4289,236,2,54.07,108.14
12889,4289,122,2,130.97,261.94
12890,4289,170,1,845.55,845.55
12891,4290,140,2,558.26,1116.52
12892,4290,60,4,301.85,1207.40
12893,4290,173,1,101.46,101.46
12894,4291,235,2,1867.81,3735.62
12895,4291,164,1,259.43,259.43
12896,4291,151,2,52.78,105.56
12897,4292,259,3,37.26,111.78
12898,4292,6,1,536.76,536.76
12899,4292,81,2,24.00,48.00
12900,4293,261,4,61.79,247.16
12901,4293,110,4,81.80,327.20
12902,4293,190,4,4952.78,19811.12
12903,4294,220,4,38.34,153.36
12904,4294,73,4,550.57,2202.28
12905,4294,56,2,408.87,817.74
12906,4295,107,4,136.14,544.56
12907,4295,106,1,502.86,502.86
12908,4295,13,2,44.19,88.38
12909,4296,173,4,101.46,405.84
12910,4296,50,1,293.39,293.39
12911,4296,188,1,50.01,50.01
12912,4297,130,4,261.07,1044.28
12913,4297,203,2,59.44,118.88
12914,4297,169,1,537.24,537.24
12915,4298,37,4,5435.24,21740.96
12916,4298,133,2,153.60,307.20
12917,4298,328,4,180.51,722.04
12918,4299,231,2,170.32,340.64
12919,4299,34,3,5015.04,15045.12
12920,4299,304,2,121.41,242.82
12921,4300,200,4,51.39,205.56
12922,4300,19,1,79.80,79.80
12923,4300,151,1,52.78,52.78
12924,4301,304,2,121.41,242.82
12925,4301,301,2,136.93,273.86
12926,4301,51,3,223.70,671.10
12927,4302,33,2,618.92,1237.84
12928,4302,110,3,81.80,245.40
12929,4302,259,2,37.26,74.52
12930,4303,32,2,604.32,1208.64
12931,4303,296,2,101.13,202.26
12932,4303,186,1,324.89,324.89
12933,4304,28,3,30.65,91.95
12934,4304,269,3,107.58,322.74
12935,4304,122,4,130.97,523.88
12936,4305,269,3,107.58,322.74
12937,4305,291,1,25.62,25.62
12938,4305,241,4,237.51,950.04
12939,4306,127,2,242.46,484.92
12940,4306,281,1,34.70,34.70
12941,4306,82,2,80.11,160.22
12942,4307,311,1,32.45,32.45
12943,4307,303,2,199.54,399.08
12944,4307,118,1,123.08,123.08
12945,4308,256,2,255.06,510.12
12946,4308,251,4,87.96,351.84
12947,4308,83,3,138.27,414.81
12948,4309,282,4,314.44,1257.76
12949,4309,326,4,127.79,511.16
12950,4309,327,4,91.25,365.00
12951,4310,259,4,37.26,149.04
12952,4310,170,4,845.55,3382.20
12953,4310,29,4,74.94,299.76
12954,4311,40,3,62.79,188.37
12955,4311,147,1,143.83,143.83
12956,4311,278,3,405.40,1216.20
12957,4312,300,1,39.77,39.77
12958,4312,247,2,127.32,254.64
12959,4312,107,4,136.14,544.56
12960,4313,2,1,54.72,54.72
12961,4313,220,4,38.34,153.36
12962,4313,321,4,105.04,420.16
12963,4314,213,2,231.12,462.24
12964,4314,312,3,25.20,75.60
12965,4314,105,1,63.28,63.28
12966,4315,222,2,106.41,212.82
12967,4315,53,2,26.41,52.82
12968,4315,155,1,80.38,80.38
12969,4316,211,4,391.93,1567.72
12970,4316,202,2,109.28,218.56
12971,4316,277,2,198.38,396.76
12972,4317,152,4,133.94,535.76
12973,4317,119,3,329.12,987.36
12974,4317,83,1,138.27,138.27
12975,4318,281,2,34.70,69.40
12976,4318,174,4,93.41,373.64
12977,4318,159,4,176.40,705.60
12978,4319,14,2,430.90,861.80
12979,4319,316,2,110.67,221.34
12980,4319,11,3,88.33,264.99
12981,4320,139,3,392.73,1178.19
12982,4320,104,2,2507.07,5014.14
12983,4320,260,2,95.74,191.48
12984,4321,282,4,314.44,1257.76
12985,4321,268,4,186.90,747.60
12986,4321,271,1,1470.33,1470.33
12987,4322,240,1,26.71,26.71
12988,4322,180,1,206.84,206.84
12989,4322,253,2,32.75,65.50
12990,4323,259,1,37.26,37.26
12991,4323,278,2,405.40,810.80
12992,4323,297,1,83.28,83.28
12993,4324,150,1,223.54,223.54
12994,4324,25,4,70.53,282.12
12995,4324,38,3,2984.65,8953.95
12996,4325,18,3,4347.52,13042.56
12997,4325,285,2,6751.40,13502.80
12998,4325,11,1,88.33,88.33
12999,4326,149,2,63.35,126.70
13000,4326,121,3,376.95,1130.85
13001,4326,173,3,101.46,304.38
13002,4327,204,4,362.70,1450.80
13003,4327,96,3,171.36,514.08
13004,4327,104,1,2507.07,2507.07
13005,4328,137,4,197.81,791.24
13006,4328,243,3,471.30,1413.90
13007,4328,297,1,83.28,83.28
13008,4329,87,1,116.31,116.31
13009,4329,99,2,4229.74,8459.48
13010,4329,86,3,137.39,412.17
13011,4330,1,2,41.61,83.22
13012,4330,320,1,125.31,125.31
13013,4330,109,4,21.64,86.56
13014,4331,159,2,176.40,352.80
13015,4331,244,2,70.80,141.60
13016,4331,305,2,18.21,36.42
13017,4332,60,2,301.85,603.70
13018,4332,15,4,602.60,2410.40
13019,4332,53,3,26.41,79.23
13020,4333,183,3,229.08,687.24
13021,4333,269,4,107.58,430.32
13022,4333,258,3,57.78,173.34
13023,4334,258,4,57.78,231.12
13024,4334,109,4,21.64,86.56
13025,4334,300,4,39.77,159.08
13026,4335,134,4,261.22,1044.88
13027,4335,245,4,75.04,300.16
13028,4335,178,1,110.15,110.15
13029,4336,108,2,368.57,737.14
13030,4336,303,4,199.54,798.16
13031,4336,113,1,545.60,545.60
13032,4337,192,1,365.72,365.72
13033,4337,126,4,105.42,421.68
13034,4337,30,4,165.44,661.76
13035,4338,263,1,82.89,82.89
13036,4338,186,2,324.89,649.78
13037,4338,35,1,166.21,166.21
13038,4339,299,3,57.14,171.42
13039,4339,314,1,28.97,28.97
13040,4339,83,4,138.27,553.08
13041,4340,221,3,484.99,1454.97
13042,4340,144,2,1176.11,2352.22
13043,4340,251,3,87.96,263.88
13044,4341,216,1,27.57,27.57
13045,4341,2,1,54.72,54.72
13046,4341,191,4,217.48,869.92
13047,4342,175,2,239.58,479.16
13048,4342,49,2,109.83,219.66
13049,4342,159,2,176.40,352.80
13050,4343,15,2,602.60,1205.20
13051,4343,183,1,229.08,229.08
13052,4343,319,1,129.86,129.86
13053,4344,25,4,70.53,282.12
13054,4344,91,3,103.05,309.15
13055,4344,174,3,93.41,280.23
13056,4345,224,2,203.37,406.74
13057,4345,77,2,90.53,181.06
13058,4345,85,2,279.78,559.56
13059,4346,42,3,288.25,864.75
13060,4346,145,2,369.80,739.60
13061,4346,33,3,618.92,1856.76
13062,4347,332,1,122.23,122.23
13063,4347,14,3,430.90,1292.70
13064,4347,46,2,64.02,128.04
13065,4348,199,3,122.30,366.90
13066,4348,5,3,312.42,937.26
13067,4348,321,4,105.04,420.16
13068,4349,209,4,299.28,1197.12
13069,4349,235,2,1867.81,3735.62
13070,4349,83,2,138.27,276.54
13071,4350,20,3,49.24,147.72
13072,4350,334,1,173.02,173.02
13073,4350,185,1,118.55,118.55
13074,4351,320,3,125.31,375.93
13075,4351,196,1,68.93,68.93
13076,4351,94,3,61.84,185.52
13077,4352,65,3,114.10,342.30
13078,4352,219,3,662.92,1988.76
13079,4352,239,2,642.80,1285.60
13080,4353,292,4,40.52,162.08
13081,4353,208,4,5119.77,20479.08
13082,4353,45,1,5111.42,5111.42
13083,4354,46,3,64.02,192.06
13084,4354,65,2,114.10,228.20
13085,4354,141,1,482.39,482.39
13086,4355,65,1,114.10,114.10
13087,4355,131,3,151.63,454.89
13088,4355,70,2,79.39,158.78
13089,4356,263,2,82.89,165.78
13090,4356,177,2,173.92,347.84
13091,4356,144,4,1176.11,4704.44
13092,4357,31,2,79.21,158.42
13093,4357,99,4,4229.74,16918.96
13094,4357,101,2,156.57,313.14
13095,4358,273,2,173.28,346.56
13096,4358,141,3,482.39,1447.17
13097,4358,31,1,79.21,79.21
13098,4359,58,3,158.45,475.35
13099,4359,224,1,203.37,203.37
13100,4359,165,4,257.39,1029.56
13101,4360,85,4,279.78,1119.12
13102,4360,189,3,87.00,261.00
13103,4360,78,4,252.79,1011.16
13104,4361,302,3,17.70,53.10
13105,4361,64,4,72.56,290.24
13106,4361,120,3,532.02,1596.06
13107,4362,173,1,101.46,101.46
13108,4362,24,3,136.38,409.14
13109,4362,287,1,553.36,553.36
13110,4363,191,1,217.48,217.48
13111,4363,108,3,368.57,1105.71
13112,4363,190,1,4952.78,4952.78
13113,4364,210,4,107.66,430.64
13114,4364,101,3,156.57,469.71
13115,4364,117,1,795.33,795.33
13116,4365,196,1,68.93,68.93
13117,4365,160,4,103.53,414.12
13118,4365,135,2,176.88,353.76
13119,4366,70,4,79.39,317.56
13120,4366,168,4,84.08,336.32
13121,4366,267,1,276.85,276.85
13122,4367,196,4,68.93,275.72
13123,4367,324,4,183.99,735.96
13124,4367,299,3,57.14,171.42
13125,4368,270,3,777.12,2331.36
13126,4368,199,4,122.30,489.20
13127,4368,62,2,56.51,113.02
13128,4369,303,2,199.54,399.08
13129,4369,147,1,143.83,143.83
13130,4369,165,4,257.39,1029.56
13131,4370,242,2,798.53,1597.06
13132,4370,48,3,124.35,373.05
13133,4370,259,2,37.26,74.52
13134,4371,306,1,184.88,184.88
13135,4371,80,4,180.81,723.24
13136,4371,260,2,95.74,191.48
13137,4372,221,4,484.99,1939.96
13138,4372,194,3,136.81,410.43
13139,4372,103,4,88.38,353.52
13140,4373,223,3,467.04,1401.12
13141,4373,304,2,121.41,242.82
13142,4373,172,3,53.49,160.47
13143,4374,91,4,103.05,412.20
13144,4374,83,4,138.27,553.08
13145,4374,203,1,59.44,59.44
13146,4375,175,1,239.58,239.58
13147,4375,195,1,46.99,46.99
13148,4375,222,4,106.41,425.64
13149,4376,86,4,137.39,549.56
13150,4376,231,3,170.32,510.96
13151,4376,115,4,559.60,2238.40
13152,4377,49,4,109.83,439.32
13153,4377,95,2,198.29,396.58
13154,4377,196,1,68.93,68.93
13155,4378,56,1,408.87,408.87
13156,4378,243,1,471.30,471.30
13157,4378,186,2,324.89,649.78
13158,4379,184,2,103.83,207.66
13159,4379,174,2,93.41,186.82
13160,4379,155,4,80.38,321.52
13161,4380,106,4,502.86,2011.44
13162,4380,93,3,73.99,221.97
13163,4380,302,3,17.70,53.10
13164,4381,222,2,106.41,212.82
13165,4381,179,4,367.91,1471.64
13166,4381,320,1,125.31,125.31
13167,4382,87,1,116.31,116.31
13168,4382,248,2,4473.97,8947.94
13169,4382,245,4,75.04,300.16
13170,4383,183,4,229.08,916.32
13171,4383,158,1,210.26,210.26
13172,4383,53,1,26.41,26.41
13173,4384,91,2,103.05,206.10
13174,4384,232,3,117.39,352.17
13175,4384,179,3,367.91,1103.73
13176,4385,157,1,2380.02,2380.02
13177,4385,36,3,184.31,552.93
13178,4385,260,1,95.74,95.74
13179,4386,218,4,49.88,199.52
13180,4386,33,4,618.92,2475.68
13181,4386,195,4,46.99,187.96
13182,4387,328,1,180.51,180.51
13183,4387,274,1,72.47,72.47
13184,4387,123,1,340.07,340.07
13185,4388,278,2,405.40,810.80
13186,4388,56,2,408.87,817.74
13187,4388,211,1,391.93,391.93
13188,4389,167,3,125.02,375.06
13189,4389,78,4,252.79,1011.16
13190,4389,47,4,100.93,403.72
13191,4390,53,1,26.41,26.41
13192,4390,225,1,267.00,267.00
13193,4390,226,4,106.24,424.96
13194,4391,257,3,77.56,232.68
13195,4391,135,3,176.88,530.64
13196,4391,251,2,87.96,175.92
13197,4392,203,1,59.44,59.44
13198,4392,111,4,215.02,860.08
13199,4392,227,1,154.78,154.78
13200,4393,33,3,618.92,1856.76
13201,4393,172,3,53.49,160.47
13202,4393,15,3,602.60,1807.80
13203,4394,105,1,63.28,63.28
13204,4394,9,1,1355.55,1355.55
13205,4394,208,1,5119.77,5119.77
13206,4395,103,3,88.38,265.14
13207,4395,163,4,150.26,601.04
13208,4395,231,4,170.32,681.28
13209,4396,233,1,107.91,107.91
13210,4396,218,2,49.88,99.76
13211,4396,89,4,185.24,740.96
13212,4397,134,2,261.22,522.44
13213,4397,121,4,376.95,1507.80
13214,4397,80,2,180.81,361.62
13215,4398,98,3,116.76,350.28
13216,4398,137,2,197.81,395.62
13217,4398,155,1,80.38,80.38
13218,4399,238,1,108.52,108.52
13219,4399,225,3,267.00,801.00
13220,4399,134,1,261.22,261.22
13221,4400,332,1,122.23,122.23
13222,4400,322,3,161.49,484.47
13223,4400,152,2,133.94,267.88
13224,4401,260,1,95.74,95.74
13225,4401,316,3,110.67,332.01
13226,4401,276,4,1553.72,6214.88
13227,4402,93,4,73.99,295.96
13228,4402,332,4,122.23,488.92
13229,4402,60,3,301.85,905.55
13230,4403,43,4,930.93,3723.72
13231,4403,197,3,111.56,334.68
13232,4403,171,1,49.52,49.52
13233,4404,177,1,173.92,173.92
13234,4404,319,2,129.86,259.72
13235,4404,128,1,1363.48,1363.48
13236,4405,311,1,32.45,32.45
13237,4405,275,1,110.46,110.46
13238,4405,271,4,1470.33,5881.32
13239,4406,98,4,116.76,467.04
13240,4406,93,4,73.99,295.96
13241,4406,241,4,237.51,950.04
13242,4407,139,1,392.73,392.73
13243,4407,283,2,594.23,1188.46
13244,4407,28,3,30.65,91.95
13245,4408,206,1,125.45,125.45
13246,4408,328,1,180.51,180.51
13247,4408,7,2,158.64,317.28
13248,4409,63,1,176.42,176.42
13249,4409,304,1,121.41,121.41
13250,4409,117,1,795.33,795.33
13251,4410,101,1,156.57,156.57
13252,4410,172,3,53.49,160.47
13253,4410,296,3,101.13,303.39
13254,4411,266,4,379.02,1516.08
13255,4411,100,2,912.50,1825.00
13256,4411,214,3,522.07,1566.21
13257,4412,222,1,106.41,106.41
13258,4412,217,3,324.83,974.49
13259,4412,272,1,77.63,77.63
13260,4413,287,4,553.36,2213.44
13261,4413,33,2,618.92,1237.84
13262,4413,298,1,103.05,103.05
13263,4414,146,3,364.03,1092.09
13264,4414,260,3,95.74,287.22
13265,4414,153,3,41.42,124.26
13266,4415,230,1,64.40,64.40
13267,4415,48,1,124.35,124.35
13268,4415,190,1,4952.78,4952.78
13269,4416,14,1,430.90,430.90
13270,4416,168,2,84.08,168.16
13271,4416,256,2,255.06,510.12
13272,4417,261,1,61.79,61.79
13273,4417,184,4,103.83,415.32
13274,4417,330,4,120.68,482.72
13275,4418,293,3,9518.10,28554.30
13276,4418,22,1,709.66,709.66
13277,4418,137,3,197.81,593.43
13278,4419,12,3,423.08,1269.24
13279,4419,322,4,161.49,645.96
13280,4419,213,3,231.12,693.36
13281,4420,313,4,49.11,196.44
13282,4420,24,1,136.38,136.38
13283,4420,33,3,618.92,1856.76
13284,4421,143,2,55.35,110.70
13285,4421,50,2,293.39,586.78
13286,4421,62,3,56.51,169.53
13287,4422,292,1,40.52,40.52
13288,4422,68,2,416.05,832.10
13289,4422,218,3,49.88,149.64
13290,4423,32,1,604.32,604.32
13291,4423,254,2,196.52,393.04
13292,4423,49,3,109.83,329.49
13293,4424,122,4,130.97,523.88
13294,4424,275,2,110.46,220.92
13295,4424,75,1,63.53,63.53
13296,4425,140,1,558.26,558.26
13297,4425,206,4,125.45,501.80
13298,4425,285,4,6751.40,27005.60
13299,4426,155,4,80.38,321.52
13300,4426,72,4,201.58,806.32
13301,4426,29,2,74.94,149.88
13302,4427,102,1,39.38,39.38
13303,4427,139,2,392.73,785.46
13304,4427,233,2,107.91,215.82
13305,4428,215,4,136.44,545.76
13306,4428,199,2,122.30,244.60
13307,4428,70,4,79.39,317.56
13308,4429,322,4,161.49,645.96
13309,4429,117,1,795.33,795.33
13310,4429,323,1,43.39,43.39
13311,4430,63,1,176.42,176.42
13312,4430,128,3,1363.48,4090.44
13313,4430,291,4,25.62,102.48
13314,4431,55,3,361.92,1085.76
13315,4431,325,2,108.41,216.82
13316,4431,334,4,173.02,692.08
13317,4432,301,2,136.93,273.86
13318,4432,61,4,175.93,703.72
13319,4432,49,3,109.83,329.49
13320,4433,303,1,199.54,199.54
13321,4433,89,1,185.24,185.24
13322,4433,329,3,124.79,374.37
13323,4434,115,1,559.60,559.60
13324,4434,311,2,32.45,64.90
13325,4434,226,3,106.24,318.72
13326,4435,27,4,485.13,1940.52
13327,4435,170,2,845.55,1691.10
13328,4435,92,1,243.24,243.24
13329,4436,277,1,198.38,198.38
13330,4436,208,4,5119.77,20479.08
13331,4436,129,4,120.28,481.12
13332,4437,102,2,39.38,78.76
13333,4437,168,4,84.08,336.32
13334,4437,212,3,1815.77,5447.31
13335,4438,203,4,59.44,237.76
13336,4438,110,4,81.80,327.20
13337,4438,121,1,376.95,376.95
13338,4439,152,4,133.94,535.76
13339,4439,272,3,77.63,232.89
13340,4439,57,1,425.93,425.93
13341,4440,202,4,109.28,437.12
13342,4440,82,2,80.11,160.22
13343,4440,178,3,110.15,330.45
13344,4441,153,4,41.42,165.68
13345,4441,47,2,100.93,201.86
13346,4441,114,2,59.81,119.62
13347,4442,77,4,90.53,362.12
13348,4442,79,2,221.90,443.80
13349,4442,111,2,215.02,430.04
13350,4443,309,4,132.91,531.64
13351,4443,101,1,156.57,156.57
13352,4443,231,4,170.32,681.28
13353,4444,1,1,41.61,41.61
13354,4444,286,2,65.95,131.90
13355,4444,277,1,198.38,198.38
13356,4445,35,2,166.21,332.42
13357,4445,92,2,243.24,486.48
13358,4445,44,1,86.79,86.79
13359,4446,19,3,79.80,239.40
13360,4446,184,2,103.83,207.66
13361,4446,218,1,49.88,49.88
13362,4447,174,2,93.41,186.82
13363,4447,236,3,54.07,162.21
13364,4447,106,4,502.86,2011.44
13365,4448,162,4,803.06,3212.24
13366,4448,321,1,105.04,105.04
13367,4448,177,1,173.92,173.92
13368,4449,210,1,107.66,107.66
13369,4449,294,1,133.99,133.99
13370,4449,27,2,485.13,970.26
13371,4450,119,4,329.12,1316.48
13372,4450,287,4,553.36,2213.44
13373,4450,321,2,105.04,210.08
13374,4451,272,1,77.63,77.63
13375,4451,67,3,663.51,1990.53
13376,4451,207,1,62.51,62.51
13377,4452,302,2,17.70,35.40
13378,4452,161,4,258.97,1035.88
13379,4452,311,4,32.45,129.80
13380,4453,15,3,602.60,1807.80
13381,4453,72,2,201.58,403.16
13382,4453,20,4,49.24,196.96
13383,4454,186,2,324.89,649.78
13384,4454,245,1,75.04,75.04
13385,4454,58,4,158.45,633.80
13386,4455,44,1,86.79,86.79
13387,4455,100,4,912.50,3650.00
13388,4455,54,2,73.34,146.68
13389,4456,301,4,136.93,547.72
13390,4456,41,4,82.03,328.12
13391,4456,261,3,61.79,185.37
13392,4457,208,4,5119.77,20479.08
13393,4457,207,1,62.51,62.51
13394,4457,107,1,136.14,136.14
13395,4458,266,1,379.02,379.02
13396,4458,55,4,361.92,1447.68
13397,4458,323,1,43.39,43.39
13398,4459,147,2,143.83,287.66
13399,4459,90,3,226.17,678.51
13400,4459,159,4,176.40,705.60
13401,4460,20,2,49.24,98.48
13402,4460,185,2,118.55,237.10
13403,4460,127,4,242.46,969.84
13404,4461,37,3,5435.24,16305.72
13405,4461,261,2,61.79,123.58
13406,4461,131,1,151.63,151.63
13407,4462,249,1,333.60,333.60
13408,4462,22,4,709.66,2838.64
13409,4462,212,1,1815.77,1815.77
13410,4463,254,4,196.52,786.08
13411,4463,158,4,210.26,841.04
13412,4463,296,2,101.13,202.26
13413,4464,102,3,39.38,118.14
13414,4464,252,3,576.27,1728.81
13415,4464,52,2,36.58,73.16
13416,4465,107,2,136.14,272.28
13417,4465,276,2,1553.72,3107.44
13418,4465,316,1,110.67,110.67
13419,4466,114,4,59.81,239.24
13420,4466,162,4,803.06,3212.24
13421,4466,254,1,196.52,196.52
13422,4467,195,3,46.99,140.97
13423,4467,165,1,257.39,257.39
13424,4467,309,2,132.91,265.82
13425,4468,325,3,108.41,325.23
13426,4468,105,1,63.28,63.28
13427,4468,252,3,576.27,1728.81
13428,4469,319,3,129.86,389.58
13429,4469,22,4,709.66,2838.64
13430,4469,162,1,803.06,803.06
13431,4470,281,4,34.70,138.80
13432,4470,239,3,642.80,1928.40
13433,4470,144,4,1176.11,4704.44
13434,4471,42,3,288.25,864.75
13435,4471,328,2,180.51,361.02
13436,4471,18,4,4347.52,17390.08
13437,4472,174,2,93.41,186.82
13438,4472,59,2,1165.61,2331.22
13439,4472,11,1,88.33,88.33
13440,4473,295,3,207.06,621.18
13441,4473,296,2,101.13,202.26
13442,4473,50,4,293.39,1173.56
13443,4474,46,4,64.02,256.08
13444,4474,137,3,197.81,593.43
13445,4474,50,1,293.39,293.39
13446,4475,77,3,90.53,271.59
13447,4475,238,4,108.52,434.08
13448,4475,331,4,54.96,219.84
13449,4476,103,2,88.38,176.76
13450,4476,110,4,81.80,327.20
13451,4476,319,4,129.86,519.44
13452,4477,315,1,69.11,69.11
13453,4477,67,1,663.51,663.51
13454,4477,270,2,777.12,1554.24
13455,4478,2,2,54.72,109.44
13456,4478,225,1,267.00,267.00
13457,4478,11,4,88.33,353.32
13458,4479,42,2,288.25,576.50
13459,4479,172,3,53.49,160.47
13460,4479,136,3,407.27,1221.81
13461,4480,309,1,132.91,132.91
13462,4480,174,2,93.41,186.82
13463,4480,70,1,79.39,79.39
13464,4481,5,4,312.42,1249.68
13465,4481,82,3,80.11,240.33
13466,4481,302,3,17.70,53.10
13467,4482,283,1,594.23,594.23
13468,4482,148,4,640.43,2561.72
13469,4482,107,2,136.14,272.28
13470,4483,38,3,2984.65,8953.95
13471,4483,332,2,122.23,244.46
13472,4483,62,4,56.51,226.04
13473,4484,229,3,182.92,548.76
13474,4484,81,2,24.00,48.00
13475,4484,260,1,95.74,95.74
13476,4485,317,2,85.93,171.86
13477,4485,115,2,559.60,1119.20
13478,4485,103,4,88.38,353.52
13479,4486,65,2,114.10,228.20
13480,4486,157,3,2380.02,7140.06
13481,4486,13,1,44.19,44.19
13482,4487,24,3,136.38,409.14
13483,4487,249,2,333.60,667.20
13484,4487,188,3,50.01,150.03
13485,4488,316,1,110.67,110.67
13486,4488,21,4,37.53,150.12
13487,4488,229,3,182.92,548.76
13488,4489,40,3,62.79,188.37
13489,4489,292,2,40.52,81.04
13490,4489,324,4,183.99,735.96
13491,4490,297,4,83.28,333.12
13492,4490,238,1,108.52,108.52
13493,4490,215,4,136.44,545.76
13494,4491,92,3,243.24,729.72
13495,4491,110,3,81.80,245.40
13496,4491,274,4,72.47,289.88
13497,4492,125,3,319.28,957.84
13498,4492,59,4,1165.61,4662.44
13499,4492,143,4,55.35,221.40
13500,4493,216,3,27.57,82.71
13501,4493,92,2,243.24,486.48
13502,4493,243,4,471.30,1885.20
13503,4494,332,1,122.23,122.23
13504,4494,28,1,30.65,30.65
13505,4494,316,4,110.67,442.68
13506,4495,250,4,725.02,2900.08
13507,4495,253,3,32.75,98.25
13508,4495,220,1,38.34,38.34
13509,4496,40,1,62.79,62.79
13510,4496,100,3,912.50,2737.50
13511,4496,141,3,482.39,1447.17
13512,4497,130,4,261.07,1044.28
13513,4497,142,3,544.13,1632.39
13514,4497,93,3,73.99,221.97
13515,4498,92,4,243.24,972.96
13516,4498,38,2,2984.65,5969.30
13517,4498,132,4,152.84,611.36
13518,4499,151,1,52.78,52.78
13519,4499,135,2,176.88,353.76
13520,4499,267,3,276.85,830.55
13521,4500,197,4,111.56,446.24
13522,4500,272,4,77.63,310.52
13523,4500,19,2,79.80,159.60
13524,4501,123,4,340.07,1360.28
13525,4501,155,3,80.38,241.14
13526,4501,30,4,165.44,661.76
13527,4502,297,2,83.28,166.56
13528,4502,128,1,1363.48,1363.48
13529,4502,269,4,107.58,430.32
13530,4503,41,2,82.03,164.06
13531,4503,241,3,237.51,712.53
13532,4503,198,1,124.56,124.56
13533,4504,140,1,558.26,558.26
13534,4504,295,2,207.06,414.12
13535,4504,279,1,41.73,41.73
13536,4505,111,1,215.02,215.02
13537,4505,306,1,184.88,184.88
13538,4505,16,2,82.24,164.48
13539,4506,221,2,484.99,969.98
13540,4506,158,2,210.26,420.52
13541,4506,144,4,1176.11,4704.44
13542,4507,89,3,185.24,555.72
13543,4507,197,4,111.56,446.24
13544,4507,90,1,226.17,226.17
13545,4508,145,2,369.80,739.60
13546,4508,106,4,502.86,2011.44
13547,4508,55,2,361.92,723.84
13548,4509,65,1,114.10,114.10
13549,4509,81,4,24.00,96.00
13550,4509,213,4,231.12,924.48
13551,4510,39,4,265.80,1063.20
13552,4510,185,3,118.55,355.65
13553,4510,118,3,123.08,369.24
13554,4511,51,1,223.70,223.70
13555,4511,318,4,27.43,109.72
13556,4511,150,3,223.54,670.62
13557,4512,165,2,257.39,514.78
13558,4512,157,4,2380.02,9520.08
13559,4512,128,4,1363.48,5453.92
13560,4513,101,2,156.57,313.14
13561,4513,249,1,333.60,333.60
13562,4513,177,2,173.92,347.84
13563,4514,157,4,2380.02,9520.08
13564,4514,140,1,558.26,558.26
13565,4514,84,1,214.78,214.78
13566,4515,144,4,1176.11,4704.44
13567,4515,303,2,199.54,399.08
13568,4515,17,1,189.07,189.07
13569,4516,233,3,107.91,323.73
13570,4516,147,3,143.83,431.49
13571,4516,317,1,85.93,85.93
13572,4517,213,3,231.12,693.36
13573,4517,131,4,151.63,606.52
13574,4517,287,1,553.36,553.36
13575,4518,246,1,42.72,42.72
13576,4518,230,1,64.40,64.40
13577,4518,140,3,558.26,1674.78
13578,4519,146,2,364.03,728.06
13579,4519,201,1,83.06,83.06
13580,4519,105,4,63.28,253.12
13581,4520,55,4,361.92,1447.68
13582,4520,236,1,54.07,54.07
13583,4520,297,3,83.28,249.84
13584,4521,247,4,127.32,509.28
13585,4521,157,4,2380.02,9520.08
13586,4521,21,2,37.53,75.06
13587,4522,242,4,798.53,3194.12
13588,4522,251,3,87.96,263.88
13589,4522,18,3,4347.52,13042.56
13590,4523,125,1,319.28,319.28
13591,4523,302,4,17.70,70.80
13592,4523,293,4,9518.10,38072.40
13593,4524,210,4,107.66,430.64
13594,4524,48,1,124.35,124.35
13595,4524,133,3,153.60,460.80
13596,4525,155,2,80.38,160.76
13597,4525,38,1,2984.65,2984.65
13598,4525,275,2,110.46,220.92
13599,4526,39,1,265.80,265.80
13600,4526,213,1,231.12,231.12
13601,4526,36,1,184.31,184.31
13602,4527,155,3,80.38,241.14
13603,4527,31,2,79.21,158.42
13604,4527,145,1,369.80,369.80
13605,4528,74,3,306.84,920.52
13606,4528,135,2,176.88,353.76
13607,4528,226,4,106.24,424.96
13608,4529,139,4,392.73,1570.92
13609,4529,89,1,185.24,185.24
13610,4529,146,4,364.03,1456.12
13611,4530,32,4,604.32,2417.28
13612,4530,283,4,594.23,2376.92
13613,4530,334,3,173.02,519.06
13614,4531,328,4,180.51,722.04
13615,4531,239,1,642.80,642.80
13616,4531,166,1,122.59,122.59
13617,4532,298,4,103.05,412.20
13618,4532,170,2,845.55,1691.10
13619,4532,113,4,545.60,2182.40
13620,4533,12,2,423.08,846.16
13621,4533,265,2,192.94,385.88
13622,4533,37,4,5435.24,21740.96
13623,4534,63,3,176.42,529.26
13624,4534,82,4,80.11,320.44
13625,4534,32,4,604.32,2417.28
13626,4535,30,4,165.44,661.76
13627,4535,235,4,1867.81,7471.24
13628,4535,204,4,362.70,1450.80
13629,4536,102,2,39.38,78.76
13630,4536,137,4,197.81,791.24
13631,4536,77,2,90.53,181.06
13632,4537,63,2,176.42,352.84
13633,4537,13,3,44.19,132.57
13634,4537,275,3,110.46,331.38
13635,4538,199,4,122.30,489.20
13636,4538,113,3,545.60,1636.80
13637,4538,145,3,369.80,1109.40
13638,4539,146,4,364.03,1456.12
13639,4539,266,4,379.02,1516.08
13640,4539,66,4,41.56,166.24
13641,4540,115,3,559.60,1678.80
13642,4540,196,4,68.93,275.72
13643,4540,76,1,49.74,49.74
13644,4541,137,1,197.81,197.81
13645,4541,115,4,559.60,2238.40
13646,4541,227,1,154.78,154.78
13647,4542,13,1,44.19,44.19
13648,4542,82,4,80.11,320.44
13649,4542,72,1,201.58,201.58
13650,4543,20,2,49.24,98.48
13651,4543,101,2,156.57,313.14
13652,4543,35,4,166.21,664.84
13653,4544,199,4,122.30,489.20
13654,4544,200,1,51.39,51.39
13655,4544,298,3,103.05,309.15
13656,4545,28,3,30.65,91.95
13657,4545,302,4,17.70,70.80
13658,4545,118,2,123.08,246.16
13659,4546,175,2,239.58,479.16
13660,4546,45,3,5111.42,15334.26
13661,4546,240,1,26.71,26.71
13662,4547,309,1,132.91,132.91
13663,4547,213,1,231.12,231.12
13664,4547,44,1,86.79,86.79
13665,4548,110,3,81.80,245.40
13666,4548,131,3,151.63,454.89
13667,4548,255,3,71.89,215.67
13668,4549,136,3,407.27,1221.81
13669,4549,285,3,6751.40,20254.20
13670,4549,281,4,34.70,138.80
13671,4550,133,4,153.60,614.40
13672,4550,295,2,207.06,414.12
13673,4550,163,1,150.26,150.26
13674,4551,117,4,795.33,3181.32
13675,4551,84,4,214.78,859.12
13676,4551,281,2,34.70,69.40
13677,4552,296,1,101.13,101.13
13678,4552,24,1,136.38,136.38
13679,4552,288,4,236.80,947.20
13680,4553,169,2,537.24,1074.48
13681,4553,325,2,108.41,216.82
13682,4553,267,1,276.85,276.85
13683,4554,109,2,21.64,43.28
13684,4554,67,4,663.51,2654.04
13685,4554,18,3,4347.52,13042.56
13686,4555,15,2,602.60,1205.20
13687,4555,148,1,640.43,640.43
13688,4555,281,4,34.70,138.80
13689,4556,226,3,106.24,318.72
13690,4556,258,3,57.78,173.34
13691,4556,30,4,165.44,661.76
13692,4557,119,3,329.12,987.36
13693,4557,155,1,80.38,80.38
13694,4557,313,4,49.11,196.44
13695,4558,308,3,143.10,429.30
13696,4558,102,3,39.38,118.14
13697,4558,240,2,26.71,53.42
13698,4559,179,2,367.91,735.82
13699,4559,126,1,105.42,105.42
13700,4559,222,1,106.41,106.41
13701,4560,229,4,182.92,731.68
13702,4560,141,2,482.39,964.78
13703,4560,283,1,594.23,594.23
13704,4561,166,4,122.59,490.36
13705,4561,108,2,368.57,737.14
13706,4561,83,3,138.27,414.81
13707,4562,331,3,54.96,164.88
13708,4562,56,2,408.87,817.74
13709,4562,139,1,392.73,392.73
13710,4563,224,4,203.37,813.48
13711,4563,25,3,70.53,211.59
13712,4563,74,2,306.84,613.68
13713,4564,144,3,1176.11,3528.33
13714,4564,332,2,122.23,244.46
13715,4564,152,3,133.94,401.82
13716,4565,107,4,136.14,544.56
13717,4565,245,3,75.04,225.12
13718,4565,17,2,189.07,378.14
13719,4566,294,4,133.99,535.96
13720,4566,23,1,477.55,477.55
13721,4566,149,4,63.35,253.40
13722,4567,1,1,41.61,41.61
13723,4567,59,3,1165.61,3496.83
13724,4567,144,3,1176.11,3528.33
13725,4568,38,2,2984.65,5969.30
13726,4568,92,3,243.24,729.72
13727,4568,13,4,44.19,176.76
13728,4569,92,2,243.24,486.48
13729,4569,279,3,41.73,125.19
13730,4569,196,2,68.93,137.86
13731,4570,236,1,54.07,54.07
13732,4570,53,4,26.41,105.64
13733,4570,258,2,57.78,115.56
13734,4571,153,3,41.42,124.26
13735,4571,193,3,9668.18,29004.54
13736,4571,110,1,81.80,81.80
13737,4572,95,3,198.29,594.87
13738,4572,52,1,36.58,36.58
13739,4572,43,2,930.93,1861.86
13740,4573,275,3,110.46,331.38
13741,4573,153,1,41.42,41.42
13742,4573,51,3,223.70,671.10
13743,4574,239,4,642.80,2571.20
13744,4574,234,3,157.34,472.02
13745,4574,151,3,52.78,158.34
13746,4575,71,2,81.12,162.24
13747,4575,152,2,133.94,267.88
13748,4575,327,3,91.25,273.75
13749,4576,26,2,979.66,1959.32
13750,4576,120,3,532.02,1596.06
13751,4576,293,1,9518.10,9518.10
13752,4577,224,2,203.37,406.74
13753,4577,15,2,602.60,1205.20
13754,4577,88,1,92.09,92.09
13755,4578,8,2,92.31,184.62
13756,4578,130,3,261.07,783.21
13757,4578,106,4,502.86,2011.44
13758,4579,75,1,63.53,63.53
13759,4579,270,1,777.12,777.12
13760,4579,4,4,70.68,282.72
13761,4580,152,3,133.94,401.82
13762,4580,303,1,199.54,199.54
13763,4580,191,1,217.48,217.48
13764,4581,310,1,106.27,106.27
13765,4581,203,3,59.44,178.32
13766,4581,309,1,132.91,132.91
13767,4582,332,1,122.23,122.23
13768,4582,68,2,416.05,832.10
13769,4582,179,3,367.91,1103.73
13770,4583,238,4,108.52,434.08
13771,4583,166,2,122.59,245.18
13772,4583,164,3,259.43,778.29
13773,4584,97,4,201.04,804.16
13774,4584,224,3,203.37,610.11
13775,4584,205,2,92.31,184.62
13776,4585,34,3,5015.04,15045.12
13777,4585,153,3,41.42,124.26
13778,4585,12,1,423.08,423.08
13779,4586,329,2,124.79,249.58
13780,4586,182,4,312.02,1248.08
13781,4586,38,2,2984.65,5969.30
13782,4587,129,3,120.28,360.84
13783,4587,208,3,5119.77,15359.31
13784,4587,128,3,1363.48,4090.44
13785,4588,76,1,49.74,49.74
13786,4588,8,4,92.31,369.24
13787,4588,284,4,33.21,132.84
13788,4589,191,3,217.48,652.44
13789,4589,282,4,314.44,1257.76
13790,4589,50,1,293.39,293.39
13791,4590,209,2,299.28,598.56
13792,4590,52,2,36.58,73.16
13793,4590,140,1,558.26,558.26
13794,4591,257,1,77.56,77.56
13795,4591,271,1,1470.33,1470.33
13796,4591,284,3,33.21,99.63
13797,4592,271,4,1470.33,5881.32
13798,4592,127,1,242.46,242.46
13799,4592,226,2,106.24,212.48
13800,4593,177,2,173.92,347.84
13801,4593,250,2,725.02,1450.04
13802,4593,4,4,70.68,282.72
13803,4594,328,4,180.51,722.04
13804,4594,120,2,532.02,1064.04
13805,4594,147,2,143.83,287.66
13806,4595,4,2,70.68,141.36
13807,4595,41,4,82.03,328.12
13808,4595,42,4,288.25,1153.00
13809,4596,144,1,1176.11,1176.11
13810,4596,238,2,108.52,217.04
13811,4596,41,3,82.03,246.09
13812,4597,148,4,640.43,2561.72
13813,4597,60,1,301.85,301.85
13814,4597,236,4,54.07,216.28
13815,4598,150,3,223.54,670.62
13816,4598,303,4,199.54,798.16
13817,4598,92,4,243.24,972.96
13818,4599,108,3,368.57,1105.71
13819,4599,215,3,136.44,409.32
13820,4599,52,2,36.58,73.16
13821,4600,70,2,79.39,158.78
13822,4600,161,1,258.97,258.97
13823,4600,147,4,143.83,575.32
13824,4601,279,2,41.73,83.46
13825,4601,228,2,148.63,297.26
13826,4601,93,1,73.99,73.99
13827,4602,262,4,177.88,711.52
13828,4602,43,3,930.93,2792.79
13829,4602,278,4,405.40,1621.60
13830,4603,56,4,408.87,1635.48
13831,4603,137,3,197.81,593.43
13832,4603,144,2,1176.11,2352.22
13833,4604,184,2,103.83,207.66
13834,4604,119,3,329.12,987.36
13835,4604,96,2,171.36,342.72
13836,4605,134,2,261.22,522.44
13837,4605,79,3,221.90,665.70
13838,4605,184,3,103.83,311.49
13839,4606,317,2,85.93,171.86
13840,4606,58,3,158.45,475.35
13841,4606,232,4,117.39,469.56
13842,4607,27,3,485.13,1455.39
13843,4607,90,3,226.17,678.51
13844,4607,171,2,49.52,99.04
13845,4608,6,2,536.76,1073.52
13846,4608,47,3,100.93,302.79
13847,4608,157,1,2380.02,2380.02
13848,4609,59,4,1165.61,4662.44
13849,4609,3,3,108.77,326.31
13850,4609,231,1,170.32,170.32
13851,4610,262,2,177.88,355.76
13852,4610,139,3,392.73,1178.19
13853,4610,219,4,662.92,2651.68
13854,4611,15,2,602.60,1205.20
13855,4611,267,2,276.85,553.70
13856,4611,10,1,42.91,42.91
13857,4612,70,3,79.39,238.17
13858,4612,219,3,662.92,1988.76
13859,4612,231,2,170.32,340.64
13860,4613,137,4,197.81,791.24
13861,4613,16,2,82.24,164.48
13862,4613,92,2,243.24,486.48
13863,4614,100,3,912.50,2737.50
13864,4614,181,1,181.57,181.57
13865,4614,221,3,484.99,1454.97
13866,4615,277,4,198.38,793.52
13867,4615,128,4,1363.48,5453.92
13868,4615,259,3,37.26,111.78
13869,4616,241,1,237.51,237.51
13870,4616,153,3,41.42,124.26
13871,4616,110,4,81.80,327.20
13872,4617,43,4,930.93,3723.72
13873,4617,17,1,189.07,189.07
13874,4617,270,2,777.12,1554.24
13875,4618,175,1,239.58,239.58
13876,4618,165,1,257.39,257.39
13877,4618,84,3,214.78,644.34
13878,4619,116,2,86.77,173.54
13879,4619,308,1,143.10,143.10
13880,4619,82,3,80.11,240.33
13881,4620,285,3,6751.40,20254.20
13882,4620,94,3,61.84,185.52
13883,4620,253,3,32.75,98.25
13884,4621,274,3,72.47,217.41
13885,4621,160,2,103.53,207.06
13886,4621,284,2,33.21,66.42
13887,4622,125,4,319.28,1277.12
13888,4622,165,1,257.39,257.39
13889,4622,156,3,138.39,415.17
13890,4623,318,3,27.43,82.29
13891,4623,326,3,127.79,383.37
13892,4623,295,1,207.06,207.06
13893,4624,265,2,192.94,385.88
13894,4624,279,4,41.73,166.92
13895,4624,255,1,71.89,71.89
13896,4625,219,4,662.92,2651.68
13897,4625,175,3,239.58,718.74
13898,4625,277,1,198.38,198.38
13899,4626,128,4,1363.48,5453.92
13900,4626,317,2,85.93,171.86
13901,4626,291,2,25.62,51.24
13902,4627,316,3,110.67,332.01
13903,4627,68,1,416.05,416.05
13904,4627,235,3,1867.81,5603.43
13905,4628,216,2,27.57,55.14
13906,4628,277,4,198.38,793.52
13907,4628,83,1,138.27,138.27
13908,4629,157,3,2380.02,7140.06
13909,4629,148,4,640.43,2561.72
13910,4629,286,2,65.95,131.90
13911,4630,138,4,75.42,301.68
13912,4630,71,3,81.12,243.36
13913,4630,143,3,55.35,166.05
13914,4631,276,4,1553.72,6214.88
13915,4631,87,2,116.31,232.62
13916,4631,47,4,100.93,403.72
13917,4632,176,3,204.81,614.43
13918,4632,212,1,1815.77,1815.77
13919,4632,48,4,124.35,497.40
13920,4633,101,3,156.57,469.71
13921,4633,198,4,124.56,498.24
13922,4633,143,2,55.35,110.70
13923,4634,48,3,124.35,373.05
13924,4634,117,2,795.33,1590.66
13925,4634,21,1,37.53,37.53
13926,4635,165,3,257.39,772.17
13927,4635,172,1,53.49,53.49
13928,4635,222,1,106.41,106.41
13929,4636,195,3,46.99,140.97
13930,4636,225,1,267.00,267.00
13931,4636,320,2,125.31,250.62
13932,4637,214,1,522.07,522.07
13933,4637,275,3,110.46,331.38
13934,4637,146,2,364.03,728.06
13935,4638,149,1,63.35,63.35
13936,4638,305,4,18.21,72.84
13937,4638,232,1,117.39,117.39
13938,4639,71,1,81.12,81.12
13939,4639,48,4,124.35,497.40
13940,4639,170,3,845.55,2536.65
13941,4640,95,2,198.29,396.58
13942,4640,331,1,54.96,54.96
13943,4640,142,2,544.13,1088.26
13944,4641,8,4,92.31,369.24
13945,4641,18,4,4347.52,17390.08
13946,4641,159,4,176.40,705.60
13947,4642,269,4,107.58,430.32
13948,4642,108,1,368.57,368.57
13949,4642,92,4,243.24,972.96
13950,4643,224,2,203.37,406.74
13951,4643,236,3,54.07,162.21
13952,4643,111,2,215.02,430.04
13953,4644,56,1,408.87,408.87
13954,4644,120,4,532.02,2128.08
13955,4644,335,3,117.27,351.81
13956,4645,11,3,88.33,264.99
13957,4645,278,2,405.40,810.80
13958,4645,2,4,54.72,218.88
13959,4646,242,4,798.53,3194.12
13960,4646,218,3,49.88,149.64
13961,4646,1,3,41.61,124.83
13962,4647,293,2,9518.10,19036.20
13963,4647,175,1,239.58,239.58
13964,4647,73,1,550.57,550.57
13965,4648,34,4,5015.04,20060.16
13966,4648,116,2,86.77,173.54
13967,4648,326,2,127.79,255.58
13968,4649,82,4,80.11,320.44
13969,4649,48,4,124.35,497.40
13970,4649,305,2,18.21,36.42
13971,4650,293,1,9518.10,9518.10
13972,4650,330,4,120.68,482.72
13973,4650,190,1,4952.78,4952.78
13974,4651,211,4,391.93,1567.72
13975,4651,78,4,252.79,1011.16
13976,4651,192,2,365.72,731.44
13977,4652,134,3,261.22,783.66
13978,4652,294,3,133.99,401.97
13979,4652,25,4,70.53,282.12
13980,4653,288,2,236.80,473.60
13981,4653,231,1,170.32,170.32
13982,4653,258,3,57.78,173.34
13983,4654,112,2,97.46,194.92
13984,4654,92,4,243.24,972.96
13985,4654,241,3,237.51,712.53
13986,4655,69,3,206.85,620.55
13987,4655,160,1,103.53,103.53
13988,4655,59,3,1165.61,3496.83
13989,4656,201,2,83.06,166.12
13990,4656,209,1,299.28,299.28
13991,4656,264,1,1374.60,1374.60
13992,4657,81,3,24.00,72.00
13993,4657,41,4,82.03,328.12
13994,4657,48,3,124.35,373.05
13995,4658,121,3,376.95,1130.85
13996,4658,35,2,166.21,332.42
13997,4658,174,2,93.41,186.82
13998,4659,302,2,17.70,35.40
13999,4659,142,2,544.13,1088.26
14000,4659,122,4,130.97,523.88
14001,4660,225,3,267.00,801.00
14002,4660,193,4,9668.18,38672.72
14003,4660,266,2,379.02,758.04
14004,4661,86,1,137.39,137.39
14005,4661,113,2,545.60,1091.20
14006,4661,12,3,423.08,1269.24
14007,4662,262,1,177.88,177.88
14008,4662,212,3,1815.77,5447.31
14009,4662,82,3,80.11,240.33
14010,4663,75,2,63.53,127.06
14011,4663,305,4,18.21,72.84
14012,4663,98,2,116.76,233.52
14013,4664,97,1,201.04,201.04
14014,4664,291,1,25.62,25.62
14015,4664,22,4,709.66,2838.64
14016,4665,261,4,61.79,247.16
14017,4665,6,1,536.76,536.76
14018,4665,262,4,177.88,711.52
14019,4666,223,2,467.04,934.08
14020,4666,27,2,485.13,970.26
14021,4666,52,4,36.58,146.32
14022,4667,206,3,125.45,376.35
14023,4667,313,1,49.11,49.11
14024,4667,248,3,4473.97,13421.91
14025,4668,294,2,133.99,267.98
14026,4668,325,4,108.41,433.64
14027,4668,116,2,86.77,173.54
14028,4669,124,1,201.32,201.32
14029,4669,320,2,125.31,250.62
14030,4669,245,2,75.04,150.08
14031,4670,22,1,709.66,709.66
14032,4670,239,2,642.80,1285.60
14033,4670,165,4,257.39,1029.56
14034,4671,199,2,122.30,244.60
14035,4671,286,3,65.95,197.85
14036,4671,46,4,64.02,256.08
14037,4672,311,3,32.45,97.35
14038,4672,274,4,72.47,289.88
14039,4672,244,4,70.80,283.20
14040,4673,332,1,122.23,122.23
14041,4673,248,4,4473.97,17895.88
14042,4673,84,2,214.78,429.56
14043,4674,60,1,301.85,301.85
14044,4674,163,4,150.26,601.04
14045,4674,93,1,73.99,73.99
14046,4675,115,3,559.60,1678.80
14047,4675,27,2,485.13,970.26
14048,4675,135,3,176.88,530.64
14049,4676,148,1,640.43,640.43
14050,4676,267,1,276.85,276.85
14051,4676,19,3,79.80,239.40
14052,4677,47,4,100.93,403.72
14053,4677,4,1,70.68,70.68
14054,4677,330,2,120.68,241.36
14055,4678,317,1,85.93,85.93
14056,4678,101,2,156.57,313.14
14057,4678,73,4,550.57,2202.28
14058,4679,36,3,184.31,552.93
14059,4679,129,2,120.28,240.56
14060,4679,68,4,416.05,1664.20
14061,4680,52,3,36.58,109.74
14062,4680,50,2,293.39,586.78
14063,4680,57,1,425.93,425.93
14064,4681,94,1,61.84,61.84
14065,4681,39,3,265.80,797.40
14066,4681,327,1,91.25,91.25
14067,4682,71,4,81.12,324.48
14068,4682,21,2,37.53,75.06
14069,4682,327,2,91.25,182.50
14070,4683,263,4,82.89,331.56
14071,4683,321,3,105.04,315.12
14072,4683,26,1,979.66,979.66
14073,4684,263,4,82.89,331.56
14074,4684,70,1,79.39,79.39
14075,4684,20,2,49.24,98.48
14076,4685,3,1,108.77,108.77
14077,4685,201,4,83.06,332.24
14078,4685,147,1,143.83,143.83
14079,4686,209,4,299.28,1197.12
14080,4686,86,2,137.39,274.78
14081,4686,297,2,83.28,166.56
14082,4687,310,2,106.27,212.54
14083,4687,30,2,165.44,330.88
14084,4687,131,3,151.63,454.89
14085,4688,119,1,329.12,329.12
14086,4688,219,2,662.92,1325.84
14087,4688,188,2,50.01,100.02
14088,4689,270,1,777.12,777.12
14089,4689,181,2,181.57,363.14
14090,4689,299,2,57.14,114.28
14091,4690,57,4,425.93,1703.72
14092,4690,31,4,79.21,316.84
14093,4690,240,4,26.71,106.84
14094,4691,163,2,150.26,300.52
14095,4691,58,2,158.45,316.90
14096,4691,77,2,90.53,181.06
14097,4692,37,1,5435.24,5435.24
14098,4692,306,4,184.88,739.52
14099,4692,12,4,423.08,1692.32
14100,4693,272,4,77.63,310.52
14101,4693,38,2,2984.65,5969.30
14102,4693,156,3,138.39,415.17
14103,4694,87,2,116.31,232.62
14104,4694,84,1,214.78,214.78
14105,4694,159,1,176.40,176.40
14106,4695,24,3,136.38,409.14
14107,4695,299,4,57.14,228.56
14108,4695,7,4,158.64,634.56
14109,4696,292,4,40.52,162.08
14110,4696,77,2,90.53,181.06
14111,4696,143,1,55.35,55.35
14112,4697,1,3,41.61,124.83
14113,4697,43,4,930.93,3723.72
14114,4697,279,1,41.73,41.73
14115,4698,223,1,467.04,467.04
14116,4698,111,3,215.02,645.06
14117,4698,27,1,485.13,485.13
14118,4699,137,2,197.81,395.62
14119,4699,164,2,259.43,518.86
14120,4699,220,4,38.34,153.36
14121,4700,318,1,27.43,27.43
14122,4700,239,3,642.80,1928.40
14123,4700,260,3,95.74,287.22
14124,4701,315,2,69.11,138.22
14125,4701,318,1,27.43,27.43
14126,4701,238,1,108.52,108.52
14127,4702,231,4,170.32,681.28
14128,4702,78,3,252.79,758.37
14129,4702,162,3,803.06,2409.18
14130,4703,61,2,175.93,351.86
14131,4703,102,3,39.38,118.14
14132,4703,1,1,41.61,41.61
14133,4704,115,2,559.60,1119.20
14134,4704,45,1,5111.42,5111.42
14135,4704,93,1,73.99,73.99
14136,4705,115,1,559.60,559.60
14137,4705,284,1,33.21,33.21
14138,4705,17,3,189.07,567.21
14139,4706,243,1,471.30,471.30
14140,4706,13,1,44.19,44.19
14141,4706,282,2,314.44,628.88
14142,4707,109,1,21.64,21.64
14143,4707,135,3,176.88,530.64
14144,4707,234,1,157.34,157.34
14145,4708,272,3,77.63,232.89
14146,4708,124,2,201.32,402.64
14147,4708,138,2,75.42,150.84
14148,4709,310,1,106.27,106.27
14149,4709,324,3,183.99,551.97
14150,4709,40,2,62.79,125.58
14151,4710,24,3,136.38,409.14
14152,4710,282,1,314.44,314.44
14153,4710,152,1,133.94,133.94
14154,4711,68,4,416.05,1664.20
14155,4711,132,2,152.84,305.68
14156,4711,277,1,198.38,198.38
14157,4712,116,4,86.77,347.08
14158,4712,187,3,53.46,160.38
14159,4712,113,2,545.60,1091.20
14160,4713,136,3,407.27,1221.81
14161,4713,169,4,537.24,2148.96
14162,4713,235,1,1867.81,1867.81
14163,4714,322,1,161.49,161.49
14164,4714,66,4,41.56,166.24
14165,4714,260,1,95.74,95.74
14166,4715,280,2,154.65,309.30
14167,4715,149,2,63.35,126.70
14168,4715,279,3,41.73,125.19
14169,4716,211,2,391.93,783.86
14170,4716,48,1,124.35,124.35
14171,4716,326,4,127.79,511.16
14172,4717,249,4,333.60,1334.40
14173,4717,284,2,33.21,66.42
14174,4717,140,1,558.26,558.26
14175,4718,96,2,171.36,342.72
14176,4718,138,3,75.42,226.26
14177,4718,154,3,174.02,522.06
14178,4719,92,1,243.24,243.24
14179,4719,11,4,88.33,353.32
14180,4719,269,1,107.58,107.58
14181,4720,6,1,536.76,536.76
14182,4720,192,3,365.72,1097.16
14183,4720,43,1,930.93,930.93
14184,4721,268,3,186.90,560.70
14185,4721,52,4,36.58,146.32
14186,4721,153,4,41.42,165.68
14187,4722,328,3,180.51,541.53
14188,4722,234,1,157.34,157.34
14189,4722,103,1,88.38,88.38
14190,4723,228,3,148.63,445.89
14191,4723,260,3,95.74,287.22
14192,4723,67,3,663.51,1990.53
14193,4724,250,2,725.02,1450.04
14194,4724,197,2,111.56,223.12
14195,4724,171,3,49.52,148.56
14196,4725,24,1,136.38,136.38
14197,4725,115,2,559.60,1119.20
14198,4725,177,3,173.92,521.76
14199,4726,276,2,1553.72,3107.44
14200,4726,9,1,1355.55,1355.55
14201,4726,88,4,92.09,368.36
14202,4727,277,2,198.38,396.76
14203,4727,227,3,154.78,464.34
14204,4727,163,3,150.26,450.78
14205,4728,89,4,185.24,740.96
14206,4728,253,2,32.75,65.50
14207,4728,33,4,618.92,2475.68
14208,4729,169,1,537.24,537.24
14209,4729,311,2,32.45,64.90
14210,4729,223,1,467.04,467.04
14211,4730,222,2,106.41,212.82
14212,4730,39,2,265.80,531.60
14213,4730,324,3,183.99,551.97
14214,4731,137,3,197.81,593.43
14215,4731,148,2,640.43,1280.86
14216,4731,230,4,64.40,257.60
14217,4732,277,1,198.38,198.38
14218,4732,43,2,930.93,1861.86
14219,4732,240,3,26.71,80.13
14220,4733,48,4,124.35,497.40
14221,4733,271,2,1470.33,2940.66
14222,4733,235,1,1867.81,1867.81
14223,4734,11,2,88.33,176.66
14224,4734,146,3,364.03,1092.09
14225,4734,192,4,365.72,1462.88
14226,4735,55,4,361.92,1447.68
14227,4735,98,4,116.76,467.04
14228,4735,205,1,92.31,92.31
14229,4736,149,4,63.35,253.40
14230,4736,121,4,376.95,1507.80
14231,4736,93,2,73.99,147.98
14232,4737,313,3,49.11,147.33
14233,4737,268,2,186.90,373.80
14234,4737,190,3,4952.78,14858.34
14235,4738,150,2,223.54,447.08
14236,4738,149,4,63.35,253.40
14237,4738,312,1,25.20,25.20
14238,4739,94,1,61.84,61.84
14239,4739,47,4,100.93,403.72
14240,4739,154,4,174.02,696.08
14241,4740,51,4,223.70,894.80
14242,4740,71,1,81.12,81.12
14243,4740,46,4,64.02,256.08
14244,4741,265,2,192.94,385.88
14245,4741,170,2,845.55,1691.10
14246,4741,220,4,38.34,153.36
14247,4742,86,4,137.39,549.56
14248,4742,221,3,484.99,1454.97
14249,4742,156,4,138.39,553.56
14250,4743,162,1,803.06,803.06
14251,4743,244,3,70.80,212.40
14252,4743,264,3,1374.60,4123.80
14253,4744,204,2,362.70,725.40
14254,4744,49,3,109.83,329.49
14255,4744,103,4,88.38,353.52
14256,4745,280,1,154.65,154.65
14257,4745,95,4,198.29,793.16
14258,4745,14,1,430.90,430.90
14259,4746,88,3,92.09,276.27
14260,4746,310,2,106.27,212.54
14261,4746,291,2,25.62,51.24
14262,4747,88,4,92.09,368.36
14263,4747,281,2,34.70,69.40
14264,4747,288,2,236.80,473.60
14265,4748,329,3,124.79,374.37
14266,4748,116,1,86.77,86.77
14267,4748,168,4,84.08,336.32
14268,4749,124,4,201.32,805.28
14269,4749,56,1,408.87,408.87
14270,4749,200,4,51.39,205.56
14271,4750,178,2,110.15,220.30
14272,4750,283,4,594.23,2376.92
14273,4750,266,3,379.02,1137.06
14274,4751,35,4,166.21,664.84
14275,4751,59,2,1165.61,2331.22
14276,4751,121,2,376.95,753.90
14277,4752,198,2,124.56,249.12
14278,4752,18,1,4347.52,4347.52
14279,4752,158,1,210.26,210.26
14280,4753,211,4,391.93,1567.72
14281,4753,310,1,106.27,106.27
14282,4753,335,3,117.27,351.81
14283,4754,73,4,550.57,2202.28
14284,4754,325,2,108.41,216.82
14285,4754,257,1,77.56,77.56
14286,4755,83,4,138.27,553.08
14287,4755,225,2,267.00,534.00
14288,4755,243,2,471.30,942.60
14289,4756,208,4,5119.77,20479.08
14290,4756,77,4,90.53,362.12
14291,4756,246,3,42.72,128.16
14292,4757,143,2,55.35,110.70
14293,4757,73,1,550.57,550.57
14294,4757,16,4,82.24,328.96
14295,4758,137,4,197.81,791.24
14296,4758,263,1,82.89,82.89
14297,4758,300,3,39.77,119.31
14298,4759,62,4,56.51,226.04
14299,4759,59,2,1165.61,2331.22
14300,4759,319,4,129.86,519.44
14301,4760,155,3,80.38,241.14
14302,4760,82,2,80.11,160.22
14303,4760,83,4,138.27,553.08
14304,4761,163,2,150.26,300.52
14305,4761,203,4,59.44,237.76
14306,4761,247,2,127.32,254.64
14307,4762,95,2,198.29,396.58
14308,4762,242,3,798.53,2395.59
14309,4762,270,4,777.12,3108.48
14310,4763,132,1,152.84,152.84
14311,4763,201,4,83.06,332.24
14312,4763,236,1,54.07,54.07
14313,4764,291,4,25.62,102.48
14314,4764,265,3,192.94,578.82
14315,4764,188,3,50.01,150.03
14316,4765,129,4,120.28,481.12
14317,4765,243,2,471.30,942.60
14318,4765,332,3,122.23,366.69
14319,4766,35,2,166.21,332.42
14320,4766,232,3,117.39,352.17
14321,4766,184,4,103.83,415.32
14322,4767,12,2,423.08,846.16
14323,4767,143,4,55.35,221.40
14324,4767,255,1,71.89,71.89
14325,4768,249,1,333.60,333.60
14326,4768,220,4,38.34,153.36
14327,4768,128,2,1363.48,2726.96
14328,4769,138,3,75.42,226.26
14329,4769,10,2,42.91,85.82
14330,4769,224,4,203.37,813.48
14331,4770,292,1,40.52,40.52
14332,4770,145,1,369.80,369.80
14333,4770,288,2,236.80,473.60
14334,4771,45,1,5111.42,5111.42
14335,4771,188,1,50.01,50.01
14336,4771,311,2,32.45,64.90
14337,4772,35,2,166.21,332.42
14338,4772,129,3,120.28,360.84
14339,4772,211,1,391.93,391.93
14340,4773,16,3,82.24,246.72
14341,4773,170,4,845.55,3382.20
14342,4773,220,1,38.34,38.34
14343,4774,186,4,324.89,1299.56
14344,4774,141,2,482.39,964.78
14345,4774,98,4,116.76,467.04
14346,4775,234,3,157.34,472.02
14347,4775,29,1,74.94,74.94
14348,4775,9,3,1355.55,4066.65
14349,4776,303,2,199.54,399.08
14350,4776,100,2,912.50,1825.00
14351,4776,126,3,105.42,316.26
14352,4777,88,2,92.09,184.18
14353,4777,35,1,166.21,166.21
14354,4777,283,3,594.23,1782.69
14355,4778,10,2,42.91,85.82
14356,4778,202,4,109.28,437.12
14357,4778,304,3,121.41,364.23
14358,4779,249,1,333.60,333.60
14359,4779,287,2,553.36,1106.72
14360,4779,277,3,198.38,595.14
14361,4780,54,3,73.34,220.02
14362,4780,26,4,979.66,3918.64
14363,4780,276,2,1553.72,3107.44
14364,4781,115,3,559.60,1678.80
14365,4781,27,1,485.13,485.13
14366,4781,21,4,37.53,150.12
14367,4782,15,3,602.60,1807.80
14368,4782,284,3,33.21,99.63
14369,4782,46,2,64.02,128.04
14370,4783,74,4,306.84,1227.36
14371,4783,183,2,229.08,458.16
14372,4783,275,4,110.46,441.84
14373,4784,291,2,25.62,51.24
14374,4784,34,1,5015.04,5015.04
14375,4784,116,2,86.77,173.54
14376,4785,273,1,173.28,173.28
14377,4785,172,1,53.49,53.49
14378,4785,96,1,171.36,171.36
14379,4786,280,2,154.65,309.30
14380,4786,301,3,136.93,410.79
14381,4786,316,2,110.67,221.34
14382,4787,91,3,103.05,309.15
14383,4787,237,1,188.93,188.93
14384,4787,135,1,176.88,176.88
14385,4788,198,4,124.56,498.24
14386,4788,212,2,1815.77,3631.54
14387,4788,280,3,154.65,463.95
14388,4789,210,3,107.66,322.98
14389,4789,29,1,74.94,74.94
14390,4789,5,2,312.42,624.84
14391,4790,53,4,26.41,105.64
14392,4790,135,3,176.88,530.64
14393,4790,269,4,107.58,430.32
14394,4791,171,1,49.52,49.52
14395,4791,150,2,223.54,447.08
14396,4791,122,4,130.97,523.88
14397,4792,188,4,50.01,200.04
14398,4792,36,4,184.31,737.24
14399,4792,164,4,259.43,1037.72
14400,4793,29,3,74.94,224.82
14401,4793,42,4,288.25,1153.00
14402,4793,31,1,79.21,79.21
14403,4794,219,3,662.92,1988.76
14404,4794,162,2,803.06,1606.12
14405,4794,294,3,133.99,401.97
14406,4795,5,1,312.42,312.42
14407,4795,207,2,62.51,125.02
14408,4795,63,4,176.42,705.68
14409,4796,91,2,103.05,206.10
14410,4796,179,2,367.91,735.82
14411,4796,232,2,117.39,234.78
14412,4797,154,3,174.02,522.06
14413,4797,259,1,37.26,37.26
14414,4797,178,2,110.15,220.30
14415,4798,57,1,425.93,425.93
14416,4798,270,2,777.12,1554.24
14417,4798,240,2,26.71,53.42
14418,4799,59,2,1165.61,2331.22
14419,4799,115,3,559.60,1678.80
14420,4799,38,3,2984.65,8953.95
14421,4800,53,1,26.41,26.41
14422,4800,74,2,306.84,613.68
14423,4800,188,4,50.01,200.04
14424,4801,50,2,293.39,586.78
14425,4801,325,3,108.41,325.23
14426,4801,169,2,537.24,1074.48
14427,4802,125,2,319.28,638.56
14428,4802,144,4,1176.11,4704.44
14429,4802,306,4,184.88,739.52
14430,4803,221,3,484.99,1454.97
14431,4803,4,2,70.68,141.36
14432,4803,104,1,2507.07,2507.07
14433,4804,253,3,32.75,98.25
14434,4804,238,1,108.52,108.52
14435,4804,260,2,95.74,191.48
14436,4805,115,3,559.60,1678.80
14437,4805,23,4,477.55,1910.20
14438,4805,298,4,103.05,412.20
14439,4806,214,1,522.07,522.07
14440,4806,240,4,26.71,106.84
14441,4806,129,3,120.28,360.84
14442,4807,286,4,65.95,263.80
14443,4807,139,4,392.73,1570.92
14444,4807,124,3,201.32,603.96
14445,4808,130,3,261.07,783.21
14446,4808,129,4,120.28,481.12
14447,4808,210,2,107.66,215.32
14448,4809,47,4,100.93,403.72
14449,4809,127,4,242.46,969.84
14450,4809,121,2,376.95,753.90
14451,4810,122,1,130.97,130.97
14452,4810,236,1,54.07,54.07
14453,4810,234,2,157.34,314.68
14454,4811,129,3,120.28,360.84
14455,4811,142,2,544.13,1088.26
14456,4811,286,4,65.95,263.80
14457,4812,280,3,154.65,463.95
14458,4812,267,4,276.85,1107.40
14459,4812,222,1,106.41,106.41
14460,4813,318,2,27.43,54.86
14461,4813,28,3,30.65,91.95
14462,4813,23,2,477.55,955.10
14463,4814,323,1,43.39,43.39
14464,4814,152,2,133.94,267.88
14465,4814,28,4,30.65,122.60
14466,4815,313,1,49.11,49.11
14467,4815,310,2,106.27,212.54
14468,4815,273,3,173.28,519.84
14469,4816,6,1,536.76,536.76
14470,4816,201,4,83.06,332.24
14471,4816,196,1,68.93,68.93
14472,4817,38,2,2984.65,5969.30
14473,4817,248,2,4473.97,8947.94
14474,4817,235,4,1867.81,7471.24
14475,4818,176,2,204.81,409.62
14476,4818,248,2,4473.97,8947.94
14477,4818,109,2,21.64,43.28
14478,4819,248,1,4473.97,4473.97
14479,4819,19,1,79.80,79.80
14480,4819,180,3,206.84,620.52
14481,4820,6,3,536.76,1610.28
14482,4820,161,2,258.97,517.94
14483,4820,3,3,108.77,326.31
14484,4821,250,4,725.02,2900.08
14485,4821,97,2,201.04,402.08
14486,4821,316,4,110.67,442.68
14487,4822,185,2,118.55,237.10
14488,4822,209,4,299.28,1197.12
14489,4822,144,2,1176.11,2352.22
14490,4823,178,3,110.15,330.45
14491,4823,280,4,154.65,618.60
14492,4823,295,2,207.06,414.12
14493,4824,110,2,81.80,163.60
14494,4824,97,1,201.04,201.04
14495,4824,60,2,301.85,603.70
14496,4825,47,2,100.93,201.86
14497,4825,141,1,482.39,482.39
14498,4825,257,4,77.56,310.24
14499,4826,143,3,55.35,166.05
14500,4826,280,4,154.65,618.60
14501,4826,10,3,42.91,128.73
14502,4827,103,3,88.38,265.14
14503,4827,284,3,33.21,99.63
14504,4827,87,3,116.31,348.93
14505,4828,262,1,177.88,177.88
14506,4828,306,4,184.88,739.52
14507,4828,244,3,70.80,212.40
14508,4829,18,1,4347.52,4347.52
14509,4829,135,2,176.88,353.76
14510,4829,219,4,662.92,2651.68
14511,4830,189,3,87.00,261.00
14512,4830,49,3,109.83,329.49
14513,4830,313,2,49.11,98.22
14514,4831,217,4,324.83,1299.32
14515,4831,254,3,196.52,589.56
14516,4831,11,3,88.33,264.99
14517,4832,152,4,133.94,535.76
14518,4832,180,4,206.84,827.36
14519,4832,178,3,110.15,330.45
14520,4833,40,2,62.79,125.58
14521,4833,186,4,324.89,1299.56
14522,4833,81,2,24.00,48.00
14523,4834,238,2,108.52,217.04
14524,4834,193,2,9668.18,19336.36
14525,4834,281,1,34.70,34.70
14526,4835,52,2,36.58,73.16
14527,4835,149,4,63.35,253.40
14528,4835,254,2,196.52,393.04
14529,4836,36,4,184.31,737.24
14530,4836,127,1,242.46,242.46
14531,4836,9,4,1355.55,5422.20
14532,4837,314,2,28.97,57.94
14533,4837,168,2,84.08,168.16
14534,4837,160,1,103.53,103.53
14535,4838,261,4,61.79,247.16
14536,4838,87,1,116.31,116.31
14537,4838,211,3,391.93,1175.79
14538,4839,216,4,27.57,110.28
14539,4839,93,3,73.99,221.97
14540,4839,21,4,37.53,150.12
14541,4840,113,3,545.60,1636.80
14542,4840,89,1,185.24,185.24
14543,4840,215,3,136.44,409.32
14544,4841,113,1,545.60,545.60
14545,4841,70,3,79.39,238.17
14546,4841,168,3,84.08,252.24
14547,4842,32,3,604.32,1812.96
14548,4842,123,1,340.07,340.07
14549,4842,13,1,44.19,44.19
14550,4843,313,3,49.11,147.33
14551,4843,163,4,150.26,601.04
14552,4843,215,1,136.44,136.44
14553,4844,152,4,133.94,535.76
14554,4844,296,2,101.13,202.26
14555,4844,120,2,532.02,1064.04
14556,4845,256,4,255.06,1020.24
14557,4845,326,3,127.79,383.37
14558,4845,315,2,69.11,138.22
14559,4846,123,2,340.07,680.14
14560,4846,96,2,171.36,342.72
14561,4846,268,3,186.90,560.70
14562,4847,159,4,176.40,705.60
14563,4847,15,4,602.60,2410.40
14564,4847,71,1,81.12,81.12
14565,4848,120,3,532.02,1596.06
14566,4848,264,1,1374.60,1374.60
14567,4848,44,4,86.79,347.16
14568,4849,174,2,93.41,186.82
14569,4849,45,2,5111.42,10222.84
14570,4849,128,1,1363.48,1363.48
14571,4850,262,1,177.88,177.88
14572,4850,92,3,243.24,729.72
14573,4850,113,3,545.60,1636.80
14574,4851,185,1,118.55,118.55
14575,4851,60,1,301.85,301.85
14576,4851,9,2,1355.55,2711.10
14577,4852,42,4,288.25,1153.00
14578,4852,151,1,52.78,52.78
14579,4852,83,1,138.27,138.27
14580,4853,160,2,103.53,207.06
14581,4853,25,4,70.53,282.12
14582,4853,207,3,62.51,187.53
14583,4854,245,3,75.04,225.12
14584,4854,313,3,49.11,147.33
14585,4854,219,1,662.92,662.92
14586,4855,124,3,201.32,603.96
14587,4855,70,1,79.39,79.39
14588,4855,305,4,18.21,72.84
14589,4856,85,1,279.78,279.78
14590,4856,226,1,106.24,106.24
14591,4856,285,2,6751.40,13502.80
14592,4857,261,1,61.79,61.79
14593,4857,323,3,43.39,130.17
14594,4857,36,1,184.31,184.31
14595,4858,79,1,221.90,221.90
14596,4858,199,4,122.30,489.20
14597,4858,51,2,223.70,447.40
14598,4859,113,3,545.60,1636.80
14599,4859,216,2,27.57,55.14
14600,4859,58,1,158.45,158.45
14601,4860,137,1,197.81,197.81
14602,4860,212,2,1815.77,3631.54
14603,4860,242,2,798.53,1597.06
14604,4861,116,3,86.77,260.31
14605,4861,170,3,845.55,2536.65
14606,4861,118,3,123.08,369.24
14607,4862,112,1,97.46,97.46
14608,4862,132,3,152.84,458.52
14609,4862,146,4,364.03,1456.12
14610,4863,7,2,158.64,317.28
14611,4863,54,4,73.34,293.36
14612,4863,168,2,84.08,168.16
14613,4864,160,3,103.53,310.59
14614,4864,29,2,74.94,149.88
14615,4864,40,3,62.79,188.37
14616,4865,326,2,127.79,255.58
14617,4865,99,2,4229.74,8459.48
14618,4865,21,1,37.53,37.53
14619,4866,218,4,49.88,199.52
14620,4866,91,4,103.05,412.20
14621,4866,144,4,1176.11,4704.44
14622,4867,241,4,237.51,950.04
14623,4867,266,3,379.02,1137.06
14624,4867,5,4,312.42,1249.68
14625,4868,193,2,9668.18,19336.36
14626,4868,139,3,392.73,1178.19
14627,4868,196,1,68.93,68.93
14628,4869,234,4,157.34,629.36
14629,4869,36,3,184.31,552.93
14630,4869,27,4,485.13,1940.52
14631,4870,84,2,214.78,429.56
14632,4870,106,3,502.86,1508.58
14633,4870,333,1,167.16,167.16
14634,4871,207,1,62.51,62.51
14635,4871,305,2,18.21,36.42
14636,4871,264,2,1374.60,2749.20
14637,4872,173,1,101.46,101.46
14638,4872,98,4,116.76,467.04
14639,4872,121,2,376.95,753.90
14640,4873,130,4,261.07,1044.28
14641,4873,208,1,5119.77,5119.77
14642,4873,181,3,181.57,544.71
14643,4874,153,3,41.42,124.26
14644,4874,10,2,42.91,85.82
14645,4874,233,1,107.91,107.91
14646,4875,329,4,124.79,499.16
14647,4875,282,2,314.44,628.88
14648,4875,134,4,261.22,1044.88
14649,4876,138,3,75.42,226.26
14650,4876,108,3,368.57,1105.71
14651,4876,92,4,243.24,972.96
14652,4877,268,1,186.90,186.90
14653,4877,261,3,61.79,185.37
14654,4877,225,4,267.00,1068.00
14655,4878,333,2,167.16,334.32
14656,4878,208,4,5119.77,20479.08
14657,4878,96,3,171.36,514.08
14658,4879,222,4,106.41,425.64
14659,4879,193,4,9668.18,38672.72
14660,4879,184,1,103.83,103.83
14661,4880,320,1,125.31,125.31
14662,4880,153,4,41.42,165.68
14663,4880,193,4,9668.18,38672.72
14664,4881,307,3,195.28,585.84
14665,4881,249,3,333.60,1000.80
14666,4881,320,4,125.31,501.24
14667,4882,26,3,979.66,2938.98
14668,4882,88,4,92.09,368.36
14669,4882,236,2,54.07,108.14
14670,4883,110,3,81.80,245.40
14671,4883,112,2,97.46,194.92
14672,4883,105,2,63.28,126.56
14673,4884,91,1,103.05,103.05
14674,4884,77,1,90.53,90.53
14675,4884,296,3,101.13,303.39
14676,4885,186,4,324.89,1299.56
14677,4885,248,2,4473.97,8947.94
14678,4885,108,1,368.57,368.57
14679,4886,319,3,129.86,389.58
14680,4886,331,2,54.96,109.92
14681,4886,67,1,663.51,663.51
14682,4887,236,3,54.07,162.21
14683,4887,278,2,405.40,810.80
14684,4887,40,4,62.79,251.16
14685,4888,240,2,26.71,53.42
14686,4888,237,2,188.93,377.86
14687,4888,235,4,1867.81,7471.24
14688,4889,200,4,51.39,205.56
14689,4889,261,4,61.79,247.16
14690,4889,301,1,136.93,136.93
14691,4890,253,4,32.75,131.00
14692,4890,270,3,777.12,2331.36
14693,4890,279,1,41.73,41.73
14694,4891,289,3,37.80,113.40
14695,4891,219,3,662.92,1988.76
14696,4891,232,2,117.39,234.78
14697,4892,43,2,930.93,1861.86
14698,4892,299,1,57.14,57.14
14699,4892,162,3,803.06,2409.18
14700,4893,31,1,79.21,79.21
14701,4893,324,3,183.99,551.97
14702,4893,63,1,176.42,176.42
14703,4894,290,4,744.49,2977.96
14704,4894,307,1,195.28,195.28
14705,4894,165,4,257.39,1029.56
14706,4895,149,3,63.35,190.05
14707,4895,332,4,122.23,488.92
14708,4895,284,4,33.21,132.84
14709,4896,282,3,314.44,943.32
14710,4896,78,3,252.79,758.37
14711,4896,79,4,221.90,887.60
14712,4897,185,3,118.55,355.65
14713,4897,125,3,319.28,957.84
14714,4897,285,2,6751.40,13502.80
14715,4898,300,1,39.77,39.77
14716,4898,270,2,777.12,1554.24
14717,4898,195,3,46.99,140.97
14718,4899,246,1,42.72,42.72
14719,4899,218,2,49.88,99.76
14720,4899,78,1,252.79,252.79
14721,4900,285,3,6751.40,20254.20
14722,4900,50,4,293.39,1173.56
14723,4900,98,2,116.76,233.52
14724,4901,303,1,199.54,199.54
14725,4901,201,3,83.06,249.18
14726,4901,199,1,122.30,122.30
14727,4902,104,4,2507.07,10028.28
14728,4902,75,1,63.53,63.53
14729,4902,107,3,136.14,408.42
14730,4903,5,3,312.42,937.26
14731,4903,159,4,176.40,705.60
14732,4903,187,4,53.46,213.84
14733,4904,283,3,594.23,1782.69
14734,4904,176,2,204.81,409.62
14735,4904,12,2,423.08,846.16
14736,4905,209,1,299.28,299.28
14737,4905,240,3,26.71,80.13
14738,4905,180,1,206.84,206.84
14739,4906,108,2,368.57,737.14
14740,4906,136,3,407.27,1221.81
14741,4906,240,2,26.71,53.42
14742,4907,323,2,43.39,86.78
14743,4907,259,3,37.26,111.78
14744,4907,21,1,37.53,37.53
14745,4908,300,4,39.77,159.08
14746,4908,318,2,27.43,54.86
14747,4908,64,2,72.56,145.12
14748,4909,17,2,189.07,378.14
14749,4909,330,1,120.68,120.68
14750,4909,123,2,340.07,680.14
14751,4910,251,2,87.96,175.92
14752,4910,245,3,75.04,225.12
14753,4910,225,2,267.00,534.00
14754,4911,327,3,91.25,273.75
14755,4911,141,1,482.39,482.39
14756,4911,2,2,54.72,109.44
14757,4912,212,2,1815.77,3631.54
14758,4912,19,4,79.80,319.20
14759,4912,137,3,197.81,593.43
14760,4913,164,4,259.43,1037.72
14761,4913,335,3,117.27,351.81
14762,4913,257,1,77.56,77.56
14763,4914,246,3,42.72,128.16
14764,4914,27,1,485.13,485.13
14765,4914,275,1,110.46,110.46
14766,4915,189,2,87.00,174.00
14767,4915,139,1,392.73,392.73
14768,4915,19,2,79.80,159.60
14769,4916,62,4,56.51,226.04
14770,4916,215,2,136.44,272.88
14771,4916,11,4,88.33,353.32
14772,4917,231,1,170.32,170.32
14773,4917,234,3,157.34,472.02
14774,4917,292,4,40.52,162.08
14775,4918,3,3,108.77,326.31
14776,4918,324,4,183.99,735.96
14777,4918,255,3,71.89,215.67
14778,4919,149,4,63.35,253.40
14779,4919,77,3,90.53,271.59
14780,4919,13,3,44.19,132.57
14781,4920,57,1,425.93,425.93
14782,4920,10,2,42.91,85.82
14783,4920,28,3,30.65,91.95
14784,4921,167,3,125.02,375.06
14785,4921,318,3,27.43,82.29
14786,4921,106,3,502.86,1508.58
14787,4922,144,4,1176.11,4704.44
14788,4922,285,3,6751.40,20254.20
14789,4922,30,2,165.44,330.88
14790,4923,152,3,133.94,401.82
14791,4923,221,1,484.99,484.99
14792,4923,149,3,63.35,190.05
14793,4924,225,2,267.00,534.00
14794,4924,83,1,138.27,138.27
14795,4924,220,2,38.34,76.68
14796,4925,117,2,795.33,1590.66
14797,4925,45,4,5111.42,20445.68
14798,4925,261,1,61.79,61.79
14799,4926,295,2,207.06,414.12
14800,4926,53,3,26.41,79.23
14801,4926,143,1,55.35,55.35
14802,4927,119,3,329.12,987.36
14803,4927,75,1,63.53,63.53
14804,4927,177,1,173.92,173.92
14805,4928,149,4,63.35,253.40
14806,4928,267,2,276.85,553.70
14807,4928,322,3,161.49,484.47
14808,4929,93,3,73.99,221.97
14809,4929,150,4,223.54,894.16
14810,4929,302,1,17.70,17.70
14811,4930,257,2,77.56,155.12
14812,4930,29,4,74.94,299.76
14813,4930,105,1,63.28,63.28
14814,4931,220,2,38.34,76.68
14815,4931,80,1,180.81,180.81
14816,4931,209,2,299.28,598.56
14817,4932,112,1,97.46,97.46
14818,4932,201,1,83.06,83.06
14819,4932,56,2,408.87,817.74
14820,4933,48,4,124.35,497.40
14821,4933,147,1,143.83,143.83
14822,4933,13,2,44.19,88.38
14823,4934,332,3,122.23,366.69
14824,4934,76,4,49.74,198.96
14825,4934,227,1,154.78,154.78
14826,4935,202,3,109.28,327.84
14827,4935,334,3,173.02,519.06
14828,4935,193,3,9668.18,29004.54
14829,4936,262,4,177.88,711.52
14830,4936,175,4,239.58,958.32
14831,4936,296,3,101.13,303.39
14832,4937,162,3,803.06,2409.18
14833,4937,232,1,117.39,117.39
14834,4937,317,4,85.93,343.72
14835,4938,148,2,640.43,1280.86
14836,4938,92,2,243.24,486.48
14837,4938,44,2,86.79,173.58
14838,4939,226,3,106.24,318.72
14839,4939,97,3,201.04,603.12
14840,4939,185,4,118.55,474.20
14841,4940,51,4,223.70,894.80
14842,4940,301,3,136.93,410.79
14843,4940,244,2,70.80,141.60
14844,4941,161,4,258.97,1035.88
14845,4941,131,4,151.63,606.52
14846,4941,164,4,259.43,1037.72
14847,4942,11,4,88.33,353.32
14848,4942,83,1,138.27,138.27
14849,4942,228,1,148.63,148.63
14850,4943,264,2,1374.60,2749.20
14851,4943,310,4,106.27,425.08
14852,4943,224,2,203.37,406.74
14853,4944,317,1,85.93,85.93
14854,4944,294,4,133.99,535.96
14855,4944,281,1,34.70,34.70
14856,4945,110,1,81.80,81.80
14857,4945,18,1,4347.52,4347.52
14858,4945,277,3,198.38,595.14
14859,4946,36,1,184.31,184.31
14860,4946,237,2,188.93,377.86
14861,4946,33,1,618.92,618.92
14862,4947,44,4,86.79,347.16
14863,4947,151,1,52.78,52.78
14864,4947,253,2,32.75,65.50
14865,4948,168,3,84.08,252.24
14866,4948,265,3,192.94,578.82
14867,4948,128,4,1363.48,5453.92
14868,4949,70,4,79.39,317.56
14869,4949,254,1,196.52,196.52
14870,4949,125,2,319.28,638.56
14871,4950,125,4,319.28,1277.12
14872,4950,132,3,152.84,458.52
14873,4950,242,4,798.53,3194.12
14874,4951,162,2,803.06,1606.12
14875,4951,254,3,196.52,589.56
14876,4951,184,2,103.83,207.66
14877,4952,149,4,63.35,253.40
14878,4952,252,1,576.27,576.27
14879,4952,20,4,49.24,196.96
14880,4953,242,4,798.53,3194.12
14881,4953,232,4,117.39,469.56
14882,4953,184,3,103.83,311.49
14883,4954,208,3,5119.77,15359.31
14884,4954,271,4,1470.33,5881.32
14885,4954,267,4,276.85,1107.40
14886,4955,228,3,148.63,445.89
14887,4955,83,4,138.27,553.08
14888,4955,117,4,795.33,3181.32
14889,4956,102,3,39.38,118.14
14890,4956,324,1,183.99,183.99
14891,4956,172,4,53.49,213.96
14892,4957,327,4,91.25,365.00
14893,4957,131,2,151.63,303.26
14894,4957,153,1,41.42,41.42
14895,4958,102,1,39.38,39.38
14896,4958,68,4,416.05,1664.20
14897,4958,184,4,103.83,415.32
14898,4959,35,1,166.21,166.21
14899,4959,203,2,59.44,118.88
14900,4959,300,1,39.77,39.77
14901,4960,288,4,236.80,947.20
14902,4960,90,4,226.17,904.68
14903,4960,42,4,288.25,1153.00
14904,4961,193,3,9668.18,29004.54
14905,4961,313,2,49.11,98.22
14906,4961,247,2,127.32,254.64
14907,4962,54,3,73.34,220.02
14908,4962,89,4,185.24,740.96
14909,4962,251,3,87.96,263.88
14910,4963,20,4,49.24,196.96
14911,4963,290,4,744.49,2977.96
14912,4963,103,4,88.38,353.52
14913,4964,225,2,267.00,534.00
14914,4964,66,1,41.56,41.56
14915,4964,257,1,77.56,77.56
14916,4965,153,2,41.42,82.84
14917,4965,73,4,550.57,2202.28
14918,4965,55,2,361.92,723.84
14919,4966,2,4,54.72,218.88
14920,4966,120,1,532.02,532.02
14921,4966,196,1,68.93,68.93
14922,4967,167,2,125.02,250.04
14923,4967,254,1,196.52,196.52
14924,4967,84,4,214.78,859.12
14925,4968,100,4,912.50,3650.00
14926,4968,223,2,467.04,934.08
14927,4968,217,2,324.83,649.66
14928,4969,105,3,63.28,189.84
14929,4969,256,1,255.06,255.06
14930,4969,175,3,239.58,718.74
14931,4970,242,1,798.53,798.53
14932,4970,165,1,257.39,257.39
14933,4970,56,3,408.87,1226.61
14934,4971,252,2,576.27,1152.54
14935,4971,4,1,70.68,70.68
14936,4971,258,3,57.78,173.34
14937,4972,167,3,125.02,375.06
14938,4972,89,4,185.24,740.96
14939,4972,327,4,91.25,365.00
14940,4973,209,3,299.28,897.84
14941,4973,262,2,177.88,355.76
14942,4973,17,1,189.07,189.07
14943,4974,293,2,9518.10,19036.20
14944,4974,263,4,82.89,331.56
14945,4974,282,2,314.44,628.88
14946,4975,321,2,105.04,210.08
14947,4975,133,1,153.60,153.60
14948,4975,61,1,175.93,175.93
14949,4976,167,4,125.02,500.08
14950,4976,89,2,185.24,370.48
14951,4976,320,2,125.31,250.62
14952,4977,249,3,333.60,1000.80
14953,4977,31,3,79.21,237.63
14954,4977,3,1,108.77,108.77
14955,4978,96,1,171.36,171.36
14956,4978,271,3,1470.33,4410.99
14957,4978,325,1,108.41,108.41
14958,4979,256,1,255.06,255.06
14959,4979,262,2,177.88,355.76
14960,4979,130,2,261.07,522.14
14961,4980,315,2,69.11,138.22
14962,4980,234,1,157.34,157.34
14963,4980,200,2,51.39,102.78
14964,4981,49,4,109.83,439.32
14965,4981,221,4,484.99,1939.96
14966,4981,8,3,92.31,276.93
14967,4982,97,3,201.04,603.12
14968,4982,69,1,206.85,206.85
14969,4982,54,3,73.34,220.02
14970,4983,101,2,156.57,313.14
14971,4983,294,3,133.99,401.97
14972,4983,180,4,206.84,827.36
14973,4984,249,3,333.60,1000.80
14974,4984,184,3,103.83,311.49
14975,4984,160,2,103.53,207.06
14976,4985,98,2,116.76,233.52
14977,4985,243,1,471.30,471.30
14978,4985,184,4,103.83,415.32
14979,4986,274,3,72.47,217.41
14980,4986,247,3,127.32,381.96
14981,4986,38,4,2984.65,11938.60
14982,4987,63,2,176.42,352.84
14983,4987,120,1,532.02,532.02
14984,4987,225,3,267.00,801.00
14985,4988,335,2,117.27,234.54
14986,4988,276,1,1553.72,1553.72
14987,4988,37,2,5435.24,10870.48
14988,4989,286,3,65.95,197.85
14989,4989,120,4,532.02,2128.08
14990,4989,110,3,81.80,245.40
14991,4990,153,3,41.42,124.26
14992,4990,139,2,392.73,785.46
14993,4990,4,2,70.68,141.36
14994,4991,262,2,177.88,355.76
14995,4991,104,3,2507.07,7521.21
14996,4991,286,4,65.95,263.80
14997,4992,286,4,65.95,263.80
14998,4992,216,4,27.57,110.28
14999,4992,138,4,75.42,301.68
15000,4993,167,1,125.02,125.02
15001,4993,102,4,39.38,157.52
15002,4993,99,1,4229.74,4229.74
15003,4994,330,3,120.68,362.04
15004,4994,252,1,576.27,576.27
15005,4994,70,1,79.39,79.39
15006,4995,28,1,30.65,30.65
15007,4995,98,4,116.76,467.04
15008,4995,313,3,49.11,147.33
15009,4996,268,4,186.90,747.60
15010,4996,124,1,201.32,201.32
15011,4996,133,3,153.60,460.80
15012,4997,102,1,39.38,39.38
15013,4997,171,3,49.52,148.56
15014,4997,243,1,471.30,471.30
15015,4998,183,1,229.08,229.08
15016,4998,102,1,39.38,39.38
15017,4998,229,3,182.92,548.76
15018,4999,287,1,553.36,553.36
15019,4999,206,4,125.45,501.80
15020,4999,222,1,106.41,106.41
15021,5000,87,1,116.31,116.31
15022,5000,322,4,161.49,645.96
15023,5000,208,3,5119.77,15359.31
15024,5001,229,3,182.92,548.76
15025,5001,246,3,42.72,128.16
15026,5001,314,4,28.97,115.88
15027,5002,277,2,198.38,396.76
15028,5002,140,4,558.26,2233.04
15029,5002,118,1,123.08,123.08
15030,5003,15,1,602.60,602.60
15031,5003,122,4,130.97,523.88
15032,5003,276,3,1553.72,4661.16
15033,5004,50,2,293.39,586.78
15034,5004,206,1,125.45,125.45
15035,5004,118,2,123.08,246.16
15036,5005,194,2,136.81,273.62
15037,5005,103,2,88.38,176.76
15038,5005,171,1,49.52,49.52
15039,5006,209,4,299.28,1197.12
15040,5006,41,1,82.03,82.03
15041,5006,275,2,110.46,220.92
15042,5007,282,4,314.44,1257.76
15043,5007,68,3,416.05,1248.15
15044,5007,112,3,97.46,292.38
15045,5008,166,3,122.59,367.77
15046,5008,130,1,261.07,261.07
15047,5008,233,3,107.91,323.73
15048,5009,54,1,73.34,73.34
15049,5009,224,3,203.37,610.11
15050,5009,1,1,41.61,41.61
15051,5010,279,3,41.73,125.19
15052,5010,325,2,108.41,216.82
15053,5010,154,2,174.02,348.04
15054,5011,140,1,558.26,558.26
15055,5011,103,3,88.38,265.14
15056,5011,156,4,138.39,553.56
15057,5012,141,1,482.39,482.39
15058,5012,90,1,226.17,226.17
15059,5012,243,2,471.30,942.60
15060,5013,296,3,101.13,303.39
15061,5013,277,2,198.38,396.76
15062,5013,224,2,203.37,406.74
15063,5014,50,4,293.39,1173.56
15064,5014,65,3,114.10,342.30
15065,5014,164,4,259.43,1037.72
15066,5015,212,4,1815.77,7263.08
15067,5015,282,1,314.44,314.44
15068,5015,234,4,157.34,629.36
15069,5016,252,3,576.27,1728.81
15070,5016,245,1,75.04,75.04
15071,5016,117,3,795.33,2385.99
15072,5017,327,3,91.25,273.75
15073,5017,153,1,41.42,41.42
15074,5017,64,1,72.56,72.56
15075,5018,153,1,41.42,41.42
15076,5018,124,2,201.32,402.64
15077,5018,99,1,4229.74,4229.74
15078,5019,286,3,65.95,197.85
15079,5019,67,1,663.51,663.51
15080,5019,178,3,110.15,330.45
15081,5020,132,1,152.84,152.84
15082,5020,14,1,430.90,430.90
15083,5020,42,2,288.25,576.50
15084,5021,73,1,550.57,550.57
15085,5021,328,4,180.51,722.04
15086,5021,112,1,97.46,97.46
15087,5022,219,3,662.92,1988.76
15088,5022,40,1,62.79,62.79
15089,5022,126,3,105.42,316.26
15090,5023,258,3,57.78,173.34
15091,5023,69,1,206.85,206.85
15092,5023,3,2,108.77,217.54
15093,5024,264,1,1374.60,1374.60
15094,5024,328,1,180.51,180.51
15095,5024,276,4,1553.72,6214.88
15096,5025,289,2,37.80,75.60
15097,5025,312,2,25.20,50.40
15098,5025,62,1,56.51,56.51
15099,5026,41,1,82.03,82.03
15100,5026,23,4,477.55,1910.20
15101,5026,246,4,42.72,170.88
15102,5027,325,2,108.41,216.82
15103,5027,86,3,137.39,412.17
15104,5027,260,2,95.74,191.48
15105,5028,258,4,57.78,231.12
15106,5028,12,3,423.08,1269.24
15107,5028,74,3,306.84,920.52
15108,5029,275,1,110.46,110.46
15109,5029,86,4,137.39,549.56
15110,5029,221,2,484.99,969.98
15111,5030,267,2,276.85,553.70
15112,5030,191,2,217.48,434.96
15113,5030,14,4,430.90,1723.60
15114,5031,145,1,369.80,369.80
15115,5031,315,4,69.11,276.44
15116,5031,194,1,136.81,136.81
15117,5032,309,3,132.91,398.73
15118,5032,40,2,62.79,125.58
15119,5032,135,2,176.88,353.76
15120,5033,314,4,28.97,115.88
15121,5033,43,3,930.93,2792.79
15122,5033,223,3,467.04,1401.12
15123,5034,284,3,33.21,99.63
15124,5034,305,1,18.21,18.21
15125,5034,239,2,642.80,1285.60
15126,5035,155,4,80.38,321.52
15127,5035,279,2,41.73,83.46
15128,5035,207,4,62.51,250.04
15129,5036,28,1,30.65,30.65
15130,5036,32,4,604.32,2417.28
15131,5036,286,1,65.95,65.95
15132,5037,114,1,59.81,59.81
15133,5037,119,4,329.12,1316.48
15134,5037,280,1,154.65,154.65
15135,5038,90,2,226.17,452.34
15136,5038,307,1,195.28,195.28
15137,5038,62,1,56.51,56.51
15138,5039,10,2,42.91,85.82
15139,5039,289,1,37.80,37.80
15140,5039,274,1,72.47,72.47
15141,5040,132,3,152.84,458.52
15142,5040,234,1,157.34,157.34
15143,5040,202,2,109.28,218.56
15144,5041,111,4,215.02,860.08
15145,5041,305,1,18.21,18.21
15146,5041,34,4,5015.04,20060.16
15147,5042,33,2,618.92,1237.84
15148,5042,40,4,62.79,251.16
15149,5042,175,3,239.58,718.74
15150,5043,38,2,2984.65,5969.30
15151,5043,313,3,49.11,147.33
15152,5043,183,4,229.08,916.32
15153,5044,290,1,744.49,744.49
15154,5044,128,4,1363.48,5453.92
15155,5044,175,3,239.58,718.74
15156,5045,141,1,482.39,482.39
15157,5045,293,1,9518.10,9518.10
15158,5045,94,3,61.84,185.52
15159,5046,93,2,73.99,147.98
15160,5046,162,4,803.06,3212.24
15161,5046,30,3,165.44,496.32
15162,5047,249,2,333.60,667.20
15163,5047,163,3,150.26,450.78
15164,5047,42,2,288.25,576.50
15165,5048,287,1,553.36,553.36
15166,5048,178,2,110.15,220.30
15167,5048,161,1,258.97,258.97
15168,5049,4,3,70.68,212.04
15169,5049,136,2,407.27,814.54
15170,5049,165,2,257.39,514.78
15171,5050,87,2,116.31,232.62
15172,5050,318,2,27.43,54.86
15173,5050,45,2,5111.42,10222.84
15174,5051,43,2,930.93,1861.86
15175,5051,305,4,18.21,72.84
15176,5051,231,4,170.32,681.28
15177,5052,41,2,82.03,164.06
15178,5052,149,2,63.35,126.70
15179,5052,305,4,18.21,72.84
15180,5053,181,1,181.57,181.57
15181,5053,316,1,110.67,110.67
15182,5053,285,3,6751.40,20254.20
15183,5054,202,1,109.28,109.28
15184,5054,225,4,267.00,1068.00
15185,5054,285,2,6751.40,13502.80
15186,5055,173,3,101.46,304.38
15187,5055,22,3,709.66,2128.98
15188,5055,193,3,9668.18,29004.54
15189,5056,193,2,9668.18,19336.36
15190,5056,263,3,82.89,248.67
15191,5056,248,3,4473.97,13421.91
15192,5057,15,1,602.60,602.60
15193,5057,233,1,107.91,107.91
15194,5057,185,4,118.55,474.20
15195,5058,210,1,107.66,107.66
15196,5058,15,2,602.60,1205.20
15197,5058,95,1,198.29,198.29
15198,5059,22,4,709.66,2838.64
15199,5059,150,4,223.54,894.16
15200,5059,249,4,333.60,1334.40
15201,5060,302,4,17.70,70.80
15202,5060,162,4,803.06,3212.24
15203,5060,240,1,26.71,26.71
15204,5061,274,4,72.47,289.88
15205,5061,257,2,77.56,155.12
15206,5061,65,3,114.10,342.30
15207,5062,292,2,40.52,81.04
15208,5062,322,2,161.49,322.98
15209,5062,101,2,156.57,313.14
15210,5063,208,4,5119.77,20479.08
15211,5063,124,4,201.32,805.28
15212,5063,315,4,69.11,276.44
15213,5064,197,2,111.56,223.12
15214,5064,119,3,329.12,987.36
15215,5064,126,4,105.42,421.68
15216,5065,180,2,206.84,413.68
15217,5065,228,2,148.63,297.26
15218,5065,66,1,41.56,41.56
15219,5066,142,4,544.13,2176.52
15220,5066,280,3,154.65,463.95
15221,5066,332,4,122.23,488.92
15222,5067,316,2,110.67,221.34
15223,5067,266,3,379.02,1137.06
15224,5067,93,4,73.99,295.96
15225,5068,329,4,124.79,499.16
15226,5068,240,1,26.71,26.71
15227,5068,61,4,175.93,703.72
15228,5069,9,1,1355.55,1355.55
15229,5069,109,3,21.64,64.92
15230,5069,61,3,175.93,527.79
15231,5070,204,1,362.70,362.70
15232,5070,10,1,42.91,42.91
15233,5070,158,3,210.26,630.78
15234,5071,14,3,430.90,1292.70
15235,5071,20,2,49.24,98.48
15236,5071,49,3,109.83,329.49
15237,5072,138,4,75.42,301.68
15238,5072,257,2,77.56,155.12
15239,5072,306,1,184.88,184.88
15240,5073,78,2,252.79,505.58
15241,5073,255,3,71.89,215.67
15242,5073,86,3,137.39,412.17
15243,5074,63,1,176.42,176.42
15244,5074,58,1,158.45,158.45
15245,5074,124,2,201.32,402.64
15246,5075,255,2,71.89,143.78
15247,5075,12,1,423.08,423.08
15248,5075,154,1,174.02,174.02
15249,5076,109,1,21.64,21.64
15250,5076,74,1,306.84,306.84
15251,5076,6,3,536.76,1610.28
15252,5077,97,3,201.04,603.12
15253,5077,286,2,65.95,131.90
15254,5077,91,2,103.05,206.10
15255,5078,262,4,177.88,711.52
15256,5078,137,3,197.81,593.43
15257,5078,23,4,477.55,1910.20
15258,5079,86,3,137.39,412.17
15259,5079,234,3,157.34,472.02
15260,5079,18,1,4347.52,4347.52
15261,5080,143,1,55.35,55.35
15262,5080,35,3,166.21,498.63
15263,5080,178,2,110.15,220.30
15264,5081,260,2,95.74,191.48
15265,5081,17,1,189.07,189.07
15266,5081,306,3,184.88,554.64
15267,5082,40,3,62.79,188.37
15268,5082,137,1,197.81,197.81
15269,5082,124,3,201.32,603.96
15270,5083,133,1,153.60,153.60
15271,5083,130,1,261.07,261.07
15272,5083,19,4,79.80,319.20
15273,5084,334,1,173.02,173.02
15274,5084,161,3,258.97,776.91
15275,5084,7,4,158.64,634.56
15276,5085,208,4,5119.77,20479.08
15277,5085,286,2,65.95,131.90
15278,5085,206,3,125.45,376.35
15279,5086,251,4,87.96,351.84
15280,5086,98,4,116.76,467.04
15281,5086,184,3,103.83,311.49
15282,5087,232,3,117.39,352.17
15283,5087,22,2,709.66,1419.32
15284,5087,331,1,54.96,54.96
15285,5088,116,1,86.77,86.77
15286,5088,39,1,265.80,265.80
15287,5088,195,3,46.99,140.97
15288,5089,214,1,522.07,522.07
15289,5089,247,1,127.32,127.32
15290,5089,275,4,110.46,441.84
15291,5090,300,2,39.77,79.54
15292,5090,142,1,544.13,544.13
15293,5090,187,3,53.46,160.38
15294,5091,9,1,1355.55,1355.55
15295,5091,115,4,559.60,2238.40
15296,5091,153,3,41.42,124.26
15297,5092,20,3,49.24,147.72
15298,5092,13,1,44.19,44.19
15299,5092,106,4,502.86,2011.44
15300,5093,45,2,5111.42,10222.84
15301,5093,155,2,80.38,160.76
15302,5093,148,2,640.43,1280.86
15303,5094,17,3,189.07,567.21
15304,5094,129,3,120.28,360.84
15305,5094,60,3,301.85,905.55
15306,5095,92,2,243.24,486.48
15307,5095,257,1,77.56,77.56
15308,5095,89,2,185.24,370.48
15309,5096,101,4,156.57,626.28
15310,5096,40,3,62.79,188.37
15311,5096,270,2,777.12,1554.24
15312,5097,299,4,57.14,228.56
15313,5097,273,4,173.28,693.12
15314,5097,34,2,5015.04,10030.08
15315,5098,13,4,44.19,176.76
15316,5098,112,3,97.46,292.38
15317,5098,309,1,132.91,132.91
15318,5099,80,3,180.81,542.43
15319,5099,216,2,27.57,55.14
15320,5099,201,3,83.06,249.18
15321,5100,272,4,77.63,310.52
15322,5100,270,2,777.12,1554.24
15323,5100,81,2,24.00,48.00
15324,5101,279,1,41.73,41.73
15325,5101,41,2,82.03,164.06
15326,5101,37,4,5435.24,21740.96
15327,5102,100,1,912.50,912.50
15328,5102,261,1,61.79,61.79
15329,5102,305,4,18.21,72.84
15330,5103,248,4,4473.97,17895.88
15331,5103,116,1,86.77,86.77
15332,5103,303,1,199.54,199.54
15333,5104,49,1,109.83,109.83
15334,5104,135,3,176.88,530.64
15335,5104,169,2,537.24,1074.48
15336,5105,274,4,72.47,289.88
15337,5105,51,2,223.70,447.40
15338,5105,250,4,725.02,2900.08
15339,5106,141,2,482.39,964.78
15340,5106,314,3,28.97,86.91
15341,5106,269,4,107.58,430.32
15342,5107,244,1,70.80,70.80
15343,5107,331,3,54.96,164.88
15344,5107,272,4,77.63,310.52
15345,5108,23,4,477.55,1910.20
15346,5108,295,1,207.06,207.06
15347,5108,103,3,88.38,265.14
15348,5109,248,2,4473.97,8947.94
15349,5109,18,4,4347.52,17390.08
15350,5109,256,2,255.06,510.12
15351,5110,243,1,471.30,471.30
15352,5110,117,1,795.33,795.33
15353,5110,314,4,28.97,115.88
15354,5111,120,3,532.02,1596.06
15355,5111,219,3,662.92,1988.76
15356,5111,144,2,1176.11,2352.22
15357,5112,260,3,95.74,287.22
15358,5112,334,2,173.02,346.04
15359,5112,195,2,46.99,93.98
15360,5113,62,2,56.51,113.02
15361,5113,161,1,258.97,258.97
15362,5113,225,2,267.00,534.00
15363,5114,268,1,186.90,186.90
15364,5114,234,1,157.34,157.34
15365,5114,120,3,532.02,1596.06
15366,5115,99,2,4229.74,8459.48
15367,5115,100,3,912.50,2737.50
15368,5115,297,2,83.28,166.56
15369,5116,235,4,1867.81,7471.24
15370,5116,92,1,243.24,243.24
15371,5116,201,1,83.06,83.06
15372,5117,268,1,186.90,186.90
15373,5117,212,1,1815.77,1815.77
15374,5117,160,4,103.53,414.12
15375,5118,221,1,484.99,484.99
15376,5118,317,3,85.93,257.79
15377,5118,300,1,39.77,39.77
15378,5119,171,1,49.52,49.52
15379,5119,228,2,148.63,297.26
15380,5119,321,4,105.04,420.16
15381,5120,323,3,43.39,130.17
15382,5120,134,1,261.22,261.22
15383,5120,115,2,559.60,1119.20
15384,5121,275,2,110.46,220.92
15385,5121,27,4,485.13,1940.52
15386,5121,98,4,116.76,467.04
15387,5122,23,1,477.55,477.55
15388,5122,220,4,38.34,153.36
15389,5122,126,1,105.42,105.42
15390,5123,274,4,72.47,289.88
15391,5123,79,3,221.90,665.70
15392,5123,44,3,86.79,260.37
15393,5124,45,3,5111.42,15334.26
15394,5124,172,1,53.49,53.49
15395,5124,306,3,184.88,554.64
15396,5125,46,3,64.02,192.06
15397,5125,332,1,122.23,122.23
15398,5125,58,4,158.45,633.80
15399,5126,265,2,192.94,385.88
15400,5126,228,4,148.63,594.52
15401,5126,126,4,105.42,421.68
15402,5127,285,2,6751.40,13502.80
15403,5127,275,3,110.46,331.38
15404,5127,242,1,798.53,798.53
15405,5128,280,3,154.65,463.95
15406,5128,57,1,425.93,425.93
15407,5128,292,1,40.52,40.52
15408,5129,220,3,38.34,115.02
15409,5129,148,1,640.43,640.43
15410,5129,75,1,63.53,63.53
15411,5130,4,4,70.68,282.72
15412,5130,74,4,306.84,1227.36
15413,5130,318,3,27.43,82.29
15414,5131,33,4,618.92,2475.68
15415,5131,167,3,125.02,375.06
15416,5131,224,4,203.37,813.48
15417,5132,299,2,57.14,114.28
15418,5132,197,1,111.56,111.56
15419,5132,24,4,136.38,545.52
15420,5133,151,1,52.78,52.78
15421,5133,2,3,54.72,164.16
15422,5133,334,1,173.02,173.02
15423,5134,62,3,56.51,169.53
15424,5134,20,1,49.24,49.24
15425,5134,164,3,259.43,778.29
15426,5135,187,2,53.46,106.92
15427,5135,122,4,130.97,523.88
15428,5135,289,1,37.80,37.80
15429,5136,53,4,26.41,105.64
15430,5136,307,1,195.28,195.28
15431,5136,90,3,226.17,678.51
15432,5137,328,3,180.51,541.53
15433,5137,73,1,550.57,550.57
15434,5137,114,2,59.81,119.62
15435,5138,12,1,423.08,423.08
15436,5138,155,4,80.38,321.52
15437,5138,11,3,88.33,264.99
15438,5139,280,2,154.65,309.30
15439,5139,58,1,158.45,158.45
15440,5139,277,1,198.38,198.38
15441,5140,277,1,198.38,198.38
15442,5140,45,1,5111.42,5111.42
15443,5140,132,4,152.84,611.36
15444,5141,129,1,120.28,120.28
15445,5141,12,3,423.08,1269.24
15446,5141,147,4,143.83,575.32
15447,5142,201,4,83.06,332.24
15448,5142,235,4,1867.81,7471.24
15449,5142,74,2,306.84,613.68
15450,5143,75,3,63.53,190.59
15451,5143,38,2,2984.65,5969.30
15452,5143,44,2,86.79,173.58
15453,5144,96,3,171.36,514.08
15454,5144,160,3,103.53,310.59
15455,5144,123,1,340.07,340.07
15456,5145,261,3,61.79,185.37
15457,5145,260,1,95.74,95.74
15458,5145,42,4,288.25,1153.00
15459,5146,160,1,103.53,103.53
15460,5146,192,4,365.72,1462.88
15461,5146,55,1,361.92,361.92
15462,5147,303,2,199.54,399.08
15463,5147,133,3,153.60,460.80
15464,5147,334,4,173.02,692.08
15465,5148,335,4,117.27,469.08
15466,5148,169,4,537.24,2148.96
15467,5148,48,2,124.35,248.70
15468,5149,147,4,143.83,575.32
15469,5149,88,1,92.09,92.09
15470,5149,251,2,87.96,175.92
15471,5150,254,3,196.52,589.56
15472,5150,20,3,49.24,147.72
15473,5150,126,2,105.42,210.84
15474,5151,264,3,1374.60,4123.80
15475,5151,286,3,65.95,197.85
15476,5151,307,2,195.28,390.56
15477,5152,84,4,214.78,859.12
15478,5152,233,2,107.91,215.82
15479,5152,223,3,467.04,1401.12
15480,5153,100,2,912.50,1825.00
15481,5153,210,2,107.66,215.32
15482,5153,51,1,223.70,223.70
15483,5154,294,4,133.99,535.96
15484,5154,121,4,376.95,1507.80
15485,5154,166,3,122.59,367.77
15486,5155,110,4,81.80,327.20
15487,5155,262,1,177.88,177.88
15488,5155,329,1,124.79,124.79
15489,5156,331,2,54.96,109.92
15490,5156,266,1,379.02,379.02
15491,5156,255,1,71.89,71.89
15492,5157,216,4,27.57,110.28
15493,5157,269,2,107.58,215.16
15494,5157,81,4,24.00,96.00
15495,5158,231,1,170.32,170.32
15496,5158,1,1,41.61,41.61
15497,5158,264,3,1374.60,4123.80
15498,5159,6,3,536.76,1610.28
15499,5159,199,4,122.30,489.20
15500,5159,129,1,120.28,120.28
15501,5160,18,2,4347.52,8695.04
15502,5160,234,1,157.34,157.34
15503,5160,42,4,288.25,1153.00
15504,5161,45,4,5111.42,20445.68
15505,5161,159,4,176.40,705.60
15506,5161,195,3,46.99,140.97
15507,5162,16,1,82.24,82.24
15508,5162,39,1,265.80,265.80
15509,5162,55,2,361.92,723.84
15510,5163,23,3,477.55,1432.65
15511,5163,86,3,137.39,412.17
15512,5163,188,1,50.01,50.01
15513,5164,125,4,319.28,1277.12
15514,5164,229,2,182.92,365.84
15515,5164,295,4,207.06,828.24
15516,5165,73,4,550.57,2202.28
15517,5165,232,3,117.39,352.17
15518,5165,83,3,138.27,414.81
15519,5166,100,2,912.50,1825.00
15520,5166,201,1,83.06,83.06
15521,5166,152,2,133.94,267.88
15522,5167,173,1,101.46,101.46
15523,5167,284,3,33.21,99.63
15524,5167,196,2,68.93,137.86
15525,5168,311,2,32.45,64.90
15526,5168,312,4,25.20,100.80
15527,5168,165,3,257.39,772.17
15528,5169,138,2,75.42,150.84
15529,5169,91,4,103.05,412.20
15530,5169,2,1,54.72,54.72
15531,5170,2,2,54.72,109.44
15532,5170,334,3,173.02,519.06
15533,5170,29,3,74.94,224.82
15534,5171,186,2,324.89,649.78
15535,5171,34,4,5015.04,20060.16
15536,5171,36,2,184.31,368.62
15537,5172,136,1,407.27,407.27
15538,5172,201,1,83.06,83.06
15539,5172,64,3,72.56,217.68
15540,5173,206,4,125.45,501.80
15541,5173,263,4,82.89,331.56
15542,5173,245,2,75.04,150.08
15543,5174,159,1,176.40,176.40
15544,5174,210,4,107.66,430.64
15545,5174,184,3,103.83,311.49
15546,5175,158,4,210.26,841.04
15547,5175,208,4,5119.77,20479.08
15548,5175,75,2,63.53,127.06
15549,5176,19,1,79.80,79.80
15550,5176,130,1,261.07,261.07
15551,5176,203,3,59.44,178.32
15552,5177,22,1,709.66,709.66
15553,5177,97,4,201.04,804.16
15554,5177,297,1,83.28,83.28
15555,5178,163,4,150.26,601.04
15556,5178,301,2,136.93,273.86
15557,5178,107,1,136.14,136.14
15558,5179,95,1,198.29,198.29
15559,5179,127,3,242.46,727.38
15560,5179,71,2,81.12,162.24
15561,5180,199,4,122.30,489.20
15562,5180,293,3,9518.10,28554.30
15563,5180,297,2,83.28,166.56
15564,5181,198,2,124.56,249.12
15565,5181,149,1,63.35,63.35
15566,5181,8,4,92.31,369.24
15567,5182,42,3,288.25,864.75
15568,5182,31,3,79.21,237.63
15569,5182,115,1,559.60,559.60
15570,5183,140,3,558.26,1674.78
15571,5183,177,3,173.92,521.76
15572,5183,240,4,26.71,106.84
15573,5184,282,4,314.44,1257.76
15574,5184,158,2,210.26,420.52
15575,5184,86,2,137.39,274.78
15576,5185,10,3,42.91,128.73
15577,5185,221,2,484.99,969.98
15578,5185,168,2,84.08,168.16
15579,5186,287,3,553.36,1660.08
15580,5186,32,2,604.32,1208.64
15581,5186,248,1,4473.97,4473.97
15582,5187,333,3,167.16,501.48
15583,5187,318,2,27.43,54.86
15584,5187,146,3,364.03,1092.09
15585,5188,256,1,255.06,255.06
15586,5188,209,4,299.28,1197.12
15587,5188,155,4,80.38,321.52
15588,5189,277,2,198.38,396.76
15589,5189,295,1,207.06,207.06
15590,5189,128,4,1363.48,5453.92
15591,5190,51,2,223.70,447.40
15592,5190,183,4,229.08,916.32
15593,5190,309,1,132.91,132.91
15594,5191,160,3,103.53,310.59
15595,5191,101,3,156.57,469.71
15596,5191,48,3,124.35,373.05
15597,5192,216,4,27.57,110.28
15598,5192,316,2,110.67,221.34
15599,5192,109,3,21.64,64.92
15600,5193,201,2,83.06,166.12
15601,5193,20,3,49.24,147.72
15602,5193,235,2,1867.81,3735.62
15603,5194,286,1,65.95,65.95
15604,5194,205,1,92.31,92.31
15605,5194,117,3,795.33,2385.99
15606,5195,110,1,81.80,81.80
15607,5195,14,1,430.90,430.90
15608,5195,252,1,576.27,576.27
15609,5196,118,3,123.08,369.24
15610,5196,137,3,197.81,593.43
15611,5196,133,4,153.60,614.40
15612,5197,10,4,42.91,171.64
15613,5197,213,4,231.12,924.48
15614,5197,181,2,181.57,363.14
15615,5198,84,1,214.78,214.78
15616,5198,241,1,237.51,237.51
15617,5198,120,2,532.02,1064.04
15618,5199,24,2,136.38,272.76
15619,5199,70,1,79.39,79.39
15620,5199,324,2,183.99,367.98
15621,5200,199,3,122.30,366.90
15622,5200,332,1,122.23,122.23
15623,5200,331,4,54.96,219.84
15624,5201,279,2,41.73,83.46
15625,5201,116,1,86.77,86.77
15626,5201,10,3,42.91,128.73
15627,5202,268,4,186.90,747.60
15628,5202,241,3,237.51,712.53
15629,5202,115,3,559.60,1678.80
15630,5203,284,4,33.21,132.84
15631,5203,293,3,9518.10,28554.30
15632,5203,224,2,203.37,406.74
15633,5204,283,2,594.23,1188.46
15634,5204,318,3,27.43,82.29
15635,5204,216,3,27.57,82.71
15636,5205,109,2,21.64,43.28
15637,5205,85,4,279.78,1119.12
15638,5205,64,2,72.56,145.12
15639,5206,206,1,125.45,125.45
15640,5206,104,3,2507.07,7521.21
15641,5206,13,4,44.19,176.76
15642,5207,103,3,88.38,265.14
15643,5207,40,4,62.79,251.16
15644,5207,9,3,1355.55,4066.65
15645,5208,50,4,293.39,1173.56
15646,5208,118,2,123.08,246.16
15647,5208,212,1,1815.77,1815.77
15648,5209,75,1,63.53,63.53
15649,5209,95,2,198.29,396.58
15650,5209,280,4,154.65,618.60
15651,5210,111,1,215.02,215.02
15652,5210,17,1,189.07,189.07
15653,5210,274,3,72.47,217.41
15654,5211,150,3,223.54,670.62
15655,5211,208,3,5119.77,15359.31
15656,5211,108,2,368.57,737.14
15657,5212,36,1,184.31,184.31
15658,5212,155,3,80.38,241.14
15659,5212,151,1,52.78,52.78
15660,5213,230,4,64.40,257.60
15661,5213,98,3,116.76,350.28
15662,5213,162,4,803.06,3212.24
15663,5214,298,3,103.05,309.15
15664,5214,178,4,110.15,440.60
15665,5214,153,1,41.42,41.42
15666,5215,240,2,26.71,53.42
15667,5215,15,3,602.60,1807.80
15668,5215,257,2,77.56,155.12
15669,5216,142,3,544.13,1632.39
15670,5216,314,4,28.97,115.88
15671,5216,163,4,150.26,601.04
15672,5217,303,2,199.54,399.08
15673,5217,241,1,237.51,237.51
15674,5217,227,2,154.78,309.56
15675,5218,245,3,75.04,225.12
15676,5218,283,4,594.23,2376.92
15677,5218,100,3,912.50,2737.50
15678,5219,113,1,545.60,545.60
15679,5219,81,4,24.00,96.00
15680,5219,39,1,265.80,265.80
15681,5220,77,3,90.53,271.59
15682,5220,72,2,201.58,403.16
15683,5220,19,4,79.80,319.20
15684,5221,228,4,148.63,594.52
15685,5221,285,2,6751.40,13502.80
15686,5221,271,1,1470.33,1470.33
15687,5222,189,4,87.00,348.00
15688,5222,248,4,4473.97,17895.88
15689,5222,279,1,41.73,41.73
15690,5223,116,4,86.77,347.08
15691,5223,44,2,86.79,173.58
15692,5223,213,1,231.12,231.12
15693,5224,310,4,106.27,425.08
15694,5224,143,2,55.35,110.70
15695,5224,135,3,176.88,530.64
15696,5225,156,2,138.39,276.78
15697,5225,113,1,545.60,545.60
15698,5225,73,4,550.57,2202.28
15699,5226,89,3,185.24,555.72
15700,5226,259,3,37.26,111.78
15701,5226,318,3,27.43,82.29
15702,5227,3,1,108.77,108.77
15703,5227,35,2,166.21,332.42
15704,5227,264,3,1374.60,4123.80
15705,5228,197,3,111.56,334.68
15706,5228,83,3,138.27,414.81
15707,5228,219,2,662.92,1325.84
15708,5229,334,4,173.02,692.08
15709,5229,141,4,482.39,1929.56
15710,5229,97,4,201.04,804.16
15711,5230,27,3,485.13,1455.39
15712,5230,243,3,471.30,1413.90
15713,5230,226,3,106.24,318.72
15714,5231,82,3,80.11,240.33
15715,5231,263,3,82.89,248.67
15716,5231,67,2,663.51,1327.02
15717,5232,201,1,83.06,83.06
15718,5232,222,2,106.41,212.82
15719,5232,35,4,166.21,664.84
15720,5233,222,3,106.41,319.23
15721,5233,309,4,132.91,531.64
15722,5233,100,2,912.50,1825.00
15723,5234,312,3,25.20,75.60
15724,5234,27,3,485.13,1455.39
15725,5234,286,2,65.95,131.90
15726,5235,140,3,558.26,1674.78
15727,5235,201,4,83.06,332.24
15728,5235,21,3,37.53,112.59
15729,5236,183,3,229.08,687.24
15730,5236,21,3,37.53,112.59
15731,5236,162,2,803.06,1606.12
15732,5237,130,4,261.07,1044.28
15733,5237,298,1,103.05,103.05
15734,5237,22,4,709.66,2838.64
15735,5238,168,4,84.08,336.32
15736,5238,197,4,111.56,446.24
15737,5238,12,1,423.08,423.08
15738,5239,69,4,206.85,827.40
15739,5239,123,3,340.07,1020.21
15740,5239,131,4,151.63,606.52
15741,5240,187,4,53.46,213.84
15742,5240,111,3,215.02,645.06
15743,5240,121,2,376.95,753.90
15744,5241,135,4,176.88,707.52
15745,5241,234,4,157.34,629.36
15746,5241,94,3,61.84,185.52
15747,5242,119,4,329.12,1316.48
15748,5242,218,4,49.88,199.52
15749,5242,37,3,5435.24,16305.72
15750,5243,335,2,117.27,234.54
15751,5243,327,3,91.25,273.75
15752,5243,48,4,124.35,497.40
15753,5244,236,3,54.07,162.21
15754,5244,124,3,201.32,603.96
15755,5244,49,1,109.83,109.83
15756,5245,289,3,37.80,113.40
15757,5245,166,1,122.59,122.59
15758,5245,192,2,365.72,731.44
15759,5246,157,2,2380.02,4760.04
15760,5246,48,1,124.35,124.35
15761,5246,143,1,55.35,55.35
15762,5247,65,2,114.10,228.20
15763,5247,32,2,604.32,1208.64
15764,5247,182,1,312.02,312.02
15765,5248,123,1,340.07,340.07
15766,5248,227,4,154.78,619.12
15767,5248,283,3,594.23,1782.69
15768,5249,227,1,154.78,154.78
15769,5249,156,3,138.39,415.17
15770,5249,220,4,38.34,153.36
15771,5250,220,1,38.34,38.34
15772,5250,29,4,74.94,299.76
15773,5250,244,3,70.80,212.40
15774,5251,276,3,1553.72,4661.16
15775,5251,180,3,206.84,620.52
15776,5251,256,1,255.06,255.06
15777,5252,115,2,559.60,1119.20
15778,5252,4,1,70.68,70.68
15779,5252,250,4,725.02,2900.08
15780,5253,7,1,158.64,158.64
15781,5253,188,2,50.01,100.02
15782,5253,237,4,188.93,755.72
15783,5254,329,1,124.79,124.79
15784,5254,191,1,217.48,217.48
15785,5254,109,1,21.64,21.64
15786,5255,60,4,301.85,1207.40
15787,5255,55,1,361.92,361.92
15788,5255,258,1,57.78,57.78
15789,5256,76,2,49.74,99.48
15790,5256,296,4,101.13,404.52
15791,5256,180,4,206.84,827.36
15792,5257,137,3,197.81,593.43
15793,5257,115,2,559.60,1119.20
15794,5257,266,2,379.02,758.04
15795,5258,161,2,258.97,517.94
15796,5258,170,3,845.55,2536.65
15797,5258,67,2,663.51,1327.02
15798,5259,296,2,101.13,202.26
15799,5259,180,3,206.84,620.52
15800,5259,311,3,32.45,97.35
15801,5260,118,3,123.08,369.24
15802,5260,283,1,594.23,594.23
15803,5260,220,2,38.34,76.68
15804,5261,90,4,226.17,904.68
15805,5261,313,4,49.11,196.44
15806,5261,249,2,333.60,667.20
15807,5262,19,2,79.80,159.60
15808,5262,227,1,154.78,154.78
15809,5262,63,2,176.42,352.84
15810,5263,125,2,319.28,638.56
15811,5263,210,2,107.66,215.32
15812,5263,231,3,170.32,510.96
15813,5264,275,3,110.46,331.38
15814,5264,110,1,81.80,81.80
15815,5264,328,3,180.51,541.53
15816,5265,72,2,201.58,403.16
15817,5265,38,4,2984.65,11938.60
15818,5265,240,2,26.71,53.42
15819,5266,44,1,86.79,86.79
15820,5266,62,2,56.51,113.02
15821,5266,66,4,41.56,166.24
15822,5267,15,4,602.60,2410.40
15823,5267,1,3,41.61,124.83
15824,5267,129,3,120.28,360.84
15825,5268,173,1,101.46,101.46
15826,5268,12,2,423.08,846.16
15827,5268,235,4,1867.81,7471.24
15828,5269,89,2,185.24,370.48
15829,5269,280,2,154.65,309.30
15830,5269,144,4,1176.11,4704.44
15831,5270,283,3,594.23,1782.69
15832,5270,70,4,79.39,317.56
15833,5270,65,2,114.10,228.20
15834,5271,183,4,229.08,916.32
15835,5271,250,1,725.02,725.02
15836,5271,89,1,185.24,185.24
15837,5272,204,3,362.70,1088.10
15838,5272,230,2,64.40,128.80
15839,5272,158,3,210.26,630.78
15840,5273,258,3,57.78,173.34
15841,5273,164,3,259.43,778.29
15842,5273,108,1,368.57,368.57
15843,5274,9,4,1355.55,5422.20
15844,5274,249,2,333.60,667.20
15845,5274,208,2,5119.77,10239.54
15846,5275,268,4,186.90,747.60
15847,5275,274,3,72.47,217.41
15848,5275,224,1,203.37,203.37
15849,5276,253,4,32.75,131.00
15850,5276,316,2,110.67,221.34
15851,5276,218,3,49.88,149.64
15852,5277,133,1,153.60,153.60
15853,5277,57,4,425.93,1703.72
15854,5277,23,4,477.55,1910.20
15855,5278,211,3,391.93,1175.79
15856,5278,2,3,54.72,164.16
15857,5278,58,4,158.45,633.80
15858,5279,278,4,405.40,1621.60
15859,5279,324,2,183.99,367.98
15860,5279,40,3,62.79,188.37
15861,5280,209,4,299.28,1197.12
15862,5280,173,2,101.46,202.92
15863,5280,121,1,376.95,376.95
15864,5281,219,1,662.92,662.92
15865,5281,119,4,329.12,1316.48
15866,5281,334,3,173.02,519.06
15867,5282,255,2,71.89,143.78
15868,5282,124,2,201.32,402.64
15869,5282,243,3,471.30,1413.90
15870,5283,114,3,59.81,179.43
15871,5283,334,3,173.02,519.06
15872,5283,9,3,1355.55,4066.65
15873,5284,75,3,63.53,190.59
15874,5284,323,2,43.39,86.78
15875,5284,321,2,105.04,210.08
15876,5285,115,2,559.60,1119.20
15877,5285,280,4,154.65,618.60
15878,5285,206,4,125.45,501.80
15879,5286,216,2,27.57,55.14
15880,5286,36,3,184.31,552.93
15881,5286,215,2,136.44,272.88
15882,5287,150,1,223.54,223.54
15883,5287,320,4,125.31,501.24
15884,5287,43,1,930.93,930.93
15885,5288,199,4,122.30,489.20
15886,5288,22,3,709.66,2128.98
15887,5288,180,2,206.84,413.68
15888,5289,287,2,553.36,1106.72
15889,5289,264,3,1374.60,4123.80
15890,5289,194,4,136.81,547.24
15891,5290,165,1,257.39,257.39
15892,5290,31,1,79.21,79.21
15893,5290,191,2,217.48,434.96
15894,5291,305,2,18.21,36.42
15895,5291,275,1,110.46,110.46
15896,5291,122,1,130.97,130.97
15897,5292,184,3,103.83,311.49
15898,5292,309,2,132.91,265.82
15899,5292,43,4,930.93,3723.72
15900,5293,264,2,1374.60,2749.20
15901,5293,50,3,293.39,880.17
15902,5293,33,1,618.92,618.92
15903,5294,165,3,257.39,772.17
15904,5294,145,2,369.80,739.60
15905,5294,24,3,136.38,409.14
15906,5295,223,1,467.04,467.04
15907,5295,22,3,709.66,2128.98
15908,5295,56,1,408.87,408.87
15909,5296,258,2,57.78,115.56
15910,5296,188,4,50.01,200.04
15911,5296,9,3,1355.55,4066.65
15912,5297,232,4,117.39,469.56
15913,5297,281,3,34.70,104.10
15914,5297,227,4,154.78,619.12
15915,5298,293,2,9518.10,19036.20
15916,5298,83,2,138.27,276.54
15917,5298,68,2,416.05,832.10
15918,5299,250,2,725.02,1450.04
15919,5299,4,1,70.68,70.68
15920,5299,56,4,408.87,1635.48
15921,5300,173,1,101.46,101.46
15922,5300,296,3,101.13,303.39
15923,5300,327,4,91.25,365.00
15924,5301,43,4,930.93,3723.72
15925,5301,116,2,86.77,173.54
15926,5301,312,1,25.20,25.20
15927,5302,144,3,1176.11,3528.33
15928,5302,81,1,24.00,24.00
15929,5302,66,3,41.56,124.68
15930,5303,57,1,425.93,425.93
15931,5303,209,2,299.28,598.56
15932,5303,52,4,36.58,146.32
15933,5304,201,4,83.06,332.24
15934,5304,309,2,132.91,265.82
15935,5304,133,3,153.60,460.80
15936,5305,331,4,54.96,219.84
15937,5305,260,3,95.74,287.22
15938,5305,63,2,176.42,352.84
15939,5306,201,4,83.06,332.24
15940,5306,178,1,110.15,110.15
15941,5306,222,4,106.41,425.64
15942,5307,252,2,576.27,1152.54
15943,5307,283,1,594.23,594.23
15944,5307,44,4,86.79,347.16
15945,5308,130,1,261.07,261.07
15946,5308,199,1,122.30,122.30
15947,5308,285,1,6751.40,6751.40
15948,5309,244,3,70.80,212.40
15949,5309,315,1,69.11,69.11
15950,5309,21,2,37.53,75.06
15951,5310,230,2,64.40,128.80
15952,5310,49,2,109.83,219.66
15953,5310,166,3,122.59,367.77
15954,5311,89,1,185.24,185.24
15955,5311,224,2,203.37,406.74
15956,5311,297,4,83.28,333.12
15957,5312,3,1,108.77,108.77
15958,5312,301,1,136.93,136.93
15959,5312,33,2,618.92,1237.84
15960,5313,161,3,258.97,776.91
15961,5313,79,4,221.90,887.60
15962,5313,329,3,124.79,374.37
15963,5314,1,2,41.61,83.22
15964,5314,27,4,485.13,1940.52
15965,5314,267,1,276.85,276.85
15966,5315,65,1,114.10,114.10
15967,5315,38,4,2984.65,11938.60
15968,5315,4,4,70.68,282.72
15969,5316,279,1,41.73,41.73
15970,5316,173,4,101.46,405.84
15971,5316,124,4,201.32,805.28
15972,5317,121,1,376.95,376.95
15973,5317,92,1,243.24,243.24
15974,5317,309,1,132.91,132.91
15975,5318,55,2,361.92,723.84
15976,5318,186,3,324.89,974.67
15977,5318,32,4,604.32,2417.28
15978,5319,201,4,83.06,332.24
15979,5319,133,1,153.60,153.60
15980,5319,38,2,2984.65,5969.30
15981,5320,182,3,312.02,936.06
15982,5320,13,2,44.19,88.38
15983,5320,292,4,40.52,162.08
15984,5321,267,1,276.85,276.85
15985,5321,149,3,63.35,190.05
15986,5321,180,1,206.84,206.84
15987,5322,184,3,103.83,311.49
15988,5322,16,4,82.24,328.96
15989,5322,252,3,576.27,1728.81
15990,5323,88,3,92.09,276.27
15991,5323,263,4,82.89,331.56
15992,5323,4,1,70.68,70.68
15993,5324,8,3,92.31,276.93
15994,5324,204,3,362.70,1088.10
15995,5324,16,2,82.24,164.48
15996,5325,82,1,80.11,80.11
15997,5325,152,2,133.94,267.88
15998,5325,249,2,333.60,667.20
15999,5326,91,4,103.05,412.20
16000,5326,271,1,1470.33,1470.33
16001,5326,137,2,197.81,395.62
16002,5327,297,2,83.28,166.56
16003,5327,89,3,185.24,555.72
16004,5327,70,2,79.39,158.78
16005,5328,313,2,49.11,98.22
16006,5328,27,1,485.13,485.13
16007,5328,161,4,258.97,1035.88
16008,5329,272,2,77.63,155.26
16009,5329,147,4,143.83,575.32
16010,5329,269,4,107.58,430.32
16011,5330,5,1,312.42,312.42
16012,5330,118,1,123.08,123.08
16013,5330,270,3,777.12,2331.36
16014,5331,251,4,87.96,351.84
16015,5331,86,1,137.39,137.39
16016,5331,325,3,108.41,325.23
16017,5332,301,4,136.93,547.72
16018,5332,96,4,171.36,685.44
16019,5332,161,1,258.97,258.97
16020,5333,314,3,28.97,86.91
16021,5333,124,4,201.32,805.28
16022,5333,42,1,288.25,288.25
16023,5334,202,4,109.28,437.12
16024,5334,73,2,550.57,1101.14
16025,5334,213,1,231.12,231.12
16026,5335,40,4,62.79,251.16
16027,5335,314,3,28.97,86.91
16028,5335,276,2,1553.72,3107.44
16029,5336,270,4,777.12,3108.48
16030,5336,169,3,537.24,1611.72
16031,5336,26,3,979.66,2938.98
16032,5337,264,4,1374.60,5498.40
16033,5337,223,4,467.04,1868.16
16034,5337,315,1,69.11,69.11
16035,5338,113,1,545.60,545.60
16036,5338,263,1,82.89,82.89
16037,5338,122,2,130.97,261.94
16038,5339,70,1,79.39,79.39
16039,5339,281,1,34.70,34.70
16040,5339,80,2,180.81,361.62
16041,5340,138,2,75.42,150.84
16042,5340,324,3,183.99,551.97
16043,5340,64,3,72.56,217.68
16044,5341,257,2,77.56,155.12
16045,5341,98,1,116.76,116.76
16046,5341,281,2,34.70,69.40
16047,5342,329,4,124.79,499.16
16048,5342,30,3,165.44,496.32
16049,5342,101,4,156.57,626.28
16050,5343,215,1,136.44,136.44
16051,5343,179,3,367.91,1103.73
16052,5343,128,2,1363.48,2726.96
16053,5344,228,4,148.63,594.52
16054,5344,201,3,83.06,249.18
16055,5344,32,2,604.32,1208.64
16056,5345,145,3,369.80,1109.40
16057,5345,53,4,26.41,105.64
16058,5345,187,1,53.46,53.46
16059,5346,107,2,136.14,272.28
16060,5346,193,3,9668.18,29004.54
16061,5346,330,1,120.68,120.68
16062,5347,261,1,61.79,61.79
16063,5347,102,1,39.38,39.38
16064,5347,172,2,53.49,106.98
16065,5348,152,1,133.94,133.94
16066,5348,14,3,430.90,1292.70
16067,5348,257,4,77.56,310.24
16068,5349,92,2,243.24,486.48
16069,5349,314,2,28.97,57.94
16070,5349,206,1,125.45,125.45
16071,5350,203,2,59.44,118.88
16072,5350,231,2,170.32,340.64
16073,5350,196,3,68.93,206.79
16074,5351,223,2,467.04,934.08
16075,5351,140,3,558.26,1674.78
16076,5351,85,2,279.78,559.56
16077,5352,16,2,82.24,164.48
16078,5352,211,2,391.93,783.86
16079,5352,78,2,252.79,505.58
16080,5353,22,3,709.66,2128.98
16081,5353,247,1,127.32,127.32
16082,5353,78,1,252.79,252.79
16083,5354,262,3,177.88,533.64
16084,5354,258,1,57.78,57.78
16085,5354,78,2,252.79,505.58
16086,5355,60,2,301.85,603.70
16087,5355,128,2,1363.48,2726.96
16088,5355,278,1,405.40,405.40
16089,5356,143,3,55.35,166.05
16090,5356,234,2,157.34,314.68
16091,5356,4,2,70.68,141.36
16092,5357,116,3,86.77,260.31
16093,5357,77,1,90.53,90.53
16094,5357,183,1,229.08,229.08
16095,5358,310,1,106.27,106.27
16096,5358,126,2,105.42,210.84
16097,5358,282,1,314.44,314.44
16098,5359,209,2,299.28,598.56
16099,5359,262,3,177.88,533.64
16100,5359,281,3,34.70,104.10
16101,5360,230,1,64.40,64.40
16102,5360,49,4,109.83,439.32
16103,5360,335,2,117.27,234.54
16104,5361,218,1,49.88,49.88
16105,5361,252,4,576.27,2305.08
16106,5361,8,1,92.31,92.31
16107,5362,201,4,83.06,332.24
16108,5362,211,4,391.93,1567.72
16109,5362,142,1,544.13,544.13
16110,5363,52,1,36.58,36.58
16111,5363,239,3,642.80,1928.40
16112,5363,162,1,803.06,803.06
16113,5364,112,1,97.46,97.46
16114,5364,237,1,188.93,188.93
16115,5364,99,3,4229.74,12689.22
16116,5365,29,1,74.94,74.94
16117,5365,267,3,276.85,830.55
16118,5365,221,3,484.99,1454.97
16119,5366,260,4,95.74,382.96
16120,5366,48,2,124.35,248.70
16121,5366,65,4,114.10,456.40
16122,5367,67,1,663.51,663.51
16123,5367,78,4,252.79,1011.16
16124,5367,65,4,114.10,456.40
16125,5368,332,2,122.23,244.46
16126,5368,102,1,39.38,39.38
16127,5368,295,2,207.06,414.12
16128,5369,325,4,108.41,433.64
16129,5369,120,1,532.02,532.02
16130,5369,291,4,25.62,102.48
16131,5370,253,3,32.75,98.25
16132,5370,24,1,136.38,136.38
16133,5370,206,3,125.45,376.35
16134,5371,312,3,25.20,75.60
16135,5371,331,2,54.96,109.92
16136,5371,211,1,391.93,391.93
16137,5372,48,3,124.35,373.05
16138,5372,83,1,138.27,138.27
16139,5372,239,3,642.80,1928.40
16140,5373,287,3,553.36,1660.08
16141,5373,311,3,32.45,97.35
16142,5373,53,2,26.41,52.82
16143,5374,172,2,53.49,106.98
16144,5374,272,2,77.63,155.26
16145,5374,325,4,108.41,433.64
16146,5375,18,3,4347.52,13042.56
16147,5375,102,4,39.38,157.52
16148,5375,74,4,306.84,1227.36
16149,5376,266,4,379.02,1516.08
16150,5376,64,1,72.56,72.56
16151,5376,181,3,181.57,544.71
16152,5377,67,1,663.51,663.51
16153,5377,130,3,261.07,783.21
16154,5377,292,2,40.52,81.04
16155,5378,125,3,319.28,957.84
16156,5378,74,3,306.84,920.52
16157,5378,10,1,42.91,42.91
16158,5379,127,3,242.46,727.38
16159,5379,193,1,9668.18,9668.18
16160,5379,28,2,30.65,61.30
16161,5380,148,4,640.43,2561.72
16162,5380,280,4,154.65,618.60
16163,5380,56,4,408.87,1635.48
16164,5381,333,4,167.16,668.64
16165,5381,300,4,39.77,159.08
16166,5381,90,1,226.17,226.17
16167,5382,95,1,198.29,198.29
16168,5382,229,2,182.92,365.84
16169,5382,226,4,106.24,424.96
16170,5383,225,2,267.00,534.00
16171,5383,273,3,173.28,519.84
16172,5383,34,4,5015.04,20060.16
16173,5384,217,3,324.83,974.49
16174,5384,219,3,662.92,1988.76
16175,5384,270,1,777.12,777.12
16176,5385,89,3,185.24,555.72
16177,5385,196,1,68.93,68.93
16178,5385,197,4,111.56,446.24
16179,5386,102,4,39.38,157.52
16180,5386,283,4,594.23,2376.92
16181,5386,237,4,188.93,755.72
16182,5387,225,2,267.00,534.00
16183,5387,212,3,1815.77,5447.31
16184,5387,215,4,136.44,545.76
16185,5388,247,1,127.32,127.32
16186,5388,183,1,229.08,229.08
16187,5388,314,1,28.97,28.97
16188,5389,329,1,124.79,124.79
16189,5389,271,4,1470.33,5881.32
16190,5389,93,2,73.99,147.98
16191,5390,222,3,106.41,319.23
16192,5390,277,1,198.38,198.38
16193,5390,209,4,299.28,1197.12
16194,5391,293,2,9518.10,19036.20
16195,5391,147,2,143.83,287.66
16196,5391,232,4,117.39,469.56
16197,5392,138,1,75.42,75.42
16198,5392,54,3,73.34,220.02
16199,5392,327,3,91.25,273.75
16200,5393,160,2,103.53,207.06
16201,5393,26,2,979.66,1959.32
16202,5393,67,3,663.51,1990.53
16203,5394,289,4,37.80,151.20
16204,5394,176,3,204.81,614.43
16205,5394,53,1,26.41,26.41
16206,5395,169,4,537.24,2148.96
16207,5395,96,2,171.36,342.72
16208,5395,98,1,116.76,116.76
16209,5396,194,4,136.81,547.24
16210,5396,264,1,1374.60,1374.60
16211,5396,206,4,125.45,501.80
16212,5397,40,2,62.79,125.58
16213,5397,199,2,122.30,244.60
16214,5397,205,4,92.31,369.24
16215,5398,262,2,177.88,355.76
16216,5398,82,3,80.11,240.33
16217,5398,14,4,430.90,1723.60
16218,5399,73,2,550.57,1101.14
16219,5399,270,1,777.12,777.12
16220,5399,259,1,37.26,37.26
16221,5400,86,2,137.39,274.78
16222,5400,217,4,324.83,1299.32
16223,5400,292,3,40.52,121.56
16224,5401,237,1,188.93,188.93
16225,5401,230,2,64.40,128.80
16226,5401,205,3,92.31,276.93
16227,5402,289,3,37.80,113.40
16228,5402,19,3,79.80,239.40
16229,5402,119,2,329.12,658.24
16230,5403,39,4,265.80,1063.20
16231,5403,185,3,118.55,355.65
16232,5403,215,3,136.44,409.32
16233,5404,280,4,154.65,618.60
16234,5404,119,4,329.12,1316.48
16235,5404,24,2,136.38,272.76
16236,5405,300,4,39.77,159.08
16237,5405,106,3,502.86,1508.58
16238,5405,41,2,82.03,164.06
16239,5406,110,2,81.80,163.60
16240,5406,199,1,122.30,122.30
16241,5406,22,2,709.66,1419.32
16242,5407,182,2,312.02,624.04
16243,5407,317,1,85.93,85.93
16244,5407,127,2,242.46,484.92
16245,5408,117,3,795.33,2385.99
16246,5408,93,1,73.99,73.99
16247,5408,53,2,26.41,52.82
16248,5409,73,1,550.57,550.57
16249,5409,12,3,423.08,1269.24
16250,5409,47,1,100.93,100.93
16251,5410,268,4,186.90,747.60
16252,5410,324,1,183.99,183.99
16253,5410,57,4,425.93,1703.72
16254,5411,169,1,537.24,537.24
16255,5411,73,2,550.57,1101.14
16256,5411,37,1,5435.24,5435.24
16257,5412,321,4,105.04,420.16
16258,5412,174,1,93.41,93.41
16259,5412,220,2,38.34,76.68
16260,5413,112,3,97.46,292.38
16261,5413,114,1,59.81,59.81
16262,5413,35,1,166.21,166.21
16263,5414,222,3,106.41,319.23
16264,5414,269,4,107.58,430.32
16265,5414,209,4,299.28,1197.12
16266,5415,106,1,502.86,502.86
16267,5415,132,3,152.84,458.52
16268,5415,187,2,53.46,106.92
16269,5416,26,2,979.66,1959.32
16270,5416,51,2,223.70,447.40
16271,5416,127,4,242.46,969.84
16272,5417,295,3,207.06,621.18
16273,5417,325,1,108.41,108.41
16274,5417,265,1,192.94,192.94
16275,5418,28,2,30.65,61.30
16276,5418,285,2,6751.40,13502.80
16277,5418,71,2,81.12,162.24
16278,5419,220,2,38.34,76.68
16279,5419,253,1,32.75,32.75
16280,5419,201,2,83.06,166.12
16281,5420,123,4,340.07,1360.28
16282,5420,148,2,640.43,1280.86
16283,5420,128,2,1363.48,2726.96
16284,5421,240,4,26.71,106.84
16285,5421,116,1,86.77,86.77
16286,5421,255,3,71.89,215.67
16287,5422,326,3,127.79,383.37
16288,5422,299,3,57.14,171.42
16289,5422,30,3,165.44,496.32
16290,5423,25,1,70.53,70.53
16291,5423,243,3,471.30,1413.90
16292,5423,334,1,173.02,173.02
16293,5424,275,2,110.46,220.92
16294,5424,227,3,154.78,464.34
16295,5424,160,4,103.53,414.12
16296,5425,79,1,221.90,221.90
16297,5425,146,3,364.03,1092.09
16298,5425,69,4,206.85,827.40
16299,5426,326,1,127.79,127.79
16300,5426,276,3,1553.72,4661.16
16301,5426,233,3,107.91,323.73
16302,5427,154,3,174.02,522.06
16303,5427,156,3,138.39,415.17
16304,5427,160,1,103.53,103.53
16305,5428,6,4,536.76,2147.04
16306,5428,298,4,103.05,412.20
16307,5428,153,4,41.42,165.68
16308,5429,109,4,21.64,86.56
16309,5429,118,4,123.08,492.32
16310,5429,331,1,54.96,54.96
16311,5430,273,4,173.28,693.12
16312,5430,194,4,136.81,547.24
16313,5430,204,1,362.70,362.70
16314,5431,210,2,107.66,215.32
16315,5431,52,1,36.58,36.58
16316,5431,162,2,803.06,1606.12
16317,5432,266,4,379.02,1516.08
16318,5432,68,4,416.05,1664.20
16319,5432,132,4,152.84,611.36
16320,5433,30,2,165.44,330.88
16321,5433,214,2,522.07,1044.14
16322,5433,167,4,125.02,500.08
16323,5434,52,3,36.58,109.74
16324,5434,106,2,502.86,1005.72
16325,5434,265,3,192.94,578.82
16326,5435,252,3,576.27,1728.81
16327,5435,14,4,430.90,1723.60
16328,5435,67,4,663.51,2654.04
16329,5436,200,2,51.39,102.78
16330,5436,58,1,158.45,158.45
16331,5436,47,2,100.93,201.86
16332,5437,31,4,79.21,316.84
16333,5437,327,1,91.25,91.25
16334,5437,286,1,65.95,65.95
16335,5438,331,3,54.96,164.88
16336,5438,15,2,602.60,1205.20
16337,5438,47,2,100.93,201.86
16338,5439,151,3,52.78,158.34
16339,5439,190,4,4952.78,19811.12
16340,5439,18,4,4347.52,17390.08
16341,5440,38,4,2984.65,11938.60
16342,5440,42,2,288.25,576.50
16343,5440,322,2,161.49,322.98
16344,5441,99,3,4229.74,12689.22
16345,5441,169,4,537.24,2148.96
16346,5441,296,4,101.13,404.52
16347,5442,224,1,203.37,203.37
16348,5442,166,1,122.59,122.59
16349,5442,206,3,125.45,376.35
16350,5443,257,1,77.56,77.56
16351,5443,150,2,223.54,447.08
16352,5443,162,3,803.06,2409.18
16353,5444,238,4,108.52,434.08
16354,5444,272,4,77.63,310.52
16355,5444,99,3,4229.74,12689.22
16356,5445,71,4,81.12,324.48
16357,5445,272,4,77.63,310.52
16358,5445,302,4,17.70,70.80
16359,5446,310,4,106.27,425.08
16360,5446,96,1,171.36,171.36
16361,5446,111,4,215.02,860.08
16362,5447,54,2,73.34,146.68
16363,5447,107,3,136.14,408.42
16364,5447,191,2,217.48,434.96
16365,5448,193,4,9668.18,38672.72
16366,5448,24,3,136.38,409.14
16367,5448,302,4,17.70,70.80
16368,5449,169,4,537.24,2148.96
16369,5449,287,4,553.36,2213.44
16370,5449,69,2,206.85,413.70
16371,5450,287,2,553.36,1106.72
16372,5450,175,2,239.58,479.16
16373,5450,137,2,197.81,395.62
16374,5451,11,2,88.33,176.66
16375,5451,246,2,42.72,85.44
16376,5451,55,2,361.92,723.84
16377,5452,136,1,407.27,407.27
16378,5452,25,2,70.53,141.06
16379,5452,81,1,24.00,24.00
16380,5453,159,4,176.40,705.60
16381,5453,10,3,42.91,128.73
16382,5453,107,4,136.14,544.56
16383,5454,12,1,423.08,423.08
16384,5454,300,2,39.77,79.54
16385,5454,136,1,407.27,407.27
16386,5455,151,3,52.78,158.34
16387,5455,78,1,252.79,252.79
16388,5455,120,3,532.02,1596.06
16389,5456,88,2,92.09,184.18
16390,5456,15,4,602.60,2410.40
16391,5456,48,4,124.35,497.40
16392,5457,322,4,161.49,645.96
16393,5457,266,4,379.02,1516.08
16394,5457,296,4,101.13,404.52
16395,5458,199,2,122.30,244.60
16396,5458,237,1,188.93,188.93
16397,5458,246,3,42.72,128.16
16398,5459,179,1,367.91,367.91
16399,5459,258,1,57.78,57.78
16400,5459,35,3,166.21,498.63
16401,5460,331,3,54.96,164.88
16402,5460,110,4,81.80,327.20
16403,5460,264,1,1374.60,1374.60
16404,5461,28,1,30.65,30.65
16405,5461,325,4,108.41,433.64
16406,5461,176,2,204.81,409.62
16407,5462,317,3,85.93,257.79
16408,5462,259,4,37.26,149.04
16409,5462,49,2,109.83,219.66
16410,5463,189,4,87.00,348.00
16411,5463,53,3,26.41,79.23
16412,5463,122,4,130.97,523.88
16413,5464,247,3,127.32,381.96
16414,5464,271,2,1470.33,2940.66
16415,5464,254,3,196.52,589.56
16416,5465,253,2,32.75,65.50
16417,5465,315,3,69.11,207.33
16418,5465,214,3,522.07,1566.21
16419,5466,314,2,28.97,57.94
16420,5466,193,2,9668.18,19336.36
16421,5466,97,3,201.04,603.12
16422,5467,98,3,116.76,350.28
16423,5467,256,4,255.06,1020.24
16424,5467,317,4,85.93,343.72
16425,5468,274,3,72.47,217.41
16426,5468,69,2,206.85,413.70
16427,5468,75,2,63.53,127.06
16428,5469,75,3,63.53,190.59
16429,5469,325,1,108.41,108.41
16430,5469,334,2,173.02,346.04
16431,5470,68,3,416.05,1248.15
16432,5470,193,4,9668.18,38672.72
16433,5470,48,4,124.35,497.40
16434,5471,281,2,34.70,69.40
16435,5471,283,3,594.23,1782.69
16436,5471,18,2,4347.52,8695.04
16437,5472,156,4,138.39,553.56
16438,5472,273,1,173.28,173.28
16439,5472,204,2,362.70,725.40
16440,5473,64,4,72.56,290.24
16441,5473,223,2,467.04,934.08
16442,5473,16,3,82.24,246.72
16443,5474,254,3,196.52,589.56
16444,5474,68,4,416.05,1664.20
16445,5474,189,1,87.00,87.00
16446,5475,126,1,105.42,105.42
16447,5475,5,2,312.42,624.84
16448,5475,95,3,198.29,594.87
16449,5476,313,3,49.11,147.33
16450,5476,309,3,132.91,398.73
16451,5476,248,1,4473.97,4473.97
16452,5477,70,4,79.39,317.56
16453,5477,272,4,77.63,310.52
16454,5477,119,2,329.12,658.24
16455,5478,207,4,62.51,250.04
16456,5478,114,4,59.81,239.24
16457,5478,328,4,180.51,722.04
16458,5479,28,2,30.65,61.30
16459,5479,297,3,83.28,249.84
16460,5479,50,4,293.39,1173.56
16461,5480,99,4,4229.74,16918.96
16462,5480,179,1,367.91,367.91
16463,5480,18,3,4347.52,13042.56
16464,5481,150,1,223.54,223.54
16465,5481,96,4,171.36,685.44
16466,5481,84,4,214.78,859.12
16467,5482,257,4,77.56,310.24
16468,5482,93,2,73.99,147.98
16469,5482,209,3,299.28,897.84
16470,5483,310,4,106.27,425.08
16471,5483,318,1,27.43,27.43
16472,5483,263,1,82.89,82.89
16473,5484,308,4,143.10,572.40
16474,5484,326,3,127.79,383.37
16475,5484,198,3,124.56,373.68
16476,5485,283,3,594.23,1782.69
16477,5485,63,4,176.42,705.68
16478,5485,280,1,154.65,154.65
16479,5486,77,2,90.53,181.06
16480,5486,153,3,41.42,124.26
16481,5486,38,2,2984.65,5969.30
16482,5487,125,4,319.28,1277.12
16483,5487,42,3,288.25,864.75
16484,5487,8,2,92.31,184.62
16485,5488,180,4,206.84,827.36
16486,5488,49,3,109.83,329.49
16487,5488,192,2,365.72,731.44
16488,5489,222,1,106.41,106.41
16489,5489,312,3,25.20,75.60
16490,5489,8,1,92.31,92.31
16491,5490,224,2,203.37,406.74
16492,5490,7,2,158.64,317.28
16493,5490,123,4,340.07,1360.28
16494,5491,113,2,545.60,1091.20
16495,5491,311,3,32.45,97.35
16496,5491,321,4,105.04,420.16
16497,5492,177,4,173.92,695.68
16498,5492,289,2,37.80,75.60
16499,5492,267,2,276.85,553.70
16500,5493,306,1,184.88,184.88
16501,5493,275,3,110.46,331.38
16502,5493,322,2,161.49,322.98
16503,5494,253,4,32.75,131.00
16504,5494,80,1,180.81,180.81
16505,5494,146,3,364.03,1092.09
16506,5495,248,4,4473.97,17895.88
16507,5495,235,1,1867.81,1867.81
16508,5495,213,1,231.12,231.12
16509,5496,207,2,62.51,125.02
16510,5496,228,2,148.63,297.26
16511,5496,124,3,201.32,603.96
16512,5497,60,2,301.85,603.70
16513,5497,131,4,151.63,606.52
16514,5497,285,3,6751.40,20254.20
16515,5498,275,2,110.46,220.92
16516,5498,309,1,132.91,132.91
16517,5498,286,1,65.95,65.95
16518,5499,25,1,70.53,70.53
16519,5499,119,4,329.12,1316.48
16520,5499,181,2,181.57,363.14
16521,5500,117,3,795.33,2385.99
16522,5500,35,4,166.21,664.84
16523,5500,172,1,53.49,53.49
16524,5501,180,4,206.84,827.36
16525,5501,35,1,166.21,166.21
16526,5501,291,3,25.62,76.86
16527,5502,293,3,9518.10,28554.30
16528,5502,64,2,72.56,145.12
16529,5502,6,3,536.76,1610.28
16530,5503,1,3,41.61,124.83
16531,5503,229,3,182.92,548.76
16532,5503,207,1,62.51,62.51
16533,5504,218,3,49.88,149.64
16534,5504,48,4,124.35,497.40
16535,5504,307,3,195.28,585.84
16536,5505,13,2,44.19,88.38
16537,5505,65,4,114.10,456.40
16538,5505,199,2,122.30,244.60
16539,5506,246,4,42.72,170.88
16540,5506,334,2,173.02,346.04
16541,5506,27,3,485.13,1455.39
16542,5507,313,4,49.11,196.44
16543,5507,146,4,364.03,1456.12
16544,5507,113,3,545.60,1636.80
16545,5508,240,3,26.71,80.13
16546,5508,251,4,87.96,351.84
16547,5508,163,1,150.26,150.26
16548,5509,51,1,223.70,223.70
16549,5509,134,3,261.22,783.66
16550,5509,35,2,166.21,332.42
16551,5510,63,3,176.42,529.26
16552,5510,235,1,1867.81,1867.81
16553,5510,190,1,4952.78,4952.78
16554,5511,316,4,110.67,442.68
16555,5511,86,3,137.39,412.17
16556,5511,93,1,73.99,73.99
16557,5512,31,2,79.21,158.42
16558,5512,217,4,324.83,1299.32
16559,5512,281,3,34.70,104.10
16560,5513,282,3,314.44,943.32
16561,5513,111,3,215.02,645.06
16562,5513,262,2,177.88,355.76
16563,5514,76,4,49.74,198.96
16564,5514,325,2,108.41,216.82
16565,5514,243,3,471.30,1413.90
16566,5515,54,3,73.34,220.02
16567,5515,113,4,545.60,2182.40
16568,5515,257,3,77.56,232.68
16569,5516,68,3,416.05,1248.15
16570,5516,131,2,151.63,303.26
16571,5516,301,3,136.93,410.79
16572,5517,332,1,122.23,122.23
16573,5517,177,2,173.92,347.84
16574,5517,188,1,50.01,50.01
16575,5518,24,1,136.38,136.38
16576,5518,122,2,130.97,261.94
16577,5518,200,1,51.39,51.39
16578,5519,249,2,333.60,667.20
16579,5519,133,2,153.60,307.20
16580,5519,269,4,107.58,430.32
16581,5520,47,2,100.93,201.86
16582,5520,183,4,229.08,916.32
16583,5520,275,1,110.46,110.46
16584,5521,298,2,103.05,206.10
16585,5521,277,2,198.38,396.76
16586,5521,163,1,150.26,150.26
16587,5522,49,3,109.83,329.49
16588,5522,143,3,55.35,166.05
16589,5522,325,2,108.41,216.82
16590,5523,12,4,423.08,1692.32
16591,5523,324,3,183.99,551.97
16592,5523,243,4,471.30,1885.20
16593,5524,235,2,1867.81,3735.62
16594,5524,55,2,361.92,723.84
16595,5524,6,3,536.76,1610.28
16596,5525,102,4,39.38,157.52
16597,5525,36,2,184.31,368.62
16598,5525,335,3,117.27,351.81
16599,5526,296,2,101.13,202.26
16600,5526,144,3,1176.11,3528.33
16601,5526,205,4,92.31,369.24
16602,5527,328,1,180.51,180.51
16603,5527,90,2,226.17,452.34
16604,5527,231,2,170.32,340.64
16605,5528,194,3,136.81,410.43
16606,5528,288,4,236.80,947.20
16607,5528,163,2,150.26,300.52
16608,5529,196,2,68.93,137.86
16609,5529,105,1,63.28,63.28
16610,5529,334,1,173.02,173.02
16611,5530,223,1,467.04,467.04
16612,5530,73,2,550.57,1101.14
16613,5530,194,2,136.81,273.62
16614,5531,285,3,6751.40,20254.20
16615,5531,139,4,392.73,1570.92
16616,5531,107,3,136.14,408.42
16617,5532,223,3,467.04,1401.12
16618,5532,33,4,618.92,2475.68
16619,5532,309,3,132.91,398.73
16620,5533,35,2,166.21,332.42
16621,5533,326,1,127.79,127.79
16622,5533,190,2,4952.78,9905.56
16623,5534,122,4,130.97,523.88
16624,5534,283,4,594.23,2376.92
16625,5534,295,2,207.06,414.12
16626,5535,144,1,1176.11,1176.11
16627,5535,270,4,777.12,3108.48
16628,5535,300,2,39.77,79.54
16629,5536,260,1,95.74,95.74
16630,5536,324,2,183.99,367.98
16631,5536,221,4,484.99,1939.96
16632,5537,34,3,5015.04,15045.12
16633,5537,139,4,392.73,1570.92
16634,5537,69,2,206.85,413.70
16635,5538,247,1,127.32,127.32
16636,5538,184,4,103.83,415.32
16637,5538,239,3,642.80,1928.40
16638,5539,100,3,912.50,2737.50
16639,5539,319,3,129.86,389.58
16640,5539,10,2,42.91,85.82
16641,5540,89,3,185.24,555.72
16642,5540,20,1,49.24,49.24
16643,5540,195,4,46.99,187.96
16644,5541,329,2,124.79,249.58
16645,5541,65,4,114.10,456.40
16646,5541,157,3,2380.02,7140.06
16647,5542,215,4,136.44,545.76
16648,5542,233,4,107.91,431.64
16649,5542,127,2,242.46,484.92
16650,5543,112,1,97.46,97.46
16651,5543,310,3,106.27,318.81
16652,5543,26,3,979.66,2938.98
16653,5544,18,1,4347.52,4347.52
16654,5544,318,1,27.43,27.43
16655,5544,76,1,49.74,49.74
16656,5545,132,2,152.84,305.68
16657,5545,228,4,148.63,594.52
16658,5545,31,3,79.21,237.63
16659,5546,26,2,979.66,1959.32
16660,5546,285,1,6751.40,6751.40
16661,5546,97,2,201.04,402.08
16662,5547,245,4,75.04,300.16
16663,5547,150,2,223.54,447.08
16664,5547,58,3,158.45,475.35
16665,5548,38,2,2984.65,5969.30
16666,5548,5,3,312.42,937.26
16667,5548,236,1,54.07,54.07
16668,5549,17,1,189.07,189.07
16669,5549,76,1,49.74,49.74
16670,5549,198,4,124.56,498.24
16671,5550,12,3,423.08,1269.24
16672,5550,176,2,204.81,409.62
16673,5550,125,2,319.28,638.56
16674,5551,84,1,214.78,214.78
16675,5551,312,1,25.20,25.20
16676,5551,35,3,166.21,498.63
16677,5552,213,1,231.12,231.12
16678,5552,135,2,176.88,353.76
16679,5552,306,3,184.88,554.64
16680,5553,27,1,485.13,485.13
16681,5553,116,3,86.77,260.31
16682,5553,38,1,2984.65,2984.65
16683,5554,4,2,70.68,141.36
16684,5554,93,3,73.99,221.97
16685,5554,322,4,161.49,645.96
16686,5555,146,4,364.03,1456.12
16687,5555,210,1,107.66,107.66
16688,5555,65,2,114.10,228.20
16689,5556,68,2,416.05,832.10
16690,5556,266,2,379.02,758.04
16691,5556,186,1,324.89,324.89
16692,5557,263,1,82.89,82.89
16693,5557,36,4,184.31,737.24
16694,5557,128,3,1363.48,4090.44
16695,5558,174,2,93.41,186.82
16696,5558,109,4,21.64,86.56
16697,5558,135,2,176.88,353.76
16698,5559,209,3,299.28,897.84
16699,5559,201,1,83.06,83.06
16700,5559,15,2,602.60,1205.20
16701,5560,325,1,108.41,108.41
16702,5560,194,2,136.81,273.62
16703,5560,144,3,1176.11,3528.33
16704,5561,153,1,41.42,41.42
16705,5561,169,3,537.24,1611.72
16706,5561,61,2,175.93,351.86
16707,5562,79,2,221.90,443.80
16708,5562,161,2,258.97,517.94
16709,5562,13,1,44.19,44.19
16710,5563,38,4,2984.65,11938.60
16711,5563,98,4,116.76,467.04
16712,5563,150,3,223.54,670.62
16713,5564,149,2,63.35,126.70
16714,5564,331,1,54.96,54.96
16715,5564,31,2,79.21,158.42
16716,5565,261,1,61.79,61.79
16717,5565,193,4,9668.18,38672.72
16718,5565,62,4,56.51,226.04
16719,5566,143,3,55.35,166.05
16720,5566,3,3,108.77,326.31
16721,5566,28,3,30.65,91.95
16722,5567,299,4,57.14,228.56
16723,5567,316,3,110.67,332.01
16724,5567,253,2,32.75,65.50
16725,5568,330,2,120.68,241.36
16726,5568,171,4,49.52,198.08
16727,5568,329,2,124.79,249.58
16728,5569,175,2,239.58,479.16
16729,5569,206,2,125.45,250.90
16730,5569,242,4,798.53,3194.12
16731,5570,304,2,121.41,242.82
16732,5570,43,4,930.93,3723.72
16733,5570,157,4,2380.02,9520.08
16734,5571,290,2,744.49,1488.98
16735,5571,116,1,86.77,86.77
16736,5571,292,3,40.52,121.56
16737,5572,211,4,391.93,1567.72
16738,5572,54,1,73.34,73.34
16739,5572,75,4,63.53,254.12
16740,5573,62,4,56.51,226.04
16741,5573,268,4,186.90,747.60
16742,5573,233,3,107.91,323.73
16743,5574,131,4,151.63,606.52
16744,5574,75,2,63.53,127.06
16745,5574,316,1,110.67,110.67
16746,5575,91,3,103.05,309.15
16747,5575,301,4,136.93,547.72
16748,5575,253,2,32.75,65.50
16749,5576,63,2,176.42,352.84
16750,5576,329,1,124.79,124.79
16751,5576,326,2,127.79,255.58
16752,5577,159,4,176.40,705.60
16753,5577,5,2,312.42,624.84
16754,5577,76,1,49.74,49.74
16755,5578,266,4,379.02,1516.08
16756,5578,243,3,471.30,1413.90
16757,5578,245,1,75.04,75.04
16758,5579,254,1,196.52,196.52
16759,5579,197,3,111.56,334.68
16760,5579,19,3,79.80,239.40
16761,5580,125,1,319.28,319.28
16762,5580,256,1,255.06,255.06
16763,5580,295,3,207.06,621.18
16764,5581,21,2,37.53,75.06
16765,5581,173,4,101.46,405.84
16766,5581,81,3,24.00,72.00
16767,5582,90,2,226.17,452.34
16768,5582,46,4,64.02,256.08
16769,5582,168,2,84.08,168.16
16770,5583,223,4,467.04,1868.16
16771,5583,325,3,108.41,325.23
16772,5583,125,1,319.28,319.28
16773,5584,284,4,33.21,132.84
16774,5584,6,2,536.76,1073.52
16775,5584,189,1,87.00,87.00
16776,5585,47,3,100.93,302.79
16777,5585,176,2,204.81,409.62
16778,5585,106,3,502.86,1508.58
16779,5586,226,3,106.24,318.72
16780,5586,256,2,255.06,510.12
16781,5586,6,1,536.76,536.76
16782,5587,112,3,97.46,292.38
16783,5587,26,1,979.66,979.66
16784,5587,56,3,408.87,1226.61
16785,5588,49,3,109.83,329.49
16786,5588,109,1,21.64,21.64
16787,5588,274,3,72.47,217.41
16788,5589,117,2,795.33,1590.66
16789,5589,220,2,38.34,76.68
16790,5589,178,3,110.15,330.45
16791,5590,140,1,558.26,558.26
16792,5590,41,3,82.03,246.09
16793,5590,303,3,199.54,598.62
16794,5591,239,4,642.80,2571.20
16795,5591,305,4,18.21,72.84
16796,5591,220,3,38.34,115.02
16797,5592,173,2,101.46,202.92
16798,5592,78,3,252.79,758.37
16799,5592,220,4,38.34,153.36
16800,5593,234,1,157.34,157.34
16801,5593,79,4,221.90,887.60
16802,5593,52,3,36.58,109.74
16803,5594,208,3,5119.77,15359.31
16804,5594,326,4,127.79,511.16
16805,5594,207,2,62.51,125.02
16806,5595,205,1,92.31,92.31
16807,5595,243,4,471.30,1885.20
16808,5595,335,4,117.27,469.08
16809,5596,113,2,545.60,1091.20
16810,5596,133,1,153.60,153.60
16811,5596,50,4,293.39,1173.56
16812,5597,18,2,4347.52,8695.04
16813,5597,225,4,267.00,1068.00
16814,5597,141,3,482.39,1447.17
16815,5598,135,3,176.88,530.64
16816,5598,249,3,333.60,1000.80
16817,5598,323,2,43.39,86.78
16818,5599,132,3,152.84,458.52
16819,5599,214,4,522.07,2088.28
16820,5599,117,3,795.33,2385.99
16821,5600,164,1,259.43,259.43
16822,5600,188,4,50.01,200.04
16823,5600,36,4,184.31,737.24
16824,5601,191,4,217.48,869.92
16825,5601,228,3,148.63,445.89
16826,5601,276,1,1553.72,1553.72
16827,5602,64,4,72.56,290.24
16828,5602,218,3,49.88,149.64
16829,5602,72,4,201.58,806.32
16830,5603,187,3,53.46,160.38
16831,5603,274,4,72.47,289.88
16832,5603,206,1,125.45,125.45
16833,5604,65,3,114.10,342.30
16834,5604,125,4,319.28,1277.12
16835,5604,308,3,143.10,429.30
16836,5605,221,1,484.99,484.99
16837,5605,11,4,88.33,353.32
16838,5605,162,3,803.06,2409.18
16839,5606,8,1,92.31,92.31
16840,5606,304,3,121.41,364.23
16841,5606,189,4,87.00,348.00
16842,5607,327,3,91.25,273.75
16843,5607,51,3,223.70,671.10
16844,5607,176,4,204.81,819.24
16845,5608,15,3,602.60,1807.80
16846,5608,77,1,90.53,90.53
16847,5608,253,3,32.75,98.25
16848,5609,158,1,210.26,210.26
16849,5609,217,1,324.83,324.83
16850,5609,14,3,430.90,1292.70
16851,5610,317,1,85.93,85.93
16852,5610,259,1,37.26,37.26
16853,5610,226,2,106.24,212.48
16854,5611,234,4,157.34,629.36
16855,5611,71,1,81.12,81.12
16856,5611,168,3,84.08,252.24
16857,5612,6,2,536.76,1073.52
16858,5612,40,1,62.79,62.79
16859,5612,231,1,170.32,170.32
16860,5613,96,4,171.36,685.44
16861,5613,196,3,68.93,206.79
16862,5613,159,4,176.40,705.60
16863,5614,130,3,261.07,783.21
16864,5614,269,1,107.58,107.58
16865,5614,332,1,122.23,122.23
16866,5615,124,3,201.32,603.96
16867,5615,250,2,725.02,1450.04
16868,5615,176,3,204.81,614.43
16869,5616,226,1,106.24,106.24
16870,5616,23,2,477.55,955.10
16871,5616,277,3,198.38,595.14
16872,5617,234,3,157.34,472.02
16873,5617,223,3,467.04,1401.12
16874,5617,192,4,365.72,1462.88
16875,5618,45,4,5111.42,20445.68
16876,5618,56,3,408.87,1226.61
16877,5618,294,2,133.99,267.98
16878,5619,220,1,38.34,38.34
16879,5619,309,1,132.91,132.91
16880,5619,291,4,25.62,102.48
16881,5620,25,4,70.53,282.12
16882,5620,302,2,17.70,35.40
16883,5620,198,3,124.56,373.68
16884,5621,276,1,1553.72,1553.72
16885,5621,51,4,223.70,894.80
16886,5621,94,4,61.84,247.36
16887,5622,292,4,40.52,162.08
16888,5622,305,3,18.21,54.63
16889,5622,120,2,532.02,1064.04
16890,5623,79,2,221.90,443.80
16891,5623,199,3,122.30,366.90
16892,5623,91,2,103.05,206.10
16893,5624,91,4,103.05,412.20
16894,5624,224,2,203.37,406.74
16895,5624,166,4,122.59,490.36
16896,5625,218,4,49.88,199.52
16897,5625,45,3,5111.42,15334.26
16898,5625,59,3,1165.61,3496.83
16899,5626,15,4,602.60,2410.40
16900,5626,151,4,52.78,211.12
16901,5626,174,1,93.41,93.41
16902,5627,34,3,5015.04,15045.12
16903,5627,166,2,122.59,245.18
16904,5627,216,3,27.57,82.71
16905,5628,272,3,77.63,232.89
16906,5628,148,4,640.43,2561.72
16907,5628,243,2,471.30,942.60
16908,5629,81,3,24.00,72.00
16909,5629,7,1,158.64,158.64
16910,5629,290,1,744.49,744.49
16911,5630,32,3,604.32,1812.96
16912,5630,205,4,92.31,369.24
16913,5630,117,2,795.33,1590.66
16914,5631,256,1,255.06,255.06
16915,5631,167,4,125.02,500.08
16916,5631,212,3,1815.77,5447.31
16917,5632,28,3,30.65,91.95
16918,5632,291,4,25.62,102.48
16919,5632,123,3,340.07,1020.21
16920,5633,183,2,229.08,458.16
16921,5633,13,3,44.19,132.57
16922,5633,42,2,288.25,576.50
16923,5634,329,4,124.79,499.16
16924,5634,317,1,85.93,85.93
16925,5634,307,1,195.28,195.28
16926,5635,137,2,197.81,395.62
16927,5635,251,1,87.96,87.96
16928,5635,236,1,54.07,54.07
16929,5636,95,1,198.29,198.29
16930,5636,90,3,226.17,678.51
16931,5636,118,2,123.08,246.16
16932,5637,80,3,180.81,542.43
16933,5637,250,1,725.02,725.02
16934,5637,192,1,365.72,365.72
16935,5638,90,4,226.17,904.68
16936,5638,44,1,86.79,86.79
16937,5638,168,4,84.08,336.32
16938,5639,102,1,39.38,39.38
16939,5639,48,4,124.35,497.40
16940,5639,112,2,97.46,194.92
16941,5640,278,2,405.40,810.80
16942,5640,32,2,604.32,1208.64
16943,5640,146,3,364.03,1092.09
16944,5641,82,4,80.11,320.44
16945,5641,125,4,319.28,1277.12
16946,5641,246,4,42.72,170.88
16947,5642,11,1,88.33,88.33
16948,5642,14,2,430.90,861.80
16949,5642,279,4,41.73,166.92
16950,5643,133,4,153.60,614.40
16951,5643,19,4,79.80,319.20
16952,5643,164,1,259.43,259.43
16953,5644,251,3,87.96,263.88
16954,5644,90,2,226.17,452.34
16955,5644,119,4,329.12,1316.48
16956,5645,138,1,75.42,75.42
16957,5645,22,3,709.66,2128.98
16958,5645,289,2,37.80,75.60
16959,5646,157,1,2380.02,2380.02
16960,5646,24,1,136.38,136.38
16961,5646,117,4,795.33,3181.32
16962,5647,126,1,105.42,105.42
16963,5647,295,1,207.06,207.06
16964,5647,129,2,120.28,240.56
16965,5648,68,4,416.05,1664.20
16966,5648,205,1,92.31,92.31
16967,5648,36,3,184.31,552.93
16968,5649,284,4,33.21,132.84
16969,5649,186,3,324.89,974.67
16970,5649,312,3,25.20,75.60
16971,5650,128,1,1363.48,1363.48
16972,5650,11,1,88.33,88.33
16973,5650,238,1,108.52,108.52
16974,5651,154,1,174.02,174.02
16975,5651,270,4,777.12,3108.48
16976,5651,171,3,49.52,148.56
16977,5652,230,2,64.40,128.80
16978,5652,320,4,125.31,501.24
16979,5652,248,4,4473.97,17895.88
16980,5653,319,3,129.86,389.58
16981,5653,25,3,70.53,211.59
16982,5653,21,1,37.53,37.53
16983,5654,138,3,75.42,226.26
16984,5654,65,1,114.10,114.10
16985,5654,162,3,803.06,2409.18
16986,5655,194,2,136.81,273.62
16987,5655,320,1,125.31,125.31
16988,5655,48,4,124.35,497.40
16989,5656,307,3,195.28,585.84
16990,5656,295,3,207.06,621.18
16991,5656,66,2,41.56,83.12
16992,5657,177,4,173.92,695.68
16993,5657,139,1,392.73,392.73
16994,5657,328,1,180.51,180.51
16995,5658,101,2,156.57,313.14
16996,5658,189,3,87.00,261.00
16997,5658,311,3,32.45,97.35
16998,5659,280,4,154.65,618.60
16999,5659,66,2,41.56,83.12
17000,5659,44,2,86.79,173.58
17001,5660,186,3,324.89,974.67
17002,5660,123,4,340.07,1360.28
17003,5660,151,3,52.78,158.34
17004,5661,263,3,82.89,248.67
17005,5661,186,4,324.89,1299.56
17006,5661,17,2,189.07,378.14
17007,5662,69,2,206.85,413.70
17008,5662,37,4,5435.24,21740.96
17009,5662,127,1,242.46,242.46
17010,5663,202,3,109.28,327.84
17011,5663,108,4,368.57,1474.28
17012,5663,38,1,2984.65,2984.65
17013,5664,138,4,75.42,301.68
17014,5664,100,4,912.50,3650.00
17015,5664,50,2,293.39,586.78
17016,5665,283,4,594.23,2376.92
17017,5665,19,4,79.80,319.20
17018,5665,85,4,279.78,1119.12
17019,5666,120,3,532.02,1596.06
17020,5666,171,3,49.52,148.56
17021,5666,111,3,215.02,645.06
17022,5667,281,2,34.70,69.40
17023,5667,97,2,201.04,402.08
17024,5667,234,2,157.34,314.68
17025,5668,329,3,124.79,374.37
17026,5668,58,1,158.45,158.45
17027,5668,272,3,77.63,232.89
17028,5669,152,4,133.94,535.76
17029,5669,46,2,64.02,128.04
17030,5669,112,3,97.46,292.38
17031,5670,165,1,257.39,257.39
17032,5670,177,4,173.92,695.68
17033,5670,323,2,43.39,86.78
17034,5671,106,4,502.86,2011.44
17035,5671,204,2,362.70,725.40
17036,5671,186,4,324.89,1299.56
17037,5672,163,3,150.26,450.78
17038,5672,210,3,107.66,322.98
17039,5672,245,2,75.04,150.08
17040,5673,173,2,101.46,202.92
17041,5673,143,1,55.35,55.35
17042,5673,211,4,391.93,1567.72
17043,5674,108,1,368.57,368.57
17044,5674,286,3,65.95,197.85
17045,5674,29,3,74.94,224.82
17046,5675,174,2,93.41,186.82
17047,5675,44,4,86.79,347.16
17048,5675,59,3,1165.61,3496.83
17049,5676,318,2,27.43,54.86
17050,5676,206,3,125.45,376.35
17051,5676,156,3,138.39,415.17
17052,5677,151,4,52.78,211.12
17053,5677,31,3,79.21,237.63
17054,5677,165,1,257.39,257.39
17055,5678,235,4,1867.81,7471.24
17056,5678,231,3,170.32,510.96
17057,5678,328,1,180.51,180.51
17058,5679,74,1,306.84,306.84
17059,5679,48,1,124.35,124.35
17060,5679,195,1,46.99,46.99
17061,5680,170,3,845.55,2536.65
17062,5680,28,2,30.65,61.30
17063,5680,147,2,143.83,287.66
17064,5681,256,2,255.06,510.12
17065,5681,85,2,279.78,559.56
17066,5681,80,2,180.81,361.62
17067,5682,130,4,261.07,1044.28
17068,5682,164,2,259.43,518.86
17069,5682,273,4,173.28,693.12
17070,5683,182,4,312.02,1248.08
17071,5683,197,1,111.56,111.56
17072,5683,20,4,49.24,196.96
17073,5684,163,3,150.26,450.78
17074,5684,32,3,604.32,1812.96
17075,5684,233,3,107.91,323.73
17076,5685,328,1,180.51,180.51
17077,5685,82,3,80.11,240.33
17078,5685,216,1,27.57,27.57
17079,5686,244,4,70.80,283.20
17080,5686,324,3,183.99,551.97
17081,5686,227,2,154.78,309.56
17082,5687,54,4,73.34,293.36
17083,5687,177,3,173.92,521.76
17084,5687,315,4,69.11,276.44
17085,5688,248,1,4473.97,4473.97
17086,5688,103,4,88.38,353.52
17087,5688,287,2,553.36,1106.72
17088,5689,149,2,63.35,126.70
17089,5689,238,3,108.52,325.56
17090,5689,256,3,255.06,765.18
17091,5690,303,1,199.54,199.54
17092,5690,107,3,136.14,408.42
17093,5690,253,4,32.75,131.00
17094,5691,181,4,181.57,726.28
17095,5691,207,3,62.51,187.53
17096,5691,113,1,545.60,545.60
17097,5692,117,2,795.33,1590.66
17098,5692,91,2,103.05,206.10
17099,5692,80,4,180.81,723.24
17100,5693,232,3,117.39,352.17
17101,5693,116,2,86.77,173.54
17102,5693,48,3,124.35,373.05
17103,5694,39,1,265.80,265.80
17104,5694,330,1,120.68,120.68
17105,5694,134,2,261.22,522.44
17106,5695,139,2,392.73,785.46
17107,5695,146,4,364.03,1456.12
17108,5695,155,1,80.38,80.38
17109,5696,228,1,148.63,148.63
17110,5696,277,4,198.38,793.52
17111,5696,136,2,407.27,814.54
17112,5697,211,3,391.93,1175.79
17113,5697,116,2,86.77,173.54
17114,5697,221,2,484.99,969.98
17115,5698,131,1,151.63,151.63
17116,5698,247,4,127.32,509.28
17117,5698,95,2,198.29,396.58
17118,5699,152,3,133.94,401.82
17119,5699,262,3,177.88,533.64
17120,5699,113,4,545.60,2182.40
17121,5700,61,3,175.93,527.79
17122,5700,182,4,312.02,1248.08
17123,5700,231,1,170.32,170.32
17124,5701,275,4,110.46,441.84
17125,5701,37,4,5435.24,21740.96
17126,5701,127,3,242.46,727.38
17127,5702,13,1,44.19,44.19
17128,5702,261,3,61.79,185.37
17129,5702,240,2,26.71,53.42
17130,5703,106,3,502.86,1508.58
17131,5703,2,4,54.72,218.88
17132,5703,61,4,175.93,703.72
17133,5704,152,1,133.94,133.94
17134,5704,122,1,130.97,130.97
17135,5704,158,1,210.26,210.26
17136,5705,7,4,158.64,634.56
17137,5705,155,2,80.38,160.76
17138,5705,138,2,75.42,150.84
17139,5706,192,1,365.72,365.72
17140,5706,89,3,185.24,555.72
17141,5706,163,3,150.26,450.78
17142,5707,108,4,368.57,1474.28
17143,5707,81,1,24.00,24.00
17144,5707,200,1,51.39,51.39
17145,5708,133,4,153.60,614.40
17146,5708,242,2,798.53,1597.06
17147,5708,117,4,795.33,3181.32
17148,5709,319,1,129.86,129.86
17149,5709,108,2,368.57,737.14
17150,5709,297,3,83.28,249.84
17151,5710,282,2,314.44,628.88
17152,5710,263,1,82.89,82.89
17153,5710,206,2,125.45,250.90
17154,5711,41,3,82.03,246.09
17155,5711,81,4,24.00,96.00
17156,5711,191,4,217.48,869.92
17157,5712,22,4,709.66,2838.64
17158,5712,335,1,117.27,117.27
17159,5712,202,4,109.28,437.12
17160,5713,106,4,502.86,2011.44
17161,5713,113,1,545.60,545.60
17162,5713,207,3,62.51,187.53
17163,5714,134,3,261.22,783.66
17164,5714,196,2,68.93,137.86
17165,5714,327,1,91.25,91.25
17166,5715,323,2,43.39,86.78
17167,5715,199,3,122.30,366.90
17168,5715,245,3,75.04,225.12
17169,5716,188,4,50.01,200.04
17170,5716,80,2,180.81,361.62
17171,5716,21,3,37.53,112.59
17172,5717,142,3,544.13,1632.39
17173,5717,310,1,106.27,106.27
17174,5717,91,3,103.05,309.15
17175,5718,19,1,79.80,79.80
17176,5718,150,2,223.54,447.08
17177,5718,147,2,143.83,287.66
17178,5719,177,1,173.92,173.92
17179,5719,321,4,105.04,420.16
17180,5719,71,1,81.12,81.12
17181,5720,93,1,73.99,73.99
17182,5720,322,2,161.49,322.98
17183,5720,31,4,79.21,316.84
17184,5721,160,1,103.53,103.53
17185,5721,271,1,1470.33,1470.33
17186,5721,259,2,37.26,74.52
17187,5722,248,3,4473.97,13421.91
17188,5722,180,2,206.84,413.68
17189,5722,168,4,84.08,336.32
17190,5723,262,4,177.88,711.52
17191,5723,165,2,257.39,514.78
17192,5723,131,2,151.63,303.26
17193,5724,202,2,109.28,218.56
17194,5724,138,1,75.42,75.42
17195,5724,257,2,77.56,155.12
17196,5725,198,1,124.56,124.56
17197,5725,220,4,38.34,153.36
17198,5725,326,4,127.79,511.16
17199,5726,44,4,86.79,347.16
17200,5726,316,1,110.67,110.67
17201,5726,126,2,105.42,210.84
17202,5727,179,3,367.91,1103.73
17203,5727,77,1,90.53,90.53
17204,5727,84,4,214.78,859.12
17205,5728,126,4,105.42,421.68
17206,5728,329,2,124.79,249.58
17207,5728,78,4,252.79,1011.16
17208,5729,255,4,71.89,287.56
17209,5729,126,3,105.42,316.26
17210,5729,242,1,798.53,798.53
17211,5730,6,1,536.76,536.76
17212,5730,138,3,75.42,226.26
17213,5730,93,4,73.99,295.96
17214,5731,65,3,114.10,342.30
17215,5731,246,3,42.72,128.16
17216,5731,257,1,77.56,77.56
17217,5732,159,4,176.40,705.60
17218,5732,213,4,231.12,924.48
17219,5732,90,4,226.17,904.68
17220,5733,209,2,299.28,598.56
17221,5733,138,1,75.42,75.42
17222,5733,194,3,136.81,410.43
17223,5734,59,3,1165.61,3496.83
17224,5734,262,2,177.88,355.76
17225,5734,241,1,237.51,237.51
17226,5735,310,2,106.27,212.54
17227,5735,193,3,9668.18,29004.54
17228,5735,211,2,391.93,783.86
17229,5736,239,1,642.80,642.80
17230,5736,114,4,59.81,239.24
17231,5736,214,1,522.07,522.07
17232,5737,142,3,544.13,1632.39
17233,5737,248,4,4473.97,17895.88
17234,5737,185,3,118.55,355.65
17235,5738,276,4,1553.72,6214.88
17236,5738,29,3,74.94,224.82
17237,5738,242,1,798.53,798.53
17238,5739,63,2,176.42,352.84
17239,5739,175,3,239.58,718.74
17240,5739,12,1,423.08,423.08
17241,5740,107,3,136.14,408.42
17242,5740,278,4,405.40,1621.60
17243,5740,1,2,41.61,83.22
17244,5741,82,3,80.11,240.33
17245,5741,7,3,158.64,475.92
17246,5741,268,3,186.90,560.70
17247,5742,212,4,1815.77,7263.08
17248,5742,57,1,425.93,425.93
17249,5742,7,2,158.64,317.28
17250,5743,266,4,379.02,1516.08
17251,5743,256,4,255.06,1020.24
17252,5743,319,4,129.86,519.44
17253,5744,174,3,93.41,280.23
17254,5744,208,2,5119.77,10239.54
17255,5744,290,1,744.49,744.49
17256,5745,259,3,37.26,111.78
17257,5745,147,3,143.83,431.49
17258,5745,139,4,392.73,1570.92
17259,5746,202,4,109.28,437.12
17260,5746,100,1,912.50,912.50
17261,5746,183,3,229.08,687.24
17262,5747,45,2,5111.42,10222.84
17263,5747,138,4,75.42,301.68
17264,5747,16,4,82.24,328.96
17265,5748,272,1,77.63,77.63
17266,5748,63,2,176.42,352.84
17267,5748,310,2,106.27,212.54
17268,5749,303,1,199.54,199.54
17269,5749,272,3,77.63,232.89
17270,5749,42,4,288.25,1153.00
17271,5750,133,4,153.60,614.40
17272,5750,221,4,484.99,1939.96
17273,5750,232,4,117.39,469.56
17274,5751,32,1,604.32,604.32
17275,5751,182,1,312.02,312.02
17276,5751,1,4,41.61,166.44
17277,5752,109,3,21.64,64.92
17278,5752,326,4,127.79,511.16
17279,5752,307,4,195.28,781.12
17280,5753,187,2,53.46,106.92
17281,5753,197,1,111.56,111.56
17282,5753,67,4,663.51,2654.04
17283,5754,216,1,27.57,27.57
17284,5754,184,2,103.83,207.66
17285,5754,237,2,188.93,377.86
17286,5755,11,2,88.33,176.66
17287,5755,140,2,558.26,1116.52
17288,5755,215,4,136.44,545.76
17289,5756,184,2,103.83,207.66
17290,5756,190,1,4952.78,4952.78
17291,5756,40,2,62.79,125.58
17292,5757,37,1,5435.24,5435.24
17293,5757,59,4,1165.61,4662.44
17294,5757,235,3,1867.81,5603.43
17295,5758,136,2,407.27,814.54
17296,5758,299,4,57.14,228.56
17297,5758,170,1,845.55,845.55
17298,5759,263,1,82.89,82.89
17299,5759,232,2,117.39,234.78
17300,5759,319,2,129.86,259.72
17301,5760,272,1,77.63,77.63
17302,5760,191,2,217.48,434.96
17303,5760,22,2,709.66,1419.32
17304,5761,4,3,70.68,212.04
17305,5761,31,2,79.21,158.42
17306,5761,308,3,143.10,429.30
17307,5762,155,4,80.38,321.52
17308,5762,56,4,408.87,1635.48
17309,5762,326,4,127.79,511.16
17310,5763,161,4,258.97,1035.88
17311,5763,182,4,312.02,1248.08
17312,5763,190,1,4952.78,4952.78
17313,5764,54,4,73.34,293.36
17314,5764,60,4,301.85,1207.40
17315,5764,107,1,136.14,136.14
17316,5765,100,4,912.50,3650.00
17317,5765,281,3,34.70,104.10
17318,5765,194,3,136.81,410.43
17319,5766,115,4,559.60,2238.40
17320,5766,142,4,544.13,2176.52
17321,5766,334,1,173.02,173.02
17322,5767,196,2,68.93,137.86
17323,5767,100,3,912.50,2737.50
17324,5767,287,1,553.36,553.36
17325,5768,141,3,482.39,1447.17
17326,5768,103,3,88.38,265.14
17327,5768,111,4,215.02,860.08
17328,5769,108,4,368.57,1474.28
17329,5769,319,1,129.86,129.86
17330,5769,31,4,79.21,316.84
17331,5770,105,1,63.28,63.28
17332,5770,81,4,24.00,96.00
17333,5770,66,2,41.56,83.12
17334,5771,125,4,319.28,1277.12
17335,5771,162,2,803.06,1606.12
17336,5771,314,2,28.97,57.94
17337,5772,22,2,709.66,1419.32
17338,5772,216,2,27.57,55.14
17339,5772,79,3,221.90,665.70
17340,5773,97,2,201.04,402.08
17341,5773,309,2,132.91,265.82
17342,5773,141,3,482.39,1447.17
17343,5774,63,1,176.42,176.42
17344,5774,136,3,407.27,1221.81
17345,5774,263,4,82.89,331.56
17346,5775,37,2,5435.24,10870.48
17347,5775,285,1,6751.40,6751.40
17348,5775,249,3,333.60,1000.80
17349,5776,41,1,82.03,82.03
17350,5776,330,4,120.68,482.72
17351,5776,210,1,107.66,107.66
17352,5777,93,3,73.99,221.97
17353,5777,154,1,174.02,174.02
17354,5777,160,1,103.53,103.53
17355,5778,292,4,40.52,162.08
17356,5778,64,2,72.56,145.12
17357,5778,175,2,239.58,479.16
17358,5779,7,3,158.64,475.92
17359,5779,94,4,61.84,247.36
17360,5779,123,1,340.07,340.07
17361,5780,226,3,106.24,318.72
17362,5780,295,1,207.06,207.06
17363,5780,167,1,125.02,125.02
17364,5781,133,1,153.60,153.60
17365,5781,39,2,265.80,531.60
17366,5781,216,2,27.57,55.14
17367,5782,103,2,88.38,176.76
17368,5782,1,1,41.61,41.61
17369,5782,53,3,26.41,79.23
17370,5783,150,4,223.54,894.16
17371,5783,325,3,108.41,325.23
17372,5783,284,2,33.21,66.42
17373,5784,101,4,156.57,626.28
17374,5784,161,1,258.97,258.97
17375,5784,196,3,68.93,206.79
17376,5785,170,2,845.55,1691.10
17377,5785,6,3,536.76,1610.28
17378,5785,197,2,111.56,223.12
17379,5786,234,1,157.34,157.34
17380,5786,107,4,136.14,544.56
17381,5786,201,2,83.06,166.12
17382,5787,64,1,72.56,72.56
17383,5787,276,3,1553.72,4661.16
17384,5787,173,2,101.46,202.92
17385,5788,52,1,36.58,36.58
17386,5788,257,3,77.56,232.68
17387,5788,320,3,125.31,375.93
17388,5789,246,2,42.72,85.44
17389,5789,203,3,59.44,178.32
17390,5789,52,1,36.58,36.58
17391,5790,201,4,83.06,332.24
17392,5790,27,4,485.13,1940.52
17393,5790,130,2,261.07,522.14
17394,5791,123,4,340.07,1360.28
17395,5791,36,4,184.31,737.24
17396,5791,146,3,364.03,1092.09
17397,5792,266,1,379.02,379.02
17398,5792,107,2,136.14,272.28
17399,5792,25,4,70.53,282.12
17400,5793,3,2,108.77,217.54
17401,5793,12,1,423.08,423.08
17402,5793,52,4,36.58,146.32
17403,5794,172,2,53.49,106.98
17404,5794,6,3,536.76,1610.28
17405,5794,271,2,1470.33,2940.66
17406,5795,142,1,544.13,544.13
17407,5795,62,1,56.51,56.51
17408,5795,206,4,125.45,501.80
17409,5796,111,1,215.02,215.02
17410,5796,131,2,151.63,303.26
17411,5796,162,3,803.06,2409.18
17412,5797,309,4,132.91,531.64
17413,5797,171,2,49.52,99.04
17414,5797,248,2,4473.97,8947.94
17415,5798,65,2,114.10,228.20
17416,5798,117,2,795.33,1590.66
17417,5798,140,2,558.26,1116.52
17418,5799,93,2,73.99,147.98
17419,5799,116,3,86.77,260.31
17420,5799,23,2,477.55,955.10
17421,5800,85,3,279.78,839.34
17422,5800,79,3,221.90,665.70
17423,5800,102,4,39.38,157.52
17424,5801,50,2,293.39,586.78
17425,5801,281,2,34.70,69.40
17426,5801,139,2,392.73,785.46
17427,5802,52,1,36.58,36.58
17428,5802,161,4,258.97,1035.88
17429,5802,185,2,118.55,237.10
17430,5803,150,2,223.54,447.08
17431,5803,190,4,4952.78,19811.12
17432,5803,46,3,64.02,192.06
17433,5804,256,1,255.06,255.06
17434,5804,212,4,1815.77,7263.08
17435,5804,278,4,405.40,1621.60
17436,5805,109,4,21.64,86.56
17437,5805,98,2,116.76,233.52
17438,5805,333,2,167.16,334.32
17439,5806,128,2,1363.48,2726.96
17440,5806,290,1,744.49,744.49
17441,5806,72,4,201.58,806.32
17442,5807,266,3,379.02,1137.06
17443,5807,301,4,136.93,547.72
17444,5807,81,3,24.00,72.00
17445,5808,194,3,136.81,410.43
17446,5808,11,4,88.33,353.32
17447,5808,302,3,17.70,53.10
17448,5809,288,1,236.80,236.80
17449,5809,244,3,70.80,212.40
17450,5809,76,2,49.74,99.48
17451,5810,189,4,87.00,348.00
17452,5810,160,1,103.53,103.53
17453,5810,152,2,133.94,267.88
17454,5811,32,4,604.32,2417.28
17455,5811,321,2,105.04,210.08
17456,5811,173,2,101.46,202.92
17457,5812,80,1,180.81,180.81
17458,5812,74,4,306.84,1227.36
17459,5812,305,1,18.21,18.21
17460,5813,190,1,4952.78,4952.78
17461,5813,56,2,408.87,817.74
17462,5813,59,2,1165.61,2331.22
17463,5814,271,4,1470.33,5881.32
17464,5814,213,1,231.12,231.12
17465,5814,208,4,5119.77,20479.08
17466,5815,102,1,39.38,39.38
17467,5815,95,2,198.29,396.58
17468,5815,21,3,37.53,112.59
17469,5816,126,2,105.42,210.84
17470,5816,235,1,1867.81,1867.81
17471,5816,10,2,42.91,85.82
17472,5817,35,1,166.21,166.21
17473,5817,321,3,105.04,315.12
17474,5817,24,2,136.38,272.76
17475,5818,27,3,485.13,1455.39
17476,5818,130,3,261.07,783.21
17477,5818,154,4,174.02,696.08
17478,5819,68,1,416.05,416.05
17479,5819,60,3,301.85,905.55
17480,5819,39,3,265.80,797.40
17481,5820,293,1,9518.10,9518.10
17482,5820,57,4,425.93,1703.72
17483,5820,176,1,204.81,204.81
17484,5821,50,1,293.39,293.39
17485,5821,240,3,26.71,80.13
17486,5821,86,2,137.39,274.78
17487,5822,195,1,46.99,46.99
17488,5822,88,2,92.09,184.18
17489,5822,294,4,133.99,535.96
17490,5823,91,3,103.05,309.15
17491,5823,101,4,156.57,626.28
17492,5823,258,3,57.78,173.34
17493,5824,226,3,106.24,318.72
17494,5824,36,2,184.31,368.62
17495,5824,277,2,198.38,396.76
17496,5825,135,4,176.88,707.52
17497,5825,121,3,376.95,1130.85
17498,5825,327,4,91.25,365.00
17499,5826,121,3,376.95,1130.85
17500,5826,234,1,157.34,157.34
17501,5826,304,3,121.41,364.23
17502,5827,111,2,215.02,430.04
17503,5827,271,4,1470.33,5881.32
17504,5827,44,2,86.79,173.58
17505,5828,162,2,803.06,1606.12
17506,5828,118,4,123.08,492.32
17507,5828,164,4,259.43,1037.72
17508,5829,286,1,65.95,65.95
17509,5829,260,4,95.74,382.96
17510,5829,195,2,46.99,93.98
17511,5830,247,4,127.32,509.28
17512,5830,304,4,121.41,485.64
17513,5830,227,1,154.78,154.78
17514,5831,149,4,63.35,253.40
17515,5831,301,1,136.93,136.93
17516,5831,295,3,207.06,621.18
17517,5832,236,1,54.07,54.07
17518,5832,298,4,103.05,412.20
17519,5832,333,1,167.16,167.16
17520,5833,89,2,185.24,370.48
17521,5833,77,2,90.53,181.06
17522,5833,128,1,1363.48,1363.48
17523,5834,196,1,68.93,68.93
17524,5834,298,3,103.05,309.15
17525,5834,258,2,57.78,115.56
17526,5835,122,1,130.97,130.97
17527,5835,24,2,136.38,272.76
17528,5835,76,3,49.74,149.22
17529,5836,84,3,214.78,644.34
17530,5836,70,4,79.39,317.56
17531,5836,179,4,367.91,1471.64
17532,5837,7,4,158.64,634.56
17533,5837,138,1,75.42,75.42
17534,5837,15,1,602.60,602.60
17535,5838,254,1,196.52,196.52
17536,5838,318,4,27.43,109.72
17537,5838,252,1,576.27,576.27
17538,5839,117,1,795.33,795.33
17539,5839,180,1,206.84,206.84
17540,5839,47,1,100.93,100.93
17541,5840,201,1,83.06,83.06
17542,5840,140,3,558.26,1674.78
17543,5840,42,1,288.25,288.25
17544,5841,179,2,367.91,735.82
17545,5841,281,3,34.70,104.10
17546,5841,296,4,101.13,404.52
17547,5842,171,4,49.52,198.08
17548,5842,148,3,640.43,1921.29
17549,5842,209,2,299.28,598.56
17550,5843,319,4,129.86,519.44
17551,5843,99,2,4229.74,8459.48
17552,5843,205,1,92.31,92.31
17553,5844,42,1,288.25,288.25
17554,5844,247,2,127.32,254.64
17555,5844,199,4,122.30,489.20
17556,5845,242,1,798.53,798.53
17557,5845,42,1,288.25,288.25
17558,5845,74,1,306.84,306.84
17559,5846,317,4,85.93,343.72
17560,5846,34,4,5015.04,20060.16
17561,5846,235,1,1867.81,1867.81
17562,5847,251,4,87.96,351.84
17563,5847,289,1,37.80,37.80
17564,5847,322,1,161.49,161.49
17565,5848,248,1,4473.97,4473.97
17566,5848,278,1,405.40,405.40
17567,5848,102,2,39.38,78.76
17568,5849,39,2,265.80,531.60
17569,5849,179,4,367.91,1471.64
17570,5849,160,2,103.53,207.06
17571,5850,107,1,136.14,136.14
17572,5850,138,4,75.42,301.68
17573,5850,77,2,90.53,181.06
17574,5851,156,2,138.39,276.78
17575,5851,29,2,74.94,149.88
17576,5851,331,1,54.96,54.96
17577,5852,184,1,103.83,103.83
17578,5852,147,1,143.83,143.83
17579,5852,154,2,174.02,348.04
17580,5853,261,3,61.79,185.37
17581,5853,283,4,594.23,2376.92
17582,5853,175,1,239.58,239.58
17583,5854,288,3,236.80,710.40
17584,5854,264,3,1374.60,4123.80
17585,5854,201,1,83.06,83.06
17586,5855,291,2,25.62,51.24
17587,5855,68,1,416.05,416.05
17588,5855,303,2,199.54,399.08
17589,5856,186,2,324.89,649.78
17590,5856,206,2,125.45,250.90
17591,5856,161,4,258.97,1035.88
17592,5857,155,3,80.38,241.14
17593,5857,275,2,110.46,220.92
17594,5857,269,2,107.58,215.16
17595,5858,283,3,594.23,1782.69
17596,5858,16,3,82.24,246.72
17597,5858,18,4,4347.52,17390.08
17598,5859,31,1,79.21,79.21
17599,5859,80,2,180.81,361.62
17600,5859,308,3,143.10,429.30
17601,5860,228,2,148.63,297.26
17602,5860,168,3,84.08,252.24
17603,5860,77,2,90.53,181.06
17604,5861,7,1,158.64,158.64
17605,5861,60,1,301.85,301.85
17606,5861,278,4,405.40,1621.60
17607,5862,316,1,110.67,110.67
17608,5862,101,4,156.57,626.28
17609,5862,75,4,63.53,254.12
17610,5863,321,3,105.04,315.12
17611,5863,193,4,9668.18,38672.72
17612,5863,78,3,252.79,758.37
17613,5864,49,3,109.83,329.49
17614,5864,187,2,53.46,106.92
17615,5864,302,4,17.70,70.80
17616,5865,242,2,798.53,1597.06
17617,5865,136,3,407.27,1221.81
17618,5865,279,4,41.73,166.92
17619,5866,285,3,6751.40,20254.20
17620,5866,198,4,124.56,498.24
17621,5866,278,4,405.40,1621.60
17622,5867,78,4,252.79,1011.16
17623,5867,247,3,127.32,381.96
17624,5867,22,3,709.66,2128.98
17625,5868,158,3,210.26,630.78
17626,5868,154,4,174.02,696.08
17627,5868,215,4,136.44,545.76
17628,5869,98,3,116.76,350.28
17629,5869,249,4,333.60,1334.40
17630,5869,311,3,32.45,97.35
17631,5870,274,3,72.47,217.41
17632,5870,29,4,74.94,299.76
17633,5870,282,2,314.44,628.88
17634,5871,261,4,61.79,247.16
17635,5871,34,1,5015.04,5015.04
17636,5871,307,2,195.28,390.56
17637,5872,3,4,108.77,435.08
17638,5872,82,4,80.11,320.44
17639,5872,121,1,376.95,376.95
17640,5873,84,3,214.78,644.34
17641,5873,27,4,485.13,1940.52
17642,5873,280,3,154.65,463.95
17643,5874,67,2,663.51,1327.02
17644,5874,321,1,105.04,105.04
17645,5874,181,4,181.57,726.28
17646,5875,263,4,82.89,331.56
17647,5875,76,4,49.74,198.96
17648,5875,320,3,125.31,375.93
17649,5876,134,4,261.22,1044.88
17650,5876,158,2,210.26,420.52
17651,5876,265,3,192.94,578.82
17652,5877,215,1,136.44,136.44
17653,5877,322,4,161.49,645.96
17654,5877,107,2,136.14,272.28
17655,5878,26,3,979.66,2938.98
17656,5878,5,4,312.42,1249.68
17657,5878,43,1,930.93,930.93
17658,5879,65,2,114.10,228.20
17659,5879,66,3,41.56,124.68
17660,5879,293,4,9518.10,38072.40
17661,5880,93,2,73.99,147.98
17662,5880,90,1,226.17,226.17
17663,5880,155,1,80.38,80.38
17664,5881,323,4,43.39,173.56
17665,5881,137,2,197.81,395.62
17666,5881,56,4,408.87,1635.48
17667,5882,42,2,288.25,576.50
17668,5882,106,1,502.86,502.86
17669,5882,331,3,54.96,164.88
17670,5883,186,3,324.89,974.67
17671,5883,208,2,5119.77,10239.54
17672,5883,142,3,544.13,1632.39
17673,5884,127,1,242.46,242.46
17674,5884,3,1,108.77,108.77
17675,5884,322,4,161.49,645.96
17676,5885,229,4,182.92,731.68
17677,5885,153,2,41.42,82.84
17678,5885,130,4,261.07,1044.28
17679,5886,142,2,544.13,1088.26
17680,5886,72,3,201.58,604.74
17681,5886,99,4,4229.74,16918.96
17682,5887,35,3,166.21,498.63
17683,5887,132,1,152.84,152.84
17684,5887,99,2,4229.74,8459.48
17685,5888,139,3,392.73,1178.19
17686,5888,156,4,138.39,553.56
17687,5888,127,1,242.46,242.46
17688,5889,275,1,110.46,110.46
17689,5889,273,1,173.28,173.28
17690,5889,108,4,368.57,1474.28
17691,5890,55,1,361.92,361.92
17692,5890,61,1,175.93,175.93
17693,5890,220,3,38.34,115.02
17694,5891,242,4,798.53,3194.12
17695,5891,69,1,206.85,206.85
17696,5891,8,3,92.31,276.93
17697,5892,317,4,85.93,343.72
17698,5892,155,1,80.38,80.38
17699,5892,26,3,979.66,2938.98
17700,5893,148,3,640.43,1921.29
17701,5893,155,4,80.38,321.52
17702,5893,123,4,340.07,1360.28
17703,5894,149,2,63.35,126.70
17704,5894,83,1,138.27,138.27
17705,5894,231,4,170.32,681.28
17706,5895,48,3,124.35,373.05
17707,5895,262,4,177.88,711.52
17708,5895,305,1,18.21,18.21
17709,5896,24,4,136.38,545.52
17710,5896,301,2,136.93,273.86
17711,5896,143,3,55.35,166.05
17712,5897,133,3,153.60,460.80
17713,5897,45,3,5111.42,15334.26
17714,5897,148,4,640.43,2561.72
17715,5898,295,4,207.06,828.24
17716,5898,308,2,143.10,286.20
17717,5898,58,2,158.45,316.90
17718,5899,247,4,127.32,509.28
17719,5899,189,2,87.00,174.00
17720,5899,56,2,408.87,817.74
17721,5900,50,1,293.39,293.39
17722,5900,68,2,416.05,832.10
17723,5900,65,3,114.10,342.30
17724,5901,42,2,288.25,576.50
17725,5901,102,1,39.38,39.38
17726,5901,61,3,175.93,527.79
17727,5902,320,4,125.31,501.24
17728,5902,327,2,91.25,182.50
17729,5902,27,3,485.13,1455.39
17730,5903,129,4,120.28,481.12
17731,5903,134,4,261.22,1044.88
17732,5903,186,2,324.89,649.78
17733,5904,46,4,64.02,256.08
17734,5904,175,4,239.58,958.32
17735,5904,64,4,72.56,290.24
17736,5905,215,4,136.44,545.76
17737,5905,195,3,46.99,140.97
17738,5905,86,3,137.39,412.17
17739,5906,154,3,174.02,522.06
17740,5906,290,4,744.49,2977.96
17741,5906,306,1,184.88,184.88
17742,5907,73,2,550.57,1101.14
17743,5907,208,1,5119.77,5119.77
17744,5907,299,3,57.14,171.42
17745,5908,103,3,88.38,265.14
17746,5908,219,4,662.92,2651.68
17747,5908,121,3,376.95,1130.85
17748,5909,143,3,55.35,166.05
17749,5909,65,3,114.10,342.30
17750,5909,75,1,63.53,63.53
17751,5910,218,2,49.88,99.76
17752,5910,121,4,376.95,1507.80
17753,5910,4,3,70.68,212.04
17754,5911,18,3,4347.52,13042.56
17755,5911,274,1,72.47,72.47
17756,5911,316,2,110.67,221.34
17757,5912,284,2,33.21,66.42
17758,5912,1,1,41.61,41.61
17759,5912,52,1,36.58,36.58
17760,5913,143,2,55.35,110.70
17761,5913,302,1,17.70,17.70
17762,5913,63,3,176.42,529.26
17763,5914,113,1,545.60,545.60
17764,5914,312,1,25.20,25.20
17765,5914,125,1,319.28,319.28
17766,5915,321,2,105.04,210.08
17767,5915,272,1,77.63,77.63
17768,5915,15,3,602.60,1807.80
17769,5916,164,1,259.43,259.43
17770,5916,284,4,33.21,132.84
17771,5916,26,2,979.66,1959.32
17772,5917,214,1,522.07,522.07
17773,5917,111,4,215.02,860.08
17774,5917,192,3,365.72,1097.16
17775,5918,153,2,41.42,82.84
17776,5918,126,4,105.42,421.68
17777,5918,49,3,109.83,329.49
17778,5919,58,2,158.45,316.90
17779,5919,261,2,61.79,123.58
17780,5919,71,3,81.12,243.36
17781,5920,106,4,502.86,2011.44
17782,5920,176,2,204.81,409.62
17783,5920,47,4,100.93,403.72
17784,5921,53,2,26.41,52.82
17785,5921,224,3,203.37,610.11
17786,5921,97,1,201.04,201.04
17787,5922,14,3,430.90,1292.70
17788,5922,213,4,231.12,924.48
17789,5922,113,1,545.60,545.60
17790,5923,190,2,4952.78,9905.56
17791,5923,271,4,1470.33,5881.32
17792,5923,317,3,85.93,257.79
17793,5924,89,4,185.24,740.96
17794,5924,3,1,108.77,108.77
17795,5924,328,3,180.51,541.53
17796,5925,100,4,912.50,3650.00
17797,5925,255,3,71.89,215.67
17798,5925,33,4,618.92,2475.68
17799,5926,111,1,215.02,215.02
17800,5926,44,2,86.79,173.58
17801,5926,26,3,979.66,2938.98
17802,5927,176,1,204.81,204.81
17803,5927,243,4,471.30,1885.20
17804,5927,234,3,157.34,472.02
17805,5928,303,1,199.54,199.54
17806,5928,242,1,798.53,798.53
17807,5928,203,2,59.44,118.88
17808,5929,286,3,65.95,197.85
17809,5929,258,4,57.78,231.12
17810,5929,180,1,206.84,206.84
17811,5930,139,1,392.73,392.73
17812,5930,110,2,81.80,163.60
17813,5930,12,2,423.08,846.16
17814,5931,98,1,116.76,116.76
17815,5931,203,4,59.44,237.76
17816,5931,142,4,544.13,2176.52
17817,5932,229,4,182.92,731.68
17818,5932,74,4,306.84,1227.36
17819,5932,319,2,129.86,259.72
17820,5933,8,1,92.31,92.31
17821,5933,174,3,93.41,280.23
17822,5933,99,4,4229.74,16918.96
17823,5934,146,2,364.03,728.06
17824,5934,279,2,41.73,83.46
17825,5934,226,1,106.24,106.24
17826,5935,72,1,201.58,201.58
17827,5935,38,3,2984.65,8953.95
17828,5935,105,4,63.28,253.12
17829,5936,244,3,70.80,212.40
17830,5936,184,2,103.83,207.66
17831,5936,151,4,52.78,211.12
17832,5937,248,3,4473.97,13421.91
17833,5937,119,1,329.12,329.12
17834,5937,299,1,57.14,57.14
17835,5938,182,3,312.02,936.06
17836,5938,123,1,340.07,340.07
17837,5938,222,3,106.41,319.23
17838,5939,42,3,288.25,864.75
17839,5939,9,3,1355.55,4066.65
17840,5939,116,2,86.77,173.54
17841,5940,229,1,182.92,182.92
17842,5940,250,4,725.02,2900.08
17843,5940,97,1,201.04,201.04
17844,5941,205,3,92.31,276.93
17845,5941,229,3,182.92,548.76
17846,5941,11,1,88.33,88.33
17847,5942,27,3,485.13,1455.39
17848,5942,204,3,362.70,1088.10
17849,5942,239,4,642.80,2571.20
17850,5943,58,1,158.45,158.45
17851,5943,290,4,744.49,2977.96
17852,5943,19,1,79.80,79.80
17853,5944,40,4,62.79,251.16
17854,5944,214,4,522.07,2088.28
17855,5944,89,2,185.24,370.48
17856,5945,241,3,237.51,712.53
17857,5945,94,2,61.84,123.68
17858,5945,155,1,80.38,80.38
17859,5946,4,1,70.68,70.68
17860,5946,201,1,83.06,83.06
17861,5946,74,1,306.84,306.84
17862,5947,89,1,185.24,185.24
17863,5947,61,3,175.93,527.79
17864,5947,142,4,544.13,2176.52
17865,5948,309,1,132.91,132.91
17866,5948,26,2,979.66,1959.32
17867,5948,141,1,482.39,482.39
17868,5949,229,3,182.92,548.76
17869,5949,72,3,201.58,604.74
17870,5949,231,4,170.32,681.28
17871,5950,138,2,75.42,150.84
17872,5950,288,3,236.80,710.40
17873,5950,54,2,73.34,146.68
17874,5951,230,2,64.40,128.80
17875,5951,113,2,545.60,1091.20
17876,5951,331,2,54.96,109.92
17877,5952,180,4,206.84,827.36
17878,5952,195,3,46.99,140.97
17879,5952,228,4,148.63,594.52
17880,5953,298,4,103.05,412.20
17881,5953,68,2,416.05,832.10
17882,5953,179,1,367.91,367.91
17883,5954,8,1,92.31,92.31
17884,5954,257,1,77.56,77.56
17885,5954,166,1,122.59,122.59
17886,5955,36,4,184.31,737.24
17887,5955,114,3,59.81,179.43
17888,5955,193,4,9668.18,38672.72
17889,5956,112,2,97.46,194.92
17890,5956,309,1,132.91,132.91
17891,5956,109,3,21.64,64.92
17892,5957,168,1,84.08,84.08
17893,5957,161,1,258.97,258.97
17894,5957,92,4,243.24,972.96
17895,5958,304,2,121.41,242.82
17896,5958,142,2,544.13,1088.26
17897,5958,246,2,42.72,85.44
17898,5959,134,2,261.22,522.44
17899,5959,139,3,392.73,1178.19
17900,5959,53,2,26.41,52.82
17901,5960,284,3,33.21,99.63
17902,5960,139,2,392.73,785.46
17903,5960,64,3,72.56,217.68
17904,5961,89,2,185.24,370.48
17905,5961,296,1,101.13,101.13
17906,5961,153,3,41.42,124.26
17907,5962,199,2,122.30,244.60
17908,5962,185,3,118.55,355.65
17909,5962,86,3,137.39,412.17
17910,5963,125,3,319.28,957.84
17911,5963,329,3,124.79,374.37
17912,5963,194,3,136.81,410.43
17913,5964,24,3,136.38,409.14
17914,5964,160,1,103.53,103.53
17915,5964,230,1,64.40,64.40
17916,5965,230,3,64.40,193.20
17917,5965,137,4,197.81,791.24
17918,5965,192,4,365.72,1462.88
17919,5966,111,3,215.02,645.06
17920,5966,203,2,59.44,118.88
17921,5966,155,2,80.38,160.76
17922,5967,95,2,198.29,396.58
17923,5967,63,1,176.42,176.42
17924,5967,334,4,173.02,692.08
17925,5968,23,4,477.55,1910.20
17926,5968,285,1,6751.40,6751.40
17927,5968,143,3,55.35,166.05
17928,5969,297,3,83.28,249.84
17929,5969,116,2,86.77,173.54
17930,5969,296,2,101.13,202.26
17931,5970,68,2,416.05,832.10
17932,5970,321,1,105.04,105.04
17933,5970,84,2,214.78,429.56
17934,5971,11,2,88.33,176.66
17935,5971,225,2,267.00,534.00
17936,5971,135,4,176.88,707.52
17937,5972,82,4,80.11,320.44
17938,5972,88,4,92.09,368.36
17939,5972,144,2,1176.11,2352.22
17940,5973,331,1,54.96,54.96
17941,5973,302,1,17.70,17.70
17942,5973,12,3,423.08,1269.24
17943,5974,260,4,95.74,382.96
17944,5974,118,4,123.08,492.32
17945,5974,149,1,63.35,63.35
17946,5975,309,2,132.91,265.82
17947,5975,97,2,201.04,402.08
17948,5975,204,4,362.70,1450.80
17949,5976,312,3,25.20,75.60
17950,5976,273,3,173.28,519.84
17951,5976,287,2,553.36,1106.72
17952,5977,334,4,173.02,692.08
17953,5977,196,2,68.93,137.86
17954,5977,99,4,4229.74,16918.96
17955,5978,306,1,184.88,184.88
17956,5978,37,1,5435.24,5435.24
17957,5978,90,3,226.17,678.51
17958,5979,282,4,314.44,1257.76
17959,5979,242,4,798.53,3194.12
17960,5979,46,2,64.02,128.04
17961,5980,112,2,97.46,194.92
17962,5980,102,2,39.38,78.76
17963,5980,192,2,365.72,731.44
17964,5981,140,4,558.26,2233.04
17965,5981,154,1,174.02,174.02
17966,5981,182,1,312.02,312.02
17967,5982,195,3,46.99,140.97
17968,5982,205,2,92.31,184.62
17969,5982,135,4,176.88,707.52
17970,5983,63,2,176.42,352.84
17971,5983,294,2,133.99,267.98
17972,5983,18,4,4347.52,17390.08
17973,5984,231,3,170.32,510.96
17974,5984,24,1,136.38,136.38
17975,5984,212,2,1815.77,3631.54
17976,5985,313,2,49.11,98.22
17977,5985,61,1,175.93,175.93
17978,5985,70,1,79.39,79.39
17979,5986,74,2,306.84,613.68
17980,5986,256,1,255.06,255.06
17981,5986,317,1,85.93,85.93
17982,5987,155,4,80.38,321.52
17983,5987,169,1,537.24,537.24
17984,5987,263,2,82.89,165.78
17985,5988,164,3,259.43,778.29
17986,5988,261,3,61.79,185.37
17987,5988,1,1,41.61,41.61
17988,5989,246,4,42.72,170.88
17989,5989,244,4,70.80,283.20
17990,5989,284,4,33.21,132.84
17991,5990,286,3,65.95,197.85
17992,5990,326,2,127.79,255.58
17993,5990,307,2,195.28,390.56
17994,5991,270,3,777.12,2331.36
17995,5991,82,3,80.11,240.33
17996,5991,98,2,116.76,233.52
17997,5992,242,4,798.53,3194.12
17998,5992,156,1,138.39,138.39
17999,5992,288,2,236.80,473.60
18000,5993,21,1,37.53,37.53
18001,5993,33,1,618.92,618.92
18002,5993,116,4,86.77,347.08
18003,5994,86,4,137.39,549.56
18004,5994,198,3,124.56,373.68
18005,5994,12,4,423.08,1692.32
18006,5995,57,1,425.93,425.93
18007,5995,335,1,117.27,117.27
18008,5995,90,3,226.17,678.51
18009,5996,316,4,110.67,442.68
18010,5996,119,3,329.12,987.36
18011,5996,126,2,105.42,210.84
18012,5997,193,1,9668.18,9668.18
18013,5997,307,2,195.28,390.56
18014,5997,31,3,79.21,237.63
18015,5998,240,3,26.71,80.13
18016,5998,13,3,44.19,132.57
18017,5998,50,3,293.39,880.17
18018,5999,270,2,777.12,1554.24
18019,5999,272,1,77.63,77.63
18020,5999,175,1,239.58,239.58
18021,6000,206,1,125.45,125.45
18022,6000,326,4,127.79,511.16
18023,6000,25,1,70.53,70.53
18024,6001,133,3,153.60,460.80
18025,6001,268,4,186.90,747.60
18026,6001,219,2,662.92,1325.84
18027,6002,197,1,111.56,111.56
18028,6002,9,2,1355.55,2711.10
18029,6002,260,2,95.74,191.48
18030,6003,317,3,85.93,257.79
18031,6003,282,2,314.44,628.88
18032,6003,30,4,165.44,661.76
18033,6004,114,4,59.81,239.24
18034,6004,49,2,109.83,219.66
18035,6004,185,3,118.55,355.65
18036,6005,291,1,25.62,25.62
18037,6005,238,4,108.52,434.08
18038,6005,146,2,364.03,728.06
18039,6006,133,3,153.60,460.80
18040,6006,15,1,602.60,602.60
18041,6006,60,3,301.85,905.55
18042,6007,10,3,42.91,128.73
18043,6007,277,1,198.38,198.38
18044,6007,154,4,174.02,696.08
18045,6008,138,4,75.42,301.68
18046,6008,50,4,293.39,1173.56
18047,6008,133,1,153.60,153.60
18048,6009,287,2,553.36,1106.72
18049,6009,5,3,312.42,937.26
18050,6009,331,4,54.96,219.84
18051,6010,201,2,83.06,166.12
18052,6010,100,2,912.50,1825.00
18053,6010,54,1,73.34,73.34
18054,6011,326,1,127.79,127.79
18055,6011,130,1,261.07,261.07
18056,6011,253,3,32.75,98.25
18057,6012,154,2,174.02,348.04
18058,6012,205,1,92.31,92.31
18059,6012,168,3,84.08,252.24
18060,6013,20,1,49.24,49.24
18061,6013,128,4,1363.48,5453.92
18062,6013,293,3,9518.10,28554.30
18063,6014,153,1,41.42,41.42
18064,6014,212,1,1815.77,1815.77
18065,6014,317,2,85.93,171.86
18066,6015,57,2,425.93,851.86
18067,6015,297,4,83.28,333.12
18068,6015,58,2,158.45,316.90
18069,6016,269,4,107.58,430.32
18070,6016,25,1,70.53,70.53
18071,6016,246,4,42.72,170.88
18072,6017,46,2,64.02,128.04
18073,6017,259,1,37.26,37.26
18074,6017,56,3,408.87,1226.61
18075,6018,210,2,107.66,215.32
18076,6018,109,3,21.64,64.92
18077,6018,112,3,97.46,292.38
18078,6019,58,3,158.45,475.35
18079,6019,307,3,195.28,585.84
18080,6019,174,2,93.41,186.82
18081,6020,139,2,392.73,785.46
18082,6020,187,3,53.46,160.38
18083,6020,30,3,165.44,496.32
18084,6021,150,1,223.54,223.54
18085,6021,154,4,174.02,696.08
18086,6021,81,4,24.00,96.00
18087,6022,177,2,173.92,347.84
18088,6022,70,2,79.39,158.78
18089,6022,189,2,87.00,174.00
18090,6023,177,2,173.92,347.84
18091,6023,20,3,49.24,147.72
18092,6023,181,1,181.57,181.57
18093,6024,21,4,37.53,150.12
18094,6024,252,2,576.27,1152.54
18095,6024,73,4,550.57,2202.28
18096,6025,204,2,362.70,725.40
18097,6025,183,2,229.08,458.16
18098,6025,199,3,122.30,366.90
18099,6026,312,1,25.20,25.20
18100,6026,129,3,120.28,360.84
18101,6026,227,3,154.78,464.34
18102,6027,96,1,171.36,171.36
18103,6027,5,3,312.42,937.26
18104,6027,227,4,154.78,619.12
18105,6028,333,2,167.16,334.32
18106,6028,128,4,1363.48,5453.92
18107,6028,326,2,127.79,255.58
18108,6029,23,3,477.55,1432.65
18109,6029,142,3,544.13,1632.39
18110,6029,190,1,4952.78,4952.78
18111,6030,293,2,9518.10,19036.20
18112,6030,47,1,100.93,100.93
18113,6030,191,3,217.48,652.44
18114,6031,157,2,2380.02,4760.04
18115,6031,77,3,90.53,271.59
18116,6031,282,2,314.44,628.88
18117,6032,332,4,122.23,488.92
18118,6032,278,2,405.40,810.80
18119,6032,303,1,199.54,199.54
18120,6033,109,4,21.64,86.56
18121,6033,276,4,1553.72,6214.88
18122,6033,34,1,5015.04,5015.04
18123,6034,40,2,62.79,125.58
18124,6034,296,3,101.13,303.39
18125,6034,216,2,27.57,55.14
18126,6035,138,4,75.42,301.68
18127,6035,141,1,482.39,482.39
18128,6035,311,2,32.45,64.90
18129,6036,100,3,912.50,2737.50
18130,6036,159,3,176.40,529.20
18131,6036,220,2,38.34,76.68
18132,6037,157,1,2380.02,2380.02
18133,6037,129,2,120.28,240.56
18134,6037,18,2,4347.52,8695.04
18135,6038,128,1,1363.48,1363.48
18136,6038,43,1,930.93,930.93
18137,6038,257,3,77.56,232.68
18138,6039,76,4,49.74,198.96
18139,6039,256,3,255.06,765.18
18140,6039,137,2,197.81,395.62
18141,6040,5,2,312.42,624.84
18142,6040,109,1,21.64,21.64
18143,6040,9,1,1355.55,1355.55
18144,6041,202,3,109.28,327.84
18145,6041,168,4,84.08,336.32
18146,6041,320,3,125.31,375.93
18147,6042,163,1,150.26,150.26
18148,6042,18,3,4347.52,13042.56
18149,6042,305,4,18.21,72.84
18150,6043,168,4,84.08,336.32
18151,6043,132,2,152.84,305.68
18152,6043,57,2,425.93,851.86
18153,6044,99,2,4229.74,8459.48
18154,6044,107,3,136.14,408.42
18155,6044,273,1,173.28,173.28
18156,6045,83,2,138.27,276.54
18157,6045,194,2,136.81,273.62
18158,6045,268,1,186.90,186.90
18159,6046,139,4,392.73,1570.92
18160,6046,16,1,82.24,82.24
18161,6046,70,3,79.39,238.17
18162,6047,138,3,75.42,226.26
18163,6047,319,4,129.86,519.44
18164,6047,256,2,255.06,510.12
18165,6048,260,4,95.74,382.96
18166,6048,50,1,293.39,293.39
18167,6048,213,3,231.12,693.36
18168,6049,156,2,138.39,276.78
18169,6049,278,3,405.40,1216.20
18170,6049,134,3,261.22,783.66
18171,6050,117,2,795.33,1590.66
18172,6050,74,2,306.84,613.68
18173,6050,151,1,52.78,52.78
18174,6051,80,3,180.81,542.43
18175,6051,181,4,181.57,726.28
18176,6051,127,3,242.46,727.38
18177,6052,316,4,110.67,442.68
18178,6052,292,3,40.52,121.56
18179,6052,174,3,93.41,280.23
18180,6053,135,4,176.88,707.52
18181,6053,94,2,61.84,123.68
18182,6053,50,1,293.39,293.39
18183,6054,62,2,56.51,113.02
18184,6054,299,4,57.14,228.56
18185,6054,125,3,319.28,957.84
18186,6055,252,2,576.27,1152.54
18187,6055,152,1,133.94,133.94
18188,6055,25,1,70.53,70.53
18189,6056,240,3,26.71,80.13
18190,6056,132,2,152.84,305.68
18191,6056,296,2,101.13,202.26
18192,6057,151,2,52.78,105.56
18193,6057,53,2,26.41,52.82
18194,6057,231,1,170.32,170.32
18195,6058,46,2,64.02,128.04
18196,6058,4,3,70.68,212.04
18197,6058,25,3,70.53,211.59
18198,6059,209,1,299.28,299.28
18199,6059,323,4,43.39,173.56
18200,6059,23,1,477.55,477.55
18201,6060,237,2,188.93,377.86
18202,6060,112,4,97.46,389.84
18203,6060,19,2,79.80,159.60
18204,6061,2,4,54.72,218.88
18205,6061,195,4,46.99,187.96
18206,6061,174,3,93.41,280.23
18207,6062,206,2,125.45,250.90
18208,6062,154,1,174.02,174.02
18209,6062,301,3,136.93,410.79
18210,6063,134,1,261.22,261.22
18211,6063,191,3,217.48,652.44
18212,6063,71,3,81.12,243.36
18213,6064,218,4,49.88,199.52
18214,6064,287,3,553.36,1660.08
18215,6064,314,3,28.97,86.91
18216,6065,36,2,184.31,368.62
18217,6065,35,1,166.21,166.21
18218,6065,327,2,91.25,182.50
18219,6066,335,4,117.27,469.08
18220,6066,315,3,69.11,207.33
18221,6066,254,1,196.52,196.52
18222,6067,173,1,101.46,101.46
18223,6067,73,4,550.57,2202.28
18224,6067,166,3,122.59,367.77
18225,6068,20,4,49.24,196.96
18226,6068,255,2,71.89,143.78
18227,6068,286,2,65.95,131.90
18228,6069,271,3,1470.33,4410.99
18229,6069,299,2,57.14,114.28
18230,6069,289,3,37.80,113.40
18231,6070,222,1,106.41,106.41
18232,6070,50,3,293.39,880.17
18233,6070,121,4,376.95,1507.80
18234,6071,242,3,798.53,2395.59
18235,6071,302,3,17.70,53.10
18236,6071,176,4,204.81,819.24
18237,6072,191,3,217.48,652.44
18238,6072,16,1,82.24,82.24
18239,6072,63,2,176.42,352.84
18240,6073,213,1,231.12,231.12
18241,6073,332,2,122.23,244.46
18242,6073,58,3,158.45,475.35
18243,6074,75,4,63.53,254.12
18244,6074,119,4,329.12,1316.48
18245,6074,267,4,276.85,1107.40
18246,6075,184,2,103.83,207.66
18247,6075,124,2,201.32,402.64
18248,6075,89,2,185.24,370.48
18249,6076,199,3,122.30,366.90
18250,6076,178,4,110.15,440.60
18251,6076,321,3,105.04,315.12
18252,6077,135,1,176.88,176.88
18253,6077,180,1,206.84,206.84
18254,6077,239,2,642.80,1285.60
18255,6078,317,4,85.93,343.72
18256,6078,263,3,82.89,248.67
18257,6078,145,1,369.80,369.80
18258,6079,195,1,46.99,46.99
18259,6079,120,1,532.02,532.02
18260,6079,106,2,502.86,1005.72
18261,6080,165,4,257.39,1029.56
18262,6080,188,1,50.01,50.01
18263,6080,295,2,207.06,414.12
18264,6081,155,4,80.38,321.52
18265,6081,147,4,143.83,575.32
18266,6081,247,2,127.32,254.64
18267,6082,198,3,124.56,373.68
18268,6082,157,1,2380.02,2380.02
18269,6082,94,2,61.84,123.68
18270,6083,222,3,106.41,319.23
18271,6083,263,4,82.89,331.56
18272,6083,166,3,122.59,367.77
18273,6084,199,1,122.30,122.30
18274,6084,97,3,201.04,603.12
18275,6084,309,1,132.91,132.91
18276,6085,120,3,532.02,1596.06
18277,6085,168,2,84.08,168.16
18278,6085,76,1,49.74,49.74
18279,6086,88,2,92.09,184.18
18280,6086,215,4,136.44,545.76
18281,6086,173,3,101.46,304.38
18282,6087,110,1,81.80,81.80
18283,6087,119,1,329.12,329.12
18284,6087,97,3,201.04,603.12
18285,6088,122,4,130.97,523.88
18286,6088,167,1,125.02,125.02
18287,6088,284,1,33.21,33.21
18288,6089,200,3,51.39,154.17
18289,6089,268,2,186.90,373.80
18290,6089,195,2,46.99,93.98
18291,6090,102,2,39.38,78.76
18292,6090,69,2,206.85,413.70
18293,6090,74,3,306.84,920.52
18294,6091,103,2,88.38,176.76
18295,6091,231,2,170.32,340.64
18296,6091,278,4,405.40,1621.60
18297,6092,292,3,40.52,121.56
18298,6092,9,4,1355.55,5422.20
18299,6092,169,1,537.24,537.24
18300,6093,244,4,70.80,283.20
18301,6093,257,4,77.56,310.24
18302,6093,34,3,5015.04,15045.12
18303,6094,72,3,201.58,604.74
18304,6094,221,2,484.99,969.98
18305,6094,219,3,662.92,1988.76
18306,6095,135,1,176.88,176.88
18307,6095,112,2,97.46,194.92
18308,6095,180,2,206.84,413.68
18309,6096,323,1,43.39,43.39
18310,6096,190,1,4952.78,4952.78
18311,6096,257,3,77.56,232.68
18312,6097,270,4,777.12,3108.48
18313,6097,195,2,46.99,93.98
18314,6097,319,2,129.86,259.72
18315,6098,249,3,333.60,1000.80
18316,6098,156,3,138.39,415.17
18317,6098,90,3,226.17,678.51
18318,6099,47,1,100.93,100.93
18319,6099,165,3,257.39,772.17
18320,6099,43,2,930.93,1861.86
18321,6100,229,2,182.92,365.84
18322,6100,82,3,80.11,240.33
18323,6100,192,3,365.72,1097.16
18324,6101,314,4,28.97,115.88
18325,6101,176,1,204.81,204.81
18326,6101,23,4,477.55,1910.20
18327,6102,201,2,83.06,166.12
18328,6102,261,4,61.79,247.16
18329,6102,313,3,49.11,147.33
18330,6103,54,4,73.34,293.36
18331,6103,8,3,92.31,276.93
18332,6103,196,1,68.93,68.93
18333,6104,216,3,27.57,82.71
18334,6104,69,4,206.85,827.40
18335,6104,263,4,82.89,331.56
18336,6105,181,2,181.57,363.14
18337,6105,77,3,90.53,271.59
18338,6105,25,3,70.53,211.59
18339,6106,164,3,259.43,778.29
18340,6106,113,4,545.60,2182.40
18341,6106,226,4,106.24,424.96
18342,6107,116,4,86.77,347.08
18343,6107,57,4,425.93,1703.72
18344,6107,248,2,4473.97,8947.94
18345,6108,187,1,53.46,53.46
18346,6108,25,1,70.53,70.53
18347,6108,134,1,261.22,261.22
18348,6109,150,3,223.54,670.62
18349,6109,90,1,226.17,226.17
18350,6109,91,2,103.05,206.10
18351,6110,323,2,43.39,86.78
18352,6110,127,2,242.46,484.92
18353,6110,190,2,4952.78,9905.56
18354,6111,290,1,744.49,744.49
18355,6111,173,3,101.46,304.38
18356,6111,308,3,143.10,429.30
18357,6112,30,1,165.44,165.44
18358,6112,327,3,91.25,273.75
18359,6112,1,1,41.61,41.61
18360,6113,245,4,75.04,300.16
18361,6113,87,4,116.31,465.24
18362,6113,11,4,88.33,353.32
18363,6114,26,3,979.66,2938.98
18364,6114,194,2,136.81,273.62
18365,6114,290,4,744.49,2977.96
18366,6115,126,2,105.42,210.84
18367,6115,182,1,312.02,312.02
18368,6115,73,1,550.57,550.57
18369,6116,268,1,186.90,186.90
18370,6116,206,2,125.45,250.90
18371,6116,335,4,117.27,469.08
18372,6117,187,2,53.46,106.92
18373,6117,53,3,26.41,79.23
18374,6117,294,1,133.99,133.99
18375,6118,85,4,279.78,1119.12
18376,6118,199,2,122.30,244.60
18377,6118,319,1,129.86,129.86
18378,6119,235,4,1867.81,7471.24
18379,6119,190,1,4952.78,4952.78
18380,6119,248,3,4473.97,13421.91
18381,6120,91,4,103.05,412.20
18382,6120,286,1,65.95,65.95
18383,6120,275,2,110.46,220.92
18384,6121,230,4,64.40,257.60
18385,6121,311,4,32.45,129.80
18386,6121,91,4,103.05,412.20
18387,6122,226,3,106.24,318.72
18388,6122,209,2,299.28,598.56
18389,6122,21,2,37.53,75.06
18390,6123,334,1,173.02,173.02
18391,6123,70,1,79.39,79.39
18392,6123,20,1,49.24,49.24
18393,6124,98,2,116.76,233.52
18394,6124,140,4,558.26,2233.04
18395,6124,126,3,105.42,316.26
18396,6125,46,3,64.02,192.06
18397,6125,69,2,206.85,413.70
18398,6125,15,2,602.60,1205.20
18399,6126,232,4,117.39,469.56
18400,6126,230,2,64.40,128.80
18401,6126,77,4,90.53,362.12
18402,6127,257,2,77.56,155.12
18403,6127,102,1,39.38,39.38
18404,6127,218,4,49.88,199.52
18405,6128,148,3,640.43,1921.29
18406,6128,120,2,532.02,1064.04
18407,6128,262,2,177.88,355.76
18408,6129,26,1,979.66,979.66
18409,6129,268,3,186.90,560.70
18410,6129,304,2,121.41,242.82
18411,6130,280,4,154.65,618.60
18412,6130,202,1,109.28,109.28
18413,6130,295,3,207.06,621.18
18414,6131,271,4,1470.33,5881.32
18415,6131,323,1,43.39,43.39
18416,6131,7,4,158.64,634.56
18417,6132,33,1,618.92,618.92
18418,6132,120,3,532.02,1596.06
18419,6132,222,1,106.41,106.41
18420,6133,292,2,40.52,81.04
18421,6133,218,2,49.88,99.76
18422,6133,255,2,71.89,143.78
18423,6134,310,3,106.27,318.81
18424,6134,96,1,171.36,171.36
18425,6134,119,1,329.12,329.12
18426,6135,200,3,51.39,154.17
18427,6135,193,3,9668.18,29004.54
18428,6135,229,2,182.92,365.84
18429,6136,238,1,108.52,108.52
18430,6136,307,3,195.28,585.84
18431,6136,153,1,41.42,41.42
18432,6137,37,3,5435.24,16305.72
18433,6137,324,1,183.99,183.99
18434,6137,67,4,663.51,2654.04
18435,6138,151,3,52.78,158.34
18436,6138,233,4,107.91,431.64
18437,6138,25,4,70.53,282.12
18438,6139,211,2,391.93,783.86
18439,6139,165,4,257.39,1029.56
18440,6139,127,2,242.46,484.92
18441,6140,164,4,259.43,1037.72
18442,6140,178,4,110.15,440.60
18443,6140,295,1,207.06,207.06
18444,6141,231,2,170.32,340.64
18445,6141,262,1,177.88,177.88
18446,6141,149,4,63.35,253.40
18447,6142,159,4,176.40,705.60
18448,6142,303,3,199.54,598.62
18449,6142,206,4,125.45,501.80
18450,6143,124,2,201.32,402.64
18451,6143,220,2,38.34,76.68
18452,6143,64,1,72.56,72.56
18453,6144,67,3,663.51,1990.53
18454,6144,308,2,143.10,286.20
18455,6144,311,2,32.45,64.90
18456,6145,288,2,236.80,473.60
18457,6145,61,3,175.93,527.79
18458,6145,224,4,203.37,813.48
18459,6146,303,3,199.54,598.62
18460,6146,187,2,53.46,106.92
18461,6146,69,1,206.85,206.85
18462,6147,215,1,136.44,136.44
18463,6147,248,3,4473.97,13421.91
18464,6147,279,3,41.73,125.19
18465,6148,285,2,6751.40,13502.80
18466,6148,253,2,32.75,65.50
18467,6148,170,3,845.55,2536.65
18468,6149,219,1,662.92,662.92
18469,6149,248,1,4473.97,4473.97
18470,6149,312,4,25.20,100.80
18471,6150,224,3,203.37,610.11
18472,6150,183,4,229.08,916.32
18473,6150,299,4,57.14,228.56
18474,6151,272,3,77.63,232.89
18475,6151,143,1,55.35,55.35
18476,6151,308,1,143.10,143.10
18477,6152,194,2,136.81,273.62
18478,6152,41,1,82.03,82.03
18479,6152,217,4,324.83,1299.32
18480,6153,116,2,86.77,173.54
18481,6153,89,1,185.24,185.24
18482,6153,256,2,255.06,510.12
18483,6154,247,2,127.32,254.64
18484,6154,116,1,86.77,86.77
18485,6154,157,2,2380.02,4760.04
18486,6155,292,2,40.52,81.04
18487,6155,228,2,148.63,297.26
18488,6155,157,3,2380.02,7140.06
18489,6156,303,4,199.54,798.16
18490,6156,320,3,125.31,375.93
18491,6156,48,2,124.35,248.70
18492,6157,19,3,79.80,239.40
18493,6157,76,2,49.74,99.48
18494,6157,214,1,522.07,522.07
18495,6158,241,2,237.51,475.02
18496,6158,204,1,362.70,362.70
18497,6158,32,4,604.32,2417.28
18498,6159,321,2,105.04,210.08
18499,6159,81,3,24.00,72.00
18500,6159,57,2,425.93,851.86
18501,6160,179,3,367.91,1103.73
18502,6160,80,2,180.81,361.62
18503,6160,302,4,17.70,70.80
18504,6161,284,2,33.21,66.42
18505,6161,158,1,210.26,210.26
18506,6161,131,2,151.63,303.26
18507,6162,114,1,59.81,59.81
18508,6162,178,2,110.15,220.30
18509,6162,3,2,108.77,217.54
18510,6163,257,4,77.56,310.24
18511,6163,37,3,5435.24,16305.72
18512,6163,212,1,1815.77,1815.77
18513,6164,289,3,37.80,113.40
18514,6164,201,3,83.06,249.18
18515,6164,135,1,176.88,176.88
18516,6165,301,2,136.93,273.86
18517,6165,3,4,108.77,435.08
18518,6165,145,4,369.80,1479.20
18519,6166,228,1,148.63,148.63
18520,6166,323,4,43.39,173.56
18521,6166,59,3,1165.61,3496.83
18522,6167,285,3,6751.40,20254.20
18523,6167,241,4,237.51,950.04
18524,6167,12,4,423.08,1692.32
18525,6168,298,2,103.05,206.10
18526,6168,203,1,59.44,59.44
18527,6168,236,4,54.07,216.28
18528,6169,171,4,49.52,198.08
18529,6169,74,2,306.84,613.68
18530,6169,86,2,137.39,274.78
18531,6170,232,3,117.39,352.17
18532,6170,243,3,471.30,1413.90
18533,6170,283,4,594.23,2376.92
18534,6171,140,2,558.26,1116.52
18535,6171,23,1,477.55,477.55
18536,6171,40,3,62.79,188.37
18537,6172,332,1,122.23,122.23
18538,6172,207,3,62.51,187.53
18539,6172,194,1,136.81,136.81
18540,6173,71,1,81.12,81.12
18541,6173,219,3,662.92,1988.76
18542,6173,327,4,91.25,365.00
18543,6174,37,1,5435.24,5435.24
18544,6174,169,3,537.24,1611.72
18545,6174,290,3,744.49,2233.47
18546,6175,237,3,188.93,566.79
18547,6175,204,1,362.70,362.70
18548,6175,82,3,80.11,240.33
18549,6176,94,3,61.84,185.52
18550,6176,10,2,42.91,85.82
18551,6176,13,4,44.19,176.76
18552,6177,142,3,544.13,1632.39
18553,6177,135,4,176.88,707.52
18554,6177,216,4,27.57,110.28
18555,6178,182,3,312.02,936.06
18556,6178,145,1,369.80,369.80
18557,6178,287,2,553.36,1106.72
18558,6179,313,2,49.11,98.22
18559,6179,291,4,25.62,102.48
18560,6179,114,2,59.81,119.62
18561,6180,87,2,116.31,232.62
18562,6180,208,4,5119.77,20479.08
18563,6180,145,1,369.80,369.80
18564,6181,167,3,125.02,375.06
18565,6181,269,3,107.58,322.74
18566,6181,319,1,129.86,129.86
18567,6182,60,1,301.85,301.85
18568,6182,108,4,368.57,1474.28
18569,6182,209,4,299.28,1197.12
18570,6183,335,1,117.27,117.27
18571,6183,28,1,30.65,30.65
18572,6183,295,2,207.06,414.12
18573,6184,222,2,106.41,212.82
18574,6184,172,1,53.49,53.49
18575,6184,23,4,477.55,1910.20
18576,6185,299,2,57.14,114.28
18577,6185,148,1,640.43,640.43
18578,6185,6,2,536.76,1073.52
18579,6186,241,2,237.51,475.02
18580,6186,305,1,18.21,18.21
18581,6186,237,2,188.93,377.86
18582,6187,160,4,103.53,414.12
18583,6187,126,3,105.42,316.26
18584,6187,51,4,223.70,894.80
18585,6188,104,1,2507.07,2507.07
18586,6188,259,2,37.26,74.52
18587,6188,298,4,103.05,412.20
18588,6189,213,2,231.12,462.24
18589,6189,211,3,391.93,1175.79
18590,6189,146,2,364.03,728.06
18591,6190,52,1,36.58,36.58
18592,6190,200,2,51.39,102.78
18593,6190,132,4,152.84,611.36
18594,6191,135,1,176.88,176.88
18595,6191,221,1,484.99,484.99
18596,6191,13,2,44.19,88.38
18597,6192,305,3,18.21,54.63
18598,6192,298,1,103.05,103.05
18599,6192,181,2,181.57,363.14
18600,6193,250,1,725.02,725.02
18601,6193,117,4,795.33,3181.32
18602,6193,90,1,226.17,226.17
18603,6194,192,4,365.72,1462.88
18604,6194,323,2,43.39,86.78
18605,6194,43,4,930.93,3723.72
18606,6195,209,1,299.28,299.28
18607,6195,154,2,174.02,348.04
18608,6195,14,1,430.90,430.90
18609,6196,269,4,107.58,430.32
18610,6196,231,4,170.32,681.28
18611,6196,19,1,79.80,79.80
18612,6197,43,1,930.93,930.93
18613,6197,324,3,183.99,551.97
18614,6197,18,1,4347.52,4347.52
18615,6198,256,2,255.06,510.12
18616,6198,117,1,795.33,795.33
18617,6198,294,1,133.99,133.99
18618,6199,177,2,173.92,347.84
18619,6199,209,4,299.28,1197.12
18620,6199,40,1,62.79,62.79
18621,6200,311,2,32.45,64.90
18622,6200,176,3,204.81,614.43
18623,6200,22,3,709.66,2128.98
18624,6201,74,4,306.84,1227.36
18625,6201,168,1,84.08,84.08
18626,6201,128,3,1363.48,4090.44
18627,6202,15,1,602.60,602.60
18628,6202,219,1,662.92,662.92
18629,6202,134,2,261.22,522.44
18630,6203,36,2,184.31,368.62
18631,6203,130,1,261.07,261.07
18632,6203,100,2,912.50,1825.00
18633,6204,299,3,57.14,171.42
18634,6204,64,1,72.56,72.56
18635,6204,280,2,154.65,309.30
18636,6205,15,1,602.60,602.60
18637,6205,81,4,24.00,96.00
18638,6205,306,1,184.88,184.88
18639,6206,27,3,485.13,1455.39
18640,6206,289,2,37.80,75.60
18641,6206,82,4,80.11,320.44
18642,6207,37,1,5435.24,5435.24
18643,6207,328,2,180.51,361.02
18644,6207,46,3,64.02,192.06
18645,6208,34,3,5015.04,15045.12
18646,6208,148,1,640.43,640.43
18647,6208,132,3,152.84,458.52
18648,6209,172,3,53.49,160.47
18649,6209,27,2,485.13,970.26
18650,6209,148,4,640.43,2561.72
18651,6210,139,2,392.73,785.46
18652,6210,271,4,1470.33,5881.32
18653,6210,24,4,136.38,545.52
18654,6211,234,4,157.34,629.36
18655,6211,188,3,50.01,150.03
18656,6211,147,4,143.83,575.32
18657,6212,330,2,120.68,241.36
18658,6212,141,4,482.39,1929.56
18659,6212,14,3,430.90,1292.70
18660,6213,92,3,243.24,729.72
18661,6213,58,3,158.45,475.35
18662,6213,70,4,79.39,317.56
18663,6214,277,1,198.38,198.38
18664,6214,104,4,2507.07,10028.28
18665,6214,142,2,544.13,1088.26
18666,6215,134,1,261.22,261.22
18667,6215,218,3,49.88,149.64
18668,6215,188,1,50.01,50.01
18669,6216,335,4,117.27,469.08
18670,6216,331,2,54.96,109.92
18671,6216,249,3,333.60,1000.80
18672,6217,19,1,79.80,79.80
18673,6217,222,4,106.41,425.64
18674,6217,81,3,24.00,72.00
18675,6218,111,3,215.02,645.06
18676,6218,62,3,56.51,169.53
18677,6218,226,2,106.24,212.48
18678,6219,304,2,121.41,242.82
18679,6219,230,3,64.40,193.20
18680,6219,220,1,38.34,38.34
18681,6220,80,3,180.81,542.43
18682,6220,182,2,312.02,624.04
18683,6220,132,3,152.84,458.52
18684,6221,271,1,1470.33,1470.33
18685,6221,221,4,484.99,1939.96
18686,6221,256,4,255.06,1020.24
18687,6222,128,4,1363.48,5453.92
18688,6222,201,1,83.06,83.06
18689,6222,33,1,618.92,618.92
18690,6223,122,4,130.97,523.88
18691,6223,228,2,148.63,297.26
18692,6223,174,4,93.41,373.64
18693,6224,193,4,9668.18,38672.72
18694,6224,256,1,255.06,255.06
18695,6224,143,4,55.35,221.40
18696,6225,302,1,17.70,17.70
18697,6225,73,1,550.57,550.57
18698,6225,81,2,24.00,48.00
18699,6226,270,3,777.12,2331.36
18700,6226,200,4,51.39,205.56
18701,6226,164,4,259.43,1037.72
18702,6227,223,1,467.04,467.04
18703,6227,204,1,362.70,362.70
18704,6227,182,1,312.02,312.02
18705,6228,84,4,214.78,859.12
18706,6228,32,4,604.32,2417.28
18707,6228,240,4,26.71,106.84
18708,6229,111,1,215.02,215.02
18709,6229,244,2,70.80,141.60
18710,6229,103,1,88.38,88.38
18711,6230,236,2,54.07,108.14
18712,6230,16,2,82.24,164.48
18713,6230,27,3,485.13,1455.39
18714,6231,263,4,82.89,331.56
18715,6231,280,3,154.65,463.95
18716,6231,26,1,979.66,979.66
18717,6232,57,2,425.93,851.86
18718,6232,178,4,110.15,440.60
18719,6232,74,3,306.84,920.52
18720,6233,218,3,49.88,149.64
18721,6233,5,4,312.42,1249.68
18722,6233,138,2,75.42,150.84
18723,6234,232,4,117.39,469.56
18724,6234,13,4,44.19,176.76
18725,6234,11,4,88.33,353.32
18726,6235,211,4,391.93,1567.72
18727,6235,219,2,662.92,1325.84
18728,6235,247,4,127.32,509.28
18729,6236,82,1,80.11,80.11
18730,6236,126,3,105.42,316.26
18731,6236,157,2,2380.02,4760.04
18732,6237,123,3,340.07,1020.21
18733,6237,1,2,41.61,83.22
18734,6237,49,3,109.83,329.49
18735,6238,255,3,71.89,215.67
18736,6238,258,4,57.78,231.12
18737,6238,284,2,33.21,66.42
18738,6239,45,1,5111.42,5111.42
18739,6239,33,2,618.92,1237.84
18740,6239,69,1,206.85,206.85
18741,6240,314,1,28.97,28.97
18742,6240,219,1,662.92,662.92
18743,6240,224,1,203.37,203.37
18744,6241,330,2,120.68,241.36
18745,6241,155,3,80.38,241.14
18746,6241,309,2,132.91,265.82
18747,6242,65,1,114.10,114.10
18748,6242,312,1,25.20,25.20
18749,6242,124,4,201.32,805.28
18750,6243,319,4,129.86,519.44
18751,6243,15,4,602.60,2410.40
18752,6243,80,3,180.81,542.43
18753,6244,204,2,362.70,725.40
18754,6244,61,2,175.93,351.86
18755,6244,40,4,62.79,251.16
18756,6245,228,2,148.63,297.26
18757,6245,135,2,176.88,353.76
18758,6245,59,3,1165.61,3496.83
18759,6246,45,4,5111.42,20445.68
18760,6246,41,1,82.03,82.03
18761,6246,300,4,39.77,159.08
18762,6247,29,3,74.94,224.82
18763,6247,1,1,41.61,41.61
18764,6247,195,2,46.99,93.98
18765,6248,259,3,37.26,111.78
18766,6248,37,4,5435.24,21740.96
18767,6248,104,3,2507.07,7521.21
18768,6249,22,2,709.66,1419.32
18769,6249,28,3,30.65,91.95
18770,6249,150,4,223.54,894.16
18771,6250,46,1,64.02,64.02
18772,6250,231,1,170.32,170.32
18773,6250,279,2,41.73,83.46
18774,6251,61,2,175.93,351.86
18775,6251,311,3,32.45,97.35
18776,6251,53,1,26.41,26.41
18777,6252,219,1,662.92,662.92
18778,6252,296,3,101.13,303.39
18779,6252,34,2,5015.04,10030.08
18780,6253,327,2,91.25,182.50
18781,6253,124,4,201.32,805.28
18782,6253,233,4,107.91,431.64
18783,6254,86,4,137.39,549.56
18784,6254,143,4,55.35,221.40
18785,6254,249,1,333.60,333.60
18786,6255,272,4,77.63,310.52
18787,6255,45,3,5111.42,15334.26
18788,6255,221,2,484.99,969.98
18789,6256,276,2,1553.72,3107.44
18790,6256,99,3,4229.74,12689.22
18791,6256,292,1,40.52,40.52
18792,6257,193,2,9668.18,19336.36
18793,6257,5,1,312.42,312.42
18794,6257,160,3,103.53,310.59
18795,6258,7,4,158.64,634.56
18796,6258,199,2,122.30,244.60
18797,6258,328,4,180.51,722.04
18798,6259,5,4,312.42,1249.68
18799,6259,279,3,41.73,125.19
18800,6259,51,2,223.70,447.40
18801,6260,49,2,109.83,219.66
18802,6260,22,1,709.66,709.66
18803,6260,309,4,132.91,531.64
18804,6261,17,1,189.07,189.07
18805,6261,288,2,236.80,473.60
18806,6261,275,2,110.46,220.92
18807,6262,252,3,576.27,1728.81
18808,6262,269,2,107.58,215.16
18809,6262,183,1,229.08,229.08
18810,6263,202,2,109.28,218.56
18811,6263,58,3,158.45,475.35
18812,6263,247,2,127.32,254.64
18813,6264,72,2,201.58,403.16
18814,6264,163,3,150.26,450.78
18815,6264,68,2,416.05,832.10
18816,6265,64,3,72.56,217.68
18817,6265,39,2,265.80,531.60
18818,6265,26,4,979.66,3918.64
18819,6266,43,2,930.93,1861.86
18820,6266,280,2,154.65,309.30
18821,6266,270,4,777.12,3108.48
18822,6267,60,3,301.85,905.55
18823,6267,281,3,34.70,104.10
18824,6267,189,4,87.00,348.00
18825,6268,112,2,97.46,194.92
18826,6268,295,3,207.06,621.18
18827,6268,166,1,122.59,122.59
18828,6269,323,4,43.39,173.56
18829,6269,264,3,1374.60,4123.80
18830,6269,103,1,88.38,88.38
18831,6270,320,4,125.31,501.24
18832,6270,187,4,53.46,213.84
18833,6270,127,4,242.46,969.84
18834,6271,130,1,261.07,261.07
18835,6271,279,1,41.73,41.73
18836,6271,7,1,158.64,158.64
18837,6272,12,4,423.08,1692.32
18838,6272,53,4,26.41,105.64
18839,6272,196,3,68.93,206.79
18840,6273,239,2,642.80,1285.60
18841,6273,323,4,43.39,173.56
18842,6273,4,2,70.68,141.36
18843,6274,49,4,109.83,439.32
18844,6274,124,4,201.32,805.28
18845,6274,122,2,130.97,261.94
18846,6275,85,4,279.78,1119.12
18847,6275,143,4,55.35,221.40
18848,6275,80,3,180.81,542.43
18849,6276,68,3,416.05,1248.15
18850,6276,302,1,17.70,17.70
18851,6276,194,4,136.81,547.24
18852,6277,131,2,151.63,303.26
18853,6277,261,2,61.79,123.58
18854,6277,124,4,201.32,805.28
18855,6278,87,1,116.31,116.31
18856,6278,256,4,255.06,1020.24
18857,6278,153,2,41.42,82.84
18858,6279,119,2,329.12,658.24
18859,6279,180,2,206.84,413.68
18860,6279,270,3,777.12,2331.36
18861,6280,164,3,259.43,778.29
18862,6280,312,1,25.20,25.20
18863,6280,1,3,41.61,124.83
18864,6281,319,4,129.86,519.44
18865,6281,61,1,175.93,175.93
18866,6281,115,2,559.60,1119.20
18867,6282,48,1,124.35,124.35
18868,6282,227,3,154.78,464.34
18869,6282,189,4,87.00,348.00
18870,6283,49,2,109.83,219.66
18871,6283,212,4,1815.77,7263.08
18872,6283,256,2,255.06,510.12
18873,6284,107,1,136.14,136.14
18874,6284,3,3,108.77,326.31
18875,6284,231,2,170.32,340.64
18876,6285,24,1,136.38,136.38
18877,6285,9,1,1355.55,1355.55
18878,6285,120,3,532.02,1596.06
18879,6286,141,3,482.39,1447.17
18880,6286,59,1,1165.61,1165.61
18881,6286,255,1,71.89,71.89
18882,6287,6,2,536.76,1073.52
18883,6287,106,3,502.86,1508.58
18884,6287,140,1,558.26,558.26
18885,6288,28,1,30.65,30.65
18886,6288,113,1,545.60,545.60
18887,6288,300,1,39.77,39.77
18888,6289,306,4,184.88,739.52
18889,6289,170,1,845.55,845.55
18890,6289,69,2,206.85,413.70
18891,6290,273,4,173.28,693.12
18892,6290,164,1,259.43,259.43
18893,6290,41,2,82.03,164.06
18894,6291,19,1,79.80,79.80
18895,6291,161,1,258.97,258.97
18896,6291,43,3,930.93,2792.79
18897,6292,13,2,44.19,88.38
18898,6292,190,3,4952.78,14858.34
18899,6292,178,1,110.15,110.15
18900,6293,1,4,41.61,166.44
18901,6293,156,1,138.39,138.39
18902,6293,132,4,152.84,611.36
18903,6294,15,3,602.60,1807.80
18904,6294,88,1,92.09,92.09
18905,6294,325,2,108.41,216.82
18906,6295,176,4,204.81,819.24
18907,6295,155,4,80.38,321.52
18908,6295,240,1,26.71,26.71
18909,6296,322,2,161.49,322.98
18910,6296,65,4,114.10,456.40
18911,6296,295,1,207.06,207.06
18912,6297,184,2,103.83,207.66
18913,6297,142,4,544.13,2176.52
18914,6297,249,2,333.60,667.20
18915,6298,9,1,1355.55,1355.55
18916,6298,62,1,56.51,56.51
18917,6298,144,3,1176.11,3528.33
18918,6299,211,4,391.93,1567.72
18919,6299,180,3,206.84,620.52
18920,6299,178,4,110.15,440.60
18921,6300,45,2,5111.42,10222.84
18922,6300,27,3,485.13,1455.39
18923,6300,25,3,70.53,211.59
18924,6301,206,3,125.45,376.35
18925,6301,260,1,95.74,95.74
18926,6301,226,1,106.24,106.24
18927,6302,63,3,176.42,529.26
18928,6302,297,2,83.28,166.56
18929,6302,122,1,130.97,130.97
18930,6303,322,2,161.49,322.98
18931,6303,241,3,237.51,712.53
18932,6303,17,3,189.07,567.21
18933,6304,57,3,425.93,1277.79
18934,6304,9,1,1355.55,1355.55
18935,6304,181,4,181.57,726.28
18936,6305,238,4,108.52,434.08
18937,6305,260,3,95.74,287.22
18938,6305,279,4,41.73,166.92
18939,6306,85,1,279.78,279.78
18940,6306,105,2,63.28,126.56
18941,6306,288,3,236.80,710.40
18942,6307,177,3,173.92,521.76
18943,6307,186,3,324.89,974.67
18944,6307,196,2,68.93,137.86
18945,6308,118,3,123.08,369.24
18946,6308,267,2,276.85,553.70
18947,6308,226,3,106.24,318.72
18948,6309,105,2,63.28,126.56
18949,6309,219,3,662.92,1988.76
18950,6309,234,3,157.34,472.02
18951,6310,58,4,158.45,633.80
18952,6310,158,3,210.26,630.78
18953,6310,197,2,111.56,223.12
18954,6311,185,1,118.55,118.55
18955,6311,72,3,201.58,604.74
18956,6311,301,1,136.93,136.93
18957,6312,28,1,30.65,30.65
18958,6312,325,2,108.41,216.82
18959,6312,22,1,709.66,709.66
18960,6313,196,3,68.93,206.79
18961,6313,321,4,105.04,420.16
18962,6313,189,3,87.00,261.00
18963,6314,244,3,70.80,212.40
18964,6314,87,1,116.31,116.31
18965,6314,188,3,50.01,150.03
18966,6315,98,1,116.76,116.76
18967,6315,321,4,105.04,420.16
18968,6315,91,2,103.05,206.10
18969,6316,292,3,40.52,121.56
18970,6316,76,3,49.74,149.22
18971,6316,264,2,1374.60,2749.20
18972,6317,56,4,408.87,1635.48
18973,6317,259,3,37.26,111.78
18974,6317,11,1,88.33,88.33
18975,6318,127,2,242.46,484.92
18976,6318,197,4,111.56,446.24
18977,6318,78,4,252.79,1011.16
18978,6319,153,2,41.42,82.84
18979,6319,173,3,101.46,304.38
18980,6319,266,4,379.02,1516.08
18981,6320,95,2,198.29,396.58
18982,6320,41,4,82.03,328.12
18983,6320,154,1,174.02,174.02
18984,6321,127,2,242.46,484.92
18985,6321,206,3,125.45,376.35
18986,6321,271,2,1470.33,2940.66
18987,6322,151,4,52.78,211.12
18988,6322,251,4,87.96,351.84
18989,6322,189,1,87.00,87.00
18990,6323,181,2,181.57,363.14
18991,6323,47,1,100.93,100.93
18992,6323,139,4,392.73,1570.92
18993,6324,199,4,122.30,489.20
18994,6324,225,1,267.00,267.00
18995,6324,271,1,1470.33,1470.33
18996,6325,308,4,143.10,572.40
18997,6325,209,2,299.28,598.56
18998,6325,27,4,485.13,1940.52
18999,6326,185,2,118.55,237.10
19000,6326,282,4,314.44,1257.76
19001,6326,146,3,364.03,1092.09
19002,6327,219,3,662.92,1988.76
19003,6327,294,4,133.99,535.96
19004,6327,122,1,130.97,130.97
19005,6328,311,3,32.45,97.35
19006,6328,41,2,82.03,164.06
19007,6328,328,3,180.51,541.53
19008,6329,91,4,103.05,412.20
19009,6329,321,2,105.04,210.08
19010,6329,322,2,161.49,322.98
19011,6330,210,3,107.66,322.98
19012,6330,288,1,236.80,236.80
19013,6330,75,3,63.53,190.59
19014,6331,159,1,176.40,176.40
19015,6331,102,2,39.38,78.76
19016,6331,267,1,276.85,276.85
19017,6332,251,3,87.96,263.88
19018,6332,192,3,365.72,1097.16
19019,6332,109,4,21.64,86.56
19020,6333,278,3,405.40,1216.20
19021,6333,150,3,223.54,670.62
19022,6333,135,3,176.88,530.64
19023,6334,294,4,133.99,535.96
19024,6334,16,3,82.24,246.72
19025,6334,133,1,153.60,153.60
19026,6335,258,2,57.78,115.56
19027,6335,254,2,196.52,393.04
19028,6335,75,1,63.53,63.53
19029,6336,296,3,101.13,303.39
19030,6336,40,1,62.79,62.79
19031,6336,297,2,83.28,166.56
19032,6337,49,3,109.83,329.49
19033,6337,113,4,545.60,2182.40
19034,6337,250,4,725.02,2900.08
19035,6338,308,1,143.10,143.10
19036,6338,202,2,109.28,218.56
19037,6338,260,1,95.74,95.74
19038,6339,317,1,85.93,85.93
19039,6339,33,2,618.92,1237.84
19040,6339,148,4,640.43,2561.72
19041,6340,121,4,376.95,1507.80
19042,6340,274,2,72.47,144.94
19043,6340,238,4,108.52,434.08
19044,6341,179,2,367.91,735.82
19045,6341,231,4,170.32,681.28
19046,6341,325,3,108.41,325.23
19047,6342,237,4,188.93,755.72
19048,6342,94,1,61.84,61.84
19049,6342,44,3,86.79,260.37
19050,6343,223,1,467.04,467.04
19051,6343,211,3,391.93,1175.79
19052,6343,241,1,237.51,237.51
19053,6344,246,2,42.72,85.44
19054,6344,70,4,79.39,317.56
19055,6344,35,1,166.21,166.21
19056,6345,40,4,62.79,251.16
19057,6345,64,2,72.56,145.12
19058,6345,114,2,59.81,119.62
19059,6346,247,2,127.32,254.64
19060,6346,311,1,32.45,32.45
19061,6346,306,4,184.88,739.52
19062,6347,324,2,183.99,367.98
19063,6347,300,3,39.77,119.31
19064,6347,263,3,82.89,248.67
19065,6348,148,2,640.43,1280.86
19066,6348,208,3,5119.77,15359.31
19067,6348,164,1,259.43,259.43
19068,6349,116,4,86.77,347.08
19069,6349,108,4,368.57,1474.28
19070,6349,127,4,242.46,969.84
19071,6350,241,3,237.51,712.53
19072,6350,169,2,537.24,1074.48
19073,6350,34,4,5015.04,20060.16
19074,6351,103,3,88.38,265.14
19075,6351,57,1,425.93,425.93
19076,6351,3,4,108.77,435.08
19077,6352,24,4,136.38,545.52
19078,6352,293,2,9518.10,19036.20
19079,6352,50,4,293.39,1173.56
19080,6353,134,2,261.22,522.44
19081,6353,138,2,75.42,150.84
19082,6353,308,4,143.10,572.40
19083,6354,174,3,93.41,280.23
19084,6354,203,3,59.44,178.32
19085,6354,240,3,26.71,80.13
19086,6355,166,1,122.59,122.59
19087,6355,262,4,177.88,711.52
19088,6355,30,3,165.44,496.32
19089,6356,267,2,276.85,553.70
19090,6356,286,4,65.95,263.80
19091,6356,201,1,83.06,83.06
19092,6357,97,1,201.04,201.04
19093,6357,170,1,845.55,845.55
19094,6357,134,1,261.22,261.22
19095,6358,285,4,6751.40,27005.60
19096,6358,5,2,312.42,624.84
19097,6358,196,3,68.93,206.79
19098,6359,76,4,49.74,198.96
19099,6359,153,1,41.42,41.42
19100,6359,190,1,4952.78,4952.78
19101,6360,162,4,803.06,3212.24
19102,6360,220,2,38.34,76.68
19103,6360,101,2,156.57,313.14
19104,6361,67,1,663.51,663.51
19105,6361,130,1,261.07,261.07
19106,6361,229,3,182.92,548.76
19107,6362,149,4,63.35,253.40
19108,6362,69,1,206.85,206.85
19109,6362,80,4,180.81,723.24
19110,6363,282,2,314.44,628.88
19111,6363,224,1,203.37,203.37
19112,6363,280,1,154.65,154.65
19113,6364,109,3,21.64,64.92
19114,6364,140,1,558.26,558.26
19115,6364,198,4,124.56,498.24
19116,6365,297,3,83.28,249.84
19117,6365,10,1,42.91,42.91
19118,6365,188,2,50.01,100.02
19119,6366,100,4,912.50,3650.00
19120,6366,77,3,90.53,271.59
19121,6366,22,2,709.66,1419.32
19122,6367,86,3,137.39,412.17
19123,6367,267,4,276.85,1107.40
19124,6367,192,3,365.72,1097.16
19125,6368,267,2,276.85,553.70
19126,6368,40,2,62.79,125.58
19127,6368,290,3,744.49,2233.47
19128,6369,150,3,223.54,670.62
19129,6369,216,4,27.57,110.28
19130,6369,171,3,49.52,148.56
19131,6370,52,3,36.58,109.74
19132,6370,274,4,72.47,289.88
19133,6370,43,1,930.93,930.93
19134,6371,309,2,132.91,265.82
19135,6371,263,1,82.89,82.89
19136,6371,113,4,545.60,2182.40
19137,6372,141,2,482.39,964.78
19138,6372,257,4,77.56,310.24
19139,6372,79,1,221.90,221.90
19140,6373,280,3,154.65,463.95
19141,6373,146,2,364.03,728.06
19142,6373,73,2,550.57,1101.14
19143,6374,141,1,482.39,482.39
19144,6374,132,1,152.84,152.84
19145,6374,72,3,201.58,604.74
19146,6375,11,1,88.33,88.33
19147,6375,305,2,18.21,36.42
19148,6375,82,2,80.11,160.22
19149,6376,175,4,239.58,958.32
19150,6376,141,1,482.39,482.39
19151,6376,254,4,196.52,786.08
19152,6377,189,3,87.00,261.00
19153,6377,165,4,257.39,1029.56
19154,6377,295,1,207.06,207.06
19155,6378,173,2,101.46,202.92
19156,6378,178,4,110.15,440.60
19157,6378,193,3,9668.18,29004.54
19158,6379,260,2,95.74,191.48
19159,6379,153,4,41.42,165.68
19160,6379,251,2,87.96,175.92
19161,6380,16,3,82.24,246.72
19162,6380,226,1,106.24,106.24
19163,6380,179,3,367.91,1103.73
19164,6381,161,4,258.97,1035.88
19165,6381,187,2,53.46,106.92
19166,6381,300,4,39.77,159.08
19167,6382,97,1,201.04,201.04
19168,6382,324,3,183.99,551.97
19169,6382,49,2,109.83,219.66
19170,6383,227,3,154.78,464.34
19171,6383,315,3,69.11,207.33
19172,6383,280,2,154.65,309.30
19173,6384,241,2,237.51,475.02
19174,6384,116,1,86.77,86.77
19175,6384,42,1,288.25,288.25
19176,6385,10,4,42.91,171.64
19177,6385,76,2,49.74,99.48
19178,6385,249,4,333.60,1334.40
19179,6386,169,3,537.24,1611.72
19180,6386,243,4,471.30,1885.20
19181,6386,161,2,258.97,517.94
19182,6387,11,2,88.33,176.66
19183,6387,41,2,82.03,164.06
19184,6387,326,4,127.79,511.16
19185,6388,271,2,1470.33,2940.66
19186,6388,261,3,61.79,185.37
19187,6388,189,2,87.00,174.00
19188,6389,132,2,152.84,305.68
19189,6389,249,2,333.60,667.20
19190,6389,160,2,103.53,207.06
19191,6390,200,4,51.39,205.56
19192,6390,142,1,544.13,544.13
19193,6390,243,2,471.30,942.60
19194,6391,41,4,82.03,328.12
19195,6391,297,3,83.28,249.84
19196,6391,324,2,183.99,367.98
19197,6392,298,2,103.05,206.10
19198,6392,30,2,165.44,330.88
19199,6392,10,4,42.91,171.64
19200,6393,49,2,109.83,219.66
19201,6393,121,2,376.95,753.90
19202,6393,201,1,83.06,83.06
19203,6394,86,1,137.39,137.39
19204,6394,77,4,90.53,362.12
19205,6394,333,3,167.16,501.48
19206,6395,12,4,423.08,1692.32
19207,6395,165,4,257.39,1029.56
19208,6395,220,4,38.34,153.36
19209,6396,138,1,75.42,75.42
19210,6396,283,1,594.23,594.23
19211,6396,277,3,198.38,595.14
19212,6397,175,3,239.58,718.74
19213,6397,309,4,132.91,531.64
19214,6397,181,1,181.57,181.57
19215,6398,263,3,82.89,248.67
19216,6398,163,1,150.26,150.26
19217,6398,288,2,236.80,473.60
19218,6399,13,3,44.19,132.57
19219,6399,315,4,69.11,276.44
19220,6399,294,3,133.99,401.97
19221,6400,64,4,72.56,290.24
19222,6400,112,4,97.46,389.84
19223,6400,216,2,27.57,55.14
19224,6401,233,3,107.91,323.73
19225,6401,206,4,125.45,501.80
19226,6401,335,1,117.27,117.27
19227,6402,57,4,425.93,1703.72
19228,6402,78,2,252.79,505.58
19229,6402,183,3,229.08,687.24
19230,6403,72,4,201.58,806.32
19231,6403,225,3,267.00,801.00
19232,6403,200,3,51.39,154.17
19233,6404,125,2,319.28,638.56
19234,6404,137,3,197.81,593.43
19235,6404,324,2,183.99,367.98
19236,6405,152,4,133.94,535.76
19237,6405,208,3,5119.77,15359.31
19238,6405,233,1,107.91,107.91
19239,6406,10,3,42.91,128.73
19240,6406,16,4,82.24,328.96
19241,6406,264,4,1374.60,5498.40
19242,6407,145,3,369.80,1109.40
19243,6407,136,3,407.27,1221.81
19244,6407,182,3,312.02,936.06
19245,6408,321,2,105.04,210.08
19246,6408,296,2,101.13,202.26
19247,6408,149,1,63.35,63.35
19248,6409,161,3,258.97,776.91
19249,6409,30,2,165.44,330.88
19250,6409,284,4,33.21,132.84
19251,6410,244,2,70.80,141.60
19252,6410,225,2,267.00,534.00
19253,6410,185,2,118.55,237.10
19254,6411,145,4,369.80,1479.20
19255,6411,104,2,2507.07,5014.14
19256,6411,178,1,110.15,110.15
19257,6412,74,1,306.84,306.84
19258,6412,186,4,324.89,1299.56
19259,6412,293,4,9518.10,38072.40
19260,6413,305,2,18.21,36.42
19261,6413,36,3,184.31,552.93
19262,6413,307,1,195.28,195.28
19263,6414,313,2,49.11,98.22
19264,6414,139,4,392.73,1570.92
19265,6414,73,1,550.57,550.57
19266,6415,186,3,324.89,974.67
19267,6415,92,4,243.24,972.96
19268,6415,286,2,65.95,131.90
19269,6416,18,1,4347.52,4347.52
19270,6416,151,4,52.78,211.12
19271,6416,182,3,312.02,936.06
19272,6417,113,2,545.60,1091.20
19273,6417,311,3,32.45,97.35
19274,6417,295,1,207.06,207.06
19275,6418,59,3,1165.61,3496.83
19276,6418,190,1,4952.78,4952.78
19277,6418,53,1,26.41,26.41
19278,6419,2,1,54.72,54.72
19279,6419,148,2,640.43,1280.86
19280,6419,15,2,602.60,1205.20
19281,6420,222,4,106.41,425.64
19282,6420,155,1,80.38,80.38
19283,6420,238,3,108.52,325.56
19284,6421,112,3,97.46,292.38
19285,6421,83,4,138.27,553.08
19286,6421,104,1,2507.07,2507.07
19287,6422,202,3,109.28,327.84
19288,6422,232,4,117.39,469.56
19289,6422,252,4,576.27,2305.08
19290,6423,262,3,177.88,533.64
19291,6423,334,4,173.02,692.08
19292,6423,162,1,803.06,803.06
19293,6424,169,2,537.24,1074.48
19294,6424,109,2,21.64,43.28
19295,6424,142,4,544.13,2176.52
19296,6425,133,2,153.60,307.20
19297,6425,118,1,123.08,123.08
19298,6425,127,3,242.46,727.38
19299,6426,227,4,154.78,619.12
19300,6426,322,2,161.49,322.98
19301,6426,163,4,150.26,601.04
19302,6427,304,4,121.41,485.64
19303,6427,256,1,255.06,255.06
19304,6427,63,2,176.42,352.84
19305,6428,12,2,423.08,846.16
19306,6428,47,4,100.93,403.72
19307,6428,252,2,576.27,1152.54
19308,6429,147,1,143.83,143.83
19309,6429,330,3,120.68,362.04
19310,6429,211,2,391.93,783.86
19311,6430,224,4,203.37,813.48
19312,6430,57,1,425.93,425.93
19313,6430,158,2,210.26,420.52
19314,6431,79,1,221.90,221.90
19315,6431,90,2,226.17,452.34
19316,6431,25,2,70.53,141.06
19317,6432,294,3,133.99,401.97
19318,6432,314,4,28.97,115.88
19319,6432,46,3,64.02,192.06
19320,6433,54,2,73.34,146.68
19321,6433,304,4,121.41,485.64
19322,6433,278,1,405.40,405.40
19323,6434,315,3,69.11,207.33
19324,6434,132,3,152.84,458.52
19325,6434,227,2,154.78,309.56
19326,6435,108,4,368.57,1474.28
19327,6435,305,4,18.21,72.84
19328,6435,170,2,845.55,1691.10
19329,6436,59,4,1165.61,4662.44
19330,6436,257,3,77.56,232.68
19331,6436,335,2,117.27,234.54
19332,6437,247,4,127.32,509.28
19333,6437,240,3,26.71,80.13
19334,6437,110,1,81.80,81.80
19335,6438,55,1,361.92,361.92
19336,6438,299,2,57.14,114.28
19337,6438,27,1,485.13,485.13
19338,6439,224,1,203.37,203.37
19339,6439,117,4,795.33,3181.32
19340,6439,259,2,37.26,74.52
19341,6440,153,1,41.42,41.42
19342,6440,181,2,181.57,363.14
19343,6440,144,4,1176.11,4704.44
19344,6441,96,1,171.36,171.36
19345,6441,199,4,122.30,489.20
19346,6441,278,1,405.40,405.40
19347,6442,255,2,71.89,143.78
19348,6442,268,1,186.90,186.90
19349,6442,15,1,602.60,602.60
19350,6443,76,3,49.74,149.22
19351,6443,45,2,5111.42,10222.84
19352,6443,44,2,86.79,173.58
19353,6444,161,4,258.97,1035.88
19354,6444,200,3,51.39,154.17
19355,6444,42,1,288.25,288.25
19356,6445,260,1,95.74,95.74
19357,6445,88,3,92.09,276.27
19358,6445,263,1,82.89,82.89
19359,6446,143,2,55.35,110.70
19360,6446,324,1,183.99,183.99
19361,6446,202,1,109.28,109.28
19362,6447,191,2,217.48,434.96
19363,6447,135,3,176.88,530.64
19364,6447,159,4,176.40,705.60
19365,6448,221,3,484.99,1454.97
19366,6448,214,2,522.07,1044.14
19367,6448,42,3,288.25,864.75
19368,6449,235,1,1867.81,1867.81
19369,6449,330,2,120.68,241.36
19370,6449,167,4,125.02,500.08
19371,6450,173,4,101.46,405.84
19372,6450,233,3,107.91,323.73
19373,6450,301,4,136.93,547.72
19374,6451,279,3,41.73,125.19
19375,6451,159,1,176.40,176.40
19376,6451,290,4,744.49,2977.96
19377,6452,164,1,259.43,259.43
19378,6452,102,3,39.38,118.14
19379,6452,259,2,37.26,74.52
19380,6453,144,2,1176.11,2352.22
19381,6453,257,2,77.56,155.12
19382,6453,175,1,239.58,239.58
19383,6454,258,1,57.78,57.78
19384,6454,252,1,576.27,576.27
19385,6454,203,3,59.44,178.32
19386,6455,220,4,38.34,153.36
19387,6455,314,2,28.97,57.94
19388,6455,330,2,120.68,241.36
19389,6456,63,1,176.42,176.42
19390,6456,174,3,93.41,280.23
19391,6456,122,2,130.97,261.94
19392,6457,165,3,257.39,772.17
19393,6457,22,3,709.66,2128.98
19394,6457,274,4,72.47,289.88
19395,6458,108,2,368.57,737.14
19396,6458,219,4,662.92,2651.68
19397,6458,26,2,979.66,1959.32
19398,6459,9,4,1355.55,5422.20
19399,6459,204,2,362.70,725.40
19400,6459,156,3,138.39,415.17
19401,6460,322,4,161.49,645.96
19402,6460,247,2,127.32,254.64
19403,6460,128,3,1363.48,4090.44
19404,6461,180,4,206.84,827.36
19405,6461,112,3,97.46,292.38
19406,6461,312,3,25.20,75.60
19407,6462,126,1,105.42,105.42
19408,6462,294,1,133.99,133.99
19409,6462,283,3,594.23,1782.69
19410,6463,115,3,559.60,1678.80
19411,6463,134,1,261.22,261.22
19412,6463,96,1,171.36,171.36
19413,6464,199,1,122.30,122.30
19414,6464,115,2,559.60,1119.20
19415,6464,261,2,61.79,123.58
19416,6465,186,3,324.89,974.67
19417,6465,21,3,37.53,112.59
19418,6465,62,1,56.51,56.51
19419,6466,147,3,143.83,431.49
19420,6466,92,4,243.24,972.96
19421,6466,315,4,69.11,276.44
19422,6467,328,4,180.51,722.04
19423,6467,267,2,276.85,553.70
19424,6467,207,3,62.51,187.53
19425,6468,313,4,49.11,196.44
19426,6468,330,1,120.68,120.68
19427,6468,140,1,558.26,558.26
19428,6469,115,1,559.60,559.60
19429,6469,164,1,259.43,259.43
19430,6469,293,4,9518.10,38072.40
19431,6470,109,1,21.64,21.64
19432,6470,169,3,537.24,1611.72
19433,6470,306,2,184.88,369.76
19434,6471,234,1,157.34,157.34
19435,6471,2,1,54.72,54.72
19436,6471,206,1,125.45,125.45
19437,6472,34,2,5015.04,10030.08
19438,6472,170,2,845.55,1691.10
19439,6472,70,3,79.39,238.17
19440,6473,139,1,392.73,392.73
19441,6473,259,3,37.26,111.78
19442,6473,9,1,1355.55,1355.55
19443,6474,39,3,265.80,797.40
19444,6474,258,4,57.78,231.12
19445,6474,323,3,43.39,130.17
19446,6475,179,3,367.91,1103.73
19447,6475,252,2,576.27,1152.54
19448,6475,302,4,17.70,70.80
19449,6476,38,4,2984.65,11938.60
19450,6476,138,3,75.42,226.26
19451,6476,135,2,176.88,353.76
19452,6477,30,2,165.44,330.88
19453,6477,202,3,109.28,327.84
19454,6477,66,2,41.56,83.12
19455,6478,72,1,201.58,201.58
19456,6478,141,1,482.39,482.39
19457,6478,196,1,68.93,68.93
19458,6479,100,4,912.50,3650.00
19459,6479,329,1,124.79,124.79
19460,6479,93,1,73.99,73.99
19461,6480,239,2,642.80,1285.60
19462,6480,170,1,845.55,845.55
19463,6480,111,3,215.02,645.06
19464,6481,138,1,75.42,75.42
19465,6481,292,2,40.52,81.04
19466,6481,287,1,553.36,553.36
19467,6482,247,3,127.32,381.96
19468,6482,275,4,110.46,441.84
19469,6482,175,1,239.58,239.58
19470,6483,122,1,130.97,130.97
19471,6483,297,2,83.28,166.56
19472,6483,37,2,5435.24,10870.48
19473,6484,5,2,312.42,624.84
19474,6484,225,2,267.00,534.00
19475,6484,38,2,2984.65,5969.30
19476,6485,188,2,50.01,100.02
19477,6485,4,2,70.68,141.36
19478,6485,57,3,425.93,1277.79
19479,6486,191,1,217.48,217.48
19480,6486,302,3,17.70,53.10
19481,6486,58,1,158.45,158.45
19482,6487,48,2,124.35,248.70
19483,6487,320,2,125.31,250.62
19484,6487,88,4,92.09,368.36
19485,6488,84,1,214.78,214.78
19486,6488,207,3,62.51,187.53
19487,6488,138,4,75.42,301.68
19488,6489,219,2,662.92,1325.84
19489,6489,84,3,214.78,644.34
19490,6489,157,2,2380.02,4760.04
19491,6490,129,2,120.28,240.56
19492,6490,258,2,57.78,115.56
19493,6490,105,2,63.28,126.56
19494,6491,119,4,329.12,1316.48
19495,6491,130,1,261.07,261.07
19496,6491,1,2,41.61,83.22
19497,6492,136,1,407.27,407.27
19498,6492,116,3,86.77,260.31
19499,6492,293,4,9518.10,38072.40
19500,6493,143,2,55.35,110.70
19501,6493,301,4,136.93,547.72
19502,6493,112,4,97.46,389.84
19503,6494,131,4,151.63,606.52
19504,6494,60,2,301.85,603.70
19505,6494,43,2,930.93,1861.86
19506,6495,256,4,255.06,1020.24
19507,6495,76,1,49.74,49.74
19508,6495,248,1,4473.97,4473.97
19509,6496,215,1,136.44,136.44
19510,6496,322,1,161.49,161.49
19511,6496,296,1,101.13,101.13
19512,6497,328,4,180.51,722.04
19513,6497,285,4,6751.40,27005.60
19514,6497,100,3,912.50,2737.50
19515,6498,68,1,416.05,416.05
19516,6498,167,3,125.02,375.06
19517,6498,53,2,26.41,52.82
19518,6499,95,2,198.29,396.58
19519,6499,193,2,9668.18,19336.36
19520,6499,160,3,103.53,310.59
19521,6500,148,1,640.43,640.43
19522,6500,153,4,41.42,165.68
19523,6500,88,4,92.09,368.36
19524,6501,178,4,110.15,440.60
19525,6501,241,1,237.51,237.51
19526,6501,319,2,129.86,259.72
19527,6502,270,1,777.12,777.12
19528,6502,50,3,293.39,880.17
19529,6502,319,2,129.86,259.72
19530,6503,55,4,361.92,1447.68
19531,6503,217,4,324.83,1299.32
19532,6503,136,3,407.27,1221.81
19533,6504,126,1,105.42,105.42
19534,6504,159,3,176.40,529.20
19535,6504,256,2,255.06,510.12
19536,6505,22,3,709.66,2128.98
19537,6505,323,4,43.39,173.56
19538,6505,4,1,70.68,70.68
19539,6506,81,4,24.00,96.00
19540,6506,285,3,6751.40,20254.20
19541,6506,117,2,795.33,1590.66
19542,6507,335,3,117.27,351.81
19543,6507,110,4,81.80,327.20
19544,6507,113,4,545.60,2182.40
19545,6508,280,2,154.65,309.30
19546,6508,207,3,62.51,187.53
19547,6508,179,1,367.91,367.91
19548,6509,123,3,340.07,1020.21
19549,6509,91,3,103.05,309.15
19550,6509,79,3,221.90,665.70
19551,6510,242,1,798.53,798.53
19552,6510,47,4,100.93,403.72
19553,6510,105,2,63.28,126.56
19554,6511,320,1,125.31,125.31
19555,6511,17,1,189.07,189.07
19556,6511,12,2,423.08,846.16
19557,6512,179,2,367.91,735.82
19558,6512,55,2,361.92,723.84
19559,6512,75,2,63.53,127.06
19560,6513,252,1,576.27,576.27
19561,6513,304,2,121.41,242.82
19562,6513,239,2,642.80,1285.60
19563,6514,85,2,279.78,559.56
19564,6514,235,1,1867.81,1867.81
19565,6514,288,3,236.80,710.40
19566,6515,161,3,258.97,776.91
19567,6515,147,1,143.83,143.83
19568,6515,189,4,87.00,348.00
19569,6516,294,2,133.99,267.98
19570,6516,18,1,4347.52,4347.52
19571,6516,45,2,5111.42,10222.84
19572,6517,197,3,111.56,334.68
19573,6517,191,3,217.48,652.44
19574,6517,171,2,49.52,99.04
19575,6518,38,3,2984.65,8953.95
19576,6518,116,1,86.77,86.77
19577,6518,176,1,204.81,204.81
19578,6519,240,1,26.71,26.71
19579,6519,234,3,157.34,472.02
19580,6519,299,2,57.14,114.28
19581,6520,255,1,71.89,71.89
19582,6520,324,2,183.99,367.98
19583,6520,54,3,73.34,220.02
19584,6521,51,4,223.70,894.80
19585,6521,267,4,276.85,1107.40
19586,6521,141,2,482.39,964.78
19587,6522,317,1,85.93,85.93
19588,6522,316,3,110.67,332.01
19589,6522,205,3,92.31,276.93
19590,6523,229,4,182.92,731.68
19591,6523,47,2,100.93,201.86
19592,6523,98,4,116.76,467.04
19593,6524,79,2,221.90,443.80
19594,6524,292,4,40.52,162.08
19595,6524,191,2,217.48,434.96
19596,6525,182,3,312.02,936.06
19597,6525,133,4,153.60,614.40
19598,6525,74,1,306.84,306.84
19599,6526,12,3,423.08,1269.24
19600,6526,44,3,86.79,260.37
19601,6526,10,1,42.91,42.91
19602,6527,302,2,17.70,35.40
19603,6527,214,4,522.07,2088.28
19604,6527,287,4,553.36,2213.44
19605,6528,312,1,25.20,25.20
19606,6528,105,3,63.28,189.84
19607,6528,314,1,28.97,28.97
19608,6529,242,3,798.53,2395.59
19609,6529,224,4,203.37,813.48
19610,6529,328,2,180.51,361.02
19611,6530,329,3,124.79,374.37
19612,6530,331,3,54.96,164.88
19613,6530,59,3,1165.61,3496.83
19614,6531,314,3,28.97,86.91
19615,6531,137,4,197.81,791.24
19616,6531,51,3,223.70,671.10
19617,6532,285,2,6751.40,13502.80
19618,6532,280,1,154.65,154.65
19619,6532,221,4,484.99,1939.96
19620,6533,208,1,5119.77,5119.77
19621,6533,300,3,39.77,119.31
19622,6533,39,2,265.80,531.60
19623,6534,122,1,130.97,130.97
19624,6534,202,2,109.28,218.56
19625,6534,108,2,368.57,737.14
19626,6535,322,3,161.49,484.47
19627,6535,135,3,176.88,530.64
19628,6535,267,4,276.85,1107.40
19629,6536,293,2,9518.10,19036.20
19630,6536,285,1,6751.40,6751.40
19631,6536,294,4,133.99,535.96
19632,6537,76,2,49.74,99.48
19633,6537,303,1,199.54,199.54
19634,6537,322,2,161.49,322.98
19635,6538,310,3,106.27,318.81
19636,6538,6,1,536.76,536.76
19637,6538,195,1,46.99,46.99
19638,6539,38,4,2984.65,11938.60
19639,6539,193,4,9668.18,38672.72
19640,6539,310,2,106.27,212.54
19641,6540,318,4,27.43,109.72
19642,6540,43,4,930.93,3723.72
19643,6540,60,1,301.85,301.85
19644,6541,209,3,299.28,897.84
19645,6541,269,2,107.58,215.16
19646,6541,37,3,5435.24,16305.72
19647,6542,87,1,116.31,116.31
19648,6542,110,1,81.80,81.80
19649,6542,77,3,90.53,271.59
19650,6543,40,4,62.79,251.16
19651,6543,8,2,92.31,184.62
19652,6543,49,1,109.83,109.83
19653,6544,241,4,237.51,950.04
19654,6544,111,4,215.02,860.08
19655,6544,229,4,182.92,731.68
19656,6545,186,3,324.89,974.67
19657,6545,105,2,63.28,126.56
19658,6545,223,2,467.04,934.08
19659,6546,158,2,210.26,420.52
19660,6546,171,2,49.52,99.04
19661,6546,165,4,257.39,1029.56
19662,6547,115,2,559.60,1119.20
19663,6547,295,2,207.06,414.12
19664,6547,224,4,203.37,813.48
19665,6548,183,3,229.08,687.24
19666,6548,18,3,4347.52,13042.56
19667,6548,277,4,198.38,793.52
19668,6549,16,3,82.24,246.72
19669,6549,80,1,180.81,180.81
19670,6549,100,1,912.50,912.50
19671,6550,157,2,2380.02,4760.04
19672,6550,204,2,362.70,725.40
19673,6550,64,1,72.56,72.56
19674,6551,330,3,120.68,362.04
19675,6551,249,2,333.60,667.20
19676,6551,62,3,56.51,169.53
19677,6552,169,1,537.24,537.24
19678,6552,178,2,110.15,220.30
19679,6552,16,1,82.24,82.24
19680,6553,147,1,143.83,143.83
19681,6553,308,2,143.10,286.20
19682,6553,127,3,242.46,727.38
19683,6554,109,4,21.64,86.56
19684,6554,290,3,744.49,2233.47
19685,6554,8,3,92.31,276.93
19686,6555,257,4,77.56,310.24
19687,6555,192,2,365.72,731.44
19688,6555,179,4,367.91,1471.64
19689,6556,133,3,153.60,460.80
19690,6556,61,3,175.93,527.79
19691,6556,160,3,103.53,310.59
19692,6557,177,3,173.92,521.76
19693,6557,129,4,120.28,481.12
19694,6557,115,4,559.60,2238.40
19695,6558,67,1,663.51,663.51
19696,6558,42,1,288.25,288.25
19697,6558,259,4,37.26,149.04
19698,6559,244,2,70.80,141.60
19699,6559,236,3,54.07,162.21
19700,6559,107,1,136.14,136.14
19701,6560,24,1,136.38,136.38
19702,6560,131,4,151.63,606.52
19703,6560,268,2,186.90,373.80
19704,6561,168,4,84.08,336.32
19705,6561,306,3,184.88,554.64
19706,6561,169,3,537.24,1611.72
19707,6562,138,4,75.42,301.68
19708,6562,29,1,74.94,74.94
19709,6562,183,1,229.08,229.08
19710,6563,242,2,798.53,1597.06
19711,6563,294,4,133.99,535.96
19712,6563,251,1,87.96,87.96
19713,6564,132,2,152.84,305.68
19714,6564,75,4,63.53,254.12
19715,6564,228,3,148.63,445.89
19716,6565,208,1,5119.77,5119.77
19717,6565,4,3,70.68,212.04
19718,6565,291,1,25.62,25.62
19719,6566,134,3,261.22,783.66
19720,6566,219,3,662.92,1988.76
19721,6566,334,1,173.02,173.02
19722,6567,226,2,106.24,212.48
19723,6567,235,1,1867.81,1867.81
19724,6567,167,1,125.02,125.02
19725,6568,120,4,532.02,2128.08
19726,6568,221,1,484.99,484.99
19727,6568,238,4,108.52,434.08
19728,6569,96,4,171.36,685.44
19729,6569,243,4,471.30,1885.20
19730,6569,3,4,108.77,435.08
19731,6570,150,3,223.54,670.62
19732,6570,90,3,226.17,678.51
19733,6570,247,3,127.32,381.96
19734,6571,251,3,87.96,263.88
19735,6571,304,4,121.41,485.64
19736,6571,99,1,4229.74,4229.74
19737,6572,10,1,42.91,42.91
19738,6572,133,1,153.60,153.60
19739,6572,192,3,365.72,1097.16
19740,6573,275,4,110.46,441.84
19741,6573,254,1,196.52,196.52
19742,6573,250,2,725.02,1450.04
19743,6574,248,2,4473.97,8947.94
19744,6574,308,1,143.10,143.10
19745,6574,197,2,111.56,223.12
19746,6575,31,3,79.21,237.63
19747,6575,145,1,369.80,369.80
19748,6575,129,1,120.28,120.28
19749,6576,2,3,54.72,164.16
19750,6576,182,4,312.02,1248.08
19751,6576,145,3,369.80,1109.40
19752,6577,32,4,604.32,2417.28
19753,6577,244,2,70.80,141.60
19754,6577,141,1,482.39,482.39
19755,6578,273,2,173.28,346.56
19756,6578,325,3,108.41,325.23
19757,6578,239,2,642.80,1285.60
19758,6579,314,3,28.97,86.91
19759,6579,86,2,137.39,274.78
19760,6579,29,2,74.94,149.88
19761,6580,40,1,62.79,62.79
19762,6580,133,4,153.60,614.40
19763,6580,265,4,192.94,771.76
19764,6581,27,4,485.13,1940.52
19765,6581,248,2,4473.97,8947.94
19766,6581,217,2,324.83,649.66
19767,6582,310,3,106.27,318.81
19768,6582,68,4,416.05,1664.20
19769,6582,329,1,124.79,124.79
19770,6583,202,1,109.28,109.28
19771,6583,95,4,198.29,793.16
19772,6583,177,1,173.92,173.92
19773,6584,221,1,484.99,484.99
19774,6584,137,4,197.81,791.24
19775,6584,228,3,148.63,445.89
19776,6585,232,1,117.39,117.39
19777,6585,11,1,88.33,88.33
19778,6585,267,4,276.85,1107.40
19779,6586,211,3,391.93,1175.79
19780,6586,186,1,324.89,324.89
19781,6586,23,4,477.55,1910.20
19782,6587,50,2,293.39,586.78
19783,6587,164,3,259.43,778.29
19784,6587,127,1,242.46,242.46
19785,6588,102,2,39.38,78.76
19786,6588,94,1,61.84,61.84
19787,6588,72,2,201.58,403.16
19788,6589,44,1,86.79,86.79
19789,6589,292,3,40.52,121.56
19790,6589,194,2,136.81,273.62
19791,6590,55,1,361.92,361.92
19792,6590,251,1,87.96,87.96
19793,6590,34,3,5015.04,15045.12
19794,6591,247,3,127.32,381.96
19795,6591,34,4,5015.04,20060.16
19796,6591,211,3,391.93,1175.79
19797,6592,78,3,252.79,758.37
19798,6592,99,4,4229.74,16918.96
19799,6592,229,1,182.92,182.92
19800,6593,103,4,88.38,353.52
19801,6593,34,4,5015.04,20060.16
19802,6593,304,3,121.41,364.23
19803,6594,117,1,795.33,795.33
19804,6594,57,1,425.93,425.93
19805,6594,8,4,92.31,369.24
19806,6595,48,1,124.35,124.35
19807,6595,41,4,82.03,328.12
19808,6595,304,4,121.41,485.64
19809,6596,269,4,107.58,430.32
19810,6596,214,2,522.07,1044.14
19811,6596,59,2,1165.61,2331.22
19812,6597,135,4,176.88,707.52
19813,6597,266,3,379.02,1137.06
19814,6597,22,1,709.66,709.66
19815,6598,297,1,83.28,83.28
19816,6598,182,4,312.02,1248.08
19817,6598,310,3,106.27,318.81
19818,6599,144,1,1176.11,1176.11
19819,6599,270,2,777.12,1554.24
19820,6599,84,4,214.78,859.12
19821,6600,167,4,125.02,500.08
19822,6600,92,4,243.24,972.96
19823,6600,198,1,124.56,124.56
19824,6601,104,2,2507.07,5014.14
19825,6601,68,1,416.05,416.05
19826,6601,149,1,63.35,63.35
19827,6602,25,1,70.53,70.53
19828,6602,329,4,124.79,499.16
19829,6602,33,1,618.92,618.92
19830,6603,223,3,467.04,1401.12
19831,6603,33,4,618.92,2475.68
19832,6603,311,3,32.45,97.35
19833,6604,198,1,124.56,124.56
19834,6604,154,2,174.02,348.04
19835,6604,323,2,43.39,86.78
19836,6605,184,3,103.83,311.49
19837,6605,239,2,642.80,1285.60
19838,6605,270,2,777.12,1554.24
19839,6606,78,1,252.79,252.79
19840,6606,88,3,92.09,276.27
19841,6606,9,3,1355.55,4066.65
19842,6607,31,1,79.21,79.21
19843,6607,196,4,68.93,275.72
19844,6607,277,4,198.38,793.52
19845,6608,8,4,92.31,369.24
19846,6608,234,3,157.34,472.02
19847,6608,258,2,57.78,115.56
19848,6609,229,3,182.92,548.76
19849,6609,111,4,215.02,860.08
19850,6609,205,4,92.31,369.24
19851,6610,78,1,252.79,252.79
19852,6610,9,2,1355.55,2711.10
19853,6610,334,2,173.02,346.04
19854,6611,116,3,86.77,260.31
19855,6611,174,3,93.41,280.23
19856,6611,34,1,5015.04,5015.04
19857,6612,156,3,138.39,415.17
19858,6612,109,1,21.64,21.64
19859,6612,110,1,81.80,81.80
19860,6613,178,1,110.15,110.15
19861,6613,60,1,301.85,301.85
19862,6613,257,1,77.56,77.56
19863,6614,161,3,258.97,776.91
19864,6614,242,4,798.53,3194.12
19865,6614,138,1,75.42,75.42
19866,6615,286,1,65.95,65.95
19867,6615,332,3,122.23,366.69
19868,6615,264,3,1374.60,4123.80
19869,6616,328,1,180.51,180.51
19870,6616,146,3,364.03,1092.09
19871,6616,129,3,120.28,360.84
19872,6617,117,1,795.33,795.33
19873,6617,49,3,109.83,329.49
19874,6617,85,3,279.78,839.34
19875,6618,150,2,223.54,447.08
19876,6618,183,4,229.08,916.32
19877,6618,216,2,27.57,55.14
19878,6619,43,1,930.93,930.93
19879,6619,1,2,41.61,83.22
19880,6619,144,3,1176.11,3528.33
19881,6620,323,4,43.39,173.56
19882,6620,194,2,136.81,273.62
19883,6620,76,1,49.74,49.74
19884,6621,145,4,369.80,1479.20
19885,6621,55,4,361.92,1447.68
19886,6621,289,1,37.80,37.80
19887,6622,94,2,61.84,123.68
19888,6622,313,1,49.11,49.11
19889,6622,60,1,301.85,301.85
19890,6623,18,3,4347.52,13042.56
19891,6623,114,4,59.81,239.24
19892,6623,209,3,299.28,897.84
19893,6624,61,1,175.93,175.93
19894,6624,178,4,110.15,440.60
19895,6624,227,3,154.78,464.34
19896,6625,107,2,136.14,272.28
19897,6625,32,1,604.32,604.32
19898,6625,52,1,36.58,36.58
19899,6626,228,2,148.63,297.26
19900,6626,114,2,59.81,119.62
19901,6626,319,1,129.86,129.86
19902,6627,181,2,181.57,363.14
19903,6627,190,4,4952.78,19811.12
19904,6627,176,4,204.81,819.24
19905,6628,38,4,2984.65,11938.60
19906,6628,32,4,604.32,2417.28
19907,6628,273,2,173.28,346.56
19908,6629,245,3,75.04,225.12
19909,6629,196,3,68.93,206.79
19910,6629,35,1,166.21,166.21
19911,6630,139,2,392.73,785.46
19912,6630,210,3,107.66,322.98
19913,6630,297,3,83.28,249.84
19914,6631,325,1,108.41,108.41
19915,6631,59,2,1165.61,2331.22
19916,6631,148,4,640.43,2561.72
19917,6632,116,4,86.77,347.08
19918,6632,41,1,82.03,82.03
19919,6632,35,2,166.21,332.42
19920,6633,165,3,257.39,772.17
19921,6633,179,1,367.91,367.91
19922,6633,190,3,4952.78,14858.34
19923,6634,104,4,2507.07,10028.28
19924,6634,172,1,53.49,53.49
19925,6634,248,4,4473.97,17895.88
19926,6635,183,3,229.08,687.24
19927,6635,272,1,77.63,77.63
19928,6635,322,2,161.49,322.98
19929,6636,102,2,39.38,78.76
19930,6636,335,3,117.27,351.81
19931,6636,161,1,258.97,258.97
19932,6637,36,4,184.31,737.24
19933,6637,209,1,299.28,299.28
19934,6637,208,3,5119.77,15359.31
19935,6638,247,3,127.32,381.96
19936,6638,27,2,485.13,970.26
19937,6638,53,4,26.41,105.64
19938,6639,105,4,63.28,253.12
19939,6639,315,3,69.11,207.33
19940,6639,302,3,17.70,53.10
19941,6640,33,1,618.92,618.92
19942,6640,180,4,206.84,827.36
19943,6640,265,2,192.94,385.88
19944,6641,333,3,167.16,501.48
19945,6641,77,3,90.53,271.59
19946,6641,214,3,522.07,1566.21
19947,6642,210,3,107.66,322.98
19948,6642,328,3,180.51,541.53
19949,6642,311,2,32.45,64.90
19950,6643,325,2,108.41,216.82
19951,6643,292,2,40.52,81.04
19952,6643,32,2,604.32,1208.64
19953,6644,141,3,482.39,1447.17
19954,6644,28,4,30.65,122.60
19955,6644,70,3,79.39,238.17
19956,6645,306,2,184.88,369.76
19957,6645,272,1,77.63,77.63
19958,6645,175,4,239.58,958.32
19959,6646,109,2,21.64,43.28
19960,6646,129,3,120.28,360.84
19961,6646,37,4,5435.24,21740.96
19962,6647,233,1,107.91,107.91
19963,6647,74,3,306.84,920.52
19964,6647,9,2,1355.55,2711.10
19965,6648,206,1,125.45,125.45
19966,6648,209,4,299.28,1197.12
19967,6648,241,1,237.51,237.51
19968,6649,10,1,42.91,42.91
19969,6649,25,2,70.53,141.06
19970,6649,311,1,32.45,32.45
19971,6650,83,3,138.27,414.81
19972,6650,335,3,117.27,351.81
19973,6650,110,1,81.80,81.80
19974,6651,148,2,640.43,1280.86
19975,6651,178,3,110.15,330.45
19976,6651,79,3,221.90,665.70
19977,6652,313,3,49.11,147.33
19978,6652,176,1,204.81,204.81
19979,6652,315,1,69.11,69.11
19980,6653,38,4,2984.65,11938.60
19981,6653,201,2,83.06,166.12
19982,6653,54,1,73.34,73.34
19983,6654,113,1,545.60,545.60
19984,6654,70,3,79.39,238.17
19985,6654,58,1,158.45,158.45
19986,6655,278,2,405.40,810.80
19987,6655,118,4,123.08,492.32
19988,6655,48,1,124.35,124.35
19989,6656,243,4,471.30,1885.20
19990,6656,93,4,73.99,295.96
19991,6656,108,2,368.57,737.14
19992,6657,83,4,138.27,553.08
19993,6657,92,4,243.24,972.96
19994,6657,47,2,100.93,201.86
19995,6658,219,2,662.92,1325.84
19996,6658,204,3,362.70,1088.10
19997,6658,275,2,110.46,220.92
19998,6659,246,4,42.72,170.88
19999,6659,281,2,34.70,69.40
20000,6659,123,2,340.07,680.14
20001,6660,131,3,151.63,454.89
20002,6660,194,4,136.81,547.24
20003,6660,177,1,173.92,173.92
20004,6661,133,2,153.60,307.20
20005,6661,124,2,201.32,402.64
20006,6661,12,1,423.08,423.08
20007,6662,172,1,53.49,53.49
20008,6662,80,3,180.81,542.43
20009,6662,180,1,206.84,206.84
20010,6663,274,2,72.47,144.94
20011,6663,154,3,174.02,522.06
20012,6663,250,4,725.02,2900.08
20013,6664,185,4,118.55,474.20
20014,6664,180,2,206.84,413.68
20015,6664,265,1,192.94,192.94
20016,6665,255,1,71.89,71.89
20017,6665,39,1,265.80,265.80
20018,6665,193,3,9668.18,29004.54
20019,6666,197,3,111.56,334.68
20020,6666,142,4,544.13,2176.52
20021,6666,156,1,138.39,138.39
20022,6667,303,3,199.54,598.62
20023,6667,27,2,485.13,970.26
20024,6667,190,2,4952.78,9905.56
20025,6668,62,2,56.51,113.02
20026,6668,83,1,138.27,138.27
20027,6668,288,3,236.80,710.40
20028,6669,299,2,57.14,114.28
20029,6669,201,3,83.06,249.18
20030,6669,47,4,100.93,403.72
20031,6670,35,2,166.21,332.42
20032,6670,41,1,82.03,82.03
20033,6670,136,4,407.27,1629.08
20034,6671,71,1,81.12,81.12
20035,6671,27,4,485.13,1940.52
20036,6671,200,2,51.39,102.78
20037,6672,301,2,136.93,273.86
20038,6672,291,4,25.62,102.48
20039,6672,105,4,63.28,253.12
20040,6673,207,3,62.51,187.53
20041,6673,18,1,4347.52,4347.52
20042,6673,50,2,293.39,586.78
20043,6674,315,4,69.11,276.44
20044,6674,197,3,111.56,334.68
20045,6674,45,1,5111.42,5111.42
20046,6675,173,3,101.46,304.38
20047,6675,3,2,108.77,217.54
20048,6675,2,4,54.72,218.88
20049,6676,239,4,642.80,2571.20
20050,6676,94,2,61.84,123.68
20051,6676,213,4,231.12,924.48
20052,6677,244,4,70.80,283.20
20053,6677,84,3,214.78,644.34
20054,6677,130,1,261.07,261.07
20055,6678,146,1,364.03,364.03
20056,6678,328,3,180.51,541.53
20057,6678,120,1,532.02,532.02
20058,6679,43,2,930.93,1861.86
20059,6679,11,4,88.33,353.32
20060,6679,285,1,6751.40,6751.40
20061,6680,203,3,59.44,178.32
20062,6680,131,4,151.63,606.52
20063,6680,260,4,95.74,382.96
20064,6681,37,1,5435.24,5435.24
20065,6681,121,1,376.95,376.95
20066,6681,50,3,293.39,880.17
20067,6682,189,4,87.00,348.00
20068,6682,71,2,81.12,162.24
20069,6682,316,1,110.67,110.67
20070,6683,314,3,28.97,86.91
20071,6683,198,4,124.56,498.24
20072,6683,1,2,41.61,83.22
20073,6684,148,1,640.43,640.43
20074,6684,40,4,62.79,251.16
20075,6684,108,4,368.57,1474.28
20076,6685,113,3,545.60,1636.80
20077,6685,55,2,361.92,723.84
20078,6685,184,2,103.83,207.66
20079,6686,32,4,604.32,2417.28
20080,6686,300,3,39.77,119.31
20081,6686,66,1,41.56,41.56
20082,6687,35,4,166.21,664.84
20083,6687,17,1,189.07,189.07
20084,6687,27,2,485.13,970.26
20085,6688,59,1,1165.61,1165.61
20086,6688,184,4,103.83,415.32
20087,6688,157,1,2380.02,2380.02
20088,6689,5,1,312.42,312.42
20089,6689,9,2,1355.55,2711.10
20090,6689,133,2,153.60,307.20
20091,6690,58,1,158.45,158.45
20092,6690,297,2,83.28,166.56
20093,6690,152,2,133.94,267.88
20094,6691,188,4,50.01,200.04
20095,6691,90,1,226.17,226.17
20096,6691,334,1,173.02,173.02
20097,6692,52,4,36.58,146.32
20098,6692,76,3,49.74,149.22
20099,6692,209,4,299.28,1197.12
20100,6693,139,4,392.73,1570.92
20101,6693,217,3,324.83,974.49
20102,6693,245,1,75.04,75.04
20103,6694,160,1,103.53,103.53
20104,6694,137,2,197.81,395.62
20105,6694,238,4,108.52,434.08
20106,6695,216,2,27.57,55.14
20107,6695,129,2,120.28,240.56
20108,6695,313,1,49.11,49.11
20109,6696,254,1,196.52,196.52
20110,6696,259,2,37.26,74.52
20111,6696,89,2,185.24,370.48
20112,6697,267,1,276.85,276.85
20113,6697,19,2,79.80,159.60
20114,6697,306,2,184.88,369.76
20115,6698,173,2,101.46,202.92
20116,6698,223,3,467.04,1401.12
20117,6698,309,4,132.91,531.64
20118,6699,74,2,306.84,613.68
20119,6699,40,1,62.79,62.79
20120,6699,327,4,91.25,365.00
20121,6700,279,3,41.73,125.19
20122,6700,332,3,122.23,366.69
20123,6700,296,1,101.13,101.13
20124,6701,257,4,77.56,310.24
20125,6701,244,3,70.80,212.40
20126,6701,269,4,107.58,430.32
20127,6702,59,3,1165.61,3496.83
20128,6702,142,4,544.13,2176.52
20129,6702,25,2,70.53,141.06
20130,6703,219,3,662.92,1988.76
20131,6703,212,4,1815.77,7263.08
20132,6703,260,3,95.74,287.22
20133,6704,176,4,204.81,819.24
20134,6704,100,2,912.50,1825.00
20135,6704,111,4,215.02,860.08
20136,6705,198,1,124.56,124.56
20137,6705,110,1,81.80,81.80
20138,6705,185,4,118.55,474.20
20139,6706,111,4,215.02,860.08
20140,6706,99,4,4229.74,16918.96
20141,6706,118,4,123.08,492.32
20142,6707,330,1,120.68,120.68
20143,6707,267,4,276.85,1107.40
20144,6707,16,3,82.24,246.72
20145,6708,223,3,467.04,1401.12
20146,6708,318,4,27.43,109.72
20147,6708,111,1,215.02,215.02
20148,6709,182,2,312.02,624.04
20149,6709,128,3,1363.48,4090.44
20150,6709,243,1,471.30,471.30
20151,6710,330,2,120.68,241.36
20152,6710,299,2,57.14,114.28
20153,6710,215,1,136.44,136.44
20154,6711,246,1,42.72,42.72
20155,6711,230,4,64.40,257.60
20156,6711,157,2,2380.02,4760.04
20157,6712,30,4,165.44,661.76
20158,6712,303,3,199.54,598.62
20159,6712,117,2,795.33,1590.66
20160,6713,119,3,329.12,987.36
20161,6713,79,2,221.90,443.80
20162,6713,253,3,32.75,98.25
20163,6714,265,1,192.94,192.94
20164,6714,240,2,26.71,53.42
20165,6714,51,2,223.70,447.40
20166,6715,59,1,1165.61,1165.61
20167,6715,166,1,122.59,122.59
20168,6715,207,3,62.51,187.53
20169,6716,201,1,83.06,83.06
20170,6716,182,4,312.02,1248.08
20171,6716,200,4,51.39,205.56
20172,6717,49,2,109.83,219.66
20173,6717,181,3,181.57,544.71
20174,6717,219,1,662.92,662.92
20175,6718,245,4,75.04,300.16
20176,6718,84,1,214.78,214.78
20177,6718,290,3,744.49,2233.47
20178,6719,239,2,642.80,1285.60
20179,6719,328,2,180.51,361.02
20180,6719,20,4,49.24,196.96
20181,6720,73,1,550.57,550.57
20182,6720,253,3,32.75,98.25
20183,6720,238,4,108.52,434.08
20184,6721,267,4,276.85,1107.40
20185,6721,214,3,522.07,1566.21
20186,6721,82,3,80.11,240.33
20187,6722,326,1,127.79,127.79
20188,6722,210,2,107.66,215.32
20189,6722,107,3,136.14,408.42
20190,6723,138,2,75.42,150.84
20191,6723,155,2,80.38,160.76
20192,6723,244,2,70.80,141.60
20193,6724,171,4,49.52,198.08
20194,6724,30,3,165.44,496.32
20195,6724,300,2,39.77,79.54
20196,6725,260,1,95.74,95.74
20197,6725,314,4,28.97,115.88
20198,6725,17,4,189.07,756.28
20199,6726,167,2,125.02,250.04
20200,6726,188,4,50.01,200.04
20201,6726,270,4,777.12,3108.48
20202,6727,74,3,306.84,920.52
20203,6727,150,2,223.54,447.08
20204,6727,243,3,471.30,1413.90
20205,6728,159,2,176.40,352.80
20206,6728,308,3,143.10,429.30
20207,6728,27,3,485.13,1455.39
20208,6729,314,4,28.97,115.88
20209,6729,200,1,51.39,51.39
20210,6729,155,1,80.38,80.38
20211,6730,190,1,4952.78,4952.78
20212,6730,43,2,930.93,1861.86
20213,6730,264,3,1374.60,4123.80
20214,6731,106,1,502.86,502.86
20215,6731,211,4,391.93,1567.72
20216,6731,149,1,63.35,63.35
20217,6732,91,2,103.05,206.10
20218,6732,3,2,108.77,217.54
20219,6732,201,2,83.06,166.12
20220,6733,190,1,4952.78,4952.78
20221,6733,309,3,132.91,398.73
20222,6733,239,1,642.80,642.80
20223,6734,109,2,21.64,43.28
20224,6734,250,1,725.02,725.02
20225,6734,46,4,64.02,256.08
20226,6735,87,4,116.31,465.24
20227,6735,98,1,116.76,116.76
20228,6735,202,2,109.28,218.56
20229,6736,143,4,55.35,221.40
20230,6736,221,3,484.99,1454.97
20231,6736,333,4,167.16,668.64
20232,6737,90,1,226.17,226.17
20233,6737,148,3,640.43,1921.29
20234,6737,206,2,125.45,250.90
20235,6738,74,2,306.84,613.68
20236,6738,159,2,176.40,352.80
20237,6738,47,2,100.93,201.86
20238,6739,58,3,158.45,475.35
20239,6739,39,3,265.80,797.40
20240,6739,116,4,86.77,347.08
20241,6740,115,4,559.60,2238.40
20242,6740,302,2,17.70,35.40
20243,6740,188,4,50.01,200.04
20244,6741,132,2,152.84,305.68
20245,6741,182,2,312.02,624.04
20246,6741,45,2,5111.42,10222.84
20247,6742,172,2,53.49,106.98
20248,6742,173,3,101.46,304.38
20249,6742,240,2,26.71,53.42
20250,6743,77,2,90.53,181.06
20251,6743,216,3,27.57,82.71
20252,6743,205,2,92.31,184.62
20253,6744,198,1,124.56,124.56
20254,6744,329,2,124.79,249.58
20255,6744,23,2,477.55,955.10
20256,6745,180,3,206.84,620.52
20257,6745,11,1,88.33,88.33
20258,6745,126,3,105.42,316.26
20259,6746,106,2,502.86,1005.72
20260,6746,86,1,137.39,137.39
20261,6746,57,4,425.93,1703.72
20262,6747,325,3,108.41,325.23
20263,6747,109,3,21.64,64.92
20264,6747,95,2,198.29,396.58
20265,6748,197,4,111.56,446.24
20266,6748,88,4,92.09,368.36
20267,6748,101,4,156.57,626.28
20268,6749,291,2,25.62,51.24
20269,6749,312,3,25.20,75.60
20270,6749,184,1,103.83,103.83
20271,6750,23,2,477.55,955.10
20272,6750,105,3,63.28,189.84
20273,6750,286,1,65.95,65.95
20274,6751,70,3,79.39,238.17
20275,6751,116,4,86.77,347.08
20276,6751,320,1,125.31,125.31
20277,6752,288,4,236.80,947.20
20278,6752,15,1,602.60,602.60
20279,6752,133,1,153.60,153.60
20280,6753,43,2,930.93,1861.86
20281,6753,213,1,231.12,231.12
20282,6753,244,3,70.80,212.40
20283,6754,314,4,28.97,115.88
20284,6754,321,3,105.04,315.12
20285,6754,184,1,103.83,103.83
20286,6755,112,2,97.46,194.92
20287,6755,84,1,214.78,214.78
20288,6755,260,2,95.74,191.48
20289,6756,128,1,1363.48,1363.48
20290,6756,285,1,6751.40,6751.40
20291,6756,302,2,17.70,35.40
20292,6757,45,4,5111.42,20445.68
20293,6757,189,1,87.00,87.00
20294,6757,36,3,184.31,552.93
20295,6758,266,3,379.02,1137.06
20296,6758,178,4,110.15,440.60
20297,6758,290,4,744.49,2977.96
20298,6759,233,1,107.91,107.91
20299,6759,49,1,109.83,109.83
20300,6759,51,3,223.70,671.10
20301,6760,259,1,37.26,37.26
20302,6760,135,4,176.88,707.52
20303,6760,229,4,182.92,731.68
20304,6761,285,3,6751.40,20254.20
20305,6761,275,4,110.46,441.84
20306,6761,152,4,133.94,535.76
20307,6762,254,3,196.52,589.56
20308,6762,317,4,85.93,343.72
20309,6762,324,4,183.99,735.96
20310,6763,21,3,37.53,112.59
20311,6763,273,3,173.28,519.84
20312,6763,216,1,27.57,27.57
20313,6764,159,4,176.40,705.60
20314,6764,193,1,9668.18,9668.18
20315,6764,127,2,242.46,484.92
20316,6765,282,4,314.44,1257.76
20317,6765,94,3,61.84,185.52
20318,6765,2,3,54.72,164.16
20319,6766,249,4,333.60,1334.40
20320,6766,275,3,110.46,331.38
20321,6766,312,3,25.20,75.60
20322,6767,172,4,53.49,213.96
20323,6767,294,1,133.99,133.99
20324,6767,315,4,69.11,276.44
20325,6768,159,1,176.40,176.40
20326,6768,47,2,100.93,201.86
20327,6768,62,2,56.51,113.02
20328,6769,4,1,70.68,70.68
20329,6769,298,1,103.05,103.05
20330,6769,193,3,9668.18,29004.54
20331,6770,320,2,125.31,250.62
20332,6770,146,3,364.03,1092.09
20333,6770,261,1,61.79,61.79
20334,6771,273,3,173.28,519.84
20335,6771,175,1,239.58,239.58
20336,6771,121,1,376.95,376.95
20337,6772,250,2,725.02,1450.04
20338,6772,11,4,88.33,353.32
20339,6772,131,1,151.63,151.63
20340,6773,78,1,252.79,252.79
20341,6773,13,3,44.19,132.57
20342,6773,43,1,930.93,930.93
20343,6774,13,2,44.19,88.38
20344,6774,121,1,376.95,376.95
20345,6774,150,3,223.54,670.62
20346,6775,169,2,537.24,1074.48
20347,6775,255,4,71.89,287.56
20348,6775,140,3,558.26,1674.78
20349,6776,119,1,329.12,329.12
20350,6776,161,4,258.97,1035.88
20351,6776,225,3,267.00,801.00
20352,6777,23,3,477.55,1432.65
20353,6777,270,1,777.12,777.12
20354,6777,272,4,77.63,310.52
20355,6778,51,3,223.70,671.10
20356,6778,209,2,299.28,598.56
20357,6778,52,4,36.58,146.32
20358,6779,322,1,161.49,161.49
20359,6779,90,4,226.17,904.68
20360,6779,112,2,97.46,194.92
20361,6780,26,3,979.66,2938.98
20362,6780,172,1,53.49,53.49
20363,6780,93,1,73.99,73.99
20364,6781,145,4,369.80,1479.20
20365,6781,40,1,62.79,62.79
20366,6781,167,2,125.02,250.04
20367,6782,269,2,107.58,215.16
20368,6782,329,3,124.79,374.37
20369,6782,250,4,725.02,2900.08
20370,6783,77,1,90.53,90.53
20371,6783,298,4,103.05,412.20
20372,6783,277,1,198.38,198.38
20373,6784,216,1,27.57,27.57
20374,6784,31,2,79.21,158.42
20375,6784,151,3,52.78,158.34
20376,6785,154,2,174.02,348.04
20377,6785,45,1,5111.42,5111.42
20378,6785,289,1,37.80,37.80
20379,6786,116,3,86.77,260.31
20380,6786,10,4,42.91,171.64
20381,6786,28,2,30.65,61.30
20382,6787,55,3,361.92,1085.76
20383,6787,299,3,57.14,171.42
20384,6787,292,4,40.52,162.08
20385,6788,107,3,136.14,408.42
20386,6788,230,4,64.40,257.60
20387,6788,157,2,2380.02,4760.04
20388,6789,33,1,618.92,618.92
20389,6789,319,4,129.86,519.44
20390,6789,73,1,550.57,550.57
20391,6790,325,2,108.41,216.82
20392,6790,124,1,201.32,201.32
20393,6790,95,2,198.29,396.58
20394,6791,188,3,50.01,150.03
20395,6791,258,3,57.78,173.34
20396,6791,18,3,4347.52,13042.56
20397,6792,285,3,6751.40,20254.20
20398,6792,224,4,203.37,813.48
20399,6792,315,3,69.11,207.33
20400,6793,130,1,261.07,261.07
20401,6793,141,3,482.39,1447.17
20402,6793,161,2,258.97,517.94
20403,6794,286,2,65.95,131.90
20404,6794,141,3,482.39,1447.17
20405,6794,219,4,662.92,2651.68
20406,6795,172,4,53.49,213.96
20407,6795,85,2,279.78,559.56
20408,6795,279,2,41.73,83.46
20409,6796,39,2,265.80,531.60
20410,6796,207,2,62.51,125.02
20411,6796,109,3,21.64,64.92
20412,6797,100,1,912.50,912.50
20413,6797,91,4,103.05,412.20
20414,6797,239,1,642.80,642.80
20415,6798,213,1,231.12,231.12
20416,6798,86,4,137.39,549.56
20417,6798,67,2,663.51,1327.02
20418,6799,84,4,214.78,859.12
20419,6799,249,3,333.60,1000.80
20420,6799,260,3,95.74,287.22
20421,6800,97,2,201.04,402.08
20422,6800,135,2,176.88,353.76
20423,6800,250,2,725.02,1450.04
20424,6801,170,2,845.55,1691.10
20425,6801,116,1,86.77,86.77
20426,6801,154,1,174.02,174.02
20427,6802,65,2,114.10,228.20
20428,6802,52,4,36.58,146.32
20429,6802,29,3,74.94,224.82
20430,6803,136,1,407.27,407.27
20431,6803,143,1,55.35,55.35
20432,6803,308,4,143.10,572.40
20433,6804,30,3,165.44,496.32
20434,6804,95,2,198.29,396.58
20435,6804,295,3,207.06,621.18
20436,6805,61,1,175.93,175.93
20437,6805,286,2,65.95,131.90
20438,6805,301,2,136.93,273.86
20439,6806,150,4,223.54,894.16
20440,6806,85,4,279.78,1119.12
20441,6806,205,3,92.31,276.93
20442,6807,252,1,576.27,576.27
20443,6807,74,4,306.84,1227.36
20444,6807,329,4,124.79,499.16
20445,6808,97,3,201.04,603.12
20446,6808,62,3,56.51,169.53
20447,6808,296,4,101.13,404.52
20448,6809,10,1,42.91,42.91
20449,6809,167,4,125.02,500.08
20450,6809,305,3,18.21,54.63
20451,6810,16,4,82.24,328.96
20452,6810,279,1,41.73,41.73
20453,6810,289,1,37.80,37.80
20454,6811,98,4,116.76,467.04
20455,6811,14,4,430.90,1723.60
20456,6811,72,2,201.58,403.16
20457,6812,169,1,537.24,537.24
20458,6812,253,2,32.75,65.50
20459,6812,107,2,136.14,272.28
20460,6813,219,4,662.92,2651.68
20461,6813,305,1,18.21,18.21
20462,6813,300,1,39.77,39.77
20463,6814,269,4,107.58,430.32
20464,6814,128,1,1363.48,1363.48
20465,6814,210,1,107.66,107.66
20466,6815,130,3,261.07,783.21
20467,6815,148,4,640.43,2561.72
20468,6815,9,3,1355.55,4066.65
20469,6816,93,2,73.99,147.98
20470,6816,55,1,361.92,361.92
20471,6816,122,2,130.97,261.94
20472,6817,249,1,333.60,333.60
20473,6817,115,3,559.60,1678.80
20474,6817,320,3,125.31,375.93
20475,6818,284,2,33.21,66.42
20476,6818,277,2,198.38,396.76
20477,6818,287,2,553.36,1106.72
20478,6819,315,1,69.11,69.11
20479,6819,82,2,80.11,160.22
20480,6819,292,3,40.52,121.56
20481,6820,180,3,206.84,620.52
20482,6820,142,3,544.13,1632.39
20483,6820,299,3,57.14,171.42
20484,6821,330,3,120.68,362.04
20485,6821,50,4,293.39,1173.56
20486,6821,263,3,82.89,248.67
20487,6822,79,2,221.90,443.80
20488,6822,316,2,110.67,221.34
20489,6822,290,3,744.49,2233.47
20490,6823,263,1,82.89,82.89
20491,6823,218,3,49.88,149.64
20492,6823,216,3,27.57,82.71
20493,6824,321,4,105.04,420.16
20494,6824,101,4,156.57,626.28
20495,6824,330,4,120.68,482.72
20496,6825,309,1,132.91,132.91
20497,6825,111,4,215.02,860.08
20498,6825,55,3,361.92,1085.76
20499,6826,58,2,158.45,316.90
20500,6826,157,1,2380.02,2380.02
20501,6826,44,4,86.79,347.16
20502,6827,231,2,170.32,340.64
20503,6827,89,4,185.24,740.96
20504,6827,20,2,49.24,98.48
20505,6828,102,1,39.38,39.38
20506,6828,261,3,61.79,185.37
20507,6828,151,3,52.78,158.34
20508,6829,247,3,127.32,381.96
20509,6829,100,2,912.50,1825.00
20510,6829,293,2,9518.10,19036.20
20511,6830,307,3,195.28,585.84
20512,6830,245,4,75.04,300.16
20513,6830,300,1,39.77,39.77
20514,6831,308,1,143.10,143.10
20515,6831,170,4,845.55,3382.20
20516,6831,60,3,301.85,905.55
20517,6832,28,2,30.65,61.30
20518,6832,95,2,198.29,396.58
20519,6832,123,1,340.07,340.07
20520,6833,279,1,41.73,41.73
20521,6833,199,4,122.30,489.20
20522,6833,91,1,103.05,103.05
20523,6834,316,4,110.67,442.68
20524,6834,135,2,176.88,353.76
20525,6834,321,4,105.04,420.16
20526,6835,301,1,136.93,136.93
20527,6835,65,3,114.10,342.30
20528,6835,230,4,64.40,257.60
20529,6836,74,2,306.84,613.68
20530,6836,247,2,127.32,254.64
20531,6836,256,3,255.06,765.18
20532,6837,236,3,54.07,162.21
20533,6837,53,3,26.41,79.23
20534,6837,7,3,158.64,475.92
20535,6838,305,3,18.21,54.63
20536,6838,314,3,28.97,86.91
20537,6838,212,2,1815.77,3631.54
20538,6839,193,2,9668.18,19336.36
20539,6839,94,2,61.84,123.68
20540,6839,52,4,36.58,146.32
20541,6840,130,1,261.07,261.07
20542,6840,175,2,239.58,479.16
20543,6840,156,3,138.39,415.17
20544,6841,160,4,103.53,414.12
20545,6841,2,1,54.72,54.72
20546,6841,229,2,182.92,365.84
20547,6842,214,4,522.07,2088.28
20548,6842,335,1,117.27,117.27
20549,6842,29,1,74.94,74.94
20550,6843,226,2,106.24,212.48
20551,6843,268,1,186.90,186.90
20552,6843,156,4,138.39,553.56
20553,6844,60,3,301.85,905.55
20554,6844,126,1,105.42,105.42
20555,6844,164,4,259.43,1037.72
20556,6845,259,2,37.26,74.52
20557,6845,318,1,27.43,27.43
20558,6845,175,4,239.58,958.32
20559,6846,244,4,70.80,283.20
20560,6846,126,4,105.42,421.68
20561,6846,193,2,9668.18,19336.36
20562,6847,182,3,312.02,936.06
20563,6847,263,4,82.89,331.56
20564,6847,139,4,392.73,1570.92
20565,6848,154,1,174.02,174.02
20566,6848,269,4,107.58,430.32
20567,6848,150,2,223.54,447.08
20568,6849,150,3,223.54,670.62
20569,6849,323,1,43.39,43.39
20570,6849,168,4,84.08,336.32
20571,6850,119,1,329.12,329.12
20572,6850,5,3,312.42,937.26
20573,6850,269,4,107.58,430.32
20574,6851,176,2,204.81,409.62
20575,6851,1,1,41.61,41.61
20576,6851,81,3,24.00,72.00
20577,6852,9,1,1355.55,1355.55
20578,6852,146,4,364.03,1456.12
20579,6852,126,3,105.42,316.26
20580,6853,123,4,340.07,1360.28
20581,6853,236,3,54.07,162.21
20582,6853,177,3,173.92,521.76
20583,6854,149,3,63.35,190.05
20584,6854,159,1,176.40,176.40
20585,6854,193,3,9668.18,29004.54
20586,6855,67,4,663.51,2654.04
20587,6855,90,4,226.17,904.68
20588,6855,235,2,1867.81,3735.62
20589,6856,199,3,122.30,366.90
20590,6856,116,4,86.77,347.08
20591,6856,85,3,279.78,839.34
20592,6857,86,3,137.39,412.17
20593,6857,40,3,62.79,188.37
20594,6857,111,4,215.02,860.08
20595,6858,24,2,136.38,272.76
20596,6858,141,4,482.39,1929.56
20597,6858,266,4,379.02,1516.08
20598,6859,228,2,148.63,297.26
20599,6859,172,1,53.49,53.49
20600,6859,4,1,70.68,70.68
20601,6860,1,1,41.61,41.61
20602,6860,30,2,165.44,330.88
20603,6860,2,3,54.72,164.16
20604,6861,250,3,725.02,2175.06
20605,6861,220,4,38.34,153.36
20606,6861,148,3,640.43,1921.29
20607,6862,32,1,604.32,604.32
20608,6862,84,1,214.78,214.78
20609,6862,249,2,333.60,667.20
20610,6863,162,3,803.06,2409.18
20611,6863,201,4,83.06,332.24
20612,6863,2,3,54.72,164.16
20613,6864,268,2,186.90,373.80
20614,6864,49,2,109.83,219.66
20615,6864,258,2,57.78,115.56
20616,6865,308,2,143.10,286.20
20617,6865,317,1,85.93,85.93
20618,6865,135,4,176.88,707.52
20619,6866,193,1,9668.18,9668.18
20620,6866,27,3,485.13,1455.39
20621,6866,245,2,75.04,150.08
20622,6867,1,1,41.61,41.61
20623,6867,321,2,105.04,210.08
20624,6867,175,2,239.58,479.16
20625,6868,71,2,81.12,162.24
20626,6868,322,2,161.49,322.98
20627,6868,42,3,288.25,864.75
20628,6869,195,4,46.99,187.96
20629,6869,101,4,156.57,626.28
20630,6869,200,3,51.39,154.17
20631,6870,135,4,176.88,707.52
20632,6870,158,3,210.26,630.78
20633,6870,309,3,132.91,398.73
20634,6871,140,4,558.26,2233.04
20635,6871,264,1,1374.60,1374.60
20636,6871,316,1,110.67,110.67
20637,6872,166,1,122.59,122.59
20638,6872,32,2,604.32,1208.64
20639,6872,190,4,4952.78,19811.12
20640,6873,48,4,124.35,497.40
20641,6873,152,2,133.94,267.88
20642,6873,141,3,482.39,1447.17
20643,6874,294,2,133.99,267.98
20644,6874,303,3,199.54,598.62
20645,6874,42,3,288.25,864.75
20646,6875,166,3,122.59,367.77
20647,6875,54,2,73.34,146.68
20648,6875,268,1,186.90,186.90
20649,6876,19,4,79.80,319.20
20650,6876,117,4,795.33,3181.32
20651,6876,74,4,306.84,1227.36
20652,6877,133,3,153.60,460.80
20653,6877,131,2,151.63,303.26
20654,6877,286,4,65.95,263.80
20655,6878,125,3,319.28,957.84
20656,6878,246,1,42.72,42.72
20657,6878,321,1,105.04,105.04
20658,6879,248,4,4473.97,17895.88
20659,6879,219,2,662.92,1325.84
20660,6879,287,3,553.36,1660.08
20661,6880,121,4,376.95,1507.80
20662,6880,255,4,71.89,287.56
20663,6880,60,1,301.85,301.85
20664,6881,155,4,80.38,321.52
20665,6881,12,3,423.08,1269.24
20666,6881,171,3,49.52,148.56
20667,6882,146,3,364.03,1092.09
20668,6882,169,3,537.24,1611.72
20669,6882,168,1,84.08,84.08
20670,6883,244,2,70.80,141.60
20671,6883,332,3,122.23,366.69
20672,6883,167,1,125.02,125.02
20673,6884,311,4,32.45,129.80
20674,6884,154,4,174.02,696.08
20675,6884,224,4,203.37,813.48
20676,6885,229,3,182.92,548.76
20677,6885,30,4,165.44,661.76
20678,6885,279,2,41.73,83.46
20679,6886,223,1,467.04,467.04
20680,6886,60,1,301.85,301.85
20681,6886,303,1,199.54,199.54
20682,6887,192,2,365.72,731.44
20683,6887,307,1,195.28,195.28
20684,6887,110,1,81.80,81.80
20685,6888,116,2,86.77,173.54
20686,6888,238,4,108.52,434.08
20687,6888,167,4,125.02,500.08
20688,6889,90,1,226.17,226.17
20689,6889,235,2,1867.81,3735.62
20690,6889,71,3,81.12,243.36
20691,6890,301,3,136.93,410.79
20692,6890,93,1,73.99,73.99
20693,6890,38,3,2984.65,8953.95
20694,6891,191,2,217.48,434.96
20695,6891,72,3,201.58,604.74
20696,6891,62,4,56.51,226.04
20697,6892,17,2,189.07,378.14
20698,6892,316,4,110.67,442.68
20699,6892,333,4,167.16,668.64
20700,6893,55,4,361.92,1447.68
20701,6893,149,2,63.35,126.70
20702,6893,250,1,725.02,725.02
20703,6894,323,2,43.39,86.78
20704,6894,169,4,537.24,2148.96
20705,6894,123,2,340.07,680.14
20706,6895,54,1,73.34,73.34
20707,6895,205,3,92.31,276.93
20708,6895,243,2,471.30,942.60
20709,6896,261,2,61.79,123.58
20710,6896,267,4,276.85,1107.40
20711,6896,148,4,640.43,2561.72
20712,6897,32,1,604.32,604.32
20713,6897,84,3,214.78,644.34
20714,6897,227,4,154.78,619.12
20715,6898,56,3,408.87,1226.61
20716,6898,262,2,177.88,355.76
20717,6898,201,2,83.06,166.12
20718,6899,195,2,46.99,93.98
20719,6899,199,4,122.30,489.20
20720,6899,49,2,109.83,219.66
20721,6900,241,2,237.51,475.02
20722,6900,205,4,92.31,369.24
20723,6900,295,4,207.06,828.24
20724,6901,208,3,5119.77,15359.31
20725,6901,12,2,423.08,846.16
20726,6901,295,4,207.06,828.24
20727,6902,54,2,73.34,146.68
20728,6902,331,3,54.96,164.88
20729,6902,133,2,153.60,307.20
20730,6903,99,1,4229.74,4229.74
20731,6903,28,3,30.65,91.95
20732,6903,128,4,1363.48,5453.92
20733,6904,312,2,25.20,50.40
20734,6904,274,3,72.47,217.41
20735,6904,165,2,257.39,514.78
20736,6905,225,1,267.00,267.00
20737,6905,314,2,28.97,57.94
20738,6905,273,4,173.28,693.12
20739,6906,260,1,95.74,95.74
20740,6906,106,1,502.86,502.86
20741,6906,71,4,81.12,324.48
20742,6907,157,1,2380.02,2380.02
20743,6907,248,3,4473.97,13421.91
20744,6907,30,3,165.44,496.32
20745,6908,51,3,223.70,671.10
20746,6908,264,4,1374.60,5498.40
20747,6908,176,2,204.81,409.62
20748,6909,43,2,930.93,1861.86
20749,6909,165,4,257.39,1029.56
20750,6909,249,1,333.60,333.60
20751,6910,40,4,62.79,251.16
20752,6910,295,2,207.06,414.12
20753,6910,98,2,116.76,233.52
20754,6911,251,2,87.96,175.92
20755,6911,57,3,425.93,1277.79
20756,6911,155,1,80.38,80.38
20757,6912,234,1,157.34,157.34
20758,6912,106,2,502.86,1005.72
20759,6912,149,1,63.35,63.35
20760,6913,119,3,329.12,987.36
20761,6913,247,2,127.32,254.64
20762,6913,241,2,237.51,475.02
20763,6914,154,1,174.02,174.02
20764,6914,329,3,124.79,374.37
20765,6914,245,1,75.04,75.04
20766,6915,68,4,416.05,1664.20
20767,6915,52,3,36.58,109.74
20768,6915,222,1,106.41,106.41
20769,6916,184,1,103.83,103.83
20770,6916,210,1,107.66,107.66
20771,6916,278,2,405.40,810.80
20772,6917,140,4,558.26,2233.04
20773,6917,291,4,25.62,102.48
20774,6917,209,1,299.28,299.28
20775,6918,129,4,120.28,481.12
20776,6918,233,1,107.91,107.91
20777,6918,169,1,537.24,537.24
20778,6919,315,2,69.11,138.22
20779,6919,114,3,59.81,179.43
20780,6919,43,3,930.93,2792.79
20781,6920,1,1,41.61,41.61
20782,6920,71,2,81.12,162.24
20783,6920,3,4,108.77,435.08
20784,6921,59,4,1165.61,4662.44
20785,6921,326,2,127.79,255.58
20786,6921,200,1,51.39,51.39
20787,6922,255,2,71.89,143.78
20788,6922,48,1,124.35,124.35
20789,6922,190,4,4952.78,19811.12
20790,6923,122,2,130.97,261.94
20791,6923,63,1,176.42,176.42
20792,6923,220,4,38.34,153.36
20793,6924,298,1,103.05,103.05
20794,6924,319,1,129.86,129.86
20795,6924,229,3,182.92,548.76
20796,6925,271,1,1470.33,1470.33
20797,6925,35,4,166.21,664.84
20798,6925,223,4,467.04,1868.16
20799,6926,161,1,258.97,258.97
20800,6926,206,1,125.45,125.45
20801,6926,284,2,33.21,66.42
20802,6927,251,4,87.96,351.84
20803,6927,121,4,376.95,1507.80
20804,6927,326,4,127.79,511.16
20805,6928,106,1,502.86,502.86
20806,6928,294,4,133.99,535.96
20807,6928,289,4,37.80,151.20
20808,6929,246,2,42.72,85.44
20809,6929,149,3,63.35,190.05
20810,6929,138,1,75.42,75.42
20811,6930,274,1,72.47,72.47
20812,6930,230,4,64.40,257.60
20813,6930,258,1,57.78,57.78
20814,6931,184,2,103.83,207.66
20815,6931,317,4,85.93,343.72
20816,6931,147,2,143.83,287.66
20817,6932,44,4,86.79,347.16
20818,6932,132,4,152.84,611.36
20819,6932,297,1,83.28,83.28
20820,6933,146,2,364.03,728.06
20821,6933,332,3,122.23,366.69
20822,6933,275,3,110.46,331.38
20823,6934,230,2,64.40,128.80
20824,6934,285,4,6751.40,27005.60
20825,6934,161,3,258.97,776.91
20826,6935,272,3,77.63,232.89
20827,6935,55,1,361.92,361.92
20828,6935,295,1,207.06,207.06
20829,6936,323,4,43.39,173.56
20830,6936,298,4,103.05,412.20
20831,6936,216,4,27.57,110.28
20832,6937,5,1,312.42,312.42
20833,6937,3,4,108.77,435.08
20834,6937,297,3,83.28,249.84
20835,6938,103,2,88.38,176.76
20836,6938,262,1,177.88,177.88
20837,6938,125,2,319.28,638.56
20838,6939,277,4,198.38,793.52
20839,6939,246,3,42.72,128.16
20840,6939,267,4,276.85,1107.40
20841,6940,3,1,108.77,108.77
20842,6940,179,4,367.91,1471.64
20843,6940,284,4,33.21,132.84
20844,6941,166,2,122.59,245.18
20845,6941,144,2,1176.11,2352.22
20846,6941,136,2,407.27,814.54
20847,6942,257,2,77.56,155.12
20848,6942,148,2,640.43,1280.86
20849,6942,12,2,423.08,846.16
20850,6943,219,3,662.92,1988.76
20851,6943,22,4,709.66,2838.64
20852,6943,58,2,158.45,316.90
20853,6944,134,3,261.22,783.66
20854,6944,199,2,122.30,244.60
20855,6944,260,1,95.74,95.74
20856,6945,20,3,49.24,147.72
20857,6945,282,2,314.44,628.88
20858,6945,82,4,80.11,320.44
20859,6946,200,3,51.39,154.17
20860,6946,320,1,125.31,125.31
20861,6946,149,3,63.35,190.05
20862,6947,150,3,223.54,670.62
20863,6947,121,2,376.95,753.90
20864,6947,53,4,26.41,105.64
20865,6948,180,4,206.84,827.36
20866,6948,260,1,95.74,95.74
20867,6948,226,1,106.24,106.24
20868,6949,295,4,207.06,828.24
20869,6949,82,2,80.11,160.22
20870,6949,299,3,57.14,171.42
20871,6950,309,4,132.91,531.64
20872,6950,23,3,477.55,1432.65
20873,6950,111,4,215.02,860.08
20874,6951,80,2,180.81,361.62
20875,6951,68,1,416.05,416.05
20876,6951,286,1,65.95,65.95
20877,6952,178,1,110.15,110.15
20878,6952,25,3,70.53,211.59
20879,6952,221,3,484.99,1454.97
20880,6953,192,2,365.72,731.44
20881,6953,304,4,121.41,485.64
20882,6953,330,3,120.68,362.04
20883,6954,77,4,90.53,362.12
20884,6954,194,3,136.81,410.43
20885,6954,192,3,365.72,1097.16
20886,6955,76,4,49.74,198.96
20887,6955,88,2,92.09,184.18
20888,6955,196,4,68.93,275.72
20889,6956,117,3,795.33,2385.99
20890,6956,157,3,2380.02,7140.06
20891,6956,211,3,391.93,1175.79
20892,6957,114,1,59.81,59.81
20893,6957,284,1,33.21,33.21
20894,6957,248,4,4473.97,17895.88
20895,6958,110,4,81.80,327.20
20896,6958,132,2,152.84,305.68
20897,6958,103,4,88.38,353.52
20898,6959,105,4,63.28,253.12
20899,6959,64,1,72.56,72.56
20900,6959,174,1,93.41,93.41
20901,6960,190,3,4952.78,14858.34
20902,6960,93,2,73.99,147.98
20903,6960,1,1,41.61,41.61
20904,6961,187,4,53.46,213.84
20905,6961,320,3,125.31,375.93
20906,6961,144,2,1176.11,2352.22
20907,6962,327,1,91.25,91.25
20908,6962,16,1,82.24,82.24
20909,6962,259,1,37.26,37.26
20910,6963,309,3,132.91,398.73
20911,6963,254,2,196.52,393.04
20912,6963,177,2,173.92,347.84
20913,6964,76,3,49.74,149.22
20914,6964,261,1,61.79,61.79
20915,6964,94,3,61.84,185.52
20916,6965,256,4,255.06,1020.24
20917,6965,16,4,82.24,328.96
20918,6965,87,1,116.31,116.31
20919,6966,304,1,121.41,121.41
20920,6966,9,4,1355.55,5422.20
20921,6966,160,2,103.53,207.06
20922,6967,249,1,333.60,333.60
20923,6967,156,2,138.39,276.78
20924,6967,171,1,49.52,49.52
20925,6968,295,1,207.06,207.06
20926,6968,178,3,110.15,330.45
20927,6968,74,4,306.84,1227.36
20928,6969,210,4,107.66,430.64
20929,6969,148,1,640.43,640.43
20930,6969,273,2,173.28,346.56
20931,6970,23,3,477.55,1432.65
20932,6970,218,2,49.88,99.76
20933,6970,60,4,301.85,1207.40
20934,6971,272,1,77.63,77.63
20935,6971,260,4,95.74,382.96
20936,6971,225,3,267.00,801.00
20937,6972,208,4,5119.77,20479.08
20938,6972,103,4,88.38,353.52
20939,6972,62,1,56.51,56.51
20940,6973,213,3,231.12,693.36
20941,6973,93,2,73.99,147.98
20942,6973,54,1,73.34,73.34
20943,6974,91,1,103.05,103.05
20944,6974,52,2,36.58,73.16
20945,6974,267,4,276.85,1107.40
20946,6975,179,2,367.91,735.82
20947,6975,136,2,407.27,814.54
20948,6975,247,1,127.32,127.32
20949,6976,279,4,41.73,166.92
20950,6976,229,4,182.92,731.68
20951,6976,111,3,215.02,645.06
20952,6977,269,4,107.58,430.32
20953,6977,245,3,75.04,225.12
20954,6977,105,1,63.28,63.28
20955,6978,301,2,136.93,273.86
20956,6978,84,4,214.78,859.12
20957,6978,299,3,57.14,171.42
20958,6979,132,2,152.84,305.68
20959,6979,185,4,118.55,474.20
20960,6979,76,1,49.74,49.74
20961,6980,179,4,367.91,1471.64
20962,6980,53,1,26.41,26.41
20963,6980,135,3,176.88,530.64
20964,6981,105,3,63.28,189.84
20965,6981,325,1,108.41,108.41
20966,6981,84,3,214.78,644.34
20967,6982,31,1,79.21,79.21
20968,6982,160,3,103.53,310.59
20969,6982,75,4,63.53,254.12
20970,6983,63,2,176.42,352.84
20971,6983,120,4,532.02,2128.08
20972,6983,49,3,109.83,329.49
20973,6984,328,1,180.51,180.51
20974,6984,49,2,109.83,219.66
20975,6984,260,4,95.74,382.96
20976,6985,130,2,261.07,522.14
20977,6985,275,1,110.46,110.46
20978,6985,173,2,101.46,202.92
20979,6986,215,2,136.44,272.88
20980,6986,83,4,138.27,553.08
20981,6986,245,3,75.04,225.12
20982,6987,307,1,195.28,195.28
20983,6987,262,1,177.88,177.88
20984,6987,186,3,324.89,974.67
20985,6988,57,2,425.93,851.86
20986,6988,272,4,77.63,310.52
20987,6988,94,3,61.84,185.52
20988,6989,76,4,49.74,198.96
20989,6989,8,3,92.31,276.93
20990,6989,227,3,154.78,464.34
20991,6990,316,2,110.67,221.34
20992,6990,283,3,594.23,1782.69
20993,6990,289,2,37.80,75.60
20994,6991,210,2,107.66,215.32
20995,6991,83,4,138.27,553.08
20996,6991,48,2,124.35,248.70
20997,6992,120,4,532.02,2128.08
20998,6992,101,2,156.57,313.14
20999,6992,197,3,111.56,334.68
21000,6993,138,2,75.42,150.84
21001,6993,220,3,38.34,115.02
21002,6993,270,3,777.12,2331.36
21003,6994,68,2,416.05,832.10
21004,6994,10,3,42.91,128.73
21005,6994,268,2,186.90,373.80
21006,6995,262,2,177.88,355.76
21007,6995,113,2,545.60,1091.20
21008,6995,110,1,81.80,81.80
21009,6996,133,4,153.60,614.40
21010,6996,102,4,39.38,157.52
21011,6996,114,1,59.81,59.81
21012,6997,25,2,70.53,141.06
21013,6997,29,1,74.94,74.94
21014,6997,114,2,59.81,119.62
21015,6998,246,4,42.72,170.88
21016,6998,256,2,255.06,510.12
21017,6998,249,4,333.60,1334.40
21018,6999,241,4,237.51,950.04
21019,6999,269,4,107.58,430.32
21020,6999,107,4,136.14,544.56
21021,7000,29,2,74.94,149.88
21022,7000,220,2,38.34,76.68
21023,7000,290,2,744.49,1488.98
21024,7001,72,2,201.58,403.16
21025,7001,71,2,81.12,162.24
21026,7001,297,2,83.28,166.56
21027,7002,98,4,116.76,467.04
21028,7002,236,3,54.07,162.21
21029,7002,131,3,151.63,454.89
21030,7003,101,2,156.57,313.14
21031,7003,47,3,100.93,302.79
21032,7003,228,4,148.63,594.52
21033,7004,145,3,369.80,1109.40
21034,7004,172,1,53.49,53.49
21035,7004,30,4,165.44,661.76
21036,7005,300,1,39.77,39.77
21037,7005,282,3,314.44,943.32
21038,7005,205,3,92.31,276.93
21039,7006,124,4,201.32,805.28
21040,7006,67,3,663.51,1990.53
21041,7006,332,1,122.23,122.23
21042,7007,236,2,54.07,108.14
21043,7007,9,2,1355.55,2711.10
21044,7007,315,2,69.11,138.22
21045,7008,64,4,72.56,290.24
21046,7008,286,4,65.95,263.80
21047,7008,1,3,41.61,124.83
21048,7009,157,4,2380.02,9520.08
21049,7009,326,2,127.79,255.58
21050,7009,155,2,80.38,160.76
21051,7010,99,2,4229.74,8459.48
21052,7010,34,1,5015.04,5015.04
21053,7010,97,3,201.04,603.12
21054,7011,213,1,231.12,231.12
21055,7011,228,1,148.63,148.63
21056,7011,143,1,55.35,55.35
21057,7012,66,4,41.56,166.24
21058,7012,306,4,184.88,739.52
21059,7012,292,4,40.52,162.08
21060,7013,2,2,54.72,109.44
21061,7013,19,3,79.80,239.40
21062,7013,180,2,206.84,413.68
21063,7014,231,4,170.32,681.28
21064,7014,84,3,214.78,644.34
21065,7014,226,1,106.24,106.24
21066,7015,69,3,206.85,620.55
21067,7015,196,3,68.93,206.79
21068,7015,195,1,46.99,46.99
21069,7016,142,3,544.13,1632.39
21070,7016,329,2,124.79,249.58
21071,7016,153,3,41.42,124.26
21072,7017,55,4,361.92,1447.68
21073,7017,32,4,604.32,2417.28
21074,7017,158,3,210.26,630.78
21075,7018,294,4,133.99,535.96
21076,7018,128,4,1363.48,5453.92
21077,7018,152,4,133.94,535.76
21078,7019,93,2,73.99,147.98
21079,7019,171,3,49.52,148.56
21080,7019,183,1,229.08,229.08
21081,7020,117,1,795.33,795.33
21082,7020,184,1,103.83,103.83
21083,7020,196,4,68.93,275.72
21084,7021,96,4,171.36,685.44
21085,7021,25,3,70.53,211.59
21086,7021,99,2,4229.74,8459.48
21087,7022,28,2,30.65,61.30
21088,7022,288,4,236.80,947.20
21089,7022,83,1,138.27,138.27
21090,7023,118,1,123.08,123.08
21091,7023,310,2,106.27,212.54
21092,7023,140,4,558.26,2233.04
21093,7024,97,4,201.04,804.16
21094,7024,176,1,204.81,204.81
21095,7024,137,3,197.81,593.43
21096,7025,91,4,103.05,412.20
21097,7025,224,4,203.37,813.48
21098,7025,132,1,152.84,152.84
21099,7026,272,2,77.63,155.26
21100,7026,298,3,103.05,309.15
21101,7026,77,2,90.53,181.06
21102,7027,146,2,364.03,728.06
21103,7027,266,2,379.02,758.04
21104,7027,319,2,129.86,259.72
21105,7028,244,1,70.80,70.80
21106,7028,153,3,41.42,124.26
21107,7028,76,2,49.74,99.48
21108,7029,68,3,416.05,1248.15
21109,7029,142,3,544.13,1632.39
21110,7029,256,2,255.06,510.12
21111,7030,67,4,663.51,2654.04
21112,7030,222,1,106.41,106.41
21113,7030,208,3,5119.77,15359.31
21114,7031,257,4,77.56,310.24
21115,7031,17,2,189.07,378.14
21116,7031,54,1,73.34,73.34
21117,7032,200,1,51.39,51.39
21118,7032,147,2,143.83,287.66
21119,7032,127,4,242.46,969.84
21120,7033,189,2,87.00,174.00
21121,7033,165,1,257.39,257.39
21122,7033,287,2,553.36,1106.72
21123,7034,237,2,188.93,377.86
21124,7034,124,2,201.32,402.64
21125,7034,81,4,24.00,96.00
21126,7035,132,2,152.84,305.68
21127,7035,149,1,63.35,63.35
21128,7035,160,3,103.53,310.59
21129,7036,230,2,64.40,128.80
21130,7036,260,3,95.74,287.22
21131,7036,324,2,183.99,367.98
21132,7037,248,3,4473.97,13421.91
21133,7037,215,4,136.44,545.76
21134,7037,162,2,803.06,1606.12
21135,7038,9,3,1355.55,4066.65
21136,7038,178,4,110.15,440.60
21137,7038,227,4,154.78,619.12
21138,7039,223,4,467.04,1868.16
21139,7039,222,1,106.41,106.41
21140,7039,17,3,189.07,567.21
21141,7040,187,3,53.46,160.38
21142,7040,147,1,143.83,143.83
21143,7040,218,3,49.88,149.64
21144,7041,69,2,206.85,413.70
21145,7041,312,4,25.20,100.80
21146,7041,258,4,57.78,231.12
21147,7042,207,2,62.51,125.02
21148,7042,231,2,170.32,340.64
21149,7042,177,2,173.92,347.84
21150,7043,15,1,602.60,602.60
21151,7043,108,4,368.57,1474.28
21152,7043,198,2,124.56,249.12
21153,7044,195,3,46.99,140.97
21154,7044,280,3,154.65,463.95
21155,7044,197,2,111.56,223.12
21156,7045,75,1,63.53,63.53
21157,7045,315,1,69.11,69.11
21158,7045,140,3,558.26,1674.78
21159,7046,62,3,56.51,169.53
21160,7046,177,1,173.92,173.92
21161,7046,110,3,81.80,245.40
21162,7047,286,4,65.95,263.80
21163,7047,246,1,42.72,42.72
21164,7047,189,3,87.00,261.00
21165,7048,260,4,95.74,382.96
21166,7048,34,1,5015.04,5015.04
21167,7048,98,3,116.76,350.28
21168,7049,154,3,174.02,522.06
21169,7049,85,3,279.78,839.34
21170,7049,94,1,61.84,61.84
21171,7050,136,4,407.27,1629.08
21172,7050,297,2,83.28,166.56
21173,7050,114,1,59.81,59.81
21174,7051,184,4,103.83,415.32
21175,7051,66,4,41.56,166.24
21176,7051,207,4,62.51,250.04
21177,7052,231,3,170.32,510.96
21178,7052,64,1,72.56,72.56
21179,7052,39,3,265.80,797.40
21180,7053,245,4,75.04,300.16
21181,7053,148,4,640.43,2561.72
21182,7053,56,4,408.87,1635.48
21183,7054,237,2,188.93,377.86
21184,7054,88,3,92.09,276.27
21185,7054,128,3,1363.48,4090.44
21186,7055,255,2,71.89,143.78
21187,7055,7,4,158.64,634.56
21188,7055,136,2,407.27,814.54
21189,7056,290,3,744.49,2233.47
21190,7056,87,2,116.31,232.62
21191,7056,268,2,186.90,373.80
21192,7057,294,2,133.99,267.98
21193,7057,335,1,117.27,117.27
21194,7057,209,3,299.28,897.84
21195,7058,166,3,122.59,367.77
21196,7058,114,2,59.81,119.62
21197,7058,103,2,88.38,176.76
21198,7059,175,1,239.58,239.58
21199,7059,304,4,121.41,485.64
21200,7059,331,4,54.96,219.84
21201,7060,201,2,83.06,166.12
21202,7060,258,3,57.78,173.34
21203,7060,325,3,108.41,325.23
21204,7061,208,3,5119.77,15359.31
21205,7061,148,2,640.43,1280.86
21206,7061,209,2,299.28,598.56
21207,7062,137,1,197.81,197.81
21208,7062,183,1,229.08,229.08
21209,7062,22,2,709.66,1419.32
21210,7063,57,3,425.93,1277.79
21211,7063,174,3,93.41,280.23
21212,7063,95,1,198.29,198.29
21213,7064,82,4,80.11,320.44
21214,7064,139,2,392.73,785.46
21215,7064,194,4,136.81,547.24
21216,7065,290,3,744.49,2233.47
21217,7065,317,3,85.93,257.79
21218,7065,238,3,108.52,325.56
21219,7066,127,2,242.46,484.92
21220,7066,13,4,44.19,176.76
21221,7066,277,3,198.38,595.14
21222,7067,164,1,259.43,259.43
21223,7067,61,2,175.93,351.86
21224,7067,186,3,324.89,974.67
21225,7068,167,2,125.02,250.04
21226,7068,47,2,100.93,201.86
21227,7068,70,4,79.39,317.56
21228,7069,308,2,143.10,286.20
21229,7069,16,2,82.24,164.48
21230,7069,165,3,257.39,772.17
21231,7070,114,2,59.81,119.62
21232,7070,284,2,33.21,66.42
21233,7070,322,2,161.49,322.98
21234,7071,326,3,127.79,383.37
21235,7071,201,3,83.06,249.18
21236,7071,335,3,117.27,351.81
21237,7072,156,4,138.39,553.56
21238,7072,314,4,28.97,115.88
21239,7072,149,2,63.35,126.70
21240,7073,254,4,196.52,786.08
21241,7073,115,3,559.60,1678.80
21242,7073,213,4,231.12,924.48
21243,7074,126,3,105.42,316.26
21244,7074,251,3,87.96,263.88
21245,7074,86,4,137.39,549.56
21246,7075,199,1,122.30,122.30
21247,7075,103,3,88.38,265.14
21248,7075,233,3,107.91,323.73
21249,7076,228,2,148.63,297.26
21250,7076,132,2,152.84,305.68
21251,7076,26,2,979.66,1959.32
21252,7077,213,3,231.12,693.36
21253,7077,128,3,1363.48,4090.44
21254,7077,79,2,221.90,443.80
21255,7078,249,4,333.60,1334.40
21256,7078,185,2,118.55,237.10
21257,7078,169,1,537.24,537.24
21258,7079,298,4,103.05,412.20
21259,7079,141,3,482.39,1447.17
21260,7079,249,3,333.60,1000.80
21261,7080,35,2,166.21,332.42
21262,7080,102,3,39.38,118.14
21263,7080,56,3,408.87,1226.61
21264,7081,225,2,267.00,534.00
21265,7081,27,2,485.13,970.26
21266,7081,328,1,180.51,180.51
21267,7082,142,1,544.13,544.13
21268,7082,67,2,663.51,1327.02
21269,7082,115,4,559.60,2238.40
21270,7083,264,1,1374.60,1374.60
21271,7083,191,2,217.48,434.96
21272,7083,8,4,92.31,369.24
21273,7084,164,3,259.43,778.29
21274,7084,5,3,312.42,937.26
21275,7084,196,2,68.93,137.86
21276,7085,51,4,223.70,894.80
21277,7085,323,3,43.39,130.17
21278,7085,273,2,173.28,346.56
21279,7086,20,2,49.24,98.48
21280,7086,297,1,83.28,83.28
21281,7086,135,1,176.88,176.88
21282,7087,226,4,106.24,424.96
21283,7087,300,1,39.77,39.77
21284,7087,335,3,117.27,351.81
21285,7088,237,3,188.93,566.79
21286,7088,263,2,82.89,165.78
21287,7088,257,2,77.56,155.12
21288,7089,233,4,107.91,431.64
21289,7089,39,3,265.80,797.40
21290,7089,230,1,64.40,64.40
21291,7090,16,1,82.24,82.24
21292,7090,157,1,2380.02,2380.02
21293,7090,182,3,312.02,936.06
21294,7091,49,4,109.83,439.32
21295,7091,5,4,312.42,1249.68
21296,7091,15,2,602.60,1205.20
21297,7092,335,3,117.27,351.81
21298,7092,307,2,195.28,390.56
21299,7092,170,4,845.55,3382.20
21300,7093,144,3,1176.11,3528.33
21301,7093,268,2,186.90,373.80
21302,7093,102,1,39.38,39.38
21303,7094,174,2,93.41,186.82
21304,7094,311,4,32.45,129.80
21305,7094,188,4,50.01,200.04
21306,7095,133,4,153.60,614.40
21307,7095,160,4,103.53,414.12
21308,7095,211,4,391.93,1567.72
21309,7096,86,1,137.39,137.39
21310,7096,252,4,576.27,2305.08
21311,7096,272,3,77.63,232.89
21312,7097,100,3,912.50,2737.50
21313,7097,324,1,183.99,183.99
21314,7097,250,1,725.02,725.02
21315,7098,242,3,798.53,2395.59
21316,7098,213,2,231.12,462.24
21317,7098,111,2,215.02,430.04
21318,7099,293,4,9518.10,38072.40
21319,7099,197,3,111.56,334.68
21320,7099,113,4,545.60,2182.40
21321,7100,88,2,92.09,184.18
21322,7100,326,2,127.79,255.58
21323,7100,120,3,532.02,1596.06
21324,7101,82,3,80.11,240.33
21325,7101,135,4,176.88,707.52
21326,7101,84,3,214.78,644.34
21327,7102,244,2,70.80,141.60
21328,7102,228,2,148.63,297.26
21329,7102,317,3,85.93,257.79
21330,7103,271,4,1470.33,5881.32
21331,7103,230,1,64.40,64.40
21332,7103,220,3,38.34,115.02
21333,7104,181,3,181.57,544.71
21334,7104,4,3,70.68,212.04
21335,7104,83,4,138.27,553.08
21336,7105,47,3,100.93,302.79
21337,7105,106,1,502.86,502.86
21338,7105,116,3,86.77,260.31
21339,7106,116,3,86.77,260.31
21340,7106,325,3,108.41,325.23
21341,7106,144,1,1176.11,1176.11
21342,7107,222,1,106.41,106.41
21343,7107,167,3,125.02,375.06
21344,7107,80,1,180.81,180.81
21345,7108,294,2,133.99,267.98
21346,7108,100,2,912.50,1825.00
21347,7108,43,3,930.93,2792.79
21348,7109,326,4,127.79,511.16
21349,7109,85,4,279.78,1119.12
21350,7109,203,3,59.44,178.32
21351,7110,20,3,49.24,147.72
21352,7110,166,1,122.59,122.59
21353,7110,51,3,223.70,671.10
21354,7111,271,2,1470.33,2940.66
21355,7111,219,2,662.92,1325.84
21356,7111,314,4,28.97,115.88
21357,7112,85,3,279.78,839.34
21358,7112,46,4,64.02,256.08
21359,7112,287,3,553.36,1660.08
21360,7113,265,2,192.94,385.88
21361,7113,159,4,176.40,705.60
21362,7113,314,4,28.97,115.88
21363,7114,311,1,32.45,32.45
21364,7114,29,4,74.94,299.76
21365,7114,230,1,64.40,64.40
21366,7115,38,4,2984.65,11938.60
21367,7115,184,3,103.83,311.49
21368,7115,290,2,744.49,1488.98
21369,7116,131,1,151.63,151.63
21370,7116,277,3,198.38,595.14
21371,7116,226,4,106.24,424.96
21372,7117,193,2,9668.18,19336.36
21373,7117,301,4,136.93,547.72
21374,7117,63,2,176.42,352.84
21375,7118,299,4,57.14,228.56
21376,7118,77,4,90.53,362.12
21377,7118,218,4,49.88,199.52
21378,7119,129,4,120.28,481.12
21379,7119,83,2,138.27,276.54
21380,7119,41,2,82.03,164.06
21381,7120,149,1,63.35,63.35
21382,7120,312,2,25.20,50.40
21383,7120,259,3,37.26,111.78
21384,7121,223,1,467.04,467.04
21385,7121,306,4,184.88,739.52
21386,7121,249,4,333.60,1334.40
21387,7122,197,4,111.56,446.24
21388,7122,59,2,1165.61,2331.22
21389,7122,223,3,467.04,1401.12
21390,7123,242,2,798.53,1597.06
21391,7123,62,1,56.51,56.51
21392,7123,140,1,558.26,558.26
21393,7124,92,3,243.24,729.72
21394,7124,277,4,198.38,793.52
21395,7124,37,3,5435.24,16305.72
21396,7125,95,2,198.29,396.58
21397,7125,69,4,206.85,827.40
21398,7125,117,2,795.33,1590.66
21399,7126,29,3,74.94,224.82
21400,7126,234,2,157.34,314.68
21401,7126,269,1,107.58,107.58
21402,7127,167,2,125.02,250.04
21403,7127,73,1,550.57,550.57
21404,7127,49,3,109.83,329.49
21405,7128,315,1,69.11,69.11
21406,7128,204,2,362.70,725.40
21407,7128,189,4,87.00,348.00
21408,7129,224,4,203.37,813.48
21409,7129,71,4,81.12,324.48
21410,7129,91,3,103.05,309.15
21411,7130,150,2,223.54,447.08
21412,7130,87,2,116.31,232.62
21413,7130,115,4,559.60,2238.40
21414,7131,254,2,196.52,393.04
21415,7131,326,2,127.79,255.58
21416,7131,239,3,642.80,1928.40
21417,7132,29,2,74.94,149.88
21418,7132,31,4,79.21,316.84
21419,7132,71,1,81.12,81.12
21420,7133,242,4,798.53,3194.12
21421,7133,73,3,550.57,1651.71
21422,7133,315,3,69.11,207.33
21423,7134,218,4,49.88,199.52
21424,7134,164,1,259.43,259.43
21425,7134,286,1,65.95,65.95
21426,7135,12,4,423.08,1692.32
21427,7135,167,2,125.02,250.04
21428,7135,200,3,51.39,154.17
21429,7136,130,4,261.07,1044.28
21430,7136,260,1,95.74,95.74
21431,7136,227,1,154.78,154.78
21432,7137,307,4,195.28,781.12
21433,7137,201,3,83.06,249.18
21434,7137,76,3,49.74,149.22
21435,7138,261,4,61.79,247.16
21436,7138,305,2,18.21,36.42
21437,7138,149,2,63.35,126.70
21438,7139,266,4,379.02,1516.08
21439,7139,57,1,425.93,425.93
21440,7139,21,1,37.53,37.53
21441,7140,277,2,198.38,396.76
21442,7140,244,3,70.80,212.40
21443,7140,99,2,4229.74,8459.48
21444,7141,22,1,709.66,709.66
21445,7141,268,2,186.90,373.80
21446,7141,236,2,54.07,108.14
21447,7142,332,3,122.23,366.69
21448,7142,183,4,229.08,916.32
21449,7142,147,3,143.83,431.49
21450,7143,219,4,662.92,2651.68
21451,7143,251,4,87.96,351.84
21452,7143,174,4,93.41,373.64
21453,7144,325,1,108.41,108.41
21454,7144,91,3,103.05,309.15
21455,7144,72,4,201.58,806.32
21456,7145,7,3,158.64,475.92
21457,7145,268,3,186.90,560.70
21458,7145,17,3,189.07,567.21
21459,7146,154,3,174.02,522.06
21460,7146,172,1,53.49,53.49
21461,7146,98,2,116.76,233.52
21462,7147,266,2,379.02,758.04
21463,7147,193,2,9668.18,19336.36
21464,7147,57,3,425.93,1277.79
21465,7148,271,1,1470.33,1470.33
21466,7148,180,3,206.84,620.52
21467,7148,7,4,158.64,634.56
21468,7149,27,3,485.13,1455.39
21469,7149,38,4,2984.65,11938.60
21470,7149,84,3,214.78,644.34
21471,7150,319,3,129.86,389.58
21472,7150,259,1,37.26,37.26
21473,7150,43,1,930.93,930.93
21474,7151,67,2,663.51,1327.02
21475,7151,214,1,522.07,522.07
21476,7151,213,1,231.12,231.12
21477,7152,12,4,423.08,1692.32
21478,7152,104,2,2507.07,5014.14
21479,7152,32,2,604.32,1208.64
21480,7153,60,1,301.85,301.85
21481,7153,135,1,176.88,176.88
21482,7153,112,4,97.46,389.84
21483,7154,268,4,186.90,747.60
21484,7154,37,2,5435.24,10870.48
21485,7154,6,1,536.76,536.76
21486,7155,54,3,73.34,220.02
21487,7155,215,2,136.44,272.88
21488,7155,42,4,288.25,1153.00
21489,7156,325,1,108.41,108.41
21490,7156,299,3,57.14,171.42
21491,7156,35,4,166.21,664.84
21492,7157,148,4,640.43,2561.72
21493,7157,294,2,133.99,267.98
21494,7157,257,1,77.56,77.56
21495,7158,44,1,86.79,86.79
21496,7158,272,3,77.63,232.89
21497,7158,196,2,68.93,137.86
21498,7159,73,4,550.57,2202.28
21499,7159,255,2,71.89,143.78
21500,7159,88,3,92.09,276.27
21501,7160,163,3,150.26,450.78
21502,7160,254,3,196.52,589.56
21503,7160,19,4,79.80,319.20
21504,7161,298,2,103.05,206.10
21505,7161,329,4,124.79,499.16
21506,7161,118,4,123.08,492.32
21507,7162,36,3,184.31,552.93
21508,7162,2,1,54.72,54.72
21509,7162,325,1,108.41,108.41
21510,7163,117,1,795.33,795.33
21511,7163,283,2,594.23,1188.46
21512,7163,127,1,242.46,242.46
21513,7164,199,3,122.30,366.90
21514,7164,214,1,522.07,522.07
21515,7164,187,4,53.46,213.84
21516,7165,194,1,136.81,136.81
21517,7165,325,2,108.41,216.82
21518,7165,258,1,57.78,57.78
21519,7166,164,4,259.43,1037.72
21520,7166,175,2,239.58,479.16
21521,7166,129,4,120.28,481.12
21522,7167,11,2,88.33,176.66
21523,7167,88,2,92.09,184.18
21524,7167,309,4,132.91,531.64
21525,7168,46,1,64.02,64.02
21526,7168,169,3,537.24,1611.72
21527,7168,186,2,324.89,649.78
21528,7169,257,3,77.56,232.68
21529,7169,304,4,121.41,485.64
21530,7169,44,1,86.79,86.79
21531,7170,10,2,42.91,85.82
21532,7170,115,1,559.60,559.60
21533,7170,186,2,324.89,649.78
21534,7171,92,3,243.24,729.72
21535,7171,232,3,117.39,352.17
21536,7171,163,3,150.26,450.78
21537,7172,82,3,80.11,240.33
21538,7172,101,1,156.57,156.57
21539,7172,207,1,62.51,62.51
21540,7173,173,1,101.46,101.46
21541,7173,66,2,41.56,83.12
21542,7173,186,3,324.89,974.67
21543,7174,116,2,86.77,173.54
21544,7174,282,1,314.44,314.44
21545,7174,137,1,197.81,197.81
21546,7175,37,3,5435.24,16305.72
21547,7175,21,4,37.53,150.12
21548,7175,251,2,87.96,175.92
21549,7176,129,3,120.28,360.84
21550,7176,292,3,40.52,121.56
21551,7176,50,1,293.39,293.39
21552,7177,14,4,430.90,1723.60
21553,7177,53,2,26.41,52.82
21554,7177,335,1,117.27,117.27
21555,7178,225,2,267.00,534.00
21556,7178,142,2,544.13,1088.26
21557,7178,109,4,21.64,86.56
21558,7179,7,1,158.64,158.64
21559,7179,241,3,237.51,712.53
21560,7179,317,3,85.93,257.79
21561,7180,255,1,71.89,71.89
21562,7180,51,4,223.70,894.80
21563,7180,146,4,364.03,1456.12
21564,7181,1,3,41.61,124.83
21565,7181,66,2,41.56,83.12
21566,7181,38,4,2984.65,11938.60
21567,7182,185,3,118.55,355.65
21568,7182,281,2,34.70,69.40
21569,7182,95,4,198.29,793.16
21570,7183,161,3,258.97,776.91
21571,7183,8,2,92.31,184.62
21572,7183,72,2,201.58,403.16
21573,7184,54,4,73.34,293.36
21574,7184,107,4,136.14,544.56
21575,7184,31,1,79.21,79.21
21576,7185,185,1,118.55,118.55
21577,7185,21,2,37.53,75.06
21578,7185,135,4,176.88,707.52
21579,7186,262,2,177.88,355.76
21580,7186,165,3,257.39,772.17
21581,7186,236,2,54.07,108.14
21582,7187,308,4,143.10,572.40
21583,7187,208,1,5119.77,5119.77
21584,7187,204,4,362.70,1450.80
21585,7188,320,1,125.31,125.31
21586,7188,81,4,24.00,96.00
21587,7188,138,4,75.42,301.68
21588,7189,94,3,61.84,185.52
21589,7189,208,2,5119.77,10239.54
21590,7189,321,1,105.04,105.04
21591,7190,121,2,376.95,753.90
21592,7190,74,2,306.84,613.68
21593,7190,327,3,91.25,273.75
21594,7191,193,4,9668.18,38672.72
21595,7191,256,3,255.06,765.18
21596,7191,226,1,106.24,106.24
21597,7192,128,2,1363.48,2726.96
21598,7192,109,2,21.64,43.28
21599,7192,283,3,594.23,1782.69
21600,7193,312,2,25.20,50.40
21601,7193,47,2,100.93,201.86
21602,7193,263,2,82.89,165.78
21603,7194,299,1,57.14,57.14
21604,7194,54,2,73.34,146.68
21605,7194,297,4,83.28,333.12
21606,7195,80,1,180.81,180.81
21607,7195,201,3,83.06,249.18
21608,7195,213,2,231.12,462.24
21609,7196,164,2,259.43,518.86
21610,7196,76,3,49.74,149.22
21611,7196,124,2,201.32,402.64
21612,7197,249,4,333.60,1334.40
21613,7197,321,1,105.04,105.04
21614,7197,5,4,312.42,1249.68
21615,7198,149,3,63.35,190.05
21616,7198,27,2,485.13,970.26
21617,7198,203,4,59.44,237.76
21618,7199,105,2,63.28,126.56
21619,7199,227,4,154.78,619.12
21620,7199,103,4,88.38,353.52
21621,7200,307,3,195.28,585.84
21622,7200,202,2,109.28,218.56
21623,7200,104,4,2507.07,10028.28
21624,7201,152,1,133.94,133.94
21625,7201,77,3,90.53,271.59
21626,7201,114,2,59.81,119.62
21627,7202,155,3,80.38,241.14
21628,7202,113,1,545.60,545.60
21629,7202,116,1,86.77,86.77
21630,7203,28,3,30.65,91.95
21631,7203,100,3,912.50,2737.50
21632,7203,177,1,173.92,173.92
21633,7204,131,1,151.63,151.63
21634,7204,304,2,121.41,242.82
21635,7204,79,1,221.90,221.90
21636,7205,286,3,65.95,197.85
21637,7205,287,1,553.36,553.36
21638,7205,43,2,930.93,1861.86
21639,7206,177,1,173.92,173.92
21640,7206,251,4,87.96,351.84
21641,7206,228,3,148.63,445.89
21642,7207,297,4,83.28,333.12
21643,7207,136,4,407.27,1629.08
21644,7207,185,4,118.55,474.20
21645,7208,225,2,267.00,534.00
21646,7208,125,3,319.28,957.84
21647,7208,162,3,803.06,2409.18
21648,7209,74,1,306.84,306.84
21649,7209,47,4,100.93,403.72
21650,7209,277,1,198.38,198.38
21651,7210,191,1,217.48,217.48
21652,7210,107,4,136.14,544.56
21653,7210,303,2,199.54,399.08
21654,7211,192,2,365.72,731.44
21655,7211,86,2,137.39,274.78
21656,7211,30,3,165.44,496.32
21657,7212,307,2,195.28,390.56
21658,7212,291,1,25.62,25.62
21659,7212,65,1,114.10,114.10
21660,7213,27,3,485.13,1455.39
21661,7213,118,4,123.08,492.32
21662,7213,35,4,166.21,664.84
21663,7214,301,3,136.93,410.79
21664,7214,211,3,391.93,1175.79
21665,7214,28,2,30.65,61.30
21666,7215,70,1,79.39,79.39
21667,7215,127,2,242.46,484.92
21668,7215,6,4,536.76,2147.04
21669,7216,193,2,9668.18,19336.36
21670,7216,266,2,379.02,758.04
21671,7216,93,1,73.99,73.99
21672,7217,286,3,65.95,197.85
21673,7217,97,1,201.04,201.04
21674,7217,312,1,25.20,25.20
21675,7218,258,3,57.78,173.34
21676,7218,335,1,117.27,117.27
21677,7218,252,3,576.27,1728.81
21678,7219,94,4,61.84,247.36
21679,7219,320,4,125.31,501.24
21680,7219,46,2,64.02,128.04
21681,7220,145,4,369.80,1479.20
21682,7220,277,4,198.38,793.52
21683,7220,150,1,223.54,223.54
21684,7221,53,2,26.41,52.82
21685,7221,174,2,93.41,186.82
21686,7221,44,3,86.79,260.37
21687,7222,241,1,237.51,237.51
21688,7222,145,3,369.80,1109.40
21689,7222,271,2,1470.33,2940.66
21690,7223,333,2,167.16,334.32
21691,7223,285,2,6751.40,13502.80
21692,7223,241,1,237.51,237.51
21693,7224,138,3,75.42,226.26
21694,7224,245,1,75.04,75.04
21695,7224,170,1,845.55,845.55
21696,7225,2,1,54.72,54.72
21697,7225,169,3,537.24,1611.72
21698,7225,189,2,87.00,174.00
21699,7226,39,1,265.80,265.80
21700,7226,318,3,27.43,82.29
21701,7226,89,2,185.24,370.48
21702,7227,332,2,122.23,244.46
21703,7227,1,1,41.61,41.61
21704,7227,158,3,210.26,630.78
21705,7228,112,4,97.46,389.84
21706,7228,20,1,49.24,49.24
21707,7228,323,1,43.39,43.39
21708,7229,192,3,365.72,1097.16
21709,7229,81,3,24.00,72.00
21710,7229,304,2,121.41,242.82
21711,7230,85,2,279.78,559.56
21712,7230,174,2,93.41,186.82
21713,7230,139,3,392.73,1178.19
21714,7231,306,3,184.88,554.64
21715,7231,191,3,217.48,652.44
21716,7231,60,4,301.85,1207.40
21717,7232,20,1,49.24,49.24
21718,7232,277,2,198.38,396.76
21719,7232,174,1,93.41,93.41
21720,7233,301,4,136.93,547.72
21721,7233,19,1,79.80,79.80
21722,7233,90,3,226.17,678.51
21723,7234,84,3,214.78,644.34
21724,7234,13,1,44.19,44.19
21725,7234,315,4,69.11,276.44
21726,7235,45,1,5111.42,5111.42
21727,7235,299,2,57.14,114.28
21728,7235,146,4,364.03,1456.12
21729,7236,68,1,416.05,416.05
21730,7236,83,3,138.27,414.81
21731,7236,256,2,255.06,510.12
21732,7237,65,1,114.10,114.10
21733,7237,176,2,204.81,409.62
21734,7237,308,1,143.10,143.10
21735,7238,262,3,177.88,533.64
21736,7238,200,1,51.39,51.39
21737,7238,221,4,484.99,1939.96
21738,7239,186,2,324.89,649.78
21739,7239,19,2,79.80,159.60
21740,7239,64,1,72.56,72.56
21741,7240,182,3,312.02,936.06
21742,7240,129,4,120.28,481.12
21743,7240,60,3,301.85,905.55
21744,7241,70,3,79.39,238.17
21745,7241,45,1,5111.42,5111.42
21746,7241,37,4,5435.24,21740.96
21747,7242,77,4,90.53,362.12
21748,7242,82,4,80.11,320.44
21749,7242,201,3,83.06,249.18
21750,7243,316,3,110.67,332.01
21751,7243,162,1,803.06,803.06
21752,7243,20,4,49.24,196.96
21753,7244,102,3,39.38,118.14
21754,7244,88,1,92.09,92.09
21755,7244,215,4,136.44,545.76
21756,7245,240,3,26.71,80.13
21757,7245,293,1,9518.10,9518.10
21758,7245,314,2,28.97,57.94
21759,7246,133,3,153.60,460.80
21760,7246,69,1,206.85,206.85
21761,7246,35,3,166.21,498.63
21762,7247,112,3,97.46,292.38
21763,7247,284,4,33.21,132.84
21764,7247,308,4,143.10,572.40
21765,7248,141,4,482.39,1929.56
21766,7248,295,2,207.06,414.12
21767,7248,278,4,405.40,1621.60
21768,7249,244,2,70.80,141.60
21769,7249,286,4,65.95,263.80
21770,7249,46,4,64.02,256.08
21771,7250,268,2,186.90,373.80
21772,7250,28,4,30.65,122.60
21773,7250,255,3,71.89,215.67
21774,7251,267,4,276.85,1107.40
21775,7251,308,3,143.10,429.30
21776,7251,321,3,105.04,315.12
21777,7252,46,1,64.02,64.02
21778,7252,216,2,27.57,55.14
21779,7252,155,3,80.38,241.14
21780,7253,162,4,803.06,3212.24
21781,7253,328,3,180.51,541.53
21782,7253,173,1,101.46,101.46
21783,7254,93,4,73.99,295.96
21784,7254,40,3,62.79,188.37
21785,7254,280,3,154.65,463.95
21786,7255,190,2,4952.78,9905.56
21787,7255,266,3,379.02,1137.06
21788,7255,272,3,77.63,232.89
21789,7256,130,2,261.07,522.14
21790,7256,51,4,223.70,894.80
21791,7256,111,2,215.02,430.04
21792,7257,264,1,1374.60,1374.60
21793,7257,131,4,151.63,606.52
21794,7257,310,4,106.27,425.08
21795,7258,264,4,1374.60,5498.40
21796,7258,226,1,106.24,106.24
21797,7258,273,2,173.28,346.56
21798,7259,74,4,306.84,1227.36
21799,7259,121,3,376.95,1130.85
21800,7259,175,3,239.58,718.74
21801,7260,333,1,167.16,167.16
21802,7260,97,2,201.04,402.08
21803,7260,62,2,56.51,113.02
21804,7261,158,4,210.26,841.04
21805,7261,168,1,84.08,84.08
21806,7261,26,4,979.66,3918.64
21807,7262,328,1,180.51,180.51
21808,7262,209,4,299.28,1197.12
21809,7262,305,2,18.21,36.42
21810,7263,32,1,604.32,604.32
21811,7263,118,4,123.08,492.32
21812,7263,89,4,185.24,740.96
21813,7264,52,3,36.58,109.74
21814,7264,50,1,293.39,293.39
21815,7264,311,1,32.45,32.45
21816,7265,89,4,185.24,740.96
21817,7265,298,3,103.05,309.15
21818,7265,176,4,204.81,819.24
21819,7266,279,2,41.73,83.46
21820,7266,335,2,117.27,234.54
21821,7266,322,4,161.49,645.96
21822,7267,42,2,288.25,576.50
21823,7267,127,3,242.46,727.38
21824,7267,84,4,214.78,859.12
21825,7268,50,4,293.39,1173.56
21826,7268,188,1,50.01,50.01
21827,7268,209,1,299.28,299.28
21828,7269,297,3,83.28,249.84
21829,7269,258,2,57.78,115.56
21830,7269,113,1,545.60,545.60
21831,7270,228,1,148.63,148.63
21832,7270,316,1,110.67,110.67
21833,7270,144,1,1176.11,1176.11
21834,7271,302,1,17.70,17.70
21835,7271,234,1,157.34,157.34
21836,7271,136,4,407.27,1629.08
21837,7272,169,2,537.24,1074.48
21838,7272,309,3,132.91,398.73
21839,7272,106,4,502.86,2011.44
21840,7273,333,4,167.16,668.64
21841,7273,127,4,242.46,969.84
21842,7273,176,4,204.81,819.24
21843,7274,54,3,73.34,220.02
21844,7274,176,4,204.81,819.24
21845,7274,85,4,279.78,1119.12
21846,7275,283,4,594.23,2376.92
21847,7275,202,2,109.28,218.56
21848,7275,195,3,46.99,140.97
21849,7276,200,1,51.39,51.39
21850,7276,322,1,161.49,161.49
21851,7276,302,2,17.70,35.40
21852,7277,51,1,223.70,223.70
21853,7277,304,3,121.41,364.23
21854,7277,319,4,129.86,519.44
21855,7278,7,1,158.64,158.64
21856,7278,186,3,324.89,974.67
21857,7278,244,2,70.80,141.60
21858,7279,285,4,6751.40,27005.60
21859,7279,143,3,55.35,166.05
21860,7279,129,1,120.28,120.28
21861,7280,297,4,83.28,333.12
21862,7280,9,2,1355.55,2711.10
21863,7280,20,2,49.24,98.48
21864,7281,43,4,930.93,3723.72
21865,7281,200,3,51.39,154.17
21866,7281,151,4,52.78,211.12
21867,7282,243,3,471.30,1413.90
21868,7282,36,3,184.31,552.93
21869,7282,266,1,379.02,379.02
21870,7283,279,4,41.73,166.92
21871,7283,321,2,105.04,210.08
21872,7283,108,3,368.57,1105.71
21873,7284,204,1,362.70,362.70
21874,7284,67,1,663.51,663.51
21875,7284,287,3,553.36,1660.08
21876,7285,159,1,176.40,176.40
21877,7285,56,1,408.87,408.87
21878,7285,47,4,100.93,403.72
21879,7286,326,2,127.79,255.58
21880,7286,263,4,82.89,331.56
21881,7286,189,4,87.00,348.00
21882,7287,335,2,117.27,234.54
21883,7287,10,1,42.91,42.91
21884,7287,19,4,79.80,319.20
21885,7288,119,2,329.12,658.24
21886,7288,283,4,594.23,2376.92
21887,7288,50,4,293.39,1173.56
21888,7289,101,3,156.57,469.71
21889,7289,17,4,189.07,756.28
21890,7289,239,1,642.80,642.80
21891,7290,235,1,1867.81,1867.81
21892,7290,146,4,364.03,1456.12
21893,7290,74,4,306.84,1227.36
21894,7291,11,3,88.33,264.99
21895,7291,171,4,49.52,198.08
21896,7291,126,4,105.42,421.68
21897,7292,228,4,148.63,594.52
21898,7292,299,3,57.14,171.42
21899,7292,94,4,61.84,247.36
21900,7293,106,1,502.86,502.86
21901,7293,260,2,95.74,191.48
21902,7293,297,2,83.28,166.56
21903,7294,287,1,553.36,553.36
21904,7294,2,2,54.72,109.44
21905,7294,122,1,130.97,130.97
21906,7295,292,1,40.52,40.52
21907,7295,218,3,49.88,149.64
21908,7295,331,4,54.96,219.84
21909,7296,188,3,50.01,150.03
21910,7296,227,1,154.78,154.78
21911,7296,106,3,502.86,1508.58
21912,7297,96,4,171.36,685.44
21913,7297,121,2,376.95,753.90
21914,7297,129,1,120.28,120.28
21915,7298,57,3,425.93,1277.79
21916,7298,50,2,293.39,586.78
21917,7298,130,3,261.07,783.21
21918,7299,286,2,65.95,131.90
21919,7299,230,3,64.40,193.20
21920,7299,26,4,979.66,3918.64
21921,7300,119,4,329.12,1316.48
21922,7300,293,2,9518.10,19036.20
21923,7300,310,3,106.27,318.81
21924,7301,190,2,4952.78,9905.56
21925,7301,308,3,143.10,429.30
21926,7301,302,4,17.70,70.80
21927,7302,297,1,83.28,83.28
21928,7302,32,3,604.32,1812.96
21929,7302,262,1,177.88,177.88
21930,7303,309,1,132.91,132.91
21931,7303,159,2,176.40,352.80
21932,7303,246,3,42.72,128.16
21933,7304,242,3,798.53,2395.59
21934,7304,233,4,107.91,431.64
21935,7304,197,1,111.56,111.56
21936,7305,121,4,376.95,1507.80
21937,7305,331,4,54.96,219.84
21938,7305,151,1,52.78,52.78
21939,7306,196,3,68.93,206.79
21940,7306,279,4,41.73,166.92
21941,7306,10,4,42.91,171.64
21942,7307,149,3,63.35,190.05
21943,7307,154,4,174.02,696.08
21944,7307,279,4,41.73,166.92
21945,7308,221,2,484.99,969.98
21946,7308,331,2,54.96,109.92
21947,7308,98,1,116.76,116.76
21948,7309,158,4,210.26,841.04
21949,7309,147,2,143.83,287.66
21950,7309,51,2,223.70,447.40
21951,7310,183,4,229.08,916.32
21952,7310,279,1,41.73,41.73
21953,7310,223,4,467.04,1868.16
21954,7311,43,3,930.93,2792.79
21955,7311,44,3,86.79,260.37
21956,7311,313,2,49.11,98.22
21957,7312,271,3,1470.33,4410.99
21958,7312,190,4,4952.78,19811.12
21959,7312,173,4,101.46,405.84
21960,7313,253,3,32.75,98.25
21961,7313,16,4,82.24,328.96
21962,7313,131,2,151.63,303.26
21963,7314,272,1,77.63,77.63
21964,7314,230,4,64.40,257.60
21965,7314,118,3,123.08,369.24
21966,7315,125,1,319.28,319.28
21967,7315,169,1,537.24,537.24
21968,7315,12,3,423.08,1269.24
21969,7316,280,4,154.65,618.60
21970,7316,273,4,173.28,693.12
21971,7316,275,4,110.46,441.84
21972,7317,276,2,1553.72,3107.44
21973,7317,109,4,21.64,86.56
21974,7317,218,4,49.88,199.52
21975,7318,80,1,180.81,180.81
21976,7318,18,1,4347.52,4347.52
21977,7318,333,4,167.16,668.64
21978,7319,120,3,532.02,1596.06
21979,7319,131,4,151.63,606.52
21980,7319,221,1,484.99,484.99
21981,7320,11,1,88.33,88.33
21982,7320,4,4,70.68,282.72
21983,7320,60,3,301.85,905.55
21984,7321,204,4,362.70,1450.80
21985,7321,183,2,229.08,458.16
21986,7321,216,4,27.57,110.28
21987,7322,84,4,214.78,859.12
21988,7322,160,2,103.53,207.06
21989,7322,303,2,199.54,399.08
21990,7323,115,4,559.60,2238.40
21991,7323,105,2,63.28,126.56
21992,7323,188,1,50.01,50.01
21993,7324,43,2,930.93,1861.86
21994,7324,167,1,125.02,125.02
21995,7324,115,2,559.60,1119.20
21996,7325,289,3,37.80,113.40
21997,7325,120,4,532.02,2128.08
21998,7325,96,1,171.36,171.36
21999,7326,111,3,215.02,645.06
22000,7326,69,4,206.85,827.40
22001,7326,334,1,173.02,173.02
22002,7327,195,2,46.99,93.98
22003,7327,180,1,206.84,206.84
22004,7327,169,3,537.24,1611.72
22005,7328,291,2,25.62,51.24
22006,7328,97,4,201.04,804.16
22007,7328,100,1,912.50,912.50
22008,7329,151,1,52.78,52.78
22009,7329,123,3,340.07,1020.21
22010,7329,208,3,5119.77,15359.31
22011,7330,320,1,125.31,125.31
22012,7330,119,2,329.12,658.24
22013,7330,258,4,57.78,231.12
22014,7331,302,4,17.70,70.80
22015,7331,69,3,206.85,620.55
22016,7331,57,1,425.93,425.93
22017,7332,46,1,64.02,64.02
22018,7332,249,1,333.60,333.60
22019,7332,41,2,82.03,164.06
22020,7333,100,4,912.50,3650.00
22021,7333,150,3,223.54,670.62
22022,7333,203,1,59.44,59.44
22023,7334,146,4,364.03,1456.12
22024,7334,107,2,136.14,272.28
22025,7334,324,3,183.99,551.97
22026,7335,334,1,173.02,173.02
22027,7335,224,1,203.37,203.37
22028,7335,188,4,50.01,200.04
22029,7336,45,1,5111.42,5111.42
22030,7336,46,1,64.02,64.02
22031,7336,121,3,376.95,1130.85
22032,7337,80,3,180.81,542.43
22033,7337,17,3,189.07,567.21
22034,7337,285,3,6751.40,20254.20
22035,7338,247,3,127.32,381.96
22036,7338,334,2,173.02,346.04
22037,7338,35,3,166.21,498.63
22038,7339,274,4,72.47,289.88
22039,7339,238,2,108.52,217.04
22040,7339,286,4,65.95,263.80
22041,7340,134,3,261.22,783.66
22042,7340,181,4,181.57,726.28
22043,7340,7,1,158.64,158.64
22044,7341,281,4,34.70,138.80
22045,7341,229,3,182.92,548.76
22046,7341,126,4,105.42,421.68
22047,7342,12,3,423.08,1269.24
22048,7342,276,4,1553.72,6214.88
22049,7342,52,2,36.58,73.16
22050,7343,247,4,127.32,509.28
22051,7343,302,1,17.70,17.70
22052,7343,263,4,82.89,331.56
22053,7344,181,3,181.57,544.71
22054,7344,303,2,199.54,399.08
22055,7344,33,3,618.92,1856.76
22056,7345,29,4,74.94,299.76
22057,7345,42,1,288.25,288.25
22058,7345,104,3,2507.07,7521.21
22059,7346,83,4,138.27,553.08
22060,7346,50,3,293.39,880.17
22061,7346,174,3,93.41,280.23
22062,7347,275,3,110.46,331.38
22063,7347,268,1,186.90,186.90
22064,7347,23,1,477.55,477.55
22065,7348,68,3,416.05,1248.15
22066,7348,7,1,158.64,158.64
22067,7348,24,4,136.38,545.52
22068,7349,314,2,28.97,57.94
22069,7349,207,4,62.51,250.04
22070,7349,105,4,63.28,253.12
22071,7350,138,3,75.42,226.26
22072,7350,106,4,502.86,2011.44
22073,7350,14,1,430.90,430.90
22074,7351,65,4,114.10,456.40
22075,7351,206,1,125.45,125.45
22076,7351,159,3,176.40,529.20
22077,7352,247,2,127.32,254.64
22078,7352,194,1,136.81,136.81
22079,7352,312,3,25.20,75.60
22080,7353,20,3,49.24,147.72
22081,7353,293,1,9518.10,9518.10
22082,7353,36,2,184.31,368.62
22083,7354,109,2,21.64,43.28
22084,7354,23,3,477.55,1432.65
22085,7354,301,4,136.93,547.72
22086,7355,126,2,105.42,210.84
22087,7355,56,4,408.87,1635.48
22088,7355,173,3,101.46,304.38
22089,7356,272,2,77.63,155.26
22090,7356,13,1,44.19,44.19
22091,7356,199,1,122.30,122.30
22092,7357,31,1,79.21,79.21
22093,7357,207,3,62.51,187.53
22094,7357,320,3,125.31,375.93
22095,7358,171,2,49.52,99.04
22096,7358,307,2,195.28,390.56
22097,7358,23,2,477.55,955.10
22098,7359,162,1,803.06,803.06
22099,7359,67,4,663.51,2654.04
22100,7359,250,4,725.02,2900.08
22101,7360,67,2,663.51,1327.02
22102,7360,163,1,150.26,150.26
22103,7360,177,4,173.92,695.68
22104,7361,203,4,59.44,237.76
22105,7361,249,2,333.60,667.20
22106,7361,247,1,127.32,127.32
22107,7362,195,4,46.99,187.96
22108,7362,130,2,261.07,522.14
22109,7362,309,1,132.91,132.91
22110,7363,117,3,795.33,2385.99
22111,7363,81,3,24.00,72.00
22112,7363,164,3,259.43,778.29
22113,7364,232,4,117.39,469.56
22114,7364,328,3,180.51,541.53
22115,7364,186,2,324.89,649.78
22116,7365,158,3,210.26,630.78
22117,7365,128,3,1363.48,4090.44
22118,7365,49,2,109.83,219.66
22119,7366,331,4,54.96,219.84
22120,7366,88,2,92.09,184.18
22121,7366,27,2,485.13,970.26
22122,7367,300,4,39.77,159.08
22123,7367,26,4,979.66,3918.64
22124,7367,8,3,92.31,276.93
22125,7368,120,1,532.02,532.02
22126,7368,57,3,425.93,1277.79
22127,7368,267,4,276.85,1107.40
22128,7369,181,3,181.57,544.71
22129,7369,318,1,27.43,27.43
22130,7369,187,4,53.46,213.84
22131,7370,90,4,226.17,904.68
22132,7370,237,4,188.93,755.72
22133,7370,37,2,5435.24,10870.48
22134,7371,122,2,130.97,261.94
22135,7371,200,4,51.39,205.56
22136,7371,275,3,110.46,331.38
22137,7372,124,3,201.32,603.96
22138,7372,255,2,71.89,143.78
22139,7372,189,1,87.00,87.00
22140,7373,201,4,83.06,332.24
22141,7373,79,2,221.90,443.80
22142,7373,101,4,156.57,626.28
22143,7374,194,1,136.81,136.81
22144,7374,212,3,1815.77,5447.31
22145,7374,189,1,87.00,87.00
22146,7375,174,4,93.41,373.64
22147,7375,79,3,221.90,665.70
22148,7375,37,1,5435.24,5435.24
22149,7376,27,3,485.13,1455.39
22150,7376,43,1,930.93,930.93
22151,7376,256,2,255.06,510.12
22152,7377,103,2,88.38,176.76
22153,7377,329,3,124.79,374.37
22154,7377,217,4,324.83,1299.32
22155,7378,170,4,845.55,3382.20
22156,7378,163,2,150.26,300.52
22157,7378,83,2,138.27,276.54
22158,7379,296,4,101.13,404.52
22159,7379,64,1,72.56,72.56
22160,7379,10,3,42.91,128.73
22161,7380,101,1,156.57,156.57
22162,7380,195,4,46.99,187.96
22163,7380,310,2,106.27,212.54
22164,7381,167,4,125.02,500.08
22165,7381,209,2,299.28,598.56
22166,7381,160,2,103.53,207.06
22167,7382,297,1,83.28,83.28
22168,7382,165,1,257.39,257.39
22169,7382,172,4,53.49,213.96
22170,7383,110,1,81.80,81.80
22171,7383,200,1,51.39,51.39
22172,7383,136,3,407.27,1221.81
22173,7384,51,1,223.70,223.70
22174,7384,238,4,108.52,434.08
22175,7384,265,3,192.94,578.82
22176,7385,58,1,158.45,158.45
22177,7385,284,2,33.21,66.42
22178,7385,7,4,158.64,634.56
22179,7386,13,4,44.19,176.76
22180,7386,228,3,148.63,445.89
22181,7386,205,4,92.31,369.24
22182,7387,277,2,198.38,396.76
22183,7387,94,2,61.84,123.68
22184,7387,183,2,229.08,458.16
22185,7388,329,4,124.79,499.16
22186,7388,211,2,391.93,783.86
22187,7388,228,1,148.63,148.63
22188,7389,258,1,57.78,57.78
22189,7389,96,3,171.36,514.08
22190,7389,307,3,195.28,585.84
22191,7390,168,1,84.08,84.08
22192,7390,78,2,252.79,505.58
22193,7390,188,3,50.01,150.03
22194,7391,60,3,301.85,905.55
22195,7391,289,4,37.80,151.20
22196,7391,15,4,602.60,2410.40
22197,7392,113,2,545.60,1091.20
22198,7392,88,2,92.09,184.18
22199,7392,90,1,226.17,226.17
22200,7393,31,3,79.21,237.63
22201,7393,56,4,408.87,1635.48
22202,7393,153,4,41.42,165.68
22203,7394,214,4,522.07,2088.28
22204,7394,24,3,136.38,409.14
22205,7394,99,4,4229.74,16918.96
22206,7395,52,3,36.58,109.74
22207,7395,262,1,177.88,177.88
22208,7395,332,3,122.23,366.69
22209,7396,190,1,4952.78,4952.78
22210,7396,189,1,87.00,87.00
22211,7396,212,3,1815.77,5447.31
22212,7397,219,1,662.92,662.92
22213,7397,50,1,293.39,293.39
22214,7397,100,2,912.50,1825.00
22215,7398,88,1,92.09,92.09
22216,7398,150,1,223.54,223.54
22217,7398,143,1,55.35,55.35
22218,7399,166,2,122.59,245.18
22219,7399,264,4,1374.60,5498.40
22220,7399,236,4,54.07,216.28
22221,7400,106,1,502.86,502.86
22222,7400,63,1,176.42,176.42
22223,7400,73,2,550.57,1101.14
22224,7401,88,4,92.09,368.36
22225,7401,325,1,108.41,108.41
22226,7401,313,4,49.11,196.44
22227,7402,268,3,186.90,560.70
22228,7402,298,1,103.05,103.05
22229,7402,54,2,73.34,146.68
22230,7403,25,4,70.53,282.12
22231,7403,166,4,122.59,490.36
22232,7403,192,1,365.72,365.72
22233,7404,304,1,121.41,121.41
22234,7404,332,3,122.23,366.69
22235,7404,63,4,176.42,705.68
22236,7405,123,3,340.07,1020.21
22237,7405,149,1,63.35,63.35
22238,7405,218,3,49.88,149.64
22239,7406,152,2,133.94,267.88
22240,7406,162,3,803.06,2409.18
22241,7406,72,2,201.58,403.16
22242,7407,330,2,120.68,241.36
22243,7407,43,3,930.93,2792.79
22244,7407,189,4,87.00,348.00
22245,7408,80,3,180.81,542.43
22246,7408,270,2,777.12,1554.24
22247,7408,65,2,114.10,228.20
22248,7409,269,3,107.58,322.74
22249,7409,105,1,63.28,63.28
22250,7409,313,4,49.11,196.44
22251,7410,280,3,154.65,463.95
22252,7410,124,2,201.32,402.64
22253,7410,299,1,57.14,57.14
22254,7411,9,2,1355.55,2711.10
22255,7411,279,3,41.73,125.19
22256,7411,311,2,32.45,64.90
22257,7412,321,4,105.04,420.16
22258,7412,254,4,196.52,786.08
22259,7412,159,4,176.40,705.60
22260,7413,49,2,109.83,219.66
22261,7413,98,1,116.76,116.76
22262,7413,248,1,4473.97,4473.97
22263,7414,128,3,1363.48,4090.44
22264,7414,179,2,367.91,735.82
22265,7414,295,2,207.06,414.12
22266,7415,115,2,559.60,1119.20
22267,7415,20,3,49.24,147.72
22268,7415,206,2,125.45,250.90
22269,7416,125,2,319.28,638.56
22270,7416,277,2,198.38,396.76
22271,7416,274,3,72.47,217.41
22272,7417,227,2,154.78,309.56
22273,7417,179,3,367.91,1103.73
22274,7417,294,4,133.99,535.96
22275,7418,266,1,379.02,379.02
22276,7418,291,1,25.62,25.62
22277,7418,135,4,176.88,707.52
22278,7419,134,3,261.22,783.66
22279,7419,91,1,103.05,103.05
22280,7419,283,4,594.23,2376.92
22281,7420,289,2,37.80,75.60
22282,7420,254,2,196.52,393.04
22283,7420,201,2,83.06,166.12
22284,7421,185,3,118.55,355.65
22285,7421,265,4,192.94,771.76
22286,7421,323,3,43.39,130.17
22287,7422,334,4,173.02,692.08
22288,7422,232,2,117.39,234.78
22289,7422,264,4,1374.60,5498.40
22290,7423,297,3,83.28,249.84
22291,7423,246,2,42.72,85.44
22292,7423,40,2,62.79,125.58
22293,7424,271,2,1470.33,2940.66
22294,7424,277,1,198.38,198.38
22295,7424,301,2,136.93,273.86
22296,7425,291,3,25.62,76.86
22297,7425,287,4,553.36,2213.44
22298,7425,134,3,261.22,783.66
22299,7426,104,4,2507.07,10028.28
22300,7426,163,2,150.26,300.52
22301,7426,196,3,68.93,206.79
22302,7427,36,2,184.31,368.62
22303,7427,226,4,106.24,424.96
22304,7427,60,3,301.85,905.55
22305,7428,212,3,1815.77,5447.31
22306,7428,34,3,5015.04,15045.12
22307,7428,236,3,54.07,162.21
22308,7429,158,1,210.26,210.26
22309,7429,153,1,41.42,41.42
22310,7429,211,4,391.93,1567.72
22311,7430,335,2,117.27,234.54
22312,7430,76,1,49.74,49.74
22313,7430,36,2,184.31,368.62
22314,7431,45,3,5111.42,15334.26
22315,7431,225,4,267.00,1068.00
22316,7431,114,2,59.81,119.62
22317,7432,108,2,368.57,737.14
22318,7432,248,4,4473.97,17895.88
22319,7432,168,1,84.08,84.08
22320,7433,303,4,199.54,798.16
22321,7433,73,3,550.57,1651.71
22322,7433,227,3,154.78,464.34
22323,7434,4,2,70.68,141.36
22324,7434,225,1,267.00,267.00
22325,7434,252,1,576.27,576.27
22326,7435,267,2,276.85,553.70
22327,7435,24,3,136.38,409.14
22328,7435,47,1,100.93,100.93
22329,7436,150,2,223.54,447.08
22330,7436,265,4,192.94,771.76
22331,7436,252,3,576.27,1728.81
22332,7437,14,1,430.90,430.90
22333,7437,219,2,662.92,1325.84
22334,7437,100,4,912.50,3650.00
22335,7438,268,4,186.90,747.60
22336,7438,182,3,312.02,936.06
22337,7438,12,1,423.08,423.08
22338,7439,211,1,391.93,391.93
22339,7439,197,4,111.56,446.24
22340,7439,286,4,65.95,263.80
22341,7440,321,2,105.04,210.08
22342,7440,193,1,9668.18,9668.18
22343,7440,168,3,84.08,252.24
22344,7441,193,3,9668.18,29004.54
22345,7441,318,4,27.43,109.72
22346,7441,101,3,156.57,469.71
22347,7442,38,3,2984.65,8953.95
22348,7442,210,3,107.66,322.98
22349,7442,333,2,167.16,334.32
22350,7443,48,3,124.35,373.05
22351,7443,329,2,124.79,249.58
22352,7443,124,2,201.32,402.64
22353,7444,100,2,912.50,1825.00
22354,7444,130,3,261.07,783.21
22355,7444,81,4,24.00,96.00
22356,7445,216,4,27.57,110.28
22357,7445,87,4,116.31,465.24
22358,7445,214,4,522.07,2088.28
22359,7446,57,4,425.93,1703.72
22360,7446,113,4,545.60,2182.40
22361,7446,139,2,392.73,785.46
22362,7447,156,3,138.39,415.17
22363,7447,197,3,111.56,334.68
22364,7447,226,3,106.24,318.72
22365,7448,206,3,125.45,376.35
22366,7448,196,1,68.93,68.93
22367,7448,39,1,265.80,265.80
22368,7449,44,1,86.79,86.79
22369,7449,10,2,42.91,85.82
22370,7449,262,4,177.88,711.52
22371,7450,108,4,368.57,1474.28
22372,7450,130,1,261.07,261.07
22373,7450,82,3,80.11,240.33
22374,7451,143,4,55.35,221.40
22375,7451,67,4,663.51,2654.04
22376,7451,99,3,4229.74,12689.22
22377,7452,188,3,50.01,150.03
22378,7452,332,4,122.23,488.92
22379,7452,131,1,151.63,151.63
22380,7453,83,4,138.27,553.08
22381,7453,48,2,124.35,248.70
22382,7453,186,4,324.89,1299.56
22383,7454,303,1,199.54,199.54
22384,7454,39,3,265.80,797.40
22385,7454,119,2,329.12,658.24
22386,7455,243,1,471.30,471.30
22387,7455,276,1,1553.72,1553.72
22388,7455,290,3,744.49,2233.47
22389,7456,145,4,369.80,1479.20
22390,7456,282,2,314.44,628.88
22391,7456,186,4,324.89,1299.56
22392,7457,246,1,42.72,42.72
22393,7457,295,1,207.06,207.06
22394,7457,22,2,709.66,1419.32
22395,7458,190,2,4952.78,9905.56
22396,7458,199,4,122.30,489.20
22397,7458,269,3,107.58,322.74
22398,7459,316,3,110.67,332.01
22399,7459,301,4,136.93,547.72
22400,7459,121,1,376.95,376.95
22401,7460,248,2,4473.97,8947.94
22402,7460,231,4,170.32,681.28
22403,7460,155,1,80.38,80.38
22404,7461,299,2,57.14,114.28
22405,7461,144,2,1176.11,2352.22
22406,7461,63,3,176.42,529.26
22407,7462,207,1,62.51,62.51
22408,7462,52,1,36.58,36.58
22409,7462,215,4,136.44,545.76
22410,7463,150,4,223.54,894.16
22411,7463,176,2,204.81,409.62
22412,7463,33,4,618.92,2475.68
22413,7464,248,2,4473.97,8947.94
22414,7464,77,1,90.53,90.53
22415,7464,100,4,912.50,3650.00
22416,7465,60,1,301.85,301.85
22417,7465,78,2,252.79,505.58
22418,7465,243,1,471.30,471.30
22419,7466,307,1,195.28,195.28
22420,7466,248,1,4473.97,4473.97
22421,7466,292,4,40.52,162.08
22422,7467,67,1,663.51,663.51
22423,7467,161,2,258.97,517.94
22424,7467,26,2,979.66,1959.32
22425,7468,279,2,41.73,83.46
22426,7468,207,3,62.51,187.53
22427,7468,219,4,662.92,2651.68
22428,7469,201,4,83.06,332.24
22429,7469,108,1,368.57,368.57
22430,7469,3,4,108.77,435.08
22431,7470,282,3,314.44,943.32
22432,7470,106,4,502.86,2011.44
22433,7470,197,4,111.56,446.24
22434,7471,34,3,5015.04,15045.12
22435,7471,162,1,803.06,803.06
22436,7471,288,4,236.80,947.20
22437,7472,93,4,73.99,295.96
22438,7472,123,3,340.07,1020.21
22439,7472,312,3,25.20,75.60
22440,7473,274,1,72.47,72.47
22441,7473,311,3,32.45,97.35
22442,7473,100,1,912.50,912.50
22443,7474,283,3,594.23,1782.69
22444,7474,106,2,502.86,1005.72
22445,7474,281,2,34.70,69.40
22446,7475,191,3,217.48,652.44
22447,7475,248,2,4473.97,8947.94
22448,7475,171,3,49.52,148.56
22449,7476,331,2,54.96,109.92
22450,7476,329,2,124.79,249.58
22451,7476,257,1,77.56,77.56
22452,7477,96,2,171.36,342.72
22453,7477,57,1,425.93,425.93
22454,7477,187,3,53.46,160.38
22455,7478,256,4,255.06,1020.24
22456,7478,219,4,662.92,2651.68
22457,7478,65,2,114.10,228.20
22458,7479,82,1,80.11,80.11
22459,7479,21,1,37.53,37.53
22460,7479,121,2,376.95,753.90
22461,7480,297,1,83.28,83.28
22462,7480,57,4,425.93,1703.72
22463,7480,21,4,37.53,150.12
22464,7481,287,1,553.36,553.36
22465,7481,38,2,2984.65,5969.30
22466,7481,334,2,173.02,346.04
22467,7482,259,1,37.26,37.26
22468,7482,246,1,42.72,42.72
22469,7482,317,1,85.93,85.93
22470,7483,229,3,182.92,548.76
22471,7483,94,3,61.84,185.52
22472,7483,69,1,206.85,206.85
22473,7484,88,4,92.09,368.36
22474,7484,162,4,803.06,3212.24
22475,7484,123,1,340.07,340.07
22476,7485,155,1,80.38,80.38
22477,7485,143,2,55.35,110.70
22478,7485,320,4,125.31,501.24
22479,7486,63,3,176.42,529.26
22480,7486,27,2,485.13,970.26
22481,7486,170,3,845.55,2536.65
22482,7487,245,2,75.04,150.08
22483,7487,71,3,81.12,243.36
22484,7487,72,4,201.58,806.32
22485,7488,217,1,324.83,324.83
22486,7488,187,3,53.46,160.38
22487,7488,161,2,258.97,517.94
22488,7489,165,4,257.39,1029.56
22489,7489,252,3,576.27,1728.81
22490,7489,8,1,92.31,92.31
22491,7490,274,2,72.47,144.94
22492,7490,170,3,845.55,2536.65
22493,7490,28,3,30.65,91.95
22494,7491,267,4,276.85,1107.40
22495,7491,185,4,118.55,474.20
22496,7491,104,1,2507.07,2507.07
22497,7492,22,3,709.66,2128.98
22498,7492,261,2,61.79,123.58
22499,7492,119,3,329.12,987.36
22500,7493,14,4,430.90,1723.60
22501,7493,293,4,9518.10,38072.40
22502,7493,8,1,92.31,92.31
22503,7494,70,4,79.39,317.56
22504,7494,331,4,54.96,219.84
22505,7494,185,4,118.55,474.20
22506,7495,259,1,37.26,37.26
22507,7495,274,3,72.47,217.41
22508,7495,39,3,265.80,797.40
22509,7496,247,1,127.32,127.32
22510,7496,257,2,77.56,155.12
22511,7496,199,1,122.30,122.30
22512,7497,18,3,4347.52,13042.56
22513,7497,155,3,80.38,241.14
22514,7497,161,4,258.97,1035.88
22515,7498,28,1,30.65,30.65
22516,7498,66,3,41.56,124.68
22517,7498,91,3,103.05,309.15
22518,7499,18,3,4347.52,13042.56
22519,7499,304,3,121.41,364.23
22520,7499,294,3,133.99,401.97
22521,7500,290,1,744.49,744.49
22522,7500,184,3,103.83,311.49
22523,7500,203,2,59.44,118.88
22524,7501,194,3,136.81,410.43
22525,7501,157,2,2380.02,4760.04
22526,7501,261,3,61.79,185.37
22527,7502,61,3,175.93,527.79
22528,7502,323,1,43.39,43.39
22529,7502,158,2,210.26,420.52
22530,7503,263,1,82.89,82.89
22531,7503,145,2,369.80,739.60
22532,7503,82,4,80.11,320.44
22533,7504,148,4,640.43,2561.72
22534,7504,135,2,176.88,353.76
22535,7504,56,1,408.87,408.87
22536,7505,197,2,111.56,223.12
22537,7505,20,3,49.24,147.72
22538,7505,31,2,79.21,158.42
22539,7506,264,2,1374.60,2749.20
22540,7506,282,3,314.44,943.32
22541,7506,82,4,80.11,320.44
22542,7507,231,4,170.32,681.28
22543,7507,295,3,207.06,621.18
22544,7507,244,2,70.80,141.60
22545,7508,154,1,174.02,174.02
22546,7508,130,4,261.07,1044.28
22547,7508,59,1,1165.61,1165.61
22548,7509,92,2,243.24,486.48
22549,7509,166,3,122.59,367.77
22550,7509,244,4,70.80,283.20
22551,7510,30,4,165.44,661.76
22552,7510,238,1,108.52,108.52
22553,7510,269,1,107.58,107.58
22554,7511,39,4,265.80,1063.20
22555,7511,260,2,95.74,191.48
22556,7511,131,4,151.63,606.52
22557,7512,288,4,236.80,947.20
22558,7512,7,3,158.64,475.92
22559,7512,41,3,82.03,246.09
22560,7513,270,3,777.12,2331.36
22561,7513,95,1,198.29,198.29
22562,7513,273,1,173.28,173.28
22563,7514,67,3,663.51,1990.53
22564,7514,325,2,108.41,216.82
22565,7514,302,3,17.70,53.10
22566,7515,329,3,124.79,374.37
22567,7515,282,2,314.44,628.88
22568,7515,323,1,43.39,43.39
22569,7516,32,4,604.32,2417.28
22570,7516,158,4,210.26,841.04
22571,7516,139,4,392.73,1570.92
22572,7517,122,2,130.97,261.94
22573,7517,236,1,54.07,54.07
22574,7517,265,4,192.94,771.76
22575,7518,293,3,9518.10,28554.30
22576,7518,86,4,137.39,549.56
22577,7518,225,1,267.00,267.00
22578,7519,220,1,38.34,38.34
22579,7519,148,3,640.43,1921.29
22580,7519,36,4,184.31,737.24
22581,7520,162,1,803.06,803.06
22582,7520,334,3,173.02,519.06
22583,7520,319,1,129.86,129.86
22584,7521,317,2,85.93,171.86
22585,7521,241,4,237.51,950.04
22586,7521,296,2,101.13,202.26
22587,7522,119,4,329.12,1316.48
22588,7522,198,1,124.56,124.56
22589,7522,62,3,56.51,169.53
22590,7523,269,3,107.58,322.74
22591,7523,37,4,5435.24,21740.96
22592,7523,104,3,2507.07,7521.21
22593,7524,6,2,536.76,1073.52
22594,7524,279,2,41.73,83.46
22595,7524,92,2,243.24,486.48
22596,7525,20,1,49.24,49.24
22597,7525,248,3,4473.97,13421.91
22598,7525,76,4,49.74,198.96
22599,7526,106,2,502.86,1005.72
22600,7526,179,2,367.91,735.82
22601,7526,262,2,177.88,355.76
22602,7527,221,4,484.99,1939.96
22603,7527,273,3,173.28,519.84
22604,7527,135,3,176.88,530.64
22605,7528,264,3,1374.60,4123.80
22606,7528,52,4,36.58,146.32
22607,7528,40,3,62.79,188.37
22608,7529,170,4,845.55,3382.20
22609,7529,197,4,111.56,446.24
22610,7529,84,4,214.78,859.12
22611,7530,122,1,130.97,130.97
22612,7530,162,1,803.06,803.06
22613,7530,145,2,369.80,739.60
22614,7531,187,2,53.46,106.92
22615,7531,64,3,72.56,217.68
22616,7531,5,2,312.42,624.84
22617,7532,150,2,223.54,447.08
22618,7532,285,1,6751.40,6751.40
22619,7532,229,3,182.92,548.76
22620,7533,162,3,803.06,2409.18
22621,7533,24,4,136.38,545.52
22622,7533,293,1,9518.10,9518.10
22623,7534,67,2,663.51,1327.02
22624,7534,14,4,430.90,1723.60
22625,7534,128,1,1363.48,1363.48
22626,7535,74,4,306.84,1227.36
22627,7535,112,1,97.46,97.46
22628,7535,36,4,184.31,737.24
22629,7536,287,1,553.36,553.36
22630,7536,96,4,171.36,685.44
22631,7536,289,1,37.80,37.80
22632,7537,105,4,63.28,253.12
22633,7537,261,3,61.79,185.37
22634,7537,279,4,41.73,166.92
22635,7538,179,3,367.91,1103.73
22636,7538,151,2,52.78,105.56
22637,7538,264,3,1374.60,4123.80
22638,7539,213,4,231.12,924.48
22639,7539,192,1,365.72,365.72
22640,7539,225,4,267.00,1068.00
22641,7540,240,4,26.71,106.84
22642,7540,147,3,143.83,431.49
22643,7540,316,4,110.67,442.68
22644,7541,192,4,365.72,1462.88
22645,7541,43,1,930.93,930.93
22646,7541,67,1,663.51,663.51
22647,7542,329,1,124.79,124.79
22648,7542,156,4,138.39,553.56
22649,7542,73,3,550.57,1651.71
22650,7543,14,1,430.90,430.90
22651,7543,243,4,471.30,1885.20
22652,7543,300,2,39.77,79.54
22653,7544,228,2,148.63,297.26
22654,7544,54,3,73.34,220.02
22655,7544,282,1,314.44,314.44
22656,7545,329,3,124.79,374.37
22657,7545,183,3,229.08,687.24
22658,7545,155,4,80.38,321.52
22659,7546,73,2,550.57,1101.14
22660,7546,242,4,798.53,3194.12
22661,7546,1,2,41.61,83.22
22662,7547,1,4,41.61,166.44
22663,7547,112,3,97.46,292.38
22664,7547,273,4,173.28,693.12
22665,7548,110,3,81.80,245.40
22666,7548,253,2,32.75,65.50
22667,7548,169,1,537.24,537.24
22668,7549,183,3,229.08,687.24
22669,7549,187,2,53.46,106.92
22670,7549,252,1,576.27,576.27
22671,7550,254,4,196.52,786.08
22672,7550,124,3,201.32,603.96
22673,7550,307,4,195.28,781.12
22674,7551,102,4,39.38,157.52
22675,7551,198,2,124.56,249.12
22676,7551,58,1,158.45,158.45
22677,7552,244,1,70.80,70.80
22678,7552,15,4,602.60,2410.40
22679,7552,134,3,261.22,783.66
22680,7553,332,4,122.23,488.92
22681,7553,229,2,182.92,365.84
22682,7553,36,2,184.31,368.62
22683,7554,14,2,430.90,861.80
22684,7554,177,2,173.92,347.84
22685,7554,4,2,70.68,141.36
22686,7555,159,3,176.40,529.20
22687,7555,130,2,261.07,522.14
22688,7555,16,2,82.24,164.48
22689,7556,86,1,137.39,137.39
22690,7556,127,4,242.46,969.84
22691,7556,29,4,74.94,299.76
22692,7557,47,2,100.93,201.86
22693,7557,159,1,176.40,176.40
22694,7557,270,4,777.12,3108.48
22695,7558,320,1,125.31,125.31
22696,7558,23,2,477.55,955.10
22697,7558,97,1,201.04,201.04
22698,7559,118,4,123.08,492.32
22699,7559,270,1,777.12,777.12
22700,7559,193,2,9668.18,19336.36
22701,7560,329,1,124.79,124.79
22702,7560,59,1,1165.61,1165.61
22703,7560,185,3,118.55,355.65
22704,7561,227,2,154.78,309.56
22705,7561,303,3,199.54,598.62
22706,7561,135,4,176.88,707.52
22707,7562,139,2,392.73,785.46
22708,7562,335,4,117.27,469.08
22709,7562,126,2,105.42,210.84
22710,7563,32,1,604.32,604.32
22711,7563,234,4,157.34,629.36
22712,7563,257,1,77.56,77.56
22713,7564,276,4,1553.72,6214.88
22714,7564,263,4,82.89,331.56
22715,7564,135,3,176.88,530.64
22716,7565,173,2,101.46,202.92
22717,7565,188,2,50.01,100.02
22718,7565,216,1,27.57,27.57
22719,7566,137,2,197.81,395.62
22720,7566,324,1,183.99,183.99
22721,7566,63,1,176.42,176.42
22722,7567,48,4,124.35,497.40
22723,7567,246,1,42.72,42.72
22724,7567,295,4,207.06,828.24
22725,7568,224,1,203.37,203.37
22726,7568,299,2,57.14,114.28
22727,7568,276,4,1553.72,6214.88
22728,7569,152,4,133.94,535.76
22729,7569,277,4,198.38,793.52
22730,7569,197,4,111.56,446.24
22731,7570,128,3,1363.48,4090.44
22732,7570,327,3,91.25,273.75
22733,7570,133,2,153.60,307.20
22734,7571,188,2,50.01,100.02
22735,7571,147,1,143.83,143.83
22736,7571,219,4,662.92,2651.68
22737,7572,15,3,602.60,1807.80
22738,7572,128,4,1363.48,5453.92
22739,7572,260,3,95.74,287.22
22740,7573,136,2,407.27,814.54
22741,7573,17,4,189.07,756.28
22742,7573,271,3,1470.33,4410.99
22743,7574,159,2,176.40,352.80
22744,7574,328,1,180.51,180.51
22745,7574,109,2,21.64,43.28
22746,7575,64,1,72.56,72.56
22747,7575,11,3,88.33,264.99
22748,7575,107,2,136.14,272.28
22749,7576,80,2,180.81,361.62
22750,7576,84,4,214.78,859.12
22751,7576,34,1,5015.04,5015.04
22752,7577,161,2,258.97,517.94
22753,7577,274,1,72.47,72.47
22754,7577,321,3,105.04,315.12
22755,7578,227,1,154.78,154.78
22756,7578,136,3,407.27,1221.81
22757,7578,300,3,39.77,119.31
22758,7579,44,1,86.79,86.79
22759,7579,35,3,166.21,498.63
22760,7579,152,1,133.94,133.94
22761,7580,241,1,237.51,237.51
22762,7580,178,3,110.15,330.45
22763,7580,324,2,183.99,367.98
22764,7581,177,2,173.92,347.84
22765,7581,30,4,165.44,661.76
22766,7581,157,1,2380.02,2380.02
22767,7582,40,2,62.79,125.58
22768,7582,321,3,105.04,315.12
22769,7582,246,2,42.72,85.44
22770,7583,144,2,1176.11,2352.22
22771,7583,142,4,544.13,2176.52
22772,7583,227,2,154.78,309.56
22773,7584,48,4,124.35,497.40
22774,7584,330,1,120.68,120.68
22775,7584,272,2,77.63,155.26
22776,7585,147,2,143.83,287.66
22777,7585,237,2,188.93,377.86
22778,7585,320,3,125.31,375.93
22779,7586,50,4,293.39,1173.56
22780,7586,74,4,306.84,1227.36
22781,7586,335,1,117.27,117.27
22782,7587,140,4,558.26,2233.04
22783,7587,232,4,117.39,469.56
22784,7587,290,1,744.49,744.49
22785,7588,191,3,217.48,652.44
22786,7588,187,2,53.46,106.92
22787,7588,212,1,1815.77,1815.77
22788,7589,129,3,120.28,360.84
22789,7589,8,4,92.31,369.24
22790,7589,173,3,101.46,304.38
22791,7590,51,4,223.70,894.80
22792,7590,140,4,558.26,2233.04
22793,7590,211,1,391.93,391.93
22794,7591,111,1,215.02,215.02
22795,7591,113,2,545.60,1091.20
22796,7591,269,4,107.58,430.32
22797,7592,212,1,1815.77,1815.77
22798,7592,186,3,324.89,974.67
22799,7592,162,1,803.06,803.06
22800,7593,73,1,550.57,550.57
22801,7593,130,3,261.07,783.21
22802,7593,166,4,122.59,490.36
22803,7594,114,2,59.81,119.62
22804,7594,35,3,166.21,498.63
22805,7594,43,3,930.93,2792.79
22806,7595,35,4,166.21,664.84
22807,7595,232,2,117.39,234.78
22808,7595,289,1,37.80,37.80
22809,7596,38,3,2984.65,8953.95
22810,7596,138,2,75.42,150.84
22811,7596,66,1,41.56,41.56
22812,7597,299,1,57.14,57.14
22813,7597,205,1,92.31,92.31
22814,7597,230,4,64.40,257.60
22815,7598,25,2,70.53,141.06
22816,7598,223,2,467.04,934.08
22817,7598,304,4,121.41,485.64
22818,7599,199,4,122.30,489.20
22819,7599,102,3,39.38,118.14
22820,7599,270,3,777.12,2331.36
22821,7600,88,4,92.09,368.36
22822,7600,134,1,261.22,261.22
22823,7600,77,4,90.53,362.12
22824,7601,143,3,55.35,166.05
22825,7601,140,4,558.26,2233.04
22826,7601,139,2,392.73,785.46
22827,7602,190,3,4952.78,14858.34
22828,7602,303,2,199.54,399.08
22829,7602,24,1,136.38,136.38
22830,7603,261,1,61.79,61.79
22831,7603,164,2,259.43,518.86
22832,7603,42,4,288.25,1153.00
22833,7604,126,2,105.42,210.84
22834,7604,88,1,92.09,92.09
22835,7604,296,4,101.13,404.52
22836,7605,330,2,120.68,241.36
22837,7605,42,2,288.25,576.50
22838,7605,259,3,37.26,111.78
22839,7606,78,4,252.79,1011.16
22840,7606,92,3,243.24,729.72
22841,7606,219,1,662.92,662.92
22842,7607,18,4,4347.52,17390.08
22843,7607,83,4,138.27,553.08
22844,7607,11,4,88.33,353.32
22845,7608,228,3,148.63,445.89
22846,7608,302,2,17.70,35.40
22847,7608,25,4,70.53,282.12
22848,7609,52,2,36.58,73.16
22849,7609,214,3,522.07,1566.21
22850,7609,130,4,261.07,1044.28
22851,7610,28,3,30.65,91.95
22852,7610,209,3,299.28,897.84
22853,7610,61,3,175.93,527.79
22854,7611,176,1,204.81,204.81
22855,7611,195,2,46.99,93.98
22856,7611,319,4,129.86,519.44
22857,7612,210,2,107.66,215.32
22858,7612,321,1,105.04,105.04
22859,7612,302,2,17.70,35.40
22860,7613,51,4,223.70,894.80
22861,7613,163,3,150.26,450.78
22862,7613,30,4,165.44,661.76
22863,7614,203,4,59.44,237.76
22864,7614,334,4,173.02,692.08
22865,7614,307,3,195.28,585.84
22866,7615,164,1,259.43,259.43
22867,7615,273,2,173.28,346.56
22868,7615,60,2,301.85,603.70
22869,7616,73,2,550.57,1101.14
22870,7616,52,4,36.58,146.32
22871,7616,98,2,116.76,233.52
22872,7617,83,2,138.27,276.54
22873,7617,67,3,663.51,1990.53
22874,7617,181,2,181.57,363.14
22875,7618,223,3,467.04,1401.12
22876,7618,281,3,34.70,104.10
22877,7618,264,4,1374.60,5498.40
22878,7619,35,3,166.21,498.63
22879,7619,302,2,17.70,35.40
22880,7619,321,2,105.04,210.08
22881,7620,137,3,197.81,593.43
22882,7620,172,2,53.49,106.98
22883,7620,147,3,143.83,431.49
22884,7621,47,4,100.93,403.72
22885,7621,176,2,204.81,409.62
22886,7621,329,3,124.79,374.37
22887,7622,212,2,1815.77,3631.54
22888,7622,175,2,239.58,479.16
22889,7622,136,2,407.27,814.54
22890,7623,129,1,120.28,120.28
22891,7623,23,2,477.55,955.10
22892,7623,184,4,103.83,415.32
22893,7624,129,2,120.28,240.56
22894,7624,189,3,87.00,261.00
22895,7624,63,3,176.42,529.26
22896,7625,29,3,74.94,224.82
22897,7625,37,4,5435.24,21740.96
22898,7625,9,3,1355.55,4066.65
22899,7626,127,1,242.46,242.46
22900,7626,18,2,4347.52,8695.04
22901,7626,107,1,136.14,136.14
22902,7627,106,3,502.86,1508.58
22903,7627,44,3,86.79,260.37
22904,7627,180,4,206.84,827.36
22905,7628,179,2,367.91,735.82
22906,7628,98,2,116.76,233.52
22907,7628,1,4,41.61,166.44
22908,7629,289,1,37.80,37.80
22909,7629,53,2,26.41,52.82
22910,7629,210,2,107.66,215.32
22911,7630,267,4,276.85,1107.40
22912,7630,25,4,70.53,282.12
22913,7630,86,4,137.39,549.56
22914,7631,84,1,214.78,214.78
22915,7631,185,1,118.55,118.55
22916,7631,256,4,255.06,1020.24
22917,7632,85,3,279.78,839.34
22918,7632,22,4,709.66,2838.64
22919,7632,236,4,54.07,216.28
22920,7633,162,4,803.06,3212.24
22921,7633,11,4,88.33,353.32
22922,7633,189,1,87.00,87.00
22923,7634,105,3,63.28,189.84
22924,7634,289,4,37.80,151.20
22925,7634,13,2,44.19,88.38
22926,7635,228,2,148.63,297.26
22927,7635,296,2,101.13,202.26
22928,7635,309,2,132.91,265.82
22929,7636,151,3,52.78,158.34
22930,7636,170,3,845.55,2536.65
22931,7636,261,3,61.79,185.37
22932,7637,173,1,101.46,101.46
22933,7637,185,2,118.55,237.10
22934,7637,285,4,6751.40,27005.60
22935,7638,167,2,125.02,250.04
22936,7638,300,4,39.77,159.08
22937,7638,11,4,88.33,353.32
22938,7639,320,1,125.31,125.31
22939,7639,289,1,37.80,37.80
22940,7639,276,4,1553.72,6214.88
22941,7640,277,4,198.38,793.52
22942,7640,95,1,198.29,198.29
22943,7640,64,3,72.56,217.68
22944,7641,171,4,49.52,198.08
22945,7641,45,4,5111.42,20445.68
22946,7641,265,1,192.94,192.94
22947,7642,7,4,158.64,634.56
22948,7642,153,2,41.42,82.84
22949,7642,222,1,106.41,106.41
22950,7643,207,1,62.51,62.51
22951,7643,174,2,93.41,186.82
22952,7643,85,2,279.78,559.56
22953,7644,91,4,103.05,412.20
22954,7644,73,3,550.57,1651.71
22955,7644,310,1,106.27,106.27
22956,7645,327,2,91.25,182.50
22957,7645,310,2,106.27,212.54
22958,7645,110,1,81.80,81.80
22959,7646,98,2,116.76,233.52
22960,7646,74,2,306.84,613.68
22961,7646,335,2,117.27,234.54
22962,7647,270,4,777.12,3108.48
22963,7647,278,2,405.40,810.80
22964,7647,252,4,576.27,2305.08
22965,7648,184,4,103.83,415.32
22966,7648,333,4,167.16,668.64
22967,7648,259,2,37.26,74.52
22968,7649,259,3,37.26,111.78
22969,7649,66,4,41.56,166.24
22970,7649,162,2,803.06,1606.12
22971,7650,267,3,276.85,830.55
22972,7650,101,2,156.57,313.14
22973,7650,214,1,522.07,522.07
22974,7651,282,4,314.44,1257.76
22975,7651,95,4,198.29,793.16
22976,7651,139,1,392.73,392.73
22977,7652,89,4,185.24,740.96
22978,7652,246,3,42.72,128.16
22979,7652,44,4,86.79,347.16
22980,7653,13,2,44.19,88.38
22981,7653,120,2,532.02,1064.04
22982,7653,273,4,173.28,693.12
22983,7654,227,3,154.78,464.34
22984,7654,19,4,79.80,319.20
22985,7654,125,4,319.28,1277.12
22986,7655,48,4,124.35,497.40
22987,7655,6,2,536.76,1073.52
22988,7655,255,3,71.89,215.67
22989,7656,25,2,70.53,141.06
22990,7656,215,3,136.44,409.32
22991,7656,165,1,257.39,257.39
22992,7657,180,1,206.84,206.84
22993,7657,209,3,299.28,897.84
22994,7657,13,3,44.19,132.57
22995,7658,261,2,61.79,123.58
22996,7658,48,1,124.35,124.35
22997,7658,8,2,92.31,184.62
22998,7659,257,1,77.56,77.56
22999,7659,296,3,101.13,303.39
23000,7659,5,2,312.42,624.84
23001,7660,141,4,482.39,1929.56
23002,7660,210,2,107.66,215.32
23003,7660,273,4,173.28,693.12
23004,7661,57,4,425.93,1703.72
23005,7661,47,1,100.93,100.93
23006,7661,163,2,150.26,300.52
23007,7662,153,2,41.42,82.84
23008,7662,62,4,56.51,226.04
23009,7662,331,4,54.96,219.84
23010,7663,133,2,153.60,307.20
23011,7663,149,4,63.35,253.40
23012,7663,298,1,103.05,103.05
23013,7664,100,2,912.50,1825.00
23014,7664,20,1,49.24,49.24
23015,7664,274,2,72.47,144.94
23016,7665,281,1,34.70,34.70
23017,7665,8,4,92.31,369.24
23018,7665,299,4,57.14,228.56
23019,7666,62,4,56.51,226.04
23020,7666,307,2,195.28,390.56
23021,7666,167,3,125.02,375.06
23022,7667,280,4,154.65,618.60
23023,7667,12,2,423.08,846.16
23024,7667,131,1,151.63,151.63
23025,7668,209,2,299.28,598.56
23026,7668,99,3,4229.74,12689.22
23027,7668,264,4,1374.60,5498.40
23028,7669,69,2,206.85,413.70
23029,7669,121,1,376.95,376.95
23030,7669,131,2,151.63,303.26
23031,7670,98,2,116.76,233.52
23032,7670,278,3,405.40,1216.20
23033,7670,225,2,267.00,534.00
23034,7671,221,3,484.99,1454.97
23035,7671,99,3,4229.74,12689.22
23036,7671,184,1,103.83,103.83
23037,7672,116,2,86.77,173.54
23038,7672,246,2,42.72,85.44
23039,7672,161,1,258.97,258.97
23040,7673,271,4,1470.33,5881.32
23041,7673,167,1,125.02,125.02
23042,7673,249,1,333.60,333.60
23043,7674,303,1,199.54,199.54
23044,7674,19,3,79.80,239.40
23045,7674,217,2,324.83,649.66
23046,7675,98,4,116.76,467.04
23047,7675,328,2,180.51,361.02
23048,7675,311,1,32.45,32.45
23049,7676,128,4,1363.48,5453.92
23050,7676,278,3,405.40,1216.20
23051,7676,103,1,88.38,88.38
23052,7677,318,4,27.43,109.72
23053,7677,24,4,136.38,545.52
23054,7677,137,4,197.81,791.24
23055,7678,209,4,299.28,1197.12
23056,7678,329,3,124.79,374.37
23057,7678,47,1,100.93,100.93
23058,7679,70,2,79.39,158.78
23059,7679,267,2,276.85,553.70
23060,7679,105,2,63.28,126.56
23061,7680,26,2,979.66,1959.32
23062,7680,62,2,56.51,113.02
23063,7680,202,1,109.28,109.28
23064,7681,185,4,118.55,474.20
23065,7681,204,3,362.70,1088.10
23066,7681,58,2,158.45,316.90
23067,7682,268,4,186.90,747.60
23068,7682,157,4,2380.02,9520.08
23069,7682,165,1,257.39,257.39
23070,7683,19,3,79.80,239.40
23071,7683,257,3,77.56,232.68
23072,7683,26,3,979.66,2938.98
23073,7684,33,4,618.92,2475.68
23074,7684,60,2,301.85,603.70
23075,7684,107,1,136.14,136.14
23076,7685,155,3,80.38,241.14
23077,7685,40,1,62.79,62.79
23078,7685,83,4,138.27,553.08
23079,7686,279,3,41.73,125.19
23080,7686,39,1,265.80,265.80
23081,7686,62,4,56.51,226.04
23082,7687,42,2,288.25,576.50
23083,7687,102,2,39.38,78.76
23084,7687,109,3,21.64,64.92
23085,7688,268,3,186.90,560.70
23086,7688,31,2,79.21,158.42
23087,7688,77,1,90.53,90.53
23088,7689,156,1,138.39,138.39
23089,7689,49,4,109.83,439.32
23090,7689,230,1,64.40,64.40
23091,7690,139,4,392.73,1570.92
23092,7690,6,4,536.76,2147.04
23093,7690,324,2,183.99,367.98
23094,7691,245,4,75.04,300.16
23095,7691,156,2,138.39,276.78
23096,7691,98,2,116.76,233.52
23097,7692,82,3,80.11,240.33
23098,7692,218,3,49.88,149.64
23099,7692,114,3,59.81,179.43
23100,7693,152,2,133.94,267.88
23101,7693,151,1,52.78,52.78
23102,7693,236,4,54.07,216.28
23103,7694,19,2,79.80,159.60
23104,7694,29,2,74.94,149.88
23105,7694,53,4,26.41,105.64
23106,7695,89,1,185.24,185.24
23107,7695,161,1,258.97,258.97
23108,7695,201,3,83.06,249.18
23109,7696,240,1,26.71,26.71
23110,7696,226,4,106.24,424.96
23111,7696,262,2,177.88,355.76
23112,7697,162,4,803.06,3212.24
23113,7697,316,3,110.67,332.01
23114,7697,193,3,9668.18,29004.54
23115,7698,61,4,175.93,703.72
23116,7698,94,1,61.84,61.84
23117,7698,142,2,544.13,1088.26
23118,7699,281,2,34.70,69.40
23119,7699,289,1,37.80,37.80
23120,7699,66,3,41.56,124.68
23121,7700,202,1,109.28,109.28
23122,7700,121,3,376.95,1130.85
23123,7700,158,4,210.26,841.04
23124,7701,80,3,180.81,542.43
23125,7701,307,3,195.28,585.84
23126,7701,1,4,41.61,166.44
23127,7702,291,1,25.62,25.62
23128,7702,306,3,184.88,554.64
23129,7702,329,4,124.79,499.16
23130,7703,158,2,210.26,420.52
23131,7703,31,1,79.21,79.21
23132,7703,255,3,71.89,215.67
23133,7704,252,2,576.27,1152.54
23134,7704,269,1,107.58,107.58
23135,7704,180,1,206.84,206.84
23136,7705,257,3,77.56,232.68
23137,7705,109,3,21.64,64.92
23138,7705,306,1,184.88,184.88
23139,7706,203,3,59.44,178.32
23140,7706,73,2,550.57,1101.14
23141,7706,306,1,184.88,184.88
23142,7707,247,4,127.32,509.28
23143,7707,113,1,545.60,545.60
23144,7707,114,1,59.81,59.81
23145,7708,192,1,365.72,365.72
23146,7708,105,3,63.28,189.84
23147,7708,258,4,57.78,231.12
23148,7709,19,1,79.80,79.80
23149,7709,263,1,82.89,82.89
23150,7709,242,1,798.53,798.53
23151,7710,324,4,183.99,735.96
23152,7710,33,1,618.92,618.92
23153,7710,114,4,59.81,239.24
23154,7711,263,2,82.89,165.78
23155,7711,119,4,329.12,1316.48
23156,7711,206,2,125.45,250.90
23157,7712,186,3,324.89,974.67
23158,7712,193,4,9668.18,38672.72
23159,7712,19,2,79.80,159.60
23160,7713,14,1,430.90,430.90
23161,7713,208,1,5119.77,5119.77
23162,7713,253,1,32.75,32.75
23163,7714,315,2,69.11,138.22
23164,7714,216,3,27.57,82.71
23165,7714,75,4,63.53,254.12
23166,7715,196,1,68.93,68.93
23167,7715,17,4,189.07,756.28
23168,7715,42,2,288.25,576.50
23169,7716,331,4,54.96,219.84
23170,7716,97,2,201.04,402.08
23171,7716,232,1,117.39,117.39
23172,7717,179,4,367.91,1471.64
23173,7717,101,4,156.57,626.28
23174,7717,132,3,152.84,458.52
23175,7718,101,4,156.57,626.28
23176,7718,210,4,107.66,430.64
23177,7718,187,2,53.46,106.92
23178,7719,54,2,73.34,146.68
23179,7719,270,3,777.12,2331.36
23180,7719,266,1,379.02,379.02
23181,7720,151,4,52.78,211.12
23182,7720,94,2,61.84,123.68
23183,7720,305,4,18.21,72.84
23184,7721,17,2,189.07,378.14
23185,7721,7,2,158.64,317.28
23186,7721,220,3,38.34,115.02
23187,7722,1,1,41.61,41.61
23188,7722,217,1,324.83,324.83
23189,7722,292,2,40.52,81.04
23190,7723,51,1,223.70,223.70
23191,7723,72,1,201.58,201.58
23192,7723,146,3,364.03,1092.09
23193,7724,210,2,107.66,215.32
23194,7724,223,4,467.04,1868.16
23195,7724,252,1,576.27,576.27
23196,7725,164,3,259.43,778.29
23197,7725,310,4,106.27,425.08
23198,7725,201,1,83.06,83.06
23199,7726,84,4,214.78,859.12
23200,7726,203,2,59.44,118.88
23201,7726,19,3,79.80,239.40
23202,7727,146,1,364.03,364.03
23203,7727,319,4,129.86,519.44
23204,7727,16,4,82.24,328.96
23205,7728,123,3,340.07,1020.21
23206,7728,147,1,143.83,143.83
23207,7728,155,2,80.38,160.76
23208,7729,136,3,407.27,1221.81
23209,7729,198,1,124.56,124.56
23210,7729,284,3,33.21,99.63
23211,7730,29,2,74.94,149.88
23212,7730,206,1,125.45,125.45
23213,7730,169,2,537.24,1074.48
23214,7731,49,2,109.83,219.66
23215,7731,233,2,107.91,215.82
23216,7731,29,3,74.94,224.82
23217,7732,309,2,132.91,265.82
23218,7732,21,4,37.53,150.12
23219,7732,99,2,4229.74,8459.48
23220,7733,326,1,127.79,127.79
23221,7733,122,2,130.97,261.94
23222,7733,93,2,73.99,147.98
23223,7734,35,2,166.21,332.42
23224,7734,235,3,1867.81,5603.43
23225,7734,143,3,55.35,166.05
23226,7735,28,2,30.65,61.30
23227,7735,114,2,59.81,119.62
23228,7735,65,4,114.10,456.40
23229,7736,298,4,103.05,412.20
23230,7736,170,1,845.55,845.55
23231,7736,115,4,559.60,2238.40
23232,7737,145,2,369.80,739.60
23233,7737,77,4,90.53,362.12
23234,7737,126,3,105.42,316.26
23235,7738,313,4,49.11,196.44
23236,7738,300,1,39.77,39.77
23237,7738,126,2,105.42,210.84
23238,7739,91,3,103.05,309.15
23239,7739,310,1,106.27,106.27
23240,7739,327,3,91.25,273.75
23241,7740,215,2,136.44,272.88
23242,7740,195,3,46.99,140.97
23243,7740,231,4,170.32,681.28
23244,7741,59,4,1165.61,4662.44
23245,7741,27,3,485.13,1455.39
23246,7741,312,2,25.20,50.40
23247,7742,89,3,185.24,555.72
23248,7742,180,4,206.84,827.36
23249,7742,109,4,21.64,86.56
23250,7743,24,4,136.38,545.52
23251,7743,334,1,173.02,173.02
23252,7743,203,3,59.44,178.32
23253,7744,212,2,1815.77,3631.54
23254,7744,134,2,261.22,522.44
23255,7744,270,4,777.12,3108.48
23256,7745,227,2,154.78,309.56
23257,7745,322,1,161.49,161.49
23258,7745,312,2,25.20,50.40
23259,7746,305,4,18.21,72.84
23260,7746,79,4,221.90,887.60
23261,7746,4,3,70.68,212.04
23262,7747,290,2,744.49,1488.98
23263,7747,175,4,239.58,958.32
23264,7747,60,4,301.85,1207.40
23265,7748,114,3,59.81,179.43
23266,7748,120,3,532.02,1596.06
23267,7748,180,4,206.84,827.36
23268,7749,78,3,252.79,758.37
23269,7749,179,3,367.91,1103.73
23270,7749,221,2,484.99,969.98
23271,7750,132,2,152.84,305.68
23272,7750,215,4,136.44,545.76
23273,7750,206,3,125.45,376.35
23274,7751,154,2,174.02,348.04
23275,7751,60,3,301.85,905.55
23276,7751,187,1,53.46,53.46
23277,7752,120,4,532.02,2128.08
23278,7752,138,3,75.42,226.26
23279,7752,18,2,4347.52,8695.04
23280,7753,198,3,124.56,373.68
23281,7753,191,4,217.48,869.92
23282,7753,91,1,103.05,103.05
23283,7754,235,1,1867.81,1867.81
23284,7754,65,4,114.10,456.40
23285,7754,335,4,117.27,469.08
23286,7755,156,3,138.39,415.17
23287,7755,61,1,175.93,175.93
23288,7755,309,2,132.91,265.82
23289,7756,107,1,136.14,136.14
23290,7756,39,4,265.80,1063.20
23291,7756,279,1,41.73,41.73
23292,7757,251,2,87.96,175.92
23293,7757,287,4,553.36,2213.44
23294,7757,238,2,108.52,217.04
23295,7758,108,1,368.57,368.57
23296,7758,166,3,122.59,367.77
23297,7758,203,1,59.44,59.44
23298,7759,173,2,101.46,202.92
23299,7759,76,1,49.74,49.74
23300,7759,166,1,122.59,122.59
23301,7760,106,3,502.86,1508.58
23302,7760,314,1,28.97,28.97
23303,7760,210,2,107.66,215.32
23304,7761,178,4,110.15,440.60
23305,7761,301,3,136.93,410.79
23306,7761,148,3,640.43,1921.29
23307,7762,310,3,106.27,318.81
23308,7762,74,4,306.84,1227.36
23309,7762,123,2,340.07,680.14
23310,7763,41,1,82.03,82.03
23311,7763,53,2,26.41,52.82
23312,7763,32,2,604.32,1208.64
23313,7764,2,2,54.72,109.44
23314,7764,211,1,391.93,391.93
23315,7764,209,2,299.28,598.56
23316,7765,228,3,148.63,445.89
23317,7765,134,3,261.22,783.66
23318,7765,68,2,416.05,832.10
23319,7766,114,4,59.81,239.24
23320,7766,286,3,65.95,197.85
23321,7766,135,2,176.88,353.76
23322,7767,83,2,138.27,276.54
23323,7767,28,4,30.65,122.60
23324,7767,132,4,152.84,611.36
23325,7768,270,4,777.12,3108.48
23326,7768,184,3,103.83,311.49
23327,7768,172,1,53.49,53.49
23328,7769,58,4,158.45,633.80
23329,7769,132,4,152.84,611.36
23330,7769,41,3,82.03,246.09
23331,7770,56,2,408.87,817.74
23332,7770,217,1,324.83,324.83
23333,7770,113,3,545.60,1636.80
23334,7771,289,1,37.80,37.80
23335,7771,334,4,173.02,692.08
23336,7771,198,1,124.56,124.56
23337,7772,97,1,201.04,201.04
23338,7772,46,3,64.02,192.06
23339,7772,42,2,288.25,576.50
23340,7773,257,3,77.56,232.68
23341,7773,276,2,1553.72,3107.44
23342,7773,65,3,114.10,342.30
23343,7774,295,4,207.06,828.24
23344,7774,113,2,545.60,1091.20
23345,7774,175,3,239.58,718.74
23346,7775,194,4,136.81,547.24
23347,7775,144,3,1176.11,3528.33
23348,7775,165,1,257.39,257.39
23349,7776,9,2,1355.55,2711.10
23350,7776,176,1,204.81,204.81
23351,7776,232,2,117.39,234.78
23352,7777,224,3,203.37,610.11
23353,7777,126,1,105.42,105.42
23354,7777,295,1,207.06,207.06
23355,7778,211,4,391.93,1567.72
23356,7778,93,1,73.99,73.99
23357,7778,64,3,72.56,217.68
23358,7779,258,3,57.78,173.34
23359,7779,211,1,391.93,391.93
23360,7779,139,1,392.73,392.73
23361,7780,127,2,242.46,484.92
23362,7780,55,4,361.92,1447.68
23363,7780,15,3,602.60,1807.80
23364,7781,178,3,110.15,330.45
23365,7781,71,1,81.12,81.12
23366,7781,242,1,798.53,798.53
23367,7782,242,3,798.53,2395.59
23368,7782,107,2,136.14,272.28
23369,7782,266,4,379.02,1516.08
23370,7783,227,2,154.78,309.56
23371,7783,328,4,180.51,722.04
23372,7783,146,1,364.03,364.03
23373,7784,214,4,522.07,2088.28
23374,7784,182,2,312.02,624.04
23375,7784,237,4,188.93,755.72
23376,7785,179,2,367.91,735.82
23377,7785,148,4,640.43,2561.72
23378,7785,309,3,132.91,398.73
23379,7786,205,3,92.31,276.93
23380,7786,135,3,176.88,530.64
23381,7786,299,1,57.14,57.14
23382,7787,260,4,95.74,382.96
23383,7787,144,4,1176.11,4704.44
23384,7787,331,2,54.96,109.92
23385,7788,178,2,110.15,220.30
23386,7788,63,3,176.42,529.26
23387,7788,219,2,662.92,1325.84
23388,7789,138,4,75.42,301.68
23389,7789,123,2,340.07,680.14
23390,7789,128,2,1363.48,2726.96
23391,7790,284,2,33.21,66.42
23392,7790,223,4,467.04,1868.16
23393,7790,291,3,25.62,76.86
23394,7791,15,1,602.60,602.60
23395,7791,121,1,376.95,376.95
23396,7791,26,3,979.66,2938.98
23397,7792,274,2,72.47,144.94
23398,7792,202,3,109.28,327.84
23399,7792,82,4,80.11,320.44
23400,7793,119,1,329.12,329.12
23401,7793,126,2,105.42,210.84
23402,7793,274,1,72.47,72.47
23403,7794,259,3,37.26,111.78
23404,7794,196,1,68.93,68.93
23405,7794,65,1,114.10,114.10
23406,7795,35,3,166.21,498.63
23407,7795,113,4,545.60,2182.40
23408,7795,1,1,41.61,41.61
23409,7796,123,4,340.07,1360.28
23410,7796,39,2,265.80,531.60
23411,7796,224,4,203.37,813.48
23412,7797,56,1,408.87,408.87
23413,7797,175,3,239.58,718.74
23414,7797,136,4,407.27,1629.08
23415,7798,303,1,199.54,199.54
23416,7798,24,3,136.38,409.14
23417,7798,101,3,156.57,469.71
23418,7799,218,3,49.88,149.64
23419,7799,228,1,148.63,148.63
23420,7799,74,1,306.84,306.84
23421,7800,288,1,236.80,236.80
23422,7800,133,2,153.60,307.20
23423,7800,312,4,25.20,100.80
23424,7801,83,3,138.27,414.81
23425,7801,98,2,116.76,233.52
23426,7801,63,2,176.42,352.84
23427,7802,230,1,64.40,64.40
23428,7802,162,1,803.06,803.06
23429,7802,197,2,111.56,223.12
23430,7803,280,4,154.65,618.60
23431,7803,175,4,239.58,958.32
23432,7803,236,1,54.07,54.07
23433,7804,18,4,4347.52,17390.08
23434,7804,28,1,30.65,30.65
23435,7804,326,2,127.79,255.58
23436,7805,335,2,117.27,234.54
23437,7805,103,2,88.38,176.76
23438,7805,248,4,4473.97,17895.88
23439,7806,10,1,42.91,42.91
23440,7806,234,1,157.34,157.34
23441,7806,79,3,221.90,665.70
23442,7807,88,3,92.09,276.27
23443,7807,236,3,54.07,162.21
23444,7807,306,3,184.88,554.64
23445,7808,58,1,158.45,158.45
23446,7808,128,1,1363.48,1363.48
23447,7808,293,3,9518.10,28554.30
23448,7809,79,2,221.90,443.80
23449,7809,57,2,425.93,851.86
23450,7809,106,3,502.86,1508.58
23451,7810,154,2,174.02,348.04
23452,7810,206,2,125.45,250.90
23453,7810,42,2,288.25,576.50
23454,7811,229,1,182.92,182.92
23455,7811,227,1,154.78,154.78
23456,7811,191,3,217.48,652.44
23457,7812,291,2,25.62,51.24
23458,7812,185,4,118.55,474.20
23459,7812,208,1,5119.77,5119.77
23460,7813,319,3,129.86,389.58
23461,7813,6,2,536.76,1073.52
23462,7813,251,4,87.96,351.84
23463,7814,293,3,9518.10,28554.30
23464,7814,124,3,201.32,603.96
23465,7814,55,1,361.92,361.92
23466,7815,163,4,150.26,601.04
23467,7815,120,4,532.02,2128.08
23468,7815,11,1,88.33,88.33
23469,7816,274,2,72.47,144.94
23470,7816,7,4,158.64,634.56
23471,7816,273,3,173.28,519.84
23472,7817,86,4,137.39,549.56
23473,7817,137,1,197.81,197.81
23474,7817,202,2,109.28,218.56
23475,7818,178,2,110.15,220.30
23476,7818,232,1,117.39,117.39
23477,7818,182,4,312.02,1248.08
23478,7819,226,1,106.24,106.24
23479,7819,3,4,108.77,435.08
23480,7819,334,3,173.02,519.06
23481,7820,9,2,1355.55,2711.10
23482,7820,78,3,252.79,758.37
23483,7820,108,3,368.57,1105.71
23484,7821,231,4,170.32,681.28
23485,7821,277,1,198.38,198.38
23486,7821,93,3,73.99,221.97
23487,7822,330,2,120.68,241.36
23488,7822,282,2,314.44,628.88
23489,7822,114,1,59.81,59.81
23490,7823,237,4,188.93,755.72
23491,7823,115,1,559.60,559.60
23492,7823,276,1,1553.72,1553.72
23493,7824,102,4,39.38,157.52
23494,7824,104,3,2507.07,7521.21
23495,7824,228,2,148.63,297.26
23496,7825,320,4,125.31,501.24
23497,7825,61,4,175.93,703.72
23498,7825,277,1,198.38,198.38
23499,7826,290,1,744.49,744.49
23500,7826,140,1,558.26,558.26
23501,7826,334,3,173.02,519.06
23502,7827,36,4,184.31,737.24
23503,7827,202,1,109.28,109.28
23504,7827,92,1,243.24,243.24
23505,7828,335,3,117.27,351.81
23506,7828,94,3,61.84,185.52
23507,7828,150,4,223.54,894.16
23508,7829,304,1,121.41,121.41
23509,7829,271,2,1470.33,2940.66
23510,7829,150,1,223.54,223.54
23511,7830,10,1,42.91,42.91
23512,7830,300,1,39.77,39.77
23513,7830,31,2,79.21,158.42
23514,7831,7,2,158.64,317.28
23515,7831,34,2,5015.04,10030.08
23516,7831,82,4,80.11,320.44
23517,7832,290,3,744.49,2233.47
23518,7832,177,2,173.92,347.84
23519,7832,248,3,4473.97,13421.91
23520,7833,221,1,484.99,484.99
23521,7833,151,3,52.78,158.34
23522,7833,27,4,485.13,1940.52
23523,7834,315,3,69.11,207.33
23524,7834,307,3,195.28,585.84
23525,7834,161,1,258.97,258.97
23526,7835,253,3,32.75,98.25
23527,7835,225,2,267.00,534.00
23528,7835,169,2,537.24,1074.48
23529,7836,304,3,121.41,364.23
23530,7836,278,4,405.40,1621.60
23531,7836,238,4,108.52,434.08
23532,7837,36,3,184.31,552.93
23533,7837,244,3,70.80,212.40
23534,7837,120,2,532.02,1064.04
23535,7838,168,2,84.08,168.16
23536,7838,260,4,95.74,382.96
23537,7838,223,1,467.04,467.04
23538,7839,37,3,5435.24,16305.72
23539,7839,147,3,143.83,431.49
23540,7839,149,1,63.35,63.35
23541,7840,255,1,71.89,71.89
23542,7840,212,2,1815.77,3631.54
23543,7840,203,1,59.44,59.44
23544,7841,148,4,640.43,2561.72
23545,7841,115,1,559.60,559.60
23546,7841,78,3,252.79,758.37
23547,7842,204,2,362.70,725.40
23548,7842,6,4,536.76,2147.04
23549,7842,251,3,87.96,263.88
23550,7843,98,4,116.76,467.04
23551,7843,204,4,362.70,1450.80
23552,7843,235,2,1867.81,3735.62
23553,7844,279,4,41.73,166.92
23554,7844,204,1,362.70,362.70
23555,7844,281,1,34.70,34.70
23556,7845,282,4,314.44,1257.76
23557,7845,96,4,171.36,685.44
23558,7845,65,4,114.10,456.40
23559,7846,186,2,324.89,649.78
23560,7846,127,2,242.46,484.92
23561,7846,107,3,136.14,408.42
23562,7847,242,2,798.53,1597.06
23563,7847,116,1,86.77,86.77
23564,7847,135,1,176.88,176.88
23565,7848,154,3,174.02,522.06
23566,7848,58,1,158.45,158.45
23567,7848,296,4,101.13,404.52
23568,7849,278,2,405.40,810.80
23569,7849,29,4,74.94,299.76
23570,7849,318,1,27.43,27.43
23571,7850,37,2,5435.24,10870.48
23572,7850,160,4,103.53,414.12
23573,7850,149,4,63.35,253.40
23574,7851,19,1,79.80,79.80
23575,7851,41,2,82.03,164.06
23576,7851,46,1,64.02,64.02
23577,7852,221,3,484.99,1454.97
23578,7852,275,4,110.46,441.84
23579,7852,276,3,1553.72,4661.16
23580,7853,62,1,56.51,56.51
23581,7853,67,3,663.51,1990.53
23582,7853,331,4,54.96,219.84
23583,7854,259,3,37.26,111.78
23584,7854,121,4,376.95,1507.80
23585,7854,135,2,176.88,353.76
23586,7855,277,4,198.38,793.52
23587,7855,83,3,138.27,414.81
23588,7855,205,1,92.31,92.31
23589,7856,334,2,173.02,346.04
23590,7856,133,2,153.60,307.20
23591,7856,64,4,72.56,290.24
23592,7857,156,3,138.39,415.17
23593,7857,11,2,88.33,176.66
23594,7857,113,2,545.60,1091.20
23595,7858,57,4,425.93,1703.72
23596,7858,186,1,324.89,324.89
23597,7858,278,1,405.40,405.40
23598,7859,241,4,237.51,950.04
23599,7859,113,1,545.60,545.60
23600,7859,62,1,56.51,56.51
23601,7860,193,4,9668.18,38672.72
23602,7860,271,4,1470.33,5881.32
23603,7860,277,4,198.38,793.52
23604,7861,241,4,237.51,950.04
23605,7861,220,2,38.34,76.68
23606,7861,214,3,522.07,1566.21
23607,7862,321,1,105.04,105.04
23608,7862,167,4,125.02,500.08
23609,7862,74,3,306.84,920.52
23610,7863,69,1,206.85,206.85
23611,7863,154,1,174.02,174.02
23612,7863,287,2,553.36,1106.72
23613,7864,2,1,54.72,54.72
23614,7864,189,3,87.00,261.00
23615,7864,33,2,618.92,1237.84
23616,7865,233,4,107.91,431.64
23617,7865,300,4,39.77,159.08
23618,7865,131,1,151.63,151.63
23619,7866,139,4,392.73,1570.92
23620,7866,254,3,196.52,589.56
23621,7866,175,2,239.58,479.16
23622,7867,167,4,125.02,500.08
23623,7867,224,3,203.37,610.11
23624,7867,209,1,299.28,299.28
23625,7868,136,4,407.27,1629.08
23626,7868,229,2,182.92,365.84
23627,7868,216,3,27.57,82.71
23628,7869,146,3,364.03,1092.09
23629,7869,57,1,425.93,425.93
23630,7869,149,1,63.35,63.35
23631,7870,334,3,173.02,519.06
23632,7870,223,3,467.04,1401.12
23633,7870,18,2,4347.52,8695.04
23634,7871,151,1,52.78,52.78
23635,7871,188,3,50.01,150.03
23636,7871,268,1,186.90,186.90
23637,7872,313,1,49.11,49.11
23638,7872,209,1,299.28,299.28
23639,7872,192,3,365.72,1097.16
23640,7873,45,1,5111.42,5111.42
23641,7873,161,2,258.97,517.94
23642,7873,318,2,27.43,54.86
23643,7874,40,1,62.79,62.79
23644,7874,305,2,18.21,36.42
23645,7874,86,3,137.39,412.17
23646,7875,21,3,37.53,112.59
23647,7875,335,2,117.27,234.54
23648,7875,252,3,576.27,1728.81
23649,7876,280,3,154.65,463.95
23650,7876,249,4,333.60,1334.40
23651,7876,101,3,156.57,469.71
23652,7877,116,2,86.77,173.54
23653,7877,192,2,365.72,731.44
23654,7877,91,2,103.05,206.10
23655,7878,229,4,182.92,731.68
23656,7878,183,3,229.08,687.24
23657,7878,65,2,114.10,228.20
23658,7879,77,4,90.53,362.12
23659,7879,236,1,54.07,54.07
23660,7879,227,3,154.78,464.34
23661,7880,132,4,152.84,611.36
23662,7880,168,3,84.08,252.24
23663,7880,83,1,138.27,138.27
23664,7881,82,3,80.11,240.33
23665,7881,252,3,576.27,1728.81
23666,7881,214,4,522.07,2088.28
23667,7882,233,1,107.91,107.91
23668,7882,30,3,165.44,496.32
23669,7882,120,1,532.02,532.02
23670,7883,317,3,85.93,257.79
23671,7883,322,4,161.49,645.96
23672,7883,6,3,536.76,1610.28
23673,7884,193,2,9668.18,19336.36
23674,7884,158,3,210.26,630.78
23675,7884,97,2,201.04,402.08
23676,7885,168,3,84.08,252.24
23677,7885,98,3,116.76,350.28
23678,7885,285,4,6751.40,27005.60
23679,7886,78,2,252.79,505.58
23680,7886,310,1,106.27,106.27
23681,7886,304,4,121.41,485.64
23682,7887,20,4,49.24,196.96
23683,7887,72,4,201.58,806.32
23684,7887,13,2,44.19,88.38
23685,7888,101,3,156.57,469.71
23686,7888,41,1,82.03,82.03
23687,7888,209,3,299.28,897.84
23688,7889,291,4,25.62,102.48
23689,7889,62,4,56.51,226.04
23690,7889,65,2,114.10,228.20
23691,7890,248,2,4473.97,8947.94
23692,7890,227,4,154.78,619.12
23693,7890,148,1,640.43,640.43
23694,7891,314,3,28.97,86.91
23695,7891,180,3,206.84,620.52
23696,7891,231,2,170.32,340.64
23697,7892,255,1,71.89,71.89
23698,7892,72,3,201.58,604.74
23699,7892,148,2,640.43,1280.86
23700,7893,57,1,425.93,425.93
23701,7893,2,3,54.72,164.16
23702,7893,252,3,576.27,1728.81
23703,7894,3,4,108.77,435.08
23704,7894,180,4,206.84,827.36
23705,7894,71,4,81.12,324.48
23706,7895,69,3,206.85,620.55
23707,7895,54,4,73.34,293.36
23708,7895,152,4,133.94,535.76
23709,7896,265,3,192.94,578.82
23710,7896,31,1,79.21,79.21
23711,7896,71,2,81.12,162.24
23712,7897,286,3,65.95,197.85
23713,7897,113,2,545.60,1091.20
23714,7897,70,3,79.39,238.17
23715,7898,235,2,1867.81,3735.62
23716,7898,53,2,26.41,52.82
23717,7898,228,3,148.63,445.89
23718,7899,19,3,79.80,239.40
23719,7899,94,2,61.84,123.68
23720,7899,268,2,186.90,373.80
23721,7900,42,1,288.25,288.25
23722,7900,335,4,117.27,469.08
23723,7900,209,2,299.28,598.56
23724,7901,167,4,125.02,500.08
23725,7901,263,2,82.89,165.78
23726,7901,307,3,195.28,585.84
23727,7902,53,1,26.41,26.41
23728,7902,253,4,32.75,131.00
23729,7902,217,3,324.83,974.49
23730,7903,228,2,148.63,297.26
23731,7903,292,3,40.52,121.56
23732,7903,297,3,83.28,249.84
23733,7904,160,4,103.53,414.12
23734,7904,87,3,116.31,348.93
23735,7904,55,1,361.92,361.92
23736,7905,8,1,92.31,92.31
23737,7905,168,1,84.08,84.08
23738,7905,4,3,70.68,212.04
23739,7906,110,4,81.80,327.20
23740,7906,43,2,930.93,1861.86
23741,7906,89,3,185.24,555.72
23742,7907,9,2,1355.55,2711.10
23743,7907,256,2,255.06,510.12
23744,7907,45,2,5111.42,10222.84
23745,7908,225,3,267.00,801.00
23746,7908,207,4,62.51,250.04
23747,7908,34,1,5015.04,5015.04
23748,7909,323,3,43.39,130.17
23749,7909,274,2,72.47,144.94
23750,7909,243,3,471.30,1413.90
23751,7910,42,1,288.25,288.25
23752,7910,298,4,103.05,412.20
23753,7910,238,4,108.52,434.08
23754,7911,212,2,1815.77,3631.54
23755,7911,232,4,117.39,469.56
23756,7911,130,3,261.07,783.21
23757,7912,177,4,173.92,695.68
23758,7912,159,4,176.40,705.60
23759,7912,71,3,81.12,243.36
23760,7913,127,4,242.46,969.84
23761,7913,195,1,46.99,46.99
23762,7913,34,1,5015.04,5015.04
23763,7914,111,2,215.02,430.04
23764,7914,258,4,57.78,231.12
23765,7914,82,4,80.11,320.44
23766,7915,271,2,1470.33,2940.66
23767,7915,159,1,176.40,176.40
23768,7915,329,3,124.79,374.37
23769,7916,177,1,173.92,173.92
23770,7916,77,1,90.53,90.53
23771,7916,267,1,276.85,276.85
23772,7917,210,4,107.66,430.64
23773,7917,271,3,1470.33,4410.99
23774,7917,301,2,136.93,273.86
23775,7918,146,3,364.03,1092.09
23776,7918,308,4,143.10,572.40
23777,7918,154,1,174.02,174.02
23778,7919,233,4,107.91,431.64
23779,7919,29,4,74.94,299.76
23780,7919,224,2,203.37,406.74
23781,7920,32,4,604.32,2417.28
23782,7920,131,3,151.63,454.89
23783,7920,143,1,55.35,55.35
23784,7921,164,1,259.43,259.43
23785,7921,246,2,42.72,85.44
23786,7921,183,3,229.08,687.24
23787,7922,23,2,477.55,955.10
23788,7922,195,1,46.99,46.99
23789,7922,14,3,430.90,1292.70
23790,7923,121,2,376.95,753.90
23791,7923,1,3,41.61,124.83
23792,7923,206,1,125.45,125.45
23793,7924,77,4,90.53,362.12
23794,7924,317,3,85.93,257.79
23795,7924,130,4,261.07,1044.28
23796,7925,74,1,306.84,306.84
23797,7925,251,1,87.96,87.96
23798,7925,301,2,136.93,273.86
23799,7926,259,3,37.26,111.78
23800,7926,283,1,594.23,594.23
23801,7926,43,1,930.93,930.93
23802,7927,304,4,121.41,485.64
23803,7927,175,4,239.58,958.32
23804,7927,257,3,77.56,232.68
23805,7928,77,2,90.53,181.06
23806,7928,216,3,27.57,82.71
23807,7928,16,2,82.24,164.48
23808,7929,178,4,110.15,440.60
23809,7929,271,3,1470.33,4410.99
23810,7929,211,1,391.93,391.93
23811,7930,119,2,329.12,658.24
23812,7930,208,1,5119.77,5119.77
23813,7930,233,4,107.91,431.64
23814,7931,20,4,49.24,196.96
23815,7931,71,2,81.12,162.24
23816,7931,232,1,117.39,117.39
23817,7932,253,2,32.75,65.50
23818,7932,67,2,663.51,1327.02
23819,7932,179,4,367.91,1471.64
23820,7933,11,4,88.33,353.32
23821,7933,37,2,5435.24,10870.48
23822,7933,85,1,279.78,279.78
23823,7934,94,2,61.84,123.68
23824,7934,93,2,73.99,147.98
23825,7934,190,1,4952.78,4952.78
23826,7935,295,3,207.06,621.18
23827,7935,330,1,120.68,120.68
23828,7935,226,4,106.24,424.96
23829,7936,86,4,137.39,549.56
23830,7936,171,2,49.52,99.04
23831,7936,193,1,9668.18,9668.18
23832,7937,156,3,138.39,415.17
23833,7937,241,1,237.51,237.51
23834,7937,217,4,324.83,1299.32
23835,7938,247,1,127.32,127.32
23836,7938,78,1,252.79,252.79
23837,7938,27,3,485.13,1455.39
23838,7939,62,3,56.51,169.53
23839,7939,131,2,151.63,303.26
23840,7939,20,1,49.24,49.24
23841,7940,52,3,36.58,109.74
23842,7940,256,4,255.06,1020.24
23843,7940,115,3,559.60,1678.80
23844,7941,238,3,108.52,325.56
23845,7941,330,4,120.68,482.72
23846,7941,39,4,265.80,1063.20
23847,7942,50,3,293.39,880.17
23848,7942,124,3,201.32,603.96
23849,7942,303,3,199.54,598.62
23850,7943,75,3,63.53,190.59
23851,7943,58,1,158.45,158.45
23852,7943,300,3,39.77,119.31
23853,7944,128,3,1363.48,4090.44
23854,7944,261,2,61.79,123.58
23855,7944,99,4,4229.74,16918.96
23856,7945,156,4,138.39,553.56
23857,7945,33,3,618.92,1856.76
23858,7945,56,3,408.87,1226.61
23859,7946,306,1,184.88,184.88
23860,7946,307,4,195.28,781.12
23861,7946,267,3,276.85,830.55
23862,7947,150,3,223.54,670.62
23863,7947,55,2,361.92,723.84
23864,7947,226,2,106.24,212.48
23865,7948,278,4,405.40,1621.60
23866,7948,127,3,242.46,727.38
23867,7948,167,2,125.02,250.04
23868,7949,121,2,376.95,753.90
23869,7949,98,1,116.76,116.76
23870,7949,95,2,198.29,396.58
23871,7950,300,3,39.77,119.31
23872,7950,110,1,81.80,81.80
23873,7950,328,1,180.51,180.51
23874,7951,201,4,83.06,332.24
23875,7951,246,2,42.72,85.44
23876,7951,119,4,329.12,1316.48
23877,7952,279,1,41.73,41.73
23878,7952,14,2,430.90,861.80
23879,7952,181,1,181.57,181.57
23880,7953,236,4,54.07,216.28
23881,7953,58,4,158.45,633.80
23882,7953,316,4,110.67,442.68
23883,7954,73,1,550.57,550.57
23884,7954,173,1,101.46,101.46
23885,7954,247,1,127.32,127.32
23886,7955,102,3,39.38,118.14
23887,7955,119,1,329.12,329.12
23888,7955,305,1,18.21,18.21
23889,7956,250,3,725.02,2175.06
23890,7956,295,4,207.06,828.24
23891,7956,192,2,365.72,731.44
23892,7957,99,4,4229.74,16918.96
23893,7957,104,4,2507.07,10028.28
23894,7957,88,1,92.09,92.09
23895,7958,120,4,532.02,2128.08
23896,7958,276,4,1553.72,6214.88
23897,7958,318,1,27.43,27.43
23898,7959,235,4,1867.81,7471.24
23899,7959,329,4,124.79,499.16
23900,7959,164,2,259.43,518.86
23901,7960,174,2,93.41,186.82
23902,7960,254,2,196.52,393.04
23903,7960,98,2,116.76,233.52
23904,7961,122,1,130.97,130.97
23905,7961,93,2,73.99,147.98
23906,7961,50,2,293.39,586.78
23907,7962,60,2,301.85,603.70
23908,7962,333,4,167.16,668.64
23909,7962,136,1,407.27,407.27
23910,7963,60,4,301.85,1207.40
23911,7963,98,1,116.76,116.76
23912,7963,254,2,196.52,393.04
23913,7964,123,1,340.07,340.07
23914,7964,1,4,41.61,166.44
23915,7964,17,1,189.07,189.07
23916,7965,65,3,114.10,342.30
23917,7965,147,1,143.83,143.83
23918,7965,217,1,324.83,324.83
23919,7966,260,1,95.74,95.74
23920,7966,115,4,559.60,2238.40
23921,7966,47,4,100.93,403.72
23922,7967,77,4,90.53,362.12
23923,7967,1,2,41.61,83.22
23924,7967,45,3,5111.42,15334.26
23925,7968,255,3,71.89,215.67
23926,7968,168,3,84.08,252.24
23927,7968,136,4,407.27,1629.08
23928,7969,4,2,70.68,141.36
23929,7969,78,2,252.79,505.58
23930,7969,188,3,50.01,150.03
23931,7970,167,4,125.02,500.08
23932,7970,293,3,9518.10,28554.30
23933,7970,283,4,594.23,2376.92
23934,7971,195,3,46.99,140.97
23935,7971,68,1,416.05,416.05
23936,7971,237,3,188.93,566.79
23937,7972,122,2,130.97,261.94
23938,7972,146,1,364.03,364.03
23939,7972,16,2,82.24,164.48
23940,7973,276,4,1553.72,6214.88
23941,7973,35,1,166.21,166.21
23942,7973,145,4,369.80,1479.20
23943,7974,66,3,41.56,124.68
23944,7974,181,2,181.57,363.14
23945,7974,236,3,54.07,162.21
23946,7975,46,2,64.02,128.04
23947,7975,2,3,54.72,164.16
23948,7975,5,2,312.42,624.84
23949,7976,276,4,1553.72,6214.88
23950,7976,158,2,210.26,420.52
23951,7976,279,1,41.73,41.73
23952,7977,331,4,54.96,219.84
23953,7977,218,4,49.88,199.52
23954,7977,148,3,640.43,1921.29
23955,7978,290,2,744.49,1488.98
23956,7978,320,2,125.31,250.62
23957,7978,297,4,83.28,333.12
23958,7979,333,2,167.16,334.32
23959,7979,142,2,544.13,1088.26
23960,7979,131,3,151.63,454.89
23961,7980,115,3,559.60,1678.80
23962,7980,159,4,176.40,705.60
23963,7980,151,3,52.78,158.34
23964,7981,192,4,365.72,1462.88
23965,7981,248,3,4473.97,13421.91
23966,7981,66,3,41.56,124.68
23967,7982,108,3,368.57,1105.71
23968,7982,327,3,91.25,273.75
23969,7982,188,2,50.01,100.02
23970,7983,239,1,642.80,642.80
23971,7983,179,2,367.91,735.82
23972,7983,195,3,46.99,140.97
23973,7984,177,4,173.92,695.68
23974,7984,144,1,1176.11,1176.11
23975,7984,108,3,368.57,1105.71
23976,7985,175,1,239.58,239.58
23977,7985,224,4,203.37,813.48
23978,7985,139,3,392.73,1178.19
23979,7986,325,4,108.41,433.64
23980,7986,272,2,77.63,155.26
23981,7986,34,1,5015.04,5015.04
23982,7987,19,3,79.80,239.40
23983,7987,289,1,37.80,37.80
23984,7987,236,1,54.07,54.07
23985,7988,32,1,604.32,604.32
23986,7988,237,1,188.93,188.93
23987,7988,327,1,91.25,91.25
23988,7989,228,3,148.63,445.89
23989,7989,240,2,26.71,53.42
23990,7989,211,2,391.93,783.86
23991,7990,191,2,217.48,434.96
23992,7990,108,3,368.57,1105.71
23993,7990,94,1,61.84,61.84
23994,7991,119,4,329.12,1316.48
23995,7991,170,4,845.55,3382.20
23996,7991,23,2,477.55,955.10
23997,7992,257,4,77.56,310.24
23998,7992,231,1,170.32,170.32
23999,7992,187,2,53.46,106.92
24000,7993,320,3,125.31,375.93
24001,7993,212,3,1815.77,5447.31
24002,7993,196,4,68.93,275.72
24003,7994,73,4,550.57,2202.28
24004,7994,145,3,369.80,1109.40
24005,7994,30,1,165.44,165.44
24006,7995,226,1,106.24,106.24
24007,7995,165,3,257.39,772.17
24008,7995,20,2,49.24,98.48
24009,7996,73,4,550.57,2202.28
24010,7996,177,2,173.92,347.84
24011,7996,269,2,107.58,215.16
24012,7997,314,1,28.97,28.97
24013,7997,183,2,229.08,458.16
24014,7997,43,4,930.93,3723.72
24015,7998,86,1,137.39,137.39
24016,7998,93,4,73.99,295.96
24017,7998,182,1,312.02,312.02
24018,7999,299,3,57.14,171.42
24019,7999,159,3,176.40,529.20
24020,7999,200,2,51.39,102.78
24021,8000,224,2,203.37,406.74
24022,8000,273,3,173.28,519.84
24023,8000,262,4,177.88,711.52
24024,8001,180,2,206.84,413.68
24025,8001,115,2,559.60,1119.20
24026,8001,13,4,44.19,176.76
24027,8002,134,2,261.22,522.44
24028,8002,305,3,18.21,54.63
24029,8002,135,1,176.88,176.88
24030,8003,165,2,257.39,514.78
24031,8003,313,4,49.11,196.44
24032,8003,245,3,75.04,225.12
24033,8004,61,1,175.93,175.93
24034,8004,42,3,288.25,864.75
24035,8004,50,4,293.39,1173.56
24036,8005,22,2,709.66,1419.32
24037,8005,115,2,559.60,1119.20
24038,8005,317,2,85.93,171.86
24039,8006,87,2,116.31,232.62
24040,8006,111,1,215.02,215.02
24041,8006,132,1,152.84,152.84
24042,8007,159,2,176.40,352.80
24043,8007,81,1,24.00,24.00
24044,8007,123,2,340.07,680.14
24045,8008,167,3,125.02,375.06
24046,8008,188,3,50.01,150.03
24047,8008,120,1,532.02,532.02
24048,8009,30,3,165.44,496.32
24049,8009,165,4,257.39,1029.56
24050,8009,60,1,301.85,301.85
24051,8010,140,1,558.26,558.26
24052,8010,241,2,237.51,475.02
24053,8010,90,4,226.17,904.68
24054,8011,150,2,223.54,447.08
24055,8011,261,4,61.79,247.16
24056,8011,235,4,1867.81,7471.24
24057,8012,146,4,364.03,1456.12
24058,8012,105,2,63.28,126.56
24059,8012,96,4,171.36,685.44
24060,8013,228,1,148.63,148.63
24061,8013,265,3,192.94,578.82
24062,8013,268,3,186.90,560.70
24063,8014,223,3,467.04,1401.12
24064,8014,51,2,223.70,447.40
24065,8014,266,3,379.02,1137.06
24066,8015,289,2,37.80,75.60
24067,8015,263,3,82.89,248.67
24068,8015,206,4,125.45,501.80
24069,8016,159,1,176.40,176.40
24070,8016,312,4,25.20,100.80
24071,8016,137,4,197.81,791.24
24072,8017,218,4,49.88,199.52
24073,8017,157,2,2380.02,4760.04
24074,8017,145,3,369.80,1109.40
24075,8018,20,4,49.24,196.96
24076,8018,241,4,237.51,950.04
24077,8018,331,4,54.96,219.84
24078,8019,247,4,127.32,509.28
24079,8019,160,4,103.53,414.12
24080,8019,198,3,124.56,373.68
24081,8020,113,1,545.60,545.60
24082,8020,121,3,376.95,1130.85
24083,8020,243,1,471.30,471.30
24084,8021,89,1,185.24,185.24
24085,8021,321,1,105.04,105.04
24086,8021,43,4,930.93,3723.72
24087,8022,170,4,845.55,3382.20
24088,8022,158,1,210.26,210.26
24089,8022,12,1,423.08,423.08
24090,8023,263,4,82.89,331.56
24091,8023,163,4,150.26,601.04
24092,8023,36,4,184.31,737.24
24093,8024,67,3,663.51,1990.53
24094,8024,54,2,73.34,146.68
24095,8024,170,3,845.55,2536.65
24096,8025,111,4,215.02,860.08
24097,8025,136,2,407.27,814.54
24098,8025,240,1,26.71,26.71
24099,8026,268,1,186.90,186.90
24100,8026,218,4,49.88,199.52
24101,8026,315,2,69.11,138.22
24102,8027,118,4,123.08,492.32
24103,8027,45,4,5111.42,20445.68
24104,8027,234,3,157.34,472.02
24105,8028,192,3,365.72,1097.16
24106,8028,110,1,81.80,81.80
24107,8028,178,4,110.15,440.60
24108,8029,201,1,83.06,83.06
24109,8029,206,2,125.45,250.90
24110,8029,105,2,63.28,126.56
24111,8030,259,4,37.26,149.04
24112,8030,227,4,154.78,619.12
24113,8030,198,3,124.56,373.68
24114,8031,101,1,156.57,156.57
24115,8031,130,2,261.07,522.14
24116,8031,206,3,125.45,376.35
24117,8032,49,3,109.83,329.49
24118,8032,316,3,110.67,332.01
24119,8032,249,2,333.60,667.20
24120,8033,89,1,185.24,185.24
24121,8033,153,4,41.42,165.68
24122,8033,224,3,203.37,610.11
24123,8034,3,1,108.77,108.77
24124,8034,216,1,27.57,27.57
24125,8034,308,2,143.10,286.20
24126,8035,198,4,124.56,498.24
24127,8035,117,2,795.33,1590.66
24128,8035,62,1,56.51,56.51
24129,8036,252,3,576.27,1728.81
24130,8036,284,3,33.21,99.63
24131,8036,260,4,95.74,382.96
24132,8037,17,1,189.07,189.07
24133,8037,84,2,214.78,429.56
24134,8037,317,4,85.93,343.72
24135,8038,272,2,77.63,155.26
24136,8038,310,2,106.27,212.54
24137,8038,301,4,136.93,547.72
24138,8039,97,2,201.04,402.08
24139,8039,231,3,170.32,510.96
24140,8039,328,4,180.51,722.04
24141,8040,65,1,114.10,114.10
24142,8040,54,2,73.34,146.68
24143,8040,222,2,106.41,212.82
24144,8041,169,2,537.24,1074.48
24145,8041,121,2,376.95,753.90
24146,8041,103,2,88.38,176.76
24147,8042,326,2,127.79,255.58
24148,8042,262,2,177.88,355.76
24149,8042,111,3,215.02,645.06
24150,8043,125,4,319.28,1277.12
24151,8043,265,4,192.94,771.76
24152,8043,38,2,2984.65,5969.30
24153,8044,43,3,930.93,2792.79
24154,8044,257,4,77.56,310.24
24155,8044,152,1,133.94,133.94
24156,8045,174,4,93.41,373.64
24157,8045,6,4,536.76,2147.04
24158,8045,69,2,206.85,413.70
24159,8046,275,1,110.46,110.46
24160,8046,321,2,105.04,210.08
24161,8046,160,1,103.53,103.53
24162,8047,282,1,314.44,314.44
24163,8047,28,1,30.65,30.65
24164,8047,306,2,184.88,369.76
24165,8048,287,4,553.36,2213.44
24166,8048,76,4,49.74,198.96
24167,8048,95,1,198.29,198.29
24168,8049,101,1,156.57,156.57
24169,8049,331,1,54.96,54.96
24170,8049,39,3,265.80,797.40
24171,8050,72,2,201.58,403.16
24172,8050,137,3,197.81,593.43
24173,8050,173,2,101.46,202.92
24174,8051,275,4,110.46,441.84
24175,8051,31,2,79.21,158.42
24176,8051,296,1,101.13,101.13
24177,8052,328,4,180.51,722.04
24178,8052,147,2,143.83,287.66
24179,8052,126,3,105.42,316.26
24180,8053,187,4,53.46,213.84
24181,8053,264,1,1374.60,1374.60
24182,8053,11,3,88.33,264.99
24183,8054,33,3,618.92,1856.76
24184,8054,162,2,803.06,1606.12
24185,8054,178,3,110.15,330.45
24186,8055,189,3,87.00,261.00
24187,8055,82,4,80.11,320.44
24188,8055,323,3,43.39,130.17
24189,8056,256,1,255.06,255.06
24190,8056,38,1,2984.65,2984.65
24191,8056,211,1,391.93,391.93
24192,8057,228,3,148.63,445.89
24193,8057,235,1,1867.81,1867.81
24194,8057,103,2,88.38,176.76
24195,8058,89,1,185.24,185.24
24196,8058,329,3,124.79,374.37
24197,8058,8,3,92.31,276.93
24198,8059,18,2,4347.52,8695.04
24199,8059,240,2,26.71,53.42
24200,8059,285,3,6751.40,20254.20
24201,8060,39,1,265.80,265.80
24202,8060,110,1,81.80,81.80
24203,8060,145,1,369.80,369.80
24204,8061,256,3,255.06,765.18
24205,8061,196,1,68.93,68.93
24206,8061,121,4,376.95,1507.80
24207,8062,290,3,744.49,2233.47
24208,8062,200,3,51.39,154.17
24209,8062,293,2,9518.10,19036.20
24210,8063,317,1,85.93,85.93
24211,8063,115,3,559.60,1678.80
24212,8063,265,3,192.94,578.82
24213,8064,304,4,121.41,485.64
24214,8064,50,1,293.39,293.39
24215,8064,40,2,62.79,125.58
24216,8065,207,4,62.51,250.04
24217,8065,256,1,255.06,255.06
24218,8065,24,4,136.38,545.52
24219,8066,47,1,100.93,100.93
24220,8066,283,2,594.23,1188.46
24221,8066,220,3,38.34,115.02
24222,8067,255,3,71.89,215.67
24223,8067,88,3,92.09,276.27
24224,8067,26,4,979.66,3918.64
24225,8068,211,2,391.93,783.86
24226,8068,46,2,64.02,128.04
24227,8068,1,2,41.61,83.22
24228,8069,171,4,49.52,198.08
24229,8069,31,1,79.21,79.21
24230,8069,3,1,108.77,108.77
24231,8070,156,1,138.39,138.39
24232,8070,170,2,845.55,1691.10
24233,8070,283,4,594.23,2376.92
24234,8071,52,2,36.58,73.16
24235,8071,216,1,27.57,27.57
24236,8071,198,3,124.56,373.68
24237,8072,198,4,124.56,498.24
24238,8072,73,1,550.57,550.57
24239,8072,71,2,81.12,162.24
24240,8073,228,3,148.63,445.89
24241,8073,242,2,798.53,1597.06
24242,8073,273,1,173.28,173.28
24243,8074,187,2,53.46,106.92
24244,8074,310,2,106.27,212.54
24245,8074,238,2,108.52,217.04
24246,8075,115,3,559.60,1678.80
24247,8075,335,3,117.27,351.81
24248,8075,110,3,81.80,245.40
24249,8076,249,3,333.60,1000.80
24250,8076,46,3,64.02,192.06
24251,8076,253,4,32.75,131.00
24252,8077,112,3,97.46,292.38
24253,8077,334,3,173.02,519.06
24254,8077,26,1,979.66,979.66
24255,8078,245,4,75.04,300.16
24256,8078,287,3,553.36,1660.08
24257,8078,77,1,90.53,90.53
24258,8079,55,2,361.92,723.84
24259,8079,31,4,79.21,316.84
24260,8079,333,4,167.16,668.64
24261,8080,49,4,109.83,439.32
24262,8080,279,2,41.73,83.46
24263,8080,328,4,180.51,722.04
24264,8081,244,1,70.80,70.80
24265,8081,138,1,75.42,75.42
24266,8081,100,1,912.50,912.50
24267,8082,318,4,27.43,109.72
24268,8082,93,3,73.99,221.97
24269,8082,51,1,223.70,223.70
24270,8083,307,4,195.28,781.12
24271,8083,244,1,70.80,70.80
24272,8083,255,1,71.89,71.89
24273,8084,49,3,109.83,329.49
24274,8084,311,1,32.45,32.45
24275,8084,19,4,79.80,319.20
24276,8085,317,1,85.93,85.93
24277,8085,25,3,70.53,211.59
24278,8085,39,4,265.80,1063.20
24279,8086,237,4,188.93,755.72
24280,8086,311,4,32.45,129.80
24281,8086,117,4,795.33,3181.32
24282,8087,98,3,116.76,350.28
24283,8087,1,4,41.61,166.44
24284,8087,30,4,165.44,661.76
24285,8088,286,4,65.95,263.80
24286,8088,147,2,143.83,287.66
24287,8088,192,3,365.72,1097.16
24288,8089,312,3,25.20,75.60
24289,8089,49,4,109.83,439.32
24290,8089,308,3,143.10,429.30
24291,8090,263,4,82.89,331.56
24292,8090,305,3,18.21,54.63
24293,8090,223,3,467.04,1401.12
24294,8091,109,1,21.64,21.64
24295,8091,249,2,333.60,667.20
24296,8091,332,1,122.23,122.23
24297,8092,95,1,198.29,198.29
24298,8092,245,4,75.04,300.16
24299,8092,136,4,407.27,1629.08
24300,8093,285,1,6751.40,6751.40
24301,8093,250,4,725.02,2900.08
24302,8093,186,2,324.89,649.78
24303,8094,298,3,103.05,309.15
24304,8094,162,1,803.06,803.06
24305,8094,178,1,110.15,110.15
24306,8095,55,3,361.92,1085.76
24307,8095,241,1,237.51,237.51
24308,8095,267,1,276.85,276.85
24309,8096,28,2,30.65,61.30
24310,8096,20,4,49.24,196.96
24311,8096,165,2,257.39,514.78
24312,8097,208,2,5119.77,10239.54
24313,8097,237,2,188.93,377.86
24314,8097,82,1,80.11,80.11
24315,8098,286,2,65.95,131.90
24316,8098,270,3,777.12,2331.36
24317,8098,77,3,90.53,271.59
24318,8099,157,1,2380.02,2380.02
24319,8099,125,4,319.28,1277.12
24320,8099,90,3,226.17,678.51
24321,8100,180,3,206.84,620.52
24322,8100,258,3,57.78,173.34
24323,8100,50,3,293.39,880.17
24324,8101,65,4,114.10,456.40
24325,8101,121,1,376.95,376.95
24326,8101,333,1,167.16,167.16
24327,8102,140,4,558.26,2233.04
24328,8102,317,1,85.93,85.93
24329,8102,161,2,258.97,517.94
24330,8103,160,4,103.53,414.12
24331,8103,141,3,482.39,1447.17
24332,8103,61,2,175.93,351.86
24333,8104,121,4,376.95,1507.80
24334,8104,64,1,72.56,72.56
24335,8104,130,1,261.07,261.07
24336,8105,94,3,61.84,185.52
24337,8105,289,2,37.80,75.60
24338,8105,100,3,912.50,2737.50
24339,8106,302,4,17.70,70.80
24340,8106,297,3,83.28,249.84
24341,8106,10,3,42.91,128.73
24342,8107,221,2,484.99,969.98
24343,8107,121,2,376.95,753.90
24344,8107,316,1,110.67,110.67
24345,8108,174,3,93.41,280.23
24346,8108,63,4,176.42,705.68
24347,8108,150,3,223.54,670.62
24348,8109,143,3,55.35,166.05
24349,8109,197,1,111.56,111.56
24350,8109,105,4,63.28,253.12
24351,8110,329,2,124.79,249.58
24352,8110,246,1,42.72,42.72
24353,8110,275,3,110.46,331.38
24354,8111,103,1,88.38,88.38
24355,8111,91,2,103.05,206.10
24356,8111,70,3,79.39,238.17
24357,8112,166,2,122.59,245.18
24358,8112,116,4,86.77,347.08
24359,8112,302,1,17.70,17.70
24360,8113,130,4,261.07,1044.28
24361,8113,105,1,63.28,63.28
24362,8113,40,3,62.79,188.37
24363,8114,53,1,26.41,26.41
24364,8114,8,1,92.31,92.31
24365,8114,127,2,242.46,484.92
24366,8115,175,4,239.58,958.32
24367,8115,38,4,2984.65,11938.60
24368,8115,146,1,364.03,364.03
24369,8116,106,1,502.86,502.86
24370,8116,290,3,744.49,2233.47
24371,8116,28,1,30.65,30.65
24372,8117,77,3,90.53,271.59
24373,8117,34,1,5015.04,5015.04
24374,8117,217,3,324.83,974.49
24375,8118,21,3,37.53,112.59
24376,8118,46,3,64.02,192.06
24377,8118,300,1,39.77,39.77
24378,8119,130,3,261.07,783.21
24379,8119,12,4,423.08,1692.32
24380,8119,319,1,129.86,129.86
24381,8120,192,2,365.72,731.44
24382,8120,209,4,299.28,1197.12
24383,8120,199,4,122.30,489.20
24384,8121,295,2,207.06,414.12
24385,8121,244,2,70.80,141.60
24386,8121,88,1,92.09,92.09
24387,8122,76,2,49.74,99.48
24388,8122,119,3,329.12,987.36
24389,8122,170,1,845.55,845.55
24390,8123,196,1,68.93,68.93
24391,8123,254,3,196.52,589.56
24392,8123,110,4,81.80,327.20
24393,8124,250,3,725.02,2175.06
24394,8124,329,4,124.79,499.16
24395,8124,55,3,361.92,1085.76
24396,8125,238,4,108.52,434.08
24397,8125,210,4,107.66,430.64
24398,8125,149,1,63.35,63.35
24399,8126,236,3,54.07,162.21
24400,8126,73,1,550.57,550.57
24401,8126,114,3,59.81,179.43
24402,8127,264,2,1374.60,2749.20
24403,8127,97,2,201.04,402.08
24404,8127,60,2,301.85,603.70
24405,8128,83,3,138.27,414.81
24406,8128,265,1,192.94,192.94
24407,8128,301,1,136.93,136.93
24408,8129,184,2,103.83,207.66
24409,8129,321,1,105.04,105.04
24410,8129,234,1,157.34,157.34
24411,8130,273,3,173.28,519.84
24412,8130,252,3,576.27,1728.81
24413,8130,320,4,125.31,501.24
24414,8131,313,2,49.11,98.22
24415,8131,103,4,88.38,353.52
24416,8131,37,3,5435.24,16305.72
24417,8132,146,2,364.03,728.06
24418,8132,144,4,1176.11,4704.44
24419,8132,122,4,130.97,523.88
24420,8133,86,3,137.39,412.17
24421,8133,136,4,407.27,1629.08
24422,8133,195,4,46.99,187.96
24423,8134,109,2,21.64,43.28
24424,8134,133,2,153.60,307.20
24425,8134,198,4,124.56,498.24
24426,8135,196,4,68.93,275.72
24427,8135,81,2,24.00,48.00
24428,8135,117,1,795.33,795.33
24429,8136,325,1,108.41,108.41
24430,8136,108,1,368.57,368.57
24431,8136,331,1,54.96,54.96
24432,8137,44,2,86.79,173.58
24433,8137,53,2,26.41,52.82
24434,8137,103,3,88.38,265.14
24435,8138,74,4,306.84,1227.36
24436,8138,238,3,108.52,325.56
24437,8138,119,4,329.12,1316.48
24438,8139,302,4,17.70,70.80
24439,8139,190,4,4952.78,19811.12
24440,8139,112,4,97.46,389.84
24441,8140,335,4,117.27,469.08
24442,8140,206,4,125.45,501.80
24443,8140,320,4,125.31,501.24
24444,8141,5,1,312.42,312.42
24445,8141,197,3,111.56,334.68
24446,8141,63,1,176.42,176.42
24447,8142,19,3,79.80,239.40
24448,8142,109,1,21.64,21.64
24449,8142,281,2,34.70,69.40
24450,8143,128,3,1363.48,4090.44
24451,8143,99,4,4229.74,16918.96
24452,8143,281,3,34.70,104.10
24453,8144,219,4,662.92,2651.68
24454,8144,191,1,217.48,217.48
24455,8144,24,1,136.38,136.38
24456,8145,253,2,32.75,65.50
24457,8145,272,3,77.63,232.89
24458,8145,168,4,84.08,336.32
24459,8146,225,4,267.00,1068.00
24460,8146,239,4,642.80,2571.20
24461,8146,251,4,87.96,351.84
24462,8147,252,2,576.27,1152.54
24463,8147,27,4,485.13,1940.52
24464,8147,75,2,63.53,127.06
24465,8148,288,3,236.80,710.40
24466,8148,254,1,196.52,196.52
24467,8148,12,4,423.08,1692.32
24468,8149,200,3,51.39,154.17
24469,8149,181,3,181.57,544.71
24470,8149,35,3,166.21,498.63
24471,8150,277,2,198.38,396.76
24472,8150,294,1,133.99,133.99
24473,8150,309,3,132.91,398.73
24474,8151,213,3,231.12,693.36
24475,8151,225,3,267.00,801.00
24476,8151,174,3,93.41,280.23
24477,8152,109,4,21.64,86.56
24478,8152,266,3,379.02,1137.06
24479,8152,38,4,2984.65,11938.60
24480,8153,54,1,73.34,73.34
24481,8153,3,4,108.77,435.08
24482,8153,23,4,477.55,1910.20
24483,8154,283,1,594.23,594.23
24484,8154,293,2,9518.10,19036.20
24485,8154,303,1,199.54,199.54
24486,8155,142,2,544.13,1088.26
24487,8155,310,1,106.27,106.27
24488,8155,329,4,124.79,499.16
24489,8156,146,1,364.03,364.03
24490,8156,92,4,243.24,972.96
24491,8156,118,1,123.08,123.08
24492,8157,115,3,559.60,1678.80
24493,8157,99,1,4229.74,4229.74
24494,8157,137,1,197.81,197.81
24495,8158,266,2,379.02,758.04
24496,8158,138,1,75.42,75.42
24497,8158,300,2,39.77,79.54
24498,8159,247,2,127.32,254.64
24499,8159,192,4,365.72,1462.88
24500,8159,12,4,423.08,1692.32
24501,8160,198,3,124.56,373.68
24502,8160,74,3,306.84,920.52
24503,8160,296,1,101.13,101.13
24504,8161,265,3,192.94,578.82
24505,8161,84,4,214.78,859.12
24506,8161,210,1,107.66,107.66
24507,8162,33,3,618.92,1856.76
24508,8162,35,1,166.21,166.21
24509,8162,273,2,173.28,346.56
24510,8163,122,1,130.97,130.97
24511,8163,151,4,52.78,211.12
24512,8163,289,3,37.80,113.40
24513,8164,316,1,110.67,110.67
24514,8164,221,4,484.99,1939.96
24515,8164,92,2,243.24,486.48
24516,8165,201,1,83.06,83.06
24517,8165,176,2,204.81,409.62
24518,8165,308,3,143.10,429.30
24519,8166,209,1,299.28,299.28
24520,8166,322,1,161.49,161.49
24521,8166,289,2,37.80,75.60
24522,8167,147,1,143.83,143.83
24523,8167,2,4,54.72,218.88
24524,8167,262,1,177.88,177.88
24525,8168,248,3,4473.97,13421.91
24526,8168,95,3,198.29,594.87
24527,8168,150,1,223.54,223.54
24528,8169,57,3,425.93,1277.79
24529,8169,198,1,124.56,124.56
24530,8169,320,3,125.31,375.93
24531,8170,259,2,37.26,74.52
24532,8170,186,3,324.89,974.67
24533,8170,21,3,37.53,112.59
24534,8171,114,3,59.81,179.43
24535,8171,59,3,1165.61,3496.83
24536,8171,19,2,79.80,159.60
24537,8172,215,3,136.44,409.32
24538,8172,313,3,49.11,147.33
24539,8172,278,4,405.40,1621.60
24540,8173,176,4,204.81,819.24
24541,8173,133,3,153.60,460.80
24542,8173,20,4,49.24,196.96
24543,8174,117,2,795.33,1590.66
24544,8174,214,1,522.07,522.07
24545,8174,286,3,65.95,197.85
24546,8175,288,3,236.80,710.40
24547,8175,299,4,57.14,228.56
24548,8175,315,1,69.11,69.11
24549,8176,145,1,369.80,369.80
24550,8176,96,4,171.36,685.44
24551,8176,330,2,120.68,241.36
24552,8177,218,3,49.88,149.64
24553,8177,308,1,143.10,143.10
24554,8177,45,1,5111.42,5111.42
24555,8178,206,1,125.45,125.45
24556,8178,113,2,545.60,1091.20
24557,8178,68,4,416.05,1664.20
24558,8179,64,3,72.56,217.68
24559,8179,181,4,181.57,726.28
24560,8179,280,1,154.65,154.65
24561,8180,251,3,87.96,263.88
24562,8180,129,2,120.28,240.56
24563,8180,209,3,299.28,897.84
24564,8181,63,2,176.42,352.84
24565,8181,247,2,127.32,254.64
24566,8181,298,3,103.05,309.15
24567,8182,5,3,312.42,937.26
24568,8182,156,1,138.39,138.39
24569,8182,312,2,25.20,50.40
24570,8183,273,1,173.28,173.28
24571,8183,159,2,176.40,352.80
24572,8183,59,2,1165.61,2331.22
24573,8184,88,3,92.09,276.27
24574,8184,244,2,70.80,141.60
24575,8184,6,4,536.76,2147.04
24576,8185,254,2,196.52,393.04
24577,8185,315,3,69.11,207.33
24578,8185,136,2,407.27,814.54
24579,8186,147,2,143.83,287.66
24580,8186,302,2,17.70,35.40
24581,8186,48,3,124.35,373.05
24582,8187,16,2,82.24,164.48
24583,8187,164,1,259.43,259.43
24584,8187,231,2,170.32,340.64
24585,8188,162,2,803.06,1606.12
24586,8188,305,4,18.21,72.84
24587,8188,288,2,236.80,473.60
24588,8189,286,1,65.95,65.95
24589,8189,331,3,54.96,164.88
24590,8189,156,4,138.39,553.56
24591,8190,20,1,49.24,49.24
24592,8190,183,2,229.08,458.16
24593,8190,52,2,36.58,73.16
24594,8191,174,2,93.41,186.82
24595,8191,150,3,223.54,670.62
24596,8191,299,1,57.14,57.14
24597,8192,136,3,407.27,1221.81
24598,8192,301,4,136.93,547.72
24599,8192,60,1,301.85,301.85
24600,8193,95,3,198.29,594.87
24601,8193,91,2,103.05,206.10
24602,8193,104,1,2507.07,2507.07
24603,8194,33,4,618.92,2475.68
24604,8194,90,1,226.17,226.17
24605,8194,273,3,173.28,519.84
24606,8195,138,1,75.42,75.42
24607,8195,99,1,4229.74,4229.74
24608,8195,82,2,80.11,160.22
24609,8196,303,4,199.54,798.16
24610,8196,17,1,189.07,189.07
24611,8196,72,4,201.58,806.32
24612,8197,238,4,108.52,434.08
24613,8197,121,3,376.95,1130.85
24614,8197,258,3,57.78,173.34
24615,8198,279,2,41.73,83.46
24616,8198,130,3,261.07,783.21
24617,8198,245,3,75.04,225.12
24618,8199,37,2,5435.24,10870.48
24619,8199,5,4,312.42,1249.68
24620,8199,176,4,204.81,819.24
24621,8200,65,3,114.10,342.30
24622,8200,208,3,5119.77,15359.31
24623,8200,193,3,9668.18,29004.54
24624,8201,242,4,798.53,3194.12
24625,8201,193,2,9668.18,19336.36
24626,8201,330,1,120.68,120.68
24627,8202,242,3,798.53,2395.59
24628,8202,311,1,32.45,32.45
24629,8202,163,1,150.26,150.26
24630,8203,62,1,56.51,56.51
24631,8203,161,4,258.97,1035.88
24632,8203,262,2,177.88,355.76
24633,8204,181,4,181.57,726.28
24634,8204,35,4,166.21,664.84
24635,8204,236,3,54.07,162.21
24636,8205,179,1,367.91,367.91
24637,8205,314,4,28.97,115.88
24638,8205,190,1,4952.78,4952.78
24639,8206,303,3,199.54,598.62
24640,8206,256,3,255.06,765.18
24641,8206,73,3,550.57,1651.71
24642,8207,269,2,107.58,215.16
24643,8207,36,1,184.31,184.31
24644,8207,147,3,143.83,431.49
24645,8208,317,2,85.93,171.86
24646,8208,220,2,38.34,76.68
24647,8208,291,2,25.62,51.24
24648,8209,146,2,364.03,728.06
24649,8209,71,3,81.12,243.36
24650,8209,127,3,242.46,727.38
24651,8210,100,1,912.50,912.50
24652,8210,212,1,1815.77,1815.77
24653,8210,223,4,467.04,1868.16
24654,8211,196,2,68.93,137.86
24655,8211,159,1,176.40,176.40
24656,8211,265,1,192.94,192.94
24657,8212,148,1,640.43,640.43
24658,8212,294,1,133.99,133.99
24659,8212,52,1,36.58,36.58
24660,8213,292,4,40.52,162.08
24661,8213,84,4,214.78,859.12
24662,8213,131,2,151.63,303.26
24663,8214,139,1,392.73,392.73
24664,8214,182,4,312.02,1248.08
24665,8214,111,2,215.02,430.04
24666,8215,93,1,73.99,73.99
24667,8215,64,4,72.56,290.24
24668,8215,85,3,279.78,839.34
24669,8216,158,1,210.26,210.26
24670,8216,45,3,5111.42,15334.26
24671,8216,122,4,130.97,523.88
24672,8217,222,1,106.41,106.41
24673,8217,320,4,125.31,501.24
24674,8217,256,4,255.06,1020.24
24675,8218,169,2,537.24,1074.48
24676,8218,14,3,430.90,1292.70
24677,8218,125,4,319.28,1277.12
24678,8219,60,2,301.85,603.70
24679,8219,300,1,39.77,39.77
24680,8219,163,3,150.26,450.78
24681,8220,218,1,49.88,49.88
24682,8220,96,3,171.36,514.08
24683,8220,5,4,312.42,1249.68
24684,8221,300,4,39.77,159.08
24685,8221,47,4,100.93,403.72
24686,8221,29,1,74.94,74.94
24687,8222,112,3,97.46,292.38
24688,8222,195,2,46.99,93.98
24689,8222,104,4,2507.07,10028.28
24690,8223,73,4,550.57,2202.28
24691,8223,296,4,101.13,404.52
24692,8223,160,1,103.53,103.53
24693,8224,86,2,137.39,274.78
24694,8224,257,2,77.56,155.12
24695,8224,230,1,64.40,64.40
24696,8225,199,2,122.30,244.60
24697,8225,132,1,152.84,152.84
24698,8225,115,3,559.60,1678.80
24699,8226,331,3,54.96,164.88
24700,8226,227,1,154.78,154.78
24701,8226,324,2,183.99,367.98
24702,8227,292,2,40.52,81.04
24703,8227,71,4,81.12,324.48
24704,8227,31,3,79.21,237.63
24705,8228,334,4,173.02,692.08
24706,8228,323,2,43.39,86.78
24707,8228,87,1,116.31,116.31
24708,8229,261,1,61.79,61.79
24709,8229,247,4,127.32,509.28
24710,8229,119,4,329.12,1316.48
24711,8230,160,3,103.53,310.59
24712,8230,227,1,154.78,154.78
24713,8230,134,2,261.22,522.44
24714,8231,107,2,136.14,272.28
24715,8231,10,2,42.91,85.82
24716,8231,316,1,110.67,110.67
24717,8232,254,2,196.52,393.04
24718,8232,176,4,204.81,819.24
24719,8232,218,4,49.88,199.52
24720,8233,257,1,77.56,77.56
24721,8233,62,3,56.51,169.53
24722,8233,64,2,72.56,145.12
24723,8234,130,4,261.07,1044.28
24724,8234,187,4,53.46,213.84
24725,8234,333,4,167.16,668.64
24726,8235,102,1,39.38,39.38
24727,8235,210,1,107.66,107.66
24728,8235,31,4,79.21,316.84
24729,8236,319,4,129.86,519.44
24730,8236,107,1,136.14,136.14
24731,8236,284,1,33.21,33.21
24732,8237,143,1,55.35,55.35
24733,8237,178,3,110.15,330.45
24734,8237,247,4,127.32,509.28
24735,8238,16,4,82.24,328.96
24736,8238,237,4,188.93,755.72
24737,8238,152,2,133.94,267.88
24738,8239,30,2,165.44,330.88
24739,8239,231,1,170.32,170.32
24740,8239,134,4,261.22,1044.88
24741,8240,155,2,80.38,160.76
24742,8240,332,4,122.23,488.92
24743,8240,30,4,165.44,661.76
24744,8241,73,1,550.57,550.57
24745,8241,85,3,279.78,839.34
24746,8241,219,1,662.92,662.92
24747,8242,328,1,180.51,180.51
24748,8242,104,4,2507.07,10028.28
24749,8242,142,4,544.13,2176.52
24750,8243,71,4,81.12,324.48
24751,8243,273,1,173.28,173.28
24752,8243,316,2,110.67,221.34
24753,8244,230,2,64.40,128.80
24754,8244,32,1,604.32,604.32
24755,8244,272,1,77.63,77.63
24756,8245,103,3,88.38,265.14
24757,8245,283,1,594.23,594.23
24758,8245,307,3,195.28,585.84
24759,8246,126,1,105.42,105.42
24760,8246,125,3,319.28,957.84
24761,8246,156,1,138.39,138.39
24762,8247,240,3,26.71,80.13
24763,8247,141,4,482.39,1929.56
24764,8247,97,4,201.04,804.16
24765,8248,123,4,340.07,1360.28
24766,8248,11,3,88.33,264.99
24767,8248,66,2,41.56,83.12
24768,8249,11,3,88.33,264.99
24769,8249,116,4,86.77,347.08
24770,8249,96,4,171.36,685.44
24771,8250,151,4,52.78,211.12
24772,8250,77,2,90.53,181.06
24773,8250,132,3,152.84,458.52
24774,8251,208,1,5119.77,5119.77
24775,8251,98,1,116.76,116.76
24776,8251,319,4,129.86,519.44
24777,8252,292,2,40.52,81.04
24778,8252,287,1,553.36,553.36
24779,8252,188,3,50.01,150.03
24780,8253,67,4,663.51,2654.04
24781,8253,52,3,36.58,109.74
24782,8253,62,2,56.51,113.02
24783,8254,83,1,138.27,138.27
24784,8254,227,2,154.78,309.56
24785,8254,187,4,53.46,213.84
24786,8255,140,2,558.26,1116.52
24787,8255,224,4,203.37,813.48
24788,8255,96,4,171.36,685.44
24789,8256,211,4,391.93,1567.72
24790,8256,167,1,125.02,125.02
24791,8256,2,1,54.72,54.72
24792,8257,154,3,174.02,522.06
24793,8257,100,1,912.50,912.50
24794,8257,76,3,49.74,149.22
24795,8258,291,3,25.62,76.86
24796,8258,332,3,122.23,366.69
24797,8258,306,3,184.88,554.64
24798,8259,41,1,82.03,82.03
24799,8259,56,3,408.87,1226.61
24800,8259,112,2,97.46,194.92
24801,8260,95,3,198.29,594.87
24802,8260,110,4,81.80,327.20
24803,8260,165,2,257.39,514.78
24804,8261,198,2,124.56,249.12
24805,8261,44,2,86.79,173.58
24806,8261,32,4,604.32,2417.28
24807,8262,88,4,92.09,368.36
24808,8262,62,3,56.51,169.53
24809,8262,102,4,39.38,157.52
24810,8263,96,1,171.36,171.36
24811,8263,79,4,221.90,887.60
24812,8263,94,2,61.84,123.68
24813,8264,193,1,9668.18,9668.18
24814,8264,96,3,171.36,514.08
24815,8264,130,3,261.07,783.21
24816,8265,35,1,166.21,166.21
24817,8265,193,1,9668.18,9668.18
24818,8265,299,4,57.14,228.56
24819,8266,318,4,27.43,109.72
24820,8266,61,4,175.93,703.72
24821,8266,190,2,4952.78,9905.56
24822,8267,126,3,105.42,316.26
24823,8267,122,2,130.97,261.94
24824,8267,62,3,56.51,169.53
24825,8268,15,3,602.60,1807.80
24826,8268,273,2,173.28,346.56
24827,8268,21,1,37.53,37.53
24828,8269,97,4,201.04,804.16
24829,8269,107,1,136.14,136.14
24830,8269,139,2,392.73,785.46
24831,8270,277,4,198.38,793.52
24832,8270,206,4,125.45,501.80
24833,8270,233,2,107.91,215.82
24834,8271,175,3,239.58,718.74
24835,8271,265,3,192.94,578.82
24836,8271,261,2,61.79,123.58
24837,8272,320,2,125.31,250.62
24838,8272,76,2,49.74,99.48
24839,8272,99,1,4229.74,4229.74
24840,8273,274,4,72.47,289.88
24841,8273,151,1,52.78,52.78
24842,8273,74,1,306.84,306.84
24843,8274,236,2,54.07,108.14
24844,8274,52,1,36.58,36.58
24845,8274,248,4,4473.97,17895.88
24846,8275,205,4,92.31,369.24
24847,8275,274,2,72.47,144.94
24848,8275,34,2,5015.04,10030.08
24849,8276,92,4,243.24,972.96
24850,8276,103,2,88.38,176.76
24851,8276,219,3,662.92,1988.76
24852,8277,40,4,62.79,251.16
24853,8277,187,4,53.46,213.84
24854,8277,51,2,223.70,447.40
24855,8278,56,3,408.87,1226.61
24856,8278,135,1,176.88,176.88
24857,8278,207,1,62.51,62.51
24858,8279,256,4,255.06,1020.24
24859,8279,159,3,176.40,529.20
24860,8279,153,2,41.42,82.84
24861,8280,333,2,167.16,334.32
24862,8280,268,3,186.90,560.70
24863,8280,297,3,83.28,249.84
24864,8281,94,2,61.84,123.68
24865,8281,166,2,122.59,245.18
24866,8281,34,3,5015.04,15045.12
24867,8282,195,3,46.99,140.97
24868,8282,35,2,166.21,332.42
24869,8282,2,4,54.72,218.88
24870,8283,75,4,63.53,254.12
24871,8283,226,3,106.24,318.72
24872,8283,217,3,324.83,974.49
24873,8284,310,2,106.27,212.54
24874,8284,189,2,87.00,174.00
24875,8284,53,2,26.41,52.82
24876,8285,99,3,4229.74,12689.22
24877,8285,67,2,663.51,1327.02
24878,8285,58,1,158.45,158.45
24879,8286,187,2,53.46,106.92
24880,8286,3,1,108.77,108.77
24881,8286,92,3,243.24,729.72
24882,8287,302,2,17.70,35.40
24883,8287,191,1,217.48,217.48
24884,8287,23,4,477.55,1910.20
24885,8288,79,1,221.90,221.90
24886,8288,56,2,408.87,817.74
24887,8288,192,4,365.72,1462.88
24888,8289,167,4,125.02,500.08
24889,8289,223,1,467.04,467.04
24890,8289,273,3,173.28,519.84
24891,8290,132,4,152.84,611.36
24892,8290,224,4,203.37,813.48
24893,8290,243,3,471.30,1413.90
24894,8291,230,2,64.40,128.80
24895,8291,251,3,87.96,263.88
24896,8291,225,2,267.00,534.00
24897,8292,227,4,154.78,619.12
24898,8292,91,2,103.05,206.10
24899,8292,172,4,53.49,213.96
24900,8293,94,2,61.84,123.68
24901,8293,22,4,709.66,2838.64
24902,8293,203,4,59.44,237.76
24903,8294,23,3,477.55,1432.65
24904,8294,171,1,49.52,49.52
24905,8294,228,4,148.63,594.52
24906,8295,22,3,709.66,2128.98
24907,8295,217,4,324.83,1299.32
24908,8295,62,2,56.51,113.02
24909,8296,131,4,151.63,606.52
24910,8296,44,1,86.79,86.79
24911,8296,130,3,261.07,783.21
24912,8297,54,2,73.34,146.68
24913,8297,258,4,57.78,231.12
24914,8297,55,2,361.92,723.84
24915,8298,46,4,64.02,256.08
24916,8298,97,1,201.04,201.04
24917,8298,259,2,37.26,74.52
24918,8299,256,1,255.06,255.06
24919,8299,310,1,106.27,106.27
24920,8299,176,4,204.81,819.24
24921,8300,186,4,324.89,1299.56
24922,8300,281,2,34.70,69.40
24923,8300,117,4,795.33,3181.32
24924,8301,257,2,77.56,155.12
24925,8301,157,3,2380.02,7140.06
24926,8301,265,1,192.94,192.94
24927,8302,193,4,9668.18,38672.72
24928,8302,254,2,196.52,393.04
24929,8302,12,1,423.08,423.08
24930,8303,257,4,77.56,310.24
24931,8303,25,4,70.53,282.12
24932,8303,335,1,117.27,117.27
24933,8304,272,4,77.63,310.52
24934,8304,20,2,49.24,98.48
24935,8304,323,1,43.39,43.39
24936,8305,132,4,152.84,611.36
24937,8305,149,4,63.35,253.40
24938,8305,81,4,24.00,96.00
24939,8306,52,4,36.58,146.32
24940,8306,53,3,26.41,79.23
24941,8306,179,3,367.91,1103.73
24942,8307,12,3,423.08,1269.24
24943,8307,24,2,136.38,272.76
24944,8307,75,3,63.53,190.59
24945,8308,207,3,62.51,187.53
24946,8308,335,4,117.27,469.08
24947,8308,233,4,107.91,431.64
24948,8309,45,3,5111.42,15334.26
24949,8309,126,3,105.42,316.26
24950,8309,93,3,73.99,221.97
24951,8310,146,2,364.03,728.06
24952,8310,5,4,312.42,1249.68
24953,8310,163,4,150.26,601.04
24954,8311,217,3,324.83,974.49
24955,8311,137,3,197.81,593.43
24956,8311,204,1,362.70,362.70
24957,8312,262,4,177.88,711.52
24958,8312,303,1,199.54,199.54
24959,8312,49,2,109.83,219.66
24960,8313,96,1,171.36,171.36
24961,8313,51,2,223.70,447.40
24962,8313,315,2,69.11,138.22
24963,8314,296,1,101.13,101.13
24964,8314,281,1,34.70,34.70
24965,8314,30,2,165.44,330.88
24966,8315,317,1,85.93,85.93
24967,8315,284,4,33.21,132.84
24968,8315,78,2,252.79,505.58
24969,8316,249,3,333.60,1000.80
24970,8316,10,2,42.91,85.82
24971,8316,213,4,231.12,924.48
24972,8317,150,3,223.54,670.62
24973,8317,295,2,207.06,414.12
24974,8317,228,1,148.63,148.63
24975,8318,126,2,105.42,210.84
24976,8318,184,4,103.83,415.32
24977,8318,134,3,261.22,783.66
24978,8319,146,4,364.03,1456.12
24979,8319,227,3,154.78,464.34
24980,8319,209,3,299.28,897.84
24981,8320,201,4,83.06,332.24
24982,8320,244,4,70.80,283.20
24983,8320,174,3,93.41,280.23
24984,8321,49,3,109.83,329.49
24985,8321,178,4,110.15,440.60
24986,8321,100,4,912.50,3650.00
24987,8322,322,1,161.49,161.49
24988,8322,65,3,114.10,342.30
24989,8322,13,1,44.19,44.19
24990,8323,7,2,158.64,317.28
24991,8323,28,4,30.65,122.60
24992,8323,216,2,27.57,55.14
24993,8324,13,4,44.19,176.76
24994,8324,302,2,17.70,35.40
24995,8324,274,1,72.47,72.47
24996,8325,44,3,86.79,260.37
24997,8325,203,3,59.44,178.32
24998,8325,19,4,79.80,319.20
24999,8326,107,3,136.14,408.42
25000,8326,66,1,41.56,41.56
25001,8326,240,1,26.71,26.71
25002,8327,196,4,68.93,275.72
25003,8327,76,3,49.74,149.22
25004,8327,317,2,85.93,171.86
25005,8328,20,4,49.24,196.96
25006,8328,276,3,1553.72,4661.16
25007,8328,278,4,405.40,1621.60
25008,8329,66,4,41.56,166.24
25009,8329,330,1,120.68,120.68
25010,8329,293,3,9518.10,28554.30
25011,8330,187,3,53.46,160.38
25012,8330,269,2,107.58,215.16
25013,8330,6,4,536.76,2147.04
25014,8331,261,1,61.79,61.79
25015,8331,285,4,6751.40,27005.60
25016,8331,77,1,90.53,90.53
25017,8332,308,3,143.10,429.30
25018,8332,198,2,124.56,249.12
25019,8332,293,3,9518.10,28554.30
25020,8333,174,1,93.41,93.41
25021,8333,42,3,288.25,864.75
25022,8333,195,2,46.99,93.98
25023,8334,97,2,201.04,402.08
25024,8334,158,1,210.26,210.26
25025,8334,304,4,121.41,485.64
25026,8335,307,1,195.28,195.28
25027,8335,93,1,73.99,73.99
25028,8335,42,1,288.25,288.25
25029,8336,274,1,72.47,72.47
25030,8336,77,3,90.53,271.59
25031,8336,210,4,107.66,430.64
25032,8337,317,1,85.93,85.93
25033,8337,195,1,46.99,46.99
25034,8337,98,3,116.76,350.28
25035,8338,277,2,198.38,396.76
25036,8338,138,3,75.42,226.26
25037,8338,58,3,158.45,475.35
25038,8339,155,3,80.38,241.14
25039,8339,159,1,176.40,176.40
25040,8339,52,3,36.58,109.74
25041,8340,187,1,53.46,53.46
25042,8340,79,4,221.90,887.60
25043,8340,73,3,550.57,1651.71
25044,8341,197,1,111.56,111.56
25045,8341,90,2,226.17,452.34
25046,8341,309,3,132.91,398.73
25047,8342,140,2,558.26,1116.52
25048,8342,113,1,545.60,545.60
25049,8342,218,1,49.88,49.88
25050,8343,142,2,544.13,1088.26
25051,8343,38,2,2984.65,5969.30
25052,8343,174,2,93.41,186.82
25053,8344,108,3,368.57,1105.71
25054,8344,27,3,485.13,1455.39
25055,8344,85,3,279.78,839.34
25056,8345,195,4,46.99,187.96
25057,8345,76,2,49.74,99.48
25058,8345,93,3,73.99,221.97
25059,8346,257,2,77.56,155.12
25060,8346,228,4,148.63,594.52
25061,8346,182,3,312.02,936.06
25062,8347,278,3,405.40,1216.20
25063,8347,123,3,340.07,1020.21
25064,8347,92,1,243.24,243.24
25065,8348,102,4,39.38,157.52
25066,8348,278,1,405.40,405.40
25067,8348,81,1,24.00,24.00
25068,8349,257,4,77.56,310.24
25069,8349,2,3,54.72,164.16
25070,8349,67,4,663.51,2654.04
25071,8350,27,2,485.13,970.26
25072,8350,321,4,105.04,420.16
25073,8350,146,4,364.03,1456.12
25074,8351,297,3,83.28,249.84
25075,8351,2,2,54.72,109.44
25076,8351,164,2,259.43,518.86
25077,8352,3,2,108.77,217.54
25078,8352,191,2,217.48,434.96
25079,8352,68,1,416.05,416.05
25080,8353,261,3,61.79,185.37
25081,8353,12,4,423.08,1692.32
25082,8353,40,1,62.79,62.79
25083,8354,283,2,594.23,1188.46
25084,8354,184,1,103.83,103.83
25085,8354,224,2,203.37,406.74
25086,8355,200,2,51.39,102.78
25087,8355,240,1,26.71,26.71
25088,8355,96,1,171.36,171.36
25089,8356,15,4,602.60,2410.40
25090,8356,60,4,301.85,1207.40
25091,8356,166,4,122.59,490.36
25092,8357,258,2,57.78,115.56
25093,8357,78,1,252.79,252.79
25094,8357,49,4,109.83,439.32
25095,8358,133,4,153.60,614.40
25096,8358,165,3,257.39,772.17
25097,8358,3,1,108.77,108.77
25098,8359,294,4,133.99,535.96
25099,8359,184,1,103.83,103.83
25100,8359,154,2,174.02,348.04
25101,8360,288,1,236.80,236.80
25102,8360,195,1,46.99,46.99
25103,8360,30,3,165.44,496.32
25104,8361,134,2,261.22,522.44
25105,8361,126,3,105.42,316.26
25106,8361,160,2,103.53,207.06
25107,8362,164,1,259.43,259.43
25108,8362,12,3,423.08,1269.24
25109,8362,47,4,100.93,403.72
25110,8363,17,1,189.07,189.07
25111,8363,19,1,79.80,79.80
25112,8363,299,2,57.14,114.28
25113,8364,283,3,594.23,1782.69
25114,8364,183,2,229.08,458.16
25115,8364,143,1,55.35,55.35
25116,8365,272,2,77.63,155.26
25117,8365,115,4,559.60,2238.40
25118,8365,317,2,85.93,171.86
25119,8366,106,1,502.86,502.86
25120,8366,157,4,2380.02,9520.08
25121,8366,258,1,57.78,57.78
25122,8367,139,4,392.73,1570.92
25123,8367,275,4,110.46,441.84
25124,8367,205,1,92.31,92.31
25125,8368,227,3,154.78,464.34
25126,8368,219,4,662.92,2651.68
25127,8368,310,4,106.27,425.08
25128,8369,224,1,203.37,203.37
25129,8369,314,4,28.97,115.88
25130,8369,59,3,1165.61,3496.83
25131,8370,129,4,120.28,481.12
25132,8370,52,3,36.58,109.74
25133,8370,59,4,1165.61,4662.44
25134,8371,98,2,116.76,233.52
25135,8371,92,1,243.24,243.24
25136,8371,104,4,2507.07,10028.28
25137,8372,118,4,123.08,492.32
25138,8372,28,2,30.65,61.30
25139,8372,165,1,257.39,257.39
25140,8373,276,2,1553.72,3107.44
25141,8373,26,1,979.66,979.66
25142,8373,279,2,41.73,83.46
25143,8374,335,2,117.27,234.54
25144,8374,217,4,324.83,1299.32
25145,8374,226,4,106.24,424.96
25146,8375,295,4,207.06,828.24
25147,8375,41,1,82.03,82.03
25148,8375,71,2,81.12,162.24
25149,8376,5,3,312.42,937.26
25150,8376,321,2,105.04,210.08
25151,8376,148,4,640.43,2561.72
25152,8377,76,3,49.74,149.22
25153,8377,7,3,158.64,475.92
25154,8377,196,2,68.93,137.86
25155,8378,27,2,485.13,970.26
25156,8378,243,3,471.30,1413.90
25157,8378,138,2,75.42,150.84
25158,8379,20,3,49.24,147.72
25159,8379,265,3,192.94,578.82
25160,8379,254,3,196.52,589.56
25161,8380,36,1,184.31,184.31
25162,8380,75,3,63.53,190.59
25163,8380,111,2,215.02,430.04
25164,8381,129,2,120.28,240.56
25165,8381,196,1,68.93,68.93
25166,8381,274,3,72.47,217.41
25167,8382,277,2,198.38,396.76
25168,8382,317,1,85.93,85.93
25169,8382,103,3,88.38,265.14
25170,8383,227,2,154.78,309.56
25171,8383,329,1,124.79,124.79
25172,8383,238,2,108.52,217.04
25173,8384,153,2,41.42,82.84
25174,8384,182,1,312.02,312.02
25175,8384,36,3,184.31,552.93
25176,8385,112,2,97.46,194.92
25177,8385,22,4,709.66,2838.64
25178,8385,47,4,100.93,403.72
25179,8386,88,4,92.09,368.36
25180,8386,122,2,130.97,261.94
25181,8386,43,3,930.93,2792.79
25182,8387,137,4,197.81,791.24
25183,8387,170,2,845.55,1691.10
25184,8387,292,3,40.52,121.56
25185,8388,310,3,106.27,318.81
25186,8388,15,1,602.60,602.60
25187,8388,258,3,57.78,173.34
25188,8389,129,2,120.28,240.56
25189,8389,226,2,106.24,212.48
25190,8389,241,2,237.51,475.02
25191,8390,45,4,5111.42,20445.68
25192,8390,146,3,364.03,1092.09
25193,8390,309,1,132.91,132.91
25194,8391,43,2,930.93,1861.86
25195,8391,186,1,324.89,324.89
25196,8391,158,3,210.26,630.78
25197,8392,297,4,83.28,333.12
25198,8392,245,3,75.04,225.12
25199,8392,126,4,105.42,421.68
25200,8393,190,1,4952.78,4952.78
25201,8393,40,1,62.79,62.79
25202,8393,69,2,206.85,413.70
25203,8394,47,3,100.93,302.79
25204,8394,299,4,57.14,228.56
25205,8394,101,4,156.57,626.28
25206,8395,181,3,181.57,544.71
25207,8395,285,4,6751.40,27005.60
25208,8395,49,1,109.83,109.83
25209,8396,322,3,161.49,484.47
25210,8396,195,2,46.99,93.98
25211,8396,37,2,5435.24,10870.48
25212,8397,121,3,376.95,1130.85
25213,8397,43,4,930.93,3723.72
25214,8397,164,2,259.43,518.86
25215,8398,208,4,5119.77,20479.08
25216,8398,3,3,108.77,326.31
25217,8398,279,4,41.73,166.92
25218,8399,205,4,92.31,369.24
25219,8399,10,1,42.91,42.91
25220,8399,256,2,255.06,510.12
25221,8400,113,1,545.60,545.60
25222,8400,307,4,195.28,781.12
25223,8400,3,2,108.77,217.54
25224,8401,63,4,176.42,705.68
25225,8401,96,2,171.36,342.72
25226,8401,147,4,143.83,575.32
25227,8402,33,4,618.92,2475.68
25228,8402,167,2,125.02,250.04
25229,8402,139,4,392.73,1570.92
25230,8403,243,4,471.30,1885.20
25231,8403,42,4,288.25,1153.00
25232,8403,287,1,553.36,553.36
25233,8404,221,3,484.99,1454.97
25234,8404,178,1,110.15,110.15
25235,8404,323,3,43.39,130.17
25236,8405,24,4,136.38,545.52
25237,8405,197,3,111.56,334.68
25238,8405,306,3,184.88,554.64
25239,8406,98,4,116.76,467.04
25240,8406,299,2,57.14,114.28
25241,8406,154,3,174.02,522.06
25242,8407,9,4,1355.55,5422.20
25243,8407,257,3,77.56,232.68
25244,8407,169,1,537.24,537.24
25245,8408,319,1,129.86,129.86
25246,8408,273,4,173.28,693.12
25247,8408,287,1,553.36,553.36
25248,8409,146,1,364.03,364.03
25249,8409,292,4,40.52,162.08
25250,8409,279,2,41.73,83.46
25251,8410,114,1,59.81,59.81
25252,8410,153,3,41.42,124.26
25253,8410,252,3,576.27,1728.81
25254,8411,125,2,319.28,638.56
25255,8411,230,1,64.40,64.40
25256,8411,321,3,105.04,315.12
25257,8412,267,4,276.85,1107.40
25258,8412,332,4,122.23,488.92
25259,8412,173,3,101.46,304.38
25260,8413,203,4,59.44,237.76
25261,8413,27,3,485.13,1455.39
25262,8413,77,3,90.53,271.59
25263,8414,202,1,109.28,109.28
25264,8414,146,2,364.03,728.06
25265,8414,309,3,132.91,398.73
25266,8415,8,4,92.31,369.24
25267,8415,319,2,129.86,259.72
25268,8415,127,1,242.46,242.46
25269,8416,207,4,62.51,250.04
25270,8416,48,1,124.35,124.35
25271,8416,16,2,82.24,164.48
25272,8417,48,1,124.35,124.35
25273,8417,125,2,319.28,638.56
25274,8417,214,2,522.07,1044.14
25275,8418,295,2,207.06,414.12
25276,8418,50,2,293.39,586.78
25277,8418,298,4,103.05,412.20
25278,8419,293,3,9518.10,28554.30
25279,8419,35,4,166.21,664.84
25280,8419,49,2,109.83,219.66
25281,8420,278,1,405.40,405.40
25282,8420,209,4,299.28,1197.12
25283,8420,2,1,54.72,54.72
25284,8421,209,2,299.28,598.56
25285,8421,331,3,54.96,164.88
25286,8421,153,3,41.42,124.26
25287,8422,248,2,4473.97,8947.94
25288,8422,96,4,171.36,685.44
25289,8422,18,3,4347.52,13042.56
25290,8423,62,4,56.51,226.04
25291,8423,14,1,430.90,430.90
25292,8423,40,1,62.79,62.79
25293,8424,197,4,111.56,446.24
25294,8424,333,2,167.16,334.32
25295,8424,9,2,1355.55,2711.10
25296,8425,224,2,203.37,406.74
25297,8425,165,2,257.39,514.78
25298,8425,246,1,42.72,42.72
25299,8426,107,3,136.14,408.42
25300,8426,136,4,407.27,1629.08
25301,8426,248,2,4473.97,8947.94
25302,8427,207,2,62.51,125.02
25303,8427,237,2,188.93,377.86
25304,8427,234,1,157.34,157.34
25305,8428,123,3,340.07,1020.21
25306,8428,245,1,75.04,75.04
25307,8428,41,2,82.03,164.06
25308,8429,217,4,324.83,1299.32
25309,8429,238,2,108.52,217.04
25310,8429,39,4,265.80,1063.20
25311,8430,218,3,49.88,149.64
25312,8430,170,3,845.55,2536.65
25313,8430,10,3,42.91,128.73
25314,8431,296,4,101.13,404.52
25315,8431,5,3,312.42,937.26
25316,8431,1,2,41.61,83.22
25317,8432,21,2,37.53,75.06
25318,8432,226,2,106.24,212.48
25319,8432,28,2,30.65,61.30
25320,8433,202,4,109.28,437.12
25321,8433,132,1,152.84,152.84
25322,8433,185,3,118.55,355.65
25323,8434,264,4,1374.60,5498.40
25324,8434,126,3,105.42,316.26
25325,8434,124,3,201.32,603.96
25326,8435,231,4,170.32,681.28
25327,8435,306,2,184.88,369.76
25328,8435,153,2,41.42,82.84
25329,8436,113,2,545.60,1091.20
25330,8436,71,1,81.12,81.12
25331,8436,266,2,379.02,758.04
25332,8437,192,3,365.72,1097.16
25333,8437,82,3,80.11,240.33
25334,8437,75,1,63.53,63.53
25335,8438,266,4,379.02,1516.08
25336,8438,49,4,109.83,439.32
25337,8438,228,4,148.63,594.52
25338,8439,55,2,361.92,723.84
25339,8439,123,4,340.07,1360.28
25340,8439,103,1,88.38,88.38
25341,8440,117,1,795.33,795.33
25342,8440,203,4,59.44,237.76
25343,8440,197,2,111.56,223.12
25344,8441,175,1,239.58,239.58
25345,8441,268,2,186.90,373.80
25346,8441,265,4,192.94,771.76
25347,8442,97,3,201.04,603.12
25348,8442,209,3,299.28,897.84
25349,8442,255,3,71.89,215.67
25350,8443,19,1,79.80,79.80
25351,8443,29,2,74.94,149.88
25352,8443,170,4,845.55,3382.20
25353,8444,260,1,95.74,95.74
25354,8444,127,4,242.46,969.84
25355,8444,310,4,106.27,425.08
25356,8445,109,4,21.64,86.56
25357,8445,220,2,38.34,76.68
25358,8445,180,4,206.84,827.36
25359,8446,210,1,107.66,107.66
25360,8446,62,4,56.51,226.04
25361,8446,13,2,44.19,88.38
25362,8447,131,1,151.63,151.63
25363,8447,90,4,226.17,904.68
25364,8447,326,4,127.79,511.16
25365,8448,56,2,408.87,817.74
25366,8448,249,4,333.60,1334.40
25367,8448,297,3,83.28,249.84
25368,8449,118,2,123.08,246.16
25369,8449,240,3,26.71,80.13
25370,8449,254,1,196.52,196.52
25371,8450,126,2,105.42,210.84
25372,8450,246,4,42.72,170.88
25373,8450,201,1,83.06,83.06
25374,8451,146,4,364.03,1456.12
25375,8451,276,2,1553.72,3107.44
25376,8451,121,2,376.95,753.90
25377,8452,211,3,391.93,1175.79
25378,8452,71,2,81.12,162.24
25379,8452,249,4,333.60,1334.40
25380,8453,263,3,82.89,248.67
25381,8453,326,3,127.79,383.37
25382,8453,75,4,63.53,254.12
25383,8454,151,4,52.78,211.12
25384,8454,251,4,87.96,351.84
25385,8454,247,4,127.32,509.28
25386,8455,69,2,206.85,413.70
25387,8455,267,1,276.85,276.85
25388,8455,226,3,106.24,318.72
25389,8456,162,4,803.06,3212.24
25390,8456,142,4,544.13,2176.52
25391,8456,276,4,1553.72,6214.88
25392,8457,334,1,173.02,173.02
25393,8457,4,1,70.68,70.68
25394,8457,315,3,69.11,207.33
25395,8458,81,2,24.00,48.00
25396,8458,25,3,70.53,211.59
25397,8458,310,4,106.27,425.08
25398,8459,62,4,56.51,226.04
25399,8459,63,3,176.42,529.26
25400,8459,192,2,365.72,731.44
25401,8460,170,2,845.55,1691.10
25402,8460,236,2,54.07,108.14
25403,8460,207,3,62.51,187.53
25404,8461,331,1,54.96,54.96
25405,8461,311,1,32.45,32.45
25406,8461,310,2,106.27,212.54
25407,8462,14,3,430.90,1292.70
25408,8462,112,1,97.46,97.46
25409,8462,142,4,544.13,2176.52
25410,8463,307,3,195.28,585.84
25411,8463,144,4,1176.11,4704.44
25412,8463,31,2,79.21,158.42
25413,8464,141,2,482.39,964.78
25414,8464,259,1,37.26,37.26
25415,8464,160,1,103.53,103.53
25416,8465,64,1,72.56,72.56
25417,8465,227,1,154.78,154.78
25418,8465,267,1,276.85,276.85
25419,8466,292,2,40.52,81.04
25420,8466,280,3,154.65,463.95
25421,8466,66,3,41.56,124.68
25422,8467,1,3,41.61,124.83
25423,8467,19,3,79.80,239.40
25424,8467,263,4,82.89,331.56
25425,8468,37,1,5435.24,5435.24
25426,8468,100,1,912.50,912.50
25427,8468,265,3,192.94,578.82
25428,8469,283,4,594.23,2376.92
25429,8469,168,3,84.08,252.24
25430,8469,246,4,42.72,170.88
25431,8470,324,1,183.99,183.99
25432,8470,293,1,9518.10,9518.10
25433,8470,315,2,69.11,138.22
25434,8471,34,4,5015.04,20060.16
25435,8471,155,4,80.38,321.52
25436,8471,98,3,116.76,350.28
25437,8472,99,3,4229.74,12689.22
25438,8472,33,4,618.92,2475.68
25439,8472,271,4,1470.33,5881.32
25440,8473,149,3,63.35,190.05
25441,8473,291,1,25.62,25.62
25442,8473,97,4,201.04,804.16
25443,8474,72,3,201.58,604.74
25444,8474,23,1,477.55,477.55
25445,8474,300,1,39.77,39.77
25446,8475,129,4,120.28,481.12
25447,8475,144,2,1176.11,2352.22
25448,8475,121,2,376.95,753.90
25449,8476,230,2,64.40,128.80
25450,8476,22,3,709.66,2128.98
25451,8476,170,3,845.55,2536.65
25452,8477,112,4,97.46,389.84
25453,8477,157,1,2380.02,2380.02
25454,8477,52,1,36.58,36.58
25455,8478,323,3,43.39,130.17
25456,8478,83,1,138.27,138.27
25457,8478,114,3,59.81,179.43
25458,8479,199,1,122.30,122.30
25459,8479,127,3,242.46,727.38
25460,8479,31,1,79.21,79.21
25461,8480,199,4,122.30,489.20
25462,8480,17,4,189.07,756.28
25463,8480,320,1,125.31,125.31
25464,8481,250,2,725.02,1450.04
25465,8481,5,2,312.42,624.84
25466,8481,46,4,64.02,256.08
25467,8482,299,3,57.14,171.42
25468,8482,213,1,231.12,231.12
25469,8482,150,1,223.54,223.54
25470,8483,81,3,24.00,72.00
25471,8483,262,3,177.88,533.64
25472,8483,59,2,1165.61,2331.22
25473,8484,259,1,37.26,37.26
25474,8484,127,2,242.46,484.92
25475,8484,97,3,201.04,603.12
25476,8485,226,1,106.24,106.24
25477,8485,255,3,71.89,215.67
25478,8485,308,1,143.10,143.10
25479,8486,155,2,80.38,160.76
25480,8486,262,4,177.88,711.52
25481,8486,266,2,379.02,758.04
25482,8487,230,4,64.40,257.60
25483,8487,229,4,182.92,731.68
25484,8487,58,3,158.45,475.35
25485,8488,170,1,845.55,845.55
25486,8488,308,2,143.10,286.20
25487,8488,211,1,391.93,391.93
25488,8489,226,2,106.24,212.48
25489,8489,58,1,158.45,158.45
25490,8489,249,2,333.60,667.20
25491,8490,177,2,173.92,347.84
25492,8490,203,2,59.44,118.88
25493,8490,112,4,97.46,389.84
25494,8491,12,2,423.08,846.16
25495,8491,274,4,72.47,289.88
25496,8491,114,1,59.81,59.81
25497,8492,102,3,39.38,118.14
25498,8492,24,1,136.38,136.38
25499,8492,207,2,62.51,125.02
25500,8493,151,1,52.78,52.78
25501,8493,89,4,185.24,740.96
25502,8493,53,2,26.41,52.82
25503,8494,249,4,333.60,1334.40
25504,8494,144,4,1176.11,4704.44
25505,8494,151,2,52.78,105.56
25506,8495,164,2,259.43,518.86
25507,8495,285,3,6751.40,20254.20
25508,8495,30,1,165.44,165.44
25509,8496,167,2,125.02,250.04
25510,8496,22,3,709.66,2128.98
25511,8496,126,1,105.42,105.42
25512,8497,108,3,368.57,1105.71
25513,8497,134,3,261.22,783.66
25514,8497,172,3,53.49,160.47
25515,8498,124,1,201.32,201.32
25516,8498,248,1,4473.97,4473.97
25517,8498,182,2,312.02,624.04
25518,8499,101,2,156.57,313.14
25519,8499,325,2,108.41,216.82
25520,8499,132,4,152.84,611.36
25521,8500,324,1,183.99,183.99
25522,8500,41,2,82.03,164.06
25523,8500,88,1,92.09,92.09
25524,8501,248,2,4473.97,8947.94
25525,8501,177,4,173.92,695.68
25526,8501,84,3,214.78,644.34
25527,8502,8,4,92.31,369.24
25528,8502,135,2,176.88,353.76
25529,8502,249,2,333.60,667.20
25530,8503,78,4,252.79,1011.16
25531,8503,309,4,132.91,531.64
25532,8503,178,2,110.15,220.30
25533,8504,289,2,37.80,75.60
25534,8504,197,2,111.56,223.12
25535,8504,200,2,51.39,102.78
25536,8505,203,1,59.44,59.44
25537,8505,313,1,49.11,49.11
25538,8505,229,3,182.92,548.76
25539,8506,257,1,77.56,77.56
25540,8506,244,4,70.80,283.20
25541,8506,299,4,57.14,228.56
25542,8507,190,2,4952.78,9905.56
25543,8507,236,4,54.07,216.28
25544,8507,182,3,312.02,936.06
25545,8508,234,3,157.34,472.02
25546,8508,7,2,158.64,317.28
25547,8508,312,2,25.20,50.40
25548,8509,114,2,59.81,119.62
25549,8509,301,2,136.93,273.86
25550,8509,83,4,138.27,553.08
25551,8510,52,3,36.58,109.74
25552,8510,291,3,25.62,76.86
25553,8510,114,4,59.81,239.24
25554,8511,262,1,177.88,177.88
25555,8511,225,2,267.00,534.00
25556,8511,205,1,92.31,92.31
25557,8512,277,3,198.38,595.14
25558,8512,256,1,255.06,255.06
25559,8512,147,4,143.83,575.32
25560,8513,44,3,86.79,260.37
25561,8513,18,3,4347.52,13042.56
25562,8513,20,3,49.24,147.72
25563,8514,284,4,33.21,132.84
25564,8514,99,2,4229.74,8459.48
25565,8514,289,4,37.80,151.20
25566,8515,150,4,223.54,894.16
25567,8515,53,2,26.41,52.82
25568,8515,37,4,5435.24,21740.96
25569,8516,117,1,795.33,795.33
25570,8516,287,1,553.36,553.36
25571,8516,135,2,176.88,353.76
25572,8517,28,2,30.65,61.30
25573,8517,41,1,82.03,82.03
25574,8517,23,4,477.55,1910.20
25575,8518,15,3,602.60,1807.80
25576,8518,98,3,116.76,350.28
25577,8518,310,2,106.27,212.54
25578,8519,250,4,725.02,2900.08
25579,8519,301,1,136.93,136.93
25580,8519,81,1,24.00,24.00
25581,8520,90,4,226.17,904.68
25582,8520,241,2,237.51,475.02
25583,8520,173,4,101.46,405.84
25584,8521,45,2,5111.42,10222.84
25585,8521,193,4,9668.18,38672.72
25586,8521,10,2,42.91,85.82
25587,8522,13,4,44.19,176.76
25588,8522,90,3,226.17,678.51
25589,8522,146,4,364.03,1456.12
25590,8523,332,4,122.23,488.92
25591,8523,321,4,105.04,420.16
25592,8523,226,4,106.24,424.96
25593,8524,23,2,477.55,955.10
25594,8524,125,2,319.28,638.56
25595,8524,99,4,4229.74,16918.96
25596,8525,249,3,333.60,1000.80
25597,8525,253,3,32.75,98.25
25598,8525,165,4,257.39,1029.56
25599,8526,272,1,77.63,77.63
25600,8526,66,3,41.56,124.68
25601,8526,273,2,173.28,346.56
25602,8527,63,1,176.42,176.42
25603,8527,321,1,105.04,105.04
25604,8527,94,1,61.84,61.84
25605,8528,11,1,88.33,88.33
25606,8528,77,3,90.53,271.59
25607,8528,247,1,127.32,127.32
25608,8529,40,2,62.79,125.58
25609,8529,262,4,177.88,711.52
25610,8529,2,4,54.72,218.88
25611,8530,97,3,201.04,603.12
25612,8530,322,1,161.49,161.49
25613,8530,186,3,324.89,974.67
25614,8531,155,2,80.38,160.76
25615,8531,96,4,171.36,685.44
25616,8531,143,2,55.35,110.70
25617,8532,284,1,33.21,33.21
25618,8532,238,3,108.52,325.56
25619,8532,330,4,120.68,482.72
25620,8533,335,4,117.27,469.08
25621,8533,219,4,662.92,2651.68
25622,8533,203,2,59.44,118.88
25623,8534,22,1,709.66,709.66
25624,8534,289,4,37.80,151.20
25625,8534,179,2,367.91,735.82
25626,8535,96,4,171.36,685.44
25627,8535,314,4,28.97,115.88
25628,8535,238,2,108.52,217.04
25629,8536,268,4,186.90,747.60
25630,8536,147,2,143.83,287.66
25631,8536,218,3,49.88,149.64
25632,8537,213,3,231.12,693.36
25633,8537,222,1,106.41,106.41
25634,8537,69,1,206.85,206.85
25635,8538,229,3,182.92,548.76
25636,8538,260,4,95.74,382.96
25637,8538,127,3,242.46,727.38
25638,8539,295,3,207.06,621.18
25639,8539,124,1,201.32,201.32
25640,8539,6,3,536.76,1610.28
25641,8540,298,1,103.05,103.05
25642,8540,255,2,71.89,143.78
25643,8540,228,2,148.63,297.26
25644,8541,182,1,312.02,312.02
25645,8541,309,4,132.91,531.64
25646,8541,65,1,114.10,114.10
25647,8542,209,3,299.28,897.84
25648,8542,43,1,930.93,930.93
25649,8542,293,3,9518.10,28554.30
25650,8543,33,4,618.92,2475.68
25651,8543,309,1,132.91,132.91
25652,8543,142,4,544.13,2176.52
25653,8544,84,2,214.78,429.56
25654,8544,227,2,154.78,309.56
25655,8544,27,1,485.13,485.13
25656,8545,107,3,136.14,408.42
25657,8545,299,4,57.14,228.56
25658,8545,135,2,176.88,353.76
25659,8546,241,3,237.51,712.53
25660,8546,326,4,127.79,511.16
25661,8546,3,1,108.77,108.77
25662,8547,48,2,124.35,248.70
25663,8547,226,4,106.24,424.96
25664,8547,296,1,101.13,101.13
25665,8548,111,3,215.02,645.06
25666,8548,146,2,364.03,728.06
25667,8548,203,1,59.44,59.44
25668,8549,162,1,803.06,803.06
25669,8549,61,2,175.93,351.86
25670,8549,2,4,54.72,218.88
25671,8550,255,3,71.89,215.67
25672,8550,91,1,103.05,103.05
25673,8550,225,4,267.00,1068.00
25674,8551,29,2,74.94,149.88
25675,8551,9,2,1355.55,2711.10
25676,8551,38,4,2984.65,11938.60
25677,8552,324,2,183.99,367.98
25678,8552,89,2,185.24,370.48
25679,8552,73,2,550.57,1101.14
25680,8553,150,3,223.54,670.62
25681,8553,278,3,405.40,1216.20
25682,8553,138,2,75.42,150.84
25683,8554,311,2,32.45,64.90
25684,8554,109,2,21.64,43.28
25685,8554,142,2,544.13,1088.26
25686,8555,162,1,803.06,803.06
25687,8555,316,1,110.67,110.67
25688,8555,131,4,151.63,606.52
25689,8556,180,4,206.84,827.36
25690,8556,262,3,177.88,533.64
25691,8556,143,4,55.35,221.40
25692,8557,54,4,73.34,293.36
25693,8557,237,1,188.93,188.93
25694,8557,28,1,30.65,30.65
25695,8558,150,2,223.54,447.08
25696,8558,241,4,237.51,950.04
25697,8558,102,3,39.38,118.14
25698,8559,182,2,312.02,624.04
25699,8559,54,4,73.34,293.36
25700,8559,153,4,41.42,165.68
25701,8560,332,3,122.23,366.69
25702,8560,257,1,77.56,77.56
25703,8560,11,3,88.33,264.99
25704,8561,259,1,37.26,37.26
25705,8561,107,3,136.14,408.42
25706,8561,167,2,125.02,250.04
25707,8562,182,2,312.02,624.04
25708,8562,7,2,158.64,317.28
25709,8562,179,4,367.91,1471.64
25710,8563,322,1,161.49,161.49
25711,8563,162,4,803.06,3212.24
25712,8563,112,3,97.46,292.38
25713,8564,4,1,70.68,70.68
25714,8564,177,4,173.92,695.68
25715,8564,298,1,103.05,103.05
25716,8565,163,2,150.26,300.52
25717,8565,37,3,5435.24,16305.72
25718,8565,128,1,1363.48,1363.48
25719,8566,27,1,485.13,485.13
25720,8566,321,4,105.04,420.16
25721,8566,271,4,1470.33,5881.32
25722,8567,37,1,5435.24,5435.24
25723,8567,52,4,36.58,146.32
25724,8567,167,1,125.02,125.02
25725,8568,178,4,110.15,440.60
25726,8568,137,1,197.81,197.81
25727,8568,266,1,379.02,379.02
25728,8569,171,1,49.52,49.52
25729,8569,103,3,88.38,265.14
25730,8569,59,3,1165.61,3496.83
25731,8570,8,2,92.31,184.62
25732,8570,307,2,195.28,390.56
25733,8570,161,4,258.97,1035.88
25734,8571,324,1,183.99,183.99
25735,8571,105,1,63.28,63.28
25736,8571,121,4,376.95,1507.80
25737,8572,79,3,221.90,665.70
25738,8572,176,1,204.81,204.81
25739,8572,220,2,38.34,76.68
25740,8573,327,1,91.25,91.25
25741,8573,199,2,122.30,244.60
25742,8573,180,3,206.84,620.52
25743,8574,64,1,72.56,72.56
25744,8574,207,4,62.51,250.04
25745,8574,297,3,83.28,249.84
25746,8575,32,3,604.32,1812.96
25747,8575,288,2,236.80,473.60
25748,8575,56,1,408.87,408.87
25749,8576,55,4,361.92,1447.68
25750,8576,123,1,340.07,340.07
25751,8576,326,4,127.79,511.16
25752,8577,325,4,108.41,433.64
25753,8577,234,1,157.34,157.34
25754,8577,286,2,65.95,131.90
25755,8578,315,4,69.11,276.44
25756,8578,182,2,312.02,624.04
25757,8578,80,4,180.81,723.24
25758,8579,149,4,63.35,253.40
25759,8579,203,2,59.44,118.88
25760,8579,91,2,103.05,206.10
25761,8580,157,4,2380.02,9520.08
25762,8580,129,2,120.28,240.56
25763,8580,242,4,798.53,3194.12
25764,8581,5,3,312.42,937.26
25765,8581,262,1,177.88,177.88
25766,8581,120,1,532.02,532.02
25767,8582,313,2,49.11,98.22
25768,8582,316,2,110.67,221.34
25769,8582,252,1,576.27,576.27
25770,8583,88,4,92.09,368.36
25771,8583,194,4,136.81,547.24
25772,8583,137,1,197.81,197.81
25773,8584,293,1,9518.10,9518.10
25774,8584,179,4,367.91,1471.64
25775,8584,319,1,129.86,129.86
25776,8585,222,1,106.41,106.41
25777,8585,72,4,201.58,806.32
25778,8585,94,4,61.84,247.36
25779,8586,203,2,59.44,118.88
25780,8586,128,3,1363.48,4090.44
25781,8586,31,1,79.21,79.21
25782,8587,203,2,59.44,118.88
25783,8587,160,1,103.53,103.53
25784,8587,120,3,532.02,1596.06
25785,8588,263,2,82.89,165.78
25786,8588,151,3,52.78,158.34
25787,8588,244,1,70.80,70.80
25788,8589,226,4,106.24,424.96
25789,8589,18,3,4347.52,13042.56
25790,8589,28,3,30.65,91.95
25791,8590,60,4,301.85,1207.40
25792,8590,150,3,223.54,670.62
25793,8590,41,1,82.03,82.03
25794,8591,227,4,154.78,619.12
25795,8591,273,1,173.28,173.28
25796,8591,332,4,122.23,488.92
25797,8592,99,2,4229.74,8459.48
25798,8592,102,4,39.38,157.52
25799,8592,62,1,56.51,56.51
25800,8593,299,2,57.14,114.28
25801,8593,205,1,92.31,92.31
25802,8593,236,1,54.07,54.07
25803,8594,217,3,324.83,974.49
25804,8594,49,4,109.83,439.32
25805,8594,314,2,28.97,57.94
25806,8595,184,2,103.83,207.66
25807,8595,155,1,80.38,80.38
25808,8595,24,3,136.38,409.14
25809,8596,259,4,37.26,149.04
25810,8596,289,3,37.80,113.40
25811,8596,104,1,2507.07,2507.07
25812,8597,250,4,725.02,2900.08
25813,8597,327,4,91.25,365.00
25814,8597,111,1,215.02,215.02
25815,8598,258,2,57.78,115.56
25816,8598,239,2,642.80,1285.60
25817,8598,271,4,1470.33,5881.32
25818,8599,251,2,87.96,175.92
25819,8599,212,4,1815.77,7263.08
25820,8599,158,2,210.26,420.52
25821,8600,141,2,482.39,964.78
25822,8600,26,2,979.66,1959.32
25823,8600,265,4,192.94,771.76
25824,8601,176,4,204.81,819.24
25825,8601,210,1,107.66,107.66
25826,8601,68,1,416.05,416.05
25827,8602,156,3,138.39,415.17
25828,8602,88,1,92.09,92.09
25829,8602,258,1,57.78,57.78
25830,8603,61,1,175.93,175.93
25831,8603,141,3,482.39,1447.17
25832,8603,202,3,109.28,327.84
25833,8604,168,2,84.08,168.16
25834,8604,117,4,795.33,3181.32
25835,8604,238,3,108.52,325.56
25836,8605,297,3,83.28,249.84
25837,8605,54,3,73.34,220.02
25838,8605,4,1,70.68,70.68
25839,8606,90,2,226.17,452.34
25840,8606,261,2,61.79,123.58
25841,8606,70,3,79.39,238.17
25842,8607,66,3,41.56,124.68
25843,8607,200,1,51.39,51.39
25844,8607,180,1,206.84,206.84
25845,8608,189,4,87.00,348.00
25846,8608,68,4,416.05,1664.20
25847,8608,217,4,324.83,1299.32
25848,8609,122,4,130.97,523.88
25849,8609,312,2,25.20,50.40
25850,8609,25,2,70.53,141.06
25851,8610,176,3,204.81,614.43
25852,8610,267,2,276.85,553.70
25853,8610,293,1,9518.10,9518.10
25854,8611,327,2,91.25,182.50
25855,8611,218,3,49.88,149.64
25856,8611,113,1,545.60,545.60
25857,8612,303,4,199.54,798.16
25858,8612,82,2,80.11,160.22
25859,8612,119,3,329.12,987.36
25860,8613,46,4,64.02,256.08
25861,8613,315,4,69.11,276.44
25862,8613,267,1,276.85,276.85
25863,8614,265,2,192.94,385.88
25864,8614,99,1,4229.74,4229.74
25865,8614,85,3,279.78,839.34
25866,8615,160,2,103.53,207.06
25867,8615,328,2,180.51,361.02
25868,8615,124,1,201.32,201.32
25869,8616,141,1,482.39,482.39
25870,8616,159,3,176.40,529.20
25871,8616,23,2,477.55,955.10
25872,8617,141,2,482.39,964.78
25873,8617,33,1,618.92,618.92
25874,8617,302,3,17.70,53.10
25875,8618,307,1,195.28,195.28
25876,8618,79,1,221.90,221.90
25877,8618,125,3,319.28,957.84
25878,8619,282,4,314.44,1257.76
25879,8619,175,4,239.58,958.32
25880,8619,109,1,21.64,21.64
25881,8620,322,4,161.49,645.96
25882,8620,151,2,52.78,105.56
25883,8620,117,4,795.33,3181.32
25884,8621,27,3,485.13,1455.39
25885,8621,16,4,82.24,328.96
25886,8621,319,2,129.86,259.72
25887,8622,289,3,37.80,113.40
25888,8622,188,1,50.01,50.01
25889,8622,171,4,49.52,198.08
25890,8623,291,1,25.62,25.62
25891,8623,94,3,61.84,185.52
25892,8623,143,2,55.35,110.70
25893,8624,78,1,252.79,252.79
25894,8624,109,2,21.64,43.28
25895,8624,331,3,54.96,164.88
25896,8625,150,3,223.54,670.62
25897,8625,142,4,544.13,2176.52
25898,8625,184,1,103.83,103.83
25899,8626,322,4,161.49,645.96
25900,8626,163,1,150.26,150.26
25901,8626,213,4,231.12,924.48
25902,8627,22,3,709.66,2128.98
25903,8627,16,1,82.24,82.24
25904,8627,4,2,70.68,141.36
25905,8628,272,1,77.63,77.63
25906,8628,235,2,1867.81,3735.62
25907,8628,223,2,467.04,934.08
25908,8629,281,2,34.70,69.40
25909,8629,32,3,604.32,1812.96
25910,8629,3,1,108.77,108.77
25911,8630,300,4,39.77,159.08
25912,8630,151,1,52.78,52.78
25913,8630,73,4,550.57,2202.28
25914,8631,335,2,117.27,234.54
25915,8631,106,3,502.86,1508.58
25916,8631,129,4,120.28,481.12
25917,8632,58,3,158.45,475.35
25918,8632,135,1,176.88,176.88
25919,8632,34,2,5015.04,10030.08
25920,8633,327,1,91.25,91.25
25921,8633,280,4,154.65,618.60
25922,8633,252,1,576.27,576.27
25923,8634,229,4,182.92,731.68
25924,8634,329,1,124.79,124.79
25925,8634,238,4,108.52,434.08
25926,8635,311,2,32.45,64.90
25927,8635,73,3,550.57,1651.71
25928,8635,281,4,34.70,138.80
25929,8636,296,2,101.13,202.26
25930,8636,316,2,110.67,221.34
25931,8636,48,4,124.35,497.40
25932,8637,307,3,195.28,585.84
25933,8637,249,4,333.60,1334.40
25934,8637,315,2,69.11,138.22
25935,8638,310,1,106.27,106.27
25936,8638,42,4,288.25,1153.00
25937,8638,182,4,312.02,1248.08
25938,8639,127,2,242.46,484.92
25939,8639,35,2,166.21,332.42
25940,8639,151,4,52.78,211.12
25941,8640,193,4,9668.18,38672.72
25942,8640,5,4,312.42,1249.68
25943,8640,138,3,75.42,226.26
25944,8641,34,3,5015.04,15045.12
25945,8641,93,3,73.99,221.97
25946,8641,158,4,210.26,841.04
25947,8642,183,1,229.08,229.08
25948,8642,235,1,1867.81,1867.81
25949,8642,4,3,70.68,212.04
25950,8643,300,2,39.77,79.54
25951,8643,306,2,184.88,369.76
25952,8643,12,2,423.08,846.16
25953,8644,308,1,143.10,143.10
25954,8644,141,3,482.39,1447.17
25955,8644,4,1,70.68,70.68
25956,8645,275,1,110.46,110.46
25957,8645,290,2,744.49,1488.98
25958,8645,320,1,125.31,125.31
25959,8646,264,4,1374.60,5498.40
25960,8646,10,4,42.91,171.64
25961,8646,189,3,87.00,261.00
25962,8647,332,3,122.23,366.69
25963,8647,87,4,116.31,465.24
25964,8647,250,4,725.02,2900.08
25965,8648,20,4,49.24,196.96
25966,8648,225,3,267.00,801.00
25967,8648,303,1,199.54,199.54
25968,8649,294,4,133.99,535.96
25969,8649,41,2,82.03,164.06
25970,8649,308,4,143.10,572.40
25971,8650,137,2,197.81,395.62
25972,8650,320,4,125.31,501.24
25973,8650,156,3,138.39,415.17
25974,8651,78,2,252.79,505.58
25975,8651,31,2,79.21,158.42
25976,8651,146,3,364.03,1092.09
25977,8652,153,2,41.42,82.84
25978,8652,21,2,37.53,75.06
25979,8652,326,4,127.79,511.16
25980,8653,170,4,845.55,3382.20
25981,8653,5,1,312.42,312.42
25982,8653,296,3,101.13,303.39
25983,8654,159,3,176.40,529.20
25984,8654,81,2,24.00,48.00
25985,8654,225,4,267.00,1068.00
25986,8655,155,4,80.38,321.52
25987,8655,205,4,92.31,369.24
25988,8655,263,2,82.89,165.78
25989,8656,64,4,72.56,290.24
25990,8656,180,1,206.84,206.84
25991,8656,75,1,63.53,63.53
25992,8657,327,2,91.25,182.50
25993,8657,80,4,180.81,723.24
25994,8657,138,4,75.42,301.68
25995,8658,36,1,184.31,184.31
25996,8658,92,4,243.24,972.96
25997,8658,25,4,70.53,282.12
25998,8659,91,3,103.05,309.15
25999,8659,24,1,136.38,136.38
26000,8659,212,4,1815.77,7263.08
26001,8660,101,3,156.57,469.71
26002,8660,17,2,189.07,378.14
26003,8660,222,1,106.41,106.41
26004,8661,57,3,425.93,1277.79
26005,8661,72,4,201.58,806.32
26006,8661,76,1,49.74,49.74
26007,8662,286,4,65.95,263.80
26008,8662,221,2,484.99,969.98
26009,8662,185,1,118.55,118.55
26010,8663,236,4,54.07,216.28
26011,8663,205,3,92.31,276.93
26012,8663,294,3,133.99,401.97
26013,8664,255,1,71.89,71.89
26014,8664,128,4,1363.48,5453.92
26015,8664,263,2,82.89,165.78
26016,8665,152,4,133.94,535.76
26017,8665,177,1,173.92,173.92
26018,8665,244,1,70.80,70.80
26019,8666,190,2,4952.78,9905.56
26020,8666,60,2,301.85,603.70
26021,8666,328,2,180.51,361.02
26022,8667,317,1,85.93,85.93
26023,8667,192,1,365.72,365.72
26024,8667,19,2,79.80,159.60
26025,8668,125,2,319.28,638.56
26026,8668,78,2,252.79,505.58
26027,8668,215,4,136.44,545.76
26028,8669,41,3,82.03,246.09
26029,8669,47,4,100.93,403.72
26030,8669,6,4,536.76,2147.04
26031,8670,236,3,54.07,162.21
26032,8670,90,1,226.17,226.17
26033,8670,20,3,49.24,147.72
26034,8671,239,1,642.80,642.80
26035,8671,264,4,1374.60,5498.40
26036,8671,152,1,133.94,133.94
26037,8672,43,4,930.93,3723.72
26038,8672,315,3,69.11,207.33
26039,8672,125,4,319.28,1277.12
26040,8673,27,3,485.13,1455.39
26041,8673,73,4,550.57,2202.28
26042,8673,21,1,37.53,37.53
26043,8674,122,4,130.97,523.88
26044,8674,304,2,121.41,242.82
26045,8674,177,3,173.92,521.76
26046,8675,31,1,79.21,79.21
26047,8675,22,1,709.66,709.66
26048,8675,304,3,121.41,364.23
26049,8676,38,3,2984.65,8953.95
26050,8676,125,3,319.28,957.84
26051,8676,56,2,408.87,817.74
26052,8677,160,3,103.53,310.59
26053,8677,139,4,392.73,1570.92
26054,8677,102,1,39.38,39.38
26055,8678,226,4,106.24,424.96
26056,8678,222,2,106.41,212.82
26057,8678,59,4,1165.61,4662.44
26058,8679,97,4,201.04,804.16
26059,8679,296,3,101.13,303.39
26060,8679,34,1,5015.04,5015.04
26061,8680,313,3,49.11,147.33
26062,8680,108,1,368.57,368.57
26063,8680,211,4,391.93,1567.72
26064,8681,304,1,121.41,121.41
26065,8681,171,4,49.52,198.08
26066,8681,35,1,166.21,166.21
26067,8682,176,3,204.81,614.43
26068,8682,277,1,198.38,198.38
26069,8682,95,1,198.29,198.29
26070,8683,215,1,136.44,136.44
26071,8683,89,2,185.24,370.48
26072,8683,1,4,41.61,166.44
26073,8684,191,1,217.48,217.48
26074,8684,4,1,70.68,70.68
26075,8684,136,4,407.27,1629.08
26076,8685,146,3,364.03,1092.09
26077,8685,124,2,201.32,402.64
26078,8685,324,2,183.99,367.98
26079,8686,62,4,56.51,226.04
26080,8686,119,4,329.12,1316.48
26081,8686,302,3,17.70,53.10
26082,8687,307,1,195.28,195.28
26083,8687,228,2,148.63,297.26
26084,8687,275,3,110.46,331.38
26085,8688,313,4,49.11,196.44
26086,8688,330,1,120.68,120.68
26087,8688,174,3,93.41,280.23
26088,8689,167,1,125.02,125.02
26089,8689,165,2,257.39,514.78
26090,8689,228,1,148.63,148.63
26091,8690,221,2,484.99,969.98
26092,8690,133,4,153.60,614.40
26093,8690,162,2,803.06,1606.12
26094,8691,270,3,777.12,2331.36
26095,8691,170,2,845.55,1691.10
26096,8691,275,2,110.46,220.92
26097,8692,78,4,252.79,1011.16
26098,8692,221,4,484.99,1939.96
26099,8692,225,4,267.00,1068.00
26100,8693,301,4,136.93,547.72
26101,8693,262,1,177.88,177.88
26102,8693,79,3,221.90,665.70
26103,8694,178,3,110.15,330.45
26104,8694,10,1,42.91,42.91
26105,8694,205,2,92.31,184.62
26106,8695,229,3,182.92,548.76
26107,8695,210,4,107.66,430.64
26108,8695,221,4,484.99,1939.96
26109,8696,187,4,53.46,213.84
26110,8696,190,2,4952.78,9905.56
26111,8696,301,1,136.93,136.93
26112,8697,177,2,173.92,347.84
26113,8697,256,4,255.06,1020.24
26114,8697,276,2,1553.72,3107.44
26115,8698,309,3,132.91,398.73
26116,8698,235,1,1867.81,1867.81
26117,8698,308,3,143.10,429.30
26118,8699,133,1,153.60,153.60
26119,8699,282,4,314.44,1257.76
26120,8699,125,3,319.28,957.84
26121,8700,92,1,243.24,243.24
26122,8700,40,4,62.79,251.16
26123,8700,188,3,50.01,150.03
26124,8701,155,4,80.38,321.52
26125,8701,14,3,430.90,1292.70
26126,8701,296,3,101.13,303.39
26127,8702,7,2,158.64,317.28
26128,8702,240,4,26.71,106.84
26129,8702,165,3,257.39,772.17
26130,8703,216,3,27.57,82.71
26131,8703,323,1,43.39,43.39
26132,8703,145,2,369.80,739.60
26133,8704,70,3,79.39,238.17
26134,8704,241,1,237.51,237.51
26135,8704,120,1,532.02,532.02
26136,8705,144,1,1176.11,1176.11
26137,8705,179,3,367.91,1103.73
26138,8705,256,1,255.06,255.06
26139,8706,278,1,405.40,405.40
26140,8706,262,3,177.88,533.64
26141,8706,291,4,25.62,102.48
26142,8707,331,4,54.96,219.84
26143,8707,149,4,63.35,253.40
26144,8707,296,3,101.13,303.39
26145,8708,253,3,32.75,98.25
26146,8708,280,2,154.65,309.30
26147,8708,7,1,158.64,158.64
26148,8709,212,3,1815.77,5447.31
26149,8709,32,3,604.32,1812.96
26150,8709,110,2,81.80,163.60
26151,8710,55,2,361.92,723.84
26152,8710,220,2,38.34,76.68
26153,8710,270,1,777.12,777.12
26154,8711,208,2,5119.77,10239.54
26155,8711,334,3,173.02,519.06
26156,8711,13,4,44.19,176.76
26157,8712,12,1,423.08,423.08
26158,8712,281,4,34.70,138.80
26159,8712,219,4,662.92,2651.68
26160,8713,252,4,576.27,2305.08
26161,8713,53,3,26.41,79.23
26162,8713,334,4,173.02,692.08
26163,8714,265,4,192.94,771.76
26164,8714,236,3,54.07,162.21
26165,8714,88,4,92.09,368.36
26166,8715,294,2,133.99,267.98
26167,8715,131,2,151.63,303.26
26168,8715,184,4,103.83,415.32
26169,8716,176,3,204.81,614.43
26170,8716,303,2,199.54,399.08
26171,8716,244,2,70.80,141.60
26172,8717,330,3,120.68,362.04
26173,8717,33,3,618.92,1856.76
26174,8717,225,2,267.00,534.00
26175,8718,51,4,223.70,894.80
26176,8718,218,1,49.88,49.88
26177,8718,49,4,109.83,439.32
26178,8719,328,2,180.51,361.02
26179,8719,301,4,136.93,547.72
26180,8719,287,1,553.36,553.36
26181,8720,71,3,81.12,243.36
26182,8720,189,1,87.00,87.00
26183,8720,130,1,261.07,261.07
26184,8721,38,3,2984.65,8953.95
26185,8721,72,4,201.58,806.32
26186,8721,279,2,41.73,83.46
26187,8722,261,2,61.79,123.58
26188,8722,308,2,143.10,286.20
26189,8722,79,1,221.90,221.90
26190,8723,93,1,73.99,73.99
26191,8723,113,4,545.60,2182.40
26192,8723,293,2,9518.10,19036.20
26193,8724,282,3,314.44,943.32
26194,8724,204,3,362.70,1088.10
26195,8724,83,4,138.27,553.08
26196,8725,20,2,49.24,98.48
26197,8725,324,4,183.99,735.96
26198,8725,298,1,103.05,103.05
26199,8726,197,4,111.56,446.24
26200,8726,332,1,122.23,122.23
26201,8726,243,3,471.30,1413.90
26202,8727,265,1,192.94,192.94
26203,8727,43,1,930.93,930.93
26204,8727,51,2,223.70,447.40
26205,8728,83,3,138.27,414.81
26206,8728,213,1,231.12,231.12
26207,8728,209,1,299.28,299.28
26208,8729,246,1,42.72,42.72
26209,8729,74,1,306.84,306.84
26210,8729,107,2,136.14,272.28
26211,8730,48,3,124.35,373.05
26212,8730,41,1,82.03,82.03
26213,8730,128,2,1363.48,2726.96
26214,8731,144,1,1176.11,1176.11
26215,8731,75,1,63.53,63.53
26216,8731,19,1,79.80,79.80
26217,8732,213,4,231.12,924.48
26218,8732,212,3,1815.77,5447.31
26219,8732,116,3,86.77,260.31
26220,8733,318,1,27.43,27.43
26221,8733,235,4,1867.81,7471.24
26222,8733,266,3,379.02,1137.06
26223,8734,298,1,103.05,103.05
26224,8734,16,1,82.24,82.24
26225,8734,226,1,106.24,106.24
26226,8735,194,4,136.81,547.24
26227,8735,326,4,127.79,511.16
26228,8735,107,3,136.14,408.42
26229,8736,200,1,51.39,51.39
26230,8736,25,3,70.53,211.59
26231,8736,91,3,103.05,309.15
26232,8737,264,2,1374.60,2749.20
26233,8737,71,3,81.12,243.36
26234,8737,210,1,107.66,107.66
26235,8738,140,4,558.26,2233.04
26236,8738,278,4,405.40,1621.60
26237,8738,235,4,1867.81,7471.24
26238,8739,329,2,124.79,249.58
26239,8739,294,4,133.99,535.96
26240,8739,213,3,231.12,693.36
26241,8740,275,1,110.46,110.46
26242,8740,230,3,64.40,193.20
26243,8740,291,1,25.62,25.62
26244,8741,271,3,1470.33,4410.99
26245,8741,158,2,210.26,420.52
26246,8741,46,4,64.02,256.08
26247,8742,334,4,173.02,692.08
26248,8742,86,3,137.39,412.17
26249,8742,289,1,37.80,37.80
26250,8743,212,2,1815.77,3631.54
26251,8743,57,3,425.93,1277.79
26252,8743,96,3,171.36,514.08
26253,8744,128,1,1363.48,1363.48
26254,8744,97,2,201.04,402.08
26255,8744,95,4,198.29,793.16
26256,8745,109,1,21.64,21.64
26257,8745,94,2,61.84,123.68
26258,8745,56,3,408.87,1226.61
26259,8746,92,2,243.24,486.48
26260,8746,3,1,108.77,108.77
26261,8746,320,3,125.31,375.93
26262,8747,334,4,173.02,692.08
26263,8747,35,1,166.21,166.21
26264,8747,41,3,82.03,246.09
26265,8748,116,2,86.77,173.54
26266,8748,226,1,106.24,106.24
26267,8748,319,2,129.86,259.72
26268,8749,201,3,83.06,249.18
26269,8749,144,2,1176.11,2352.22
26270,8749,80,3,180.81,542.43
26271,8750,294,1,133.99,133.99
26272,8750,81,2,24.00,48.00
26273,8750,335,4,117.27,469.08
26274,8751,247,2,127.32,254.64
26275,8751,168,2,84.08,168.16
26276,8751,230,3,64.40,193.20
26277,8752,61,1,175.93,175.93
26278,8752,173,2,101.46,202.92
26279,8752,325,3,108.41,325.23
26280,8753,87,3,116.31,348.93
26281,8753,297,4,83.28,333.12
26282,8753,13,4,44.19,176.76
26283,8754,136,1,407.27,407.27
26284,8754,330,3,120.68,362.04
26285,8754,284,3,33.21,99.63
26286,8755,311,1,32.45,32.45
26287,8755,27,3,485.13,1455.39
26288,8755,240,4,26.71,106.84
26289,8756,147,4,143.83,575.32
26290,8756,267,3,276.85,830.55
26291,8756,272,1,77.63,77.63
26292,8757,35,1,166.21,166.21
26293,8757,103,1,88.38,88.38
26294,8757,275,1,110.46,110.46
26295,8758,112,2,97.46,194.92
26296,8758,225,1,267.00,267.00
26297,8758,165,2,257.39,514.78
26298,8759,237,3,188.93,566.79
26299,8759,65,4,114.10,456.40
26300,8759,231,3,170.32,510.96
26301,8760,180,1,206.84,206.84
26302,8760,143,4,55.35,221.40
26303,8760,35,2,166.21,332.42
26304,8761,91,2,103.05,206.10
26305,8761,76,3,49.74,149.22
26306,8761,196,4,68.93,275.72
26307,8762,288,1,236.80,236.80
26308,8762,317,3,85.93,257.79
26309,8762,207,4,62.51,250.04
26310,8763,122,3,130.97,392.91
26311,8763,190,4,4952.78,19811.12
26312,8763,234,2,157.34,314.68
26313,8764,244,1,70.80,70.80
26314,8764,189,3,87.00,261.00
26315,8764,103,3,88.38,265.14
26316,8765,247,2,127.32,254.64
26317,8765,131,2,151.63,303.26
26318,8765,311,3,32.45,97.35
26319,8766,307,2,195.28,390.56
26320,8766,219,3,662.92,1988.76
26321,8766,66,2,41.56,83.12
26322,8767,324,4,183.99,735.96
26323,8767,140,3,558.26,1674.78
26324,8767,169,1,537.24,537.24
26325,8768,30,3,165.44,496.32
26326,8768,46,4,64.02,256.08
26327,8768,118,3,123.08,369.24
26328,8769,29,4,74.94,299.76
26329,8769,41,4,82.03,328.12
26330,8769,34,1,5015.04,5015.04
26331,8770,83,3,138.27,414.81
26332,8770,333,1,167.16,167.16
26333,8770,177,4,173.92,695.68
26334,8771,199,2,122.30,244.60
26335,8771,302,3,17.70,53.10
26336,8771,92,2,243.24,486.48
26337,8772,9,2,1355.55,2711.10
26338,8772,132,4,152.84,611.36
26339,8772,163,4,150.26,601.04
26340,8773,166,2,122.59,245.18
26341,8773,157,2,2380.02,4760.04
26342,8773,142,1,544.13,544.13
26343,8774,10,1,42.91,42.91
26344,8774,175,1,239.58,239.58
26345,8774,220,1,38.34,38.34
26346,8775,176,1,204.81,204.81
26347,8775,228,4,148.63,594.52
26348,8775,58,4,158.45,633.80
26349,8776,213,4,231.12,924.48
26350,8776,211,1,391.93,391.93
26351,8776,108,3,368.57,1105.71
26352,8777,198,4,124.56,498.24
26353,8777,154,1,174.02,174.02
26354,8777,104,4,2507.07,10028.28
26355,8778,59,4,1165.61,4662.44
26356,8778,284,2,33.21,66.42
26357,8778,307,3,195.28,585.84
26358,8779,84,2,214.78,429.56
26359,8779,122,2,130.97,261.94
26360,8779,207,2,62.51,125.02
26361,8780,248,4,4473.97,17895.88
26362,8780,294,1,133.99,133.99
26363,8780,53,4,26.41,105.64
26364,8781,163,3,150.26,450.78
26365,8781,195,2,46.99,93.98
26366,8781,136,3,407.27,1221.81
26367,8782,300,4,39.77,159.08
26368,8782,8,3,92.31,276.93
26369,8782,164,3,259.43,778.29
26370,8783,113,1,545.60,545.60
26371,8783,81,1,24.00,24.00
26372,8783,131,2,151.63,303.26
26373,8784,29,1,74.94,74.94
26374,8784,187,2,53.46,106.92
26375,8784,123,1,340.07,340.07
26376,8785,147,2,143.83,287.66
26377,8785,310,1,106.27,106.27
26378,8785,285,1,6751.40,6751.40
26379,8786,131,2,151.63,303.26
26380,8786,18,2,4347.52,8695.04
26381,8786,306,3,184.88,554.64
26382,8787,248,1,4473.97,4473.97
26383,8787,32,3,604.32,1812.96
26384,8787,211,2,391.93,783.86
26385,8788,251,1,87.96,87.96
26386,8788,82,3,80.11,240.33
26387,8788,143,2,55.35,110.70
26388,8789,67,3,663.51,1990.53
26389,8789,268,4,186.90,747.60
26390,8789,78,4,252.79,1011.16
26391,8790,241,3,237.51,712.53
26392,8790,196,1,68.93,68.93
26393,8790,144,4,1176.11,4704.44
26394,8791,287,3,553.36,1660.08
26395,8791,107,4,136.14,544.56
26396,8791,31,4,79.21,316.84
26397,8792,306,3,184.88,554.64
26398,8792,21,2,37.53,75.06
26399,8792,44,3,86.79,260.37
26400,8793,290,3,744.49,2233.47
26401,8793,7,3,158.64,475.92
26402,8793,44,1,86.79,86.79
26403,8794,162,1,803.06,803.06
26404,8794,186,2,324.89,649.78
26405,8794,116,3,86.77,260.31
26406,8795,309,3,132.91,398.73
26407,8795,92,4,243.24,972.96
26408,8795,91,3,103.05,309.15
26409,8796,218,3,49.88,149.64
26410,8796,198,4,124.56,498.24
26411,8796,134,1,261.22,261.22
26412,8797,286,4,65.95,263.80
26413,8797,21,3,37.53,112.59
26414,8797,324,3,183.99,551.97
26415,8798,65,4,114.10,456.40
26416,8798,109,3,21.64,64.92
26417,8798,135,1,176.88,176.88
26418,8799,86,1,137.39,137.39
26419,8799,140,2,558.26,1116.52
26420,8799,37,3,5435.24,16305.72
26421,8800,332,4,122.23,488.92
26422,8800,310,3,106.27,318.81
26423,8800,54,2,73.34,146.68
26424,8801,321,3,105.04,315.12
26425,8801,80,2,180.81,361.62
26426,8801,316,1,110.67,110.67
26427,8802,279,4,41.73,166.92
26428,8802,191,4,217.48,869.92
26429,8802,286,4,65.95,263.80
26430,8803,217,2,324.83,649.66
26431,8803,252,2,576.27,1152.54
26432,8803,80,2,180.81,361.62
26433,8804,32,4,604.32,2417.28
26434,8804,305,3,18.21,54.63
26435,8804,45,4,5111.42,20445.68
26436,8805,47,1,100.93,100.93
26437,8805,283,1,594.23,594.23
26438,8805,179,3,367.91,1103.73
26439,8806,39,4,265.80,1063.20
26440,8806,48,3,124.35,373.05
26441,8806,136,3,407.27,1221.81
26442,8807,173,1,101.46,101.46
26443,8807,108,2,368.57,737.14
26444,8807,86,3,137.39,412.17
26445,8808,69,1,206.85,206.85
26446,8808,266,2,379.02,758.04
26447,8808,82,4,80.11,320.44
26448,8809,234,2,157.34,314.68
26449,8809,142,4,544.13,2176.52
26450,8809,21,2,37.53,75.06
26451,8810,185,1,118.55,118.55
26452,8810,43,3,930.93,2792.79
26453,8810,167,4,125.02,500.08
26454,8811,22,3,709.66,2128.98
26455,8811,87,2,116.31,232.62
26456,8811,46,4,64.02,256.08
26457,8812,131,4,151.63,606.52
26458,8812,331,4,54.96,219.84
26459,8812,14,4,430.90,1723.60
26460,8813,120,2,532.02,1064.04
26461,8813,270,1,777.12,777.12
26462,8813,141,4,482.39,1929.56
26463,8814,140,1,558.26,558.26
26464,8814,91,3,103.05,309.15
26465,8814,77,2,90.53,181.06
26466,8815,140,2,558.26,1116.52
26467,8815,82,2,80.11,160.22
26468,8815,297,3,83.28,249.84
26469,8816,210,1,107.66,107.66
26470,8816,334,1,173.02,173.02
26471,8816,62,4,56.51,226.04
26472,8817,113,4,545.60,2182.40
26473,8817,106,1,502.86,502.86
26474,8817,40,3,62.79,188.37
26475,8818,129,3,120.28,360.84
26476,8818,119,3,329.12,987.36
26477,8818,237,4,188.93,755.72
26478,8819,239,1,642.80,642.80
26479,8819,119,1,329.12,329.12
26480,8819,93,2,73.99,147.98
26481,8820,45,3,5111.42,15334.26
26482,8820,317,1,85.93,85.93
26483,8820,290,3,744.49,2233.47
26484,8821,214,4,522.07,2088.28
26485,8821,38,2,2984.65,5969.30
26486,8821,123,4,340.07,1360.28
26487,8822,30,3,165.44,496.32
26488,8822,233,2,107.91,215.82
26489,8822,307,4,195.28,781.12
26490,8823,51,2,223.70,447.40
26491,8823,263,2,82.89,165.78
26492,8823,255,3,71.89,215.67
26493,8824,274,3,72.47,217.41
26494,8824,98,4,116.76,467.04
26495,8824,42,4,288.25,1153.00
26496,8825,52,4,36.58,146.32
26497,8825,238,4,108.52,434.08
26498,8825,284,1,33.21,33.21
26499,8826,225,2,267.00,534.00
26500,8826,108,4,368.57,1474.28
26501,8826,122,3,130.97,392.91
26502,8827,55,1,361.92,361.92
26503,8827,231,3,170.32,510.96
26504,8827,248,3,4473.97,13421.91
26505,8828,315,2,69.11,138.22
26506,8828,109,4,21.64,86.56
26507,8828,134,1,261.22,261.22
26508,8829,218,3,49.88,149.64
26509,8829,27,3,485.13,1455.39
26510,8829,297,4,83.28,333.12
26511,8830,326,4,127.79,511.16
26512,8830,262,1,177.88,177.88
26513,8830,223,4,467.04,1868.16
26514,8831,268,3,186.90,560.70
26515,8831,3,1,108.77,108.77
26516,8831,129,4,120.28,481.12
26517,8832,297,2,83.28,166.56
26518,8832,111,1,215.02,215.02
26519,8832,120,2,532.02,1064.04
26520,8833,69,2,206.85,413.70
26521,8833,129,4,120.28,481.12
26522,8833,65,3,114.10,342.30
26523,8834,291,2,25.62,51.24
26524,8834,285,4,6751.40,27005.60
26525,8834,42,4,288.25,1153.00
26526,8835,36,3,184.31,552.93
26527,8835,171,3,49.52,148.56
26528,8835,84,3,214.78,644.34
26529,8836,320,2,125.31,250.62
26530,8836,91,3,103.05,309.15
26531,8836,58,2,158.45,316.90
26532,8837,174,3,93.41,280.23
26533,8837,117,4,795.33,3181.32
26534,8837,149,2,63.35,126.70
26535,8838,251,2,87.96,175.92
26536,8838,208,1,5119.77,5119.77
26537,8838,102,4,39.38,157.52
26538,8839,16,1,82.24,82.24
26539,8839,214,3,522.07,1566.21
26540,8839,140,2,558.26,1116.52
26541,8840,223,2,467.04,934.08
26542,8840,293,3,9518.10,28554.30
26543,8840,74,4,306.84,1227.36
26544,8841,335,4,117.27,469.08
26545,8841,138,2,75.42,150.84
26546,8841,193,4,9668.18,38672.72
26547,8842,89,1,185.24,185.24
26548,8842,15,4,602.60,2410.40
26549,8842,217,3,324.83,974.49
26550,8843,90,1,226.17,226.17
26551,8843,172,2,53.49,106.98
26552,8843,281,2,34.70,69.40
26553,8844,132,1,152.84,152.84
26554,8844,106,4,502.86,2011.44
26555,8844,295,2,207.06,414.12
26556,8845,144,4,1176.11,4704.44
26557,8845,289,4,37.80,151.20
26558,8845,13,3,44.19,132.57
26559,8846,199,2,122.30,244.60
26560,8846,216,1,27.57,27.57
26561,8846,223,4,467.04,1868.16
26562,8847,192,4,365.72,1462.88
26563,8847,3,4,108.77,435.08
26564,8847,220,3,38.34,115.02
26565,8848,68,2,416.05,832.10
26566,8848,97,2,201.04,402.08
26567,8848,19,3,79.80,239.40
26568,8849,244,1,70.80,70.80
26569,8849,8,3,92.31,276.93
26570,8849,317,4,85.93,343.72
26571,8850,34,4,5015.04,20060.16
26572,8850,174,3,93.41,280.23
26573,8850,149,2,63.35,126.70
26574,8851,69,3,206.85,620.55
26575,8851,165,2,257.39,514.78
26576,8851,97,1,201.04,201.04
26577,8852,58,4,158.45,633.80
26578,8852,210,3,107.66,322.98
26579,8852,217,1,324.83,324.83
26580,8853,66,1,41.56,41.56
26581,8853,46,4,64.02,256.08
26582,8853,44,4,86.79,347.16
26583,8854,73,1,550.57,550.57
26584,8854,89,4,185.24,740.96
26585,8854,305,4,18.21,72.84
26586,8855,136,2,407.27,814.54
26587,8855,271,3,1470.33,4410.99
26588,8855,163,3,150.26,450.78
26589,8856,116,4,86.77,347.08
26590,8856,299,2,57.14,114.28
26591,8856,56,3,408.87,1226.61
26592,8857,65,2,114.10,228.20
26593,8857,139,3,392.73,1178.19
26594,8857,231,3,170.32,510.96
26595,8858,111,2,215.02,430.04
26596,8858,133,2,153.60,307.20
26597,8858,197,2,111.56,223.12
26598,8859,56,1,408.87,408.87
26599,8859,147,1,143.83,143.83
26600,8859,32,2,604.32,1208.64
26601,8860,154,2,174.02,348.04
26602,8860,75,1,63.53,63.53
26603,8860,280,3,154.65,463.95
26604,8861,71,4,81.12,324.48
26605,8861,47,3,100.93,302.79
26606,8861,257,2,77.56,155.12
26607,8862,329,1,124.79,124.79
26608,8862,292,2,40.52,81.04
26609,8862,219,2,662.92,1325.84
26610,8863,181,2,181.57,363.14
26611,8863,130,3,261.07,783.21
26612,8863,271,4,1470.33,5881.32
26613,8864,324,4,183.99,735.96
26614,8864,143,2,55.35,110.70
26615,8864,302,3,17.70,53.10
26616,8865,286,4,65.95,263.80
26617,8865,124,1,201.32,201.32
26618,8865,316,4,110.67,442.68
26619,8866,256,4,255.06,1020.24
26620,8866,34,2,5015.04,10030.08
26621,8866,177,3,173.92,521.76
26622,8867,186,1,324.89,324.89
26623,8867,254,1,196.52,196.52
26624,8867,138,2,75.42,150.84
26625,8868,192,3,365.72,1097.16
26626,8868,116,3,86.77,260.31
26627,8868,2,4,54.72,218.88
26628,8869,19,3,79.80,239.40
26629,8869,235,2,1867.81,3735.62
26630,8869,308,4,143.10,572.40
26631,8870,150,2,223.54,447.08
26632,8870,28,1,30.65,30.65
26633,8870,112,3,97.46,292.38
26634,8871,108,4,368.57,1474.28
26635,8871,3,1,108.77,108.77
26636,8871,235,3,1867.81,5603.43
26637,8872,317,1,85.93,85.93
26638,8872,207,2,62.51,125.02
26639,8872,278,1,405.40,405.40
26640,8873,13,1,44.19,44.19
26641,8873,153,3,41.42,124.26
26642,8873,323,1,43.39,43.39
26643,8874,224,1,203.37,203.37
26644,8874,214,2,522.07,1044.14
26645,8874,137,2,197.81,395.62
26646,8875,166,1,122.59,122.59
26647,8875,61,2,175.93,351.86
26648,8875,163,1,150.26,150.26
26649,8876,121,4,376.95,1507.80
26650,8876,158,3,210.26,630.78
26651,8876,283,3,594.23,1782.69
26652,8877,323,2,43.39,86.78
26653,8877,329,2,124.79,249.58
26654,8877,321,1,105.04,105.04
26655,8878,317,1,85.93,85.93
26656,8878,69,1,206.85,206.85
26657,8878,123,4,340.07,1360.28
26658,8879,19,3,79.80,239.40
26659,8879,2,4,54.72,218.88
26660,8879,3,2,108.77,217.54
26661,8880,326,3,127.79,383.37
26662,8880,304,3,121.41,364.23
26663,8880,289,1,37.80,37.80
26664,8881,187,4,53.46,213.84
26665,8881,6,2,536.76,1073.52
26666,8881,153,2,41.42,82.84
26667,8882,314,3,28.97,86.91
26668,8882,18,4,4347.52,17390.08
26669,8882,170,4,845.55,3382.20
26670,8883,335,3,117.27,351.81
26671,8883,65,4,114.10,456.40
26672,8883,142,4,544.13,2176.52
26673,8884,99,4,4229.74,16918.96
26674,8884,308,1,143.10,143.10
26675,8884,174,4,93.41,373.64
26676,8885,25,1,70.53,70.53
26677,8885,303,1,199.54,199.54
26678,8885,291,1,25.62,25.62
26679,8886,270,1,777.12,777.12
26680,8886,78,1,252.79,252.79
26681,8886,49,2,109.83,219.66
26682,8887,8,3,92.31,276.93
26683,8887,9,3,1355.55,4066.65
26684,8887,233,4,107.91,431.64
26685,8888,53,1,26.41,26.41
26686,8888,293,1,9518.10,9518.10
26687,8888,98,1,116.76,116.76
26688,8889,115,3,559.60,1678.80
26689,8889,249,3,333.60,1000.80
26690,8889,146,2,364.03,728.06
26691,8890,180,1,206.84,206.84
26692,8890,333,4,167.16,668.64
26693,8890,44,4,86.79,347.16
26694,8891,322,3,161.49,484.47
26695,8891,226,2,106.24,212.48
26696,8891,117,4,795.33,3181.32
26697,8892,247,2,127.32,254.64
26698,8892,71,4,81.12,324.48
26699,8892,309,1,132.91,132.91
26700,8893,1,4,41.61,166.44
26701,8893,245,4,75.04,300.16
26702,8893,27,3,485.13,1455.39
26703,8894,221,2,484.99,969.98
26704,8894,194,1,136.81,136.81
26705,8894,86,1,137.39,137.39
26706,8895,197,4,111.56,446.24
26707,8895,228,4,148.63,594.52
26708,8895,241,3,237.51,712.53
26709,8896,169,3,537.24,1611.72
26710,8896,164,3,259.43,778.29
26711,8896,108,2,368.57,737.14
26712,8897,49,2,109.83,219.66
26713,8897,233,3,107.91,323.73
26714,8897,267,1,276.85,276.85
26715,8898,4,3,70.68,212.04
26716,8898,259,1,37.26,37.26
26717,8898,70,4,79.39,317.56
26718,8899,16,3,82.24,246.72
26719,8899,9,3,1355.55,4066.65
26720,8899,116,2,86.77,173.54
26721,8900,5,2,312.42,624.84
26722,8900,131,2,151.63,303.26
26723,8900,273,3,173.28,519.84
26724,8901,335,3,117.27,351.81
26725,8901,93,2,73.99,147.98
26726,8901,204,3,362.70,1088.10
26727,8902,229,1,182.92,182.92
26728,8902,208,2,5119.77,10239.54
26729,8902,297,4,83.28,333.12
26730,8903,237,2,188.93,377.86
26731,8903,216,4,27.57,110.28
26732,8903,112,1,97.46,97.46
26733,8904,199,3,122.30,366.90
26734,8904,276,4,1553.72,6214.88
26735,8904,53,1,26.41,26.41
26736,8905,193,1,9668.18,9668.18
26737,8905,181,4,181.57,726.28
26738,8905,132,3,152.84,458.52
26739,8906,23,4,477.55,1910.20
26740,8906,207,3,62.51,187.53
26741,8906,56,4,408.87,1635.48
26742,8907,230,3,64.40,193.20
26743,8907,72,1,201.58,201.58
26744,8907,104,3,2507.07,7521.21
26745,8908,179,2,367.91,735.82
26746,8908,321,2,105.04,210.08
26747,8908,196,1,68.93,68.93
26748,8909,25,2,70.53,141.06
26749,8909,220,4,38.34,153.36
26750,8909,225,4,267.00,1068.00
26751,8910,77,4,90.53,362.12
26752,8910,291,4,25.62,102.48
26753,8910,246,4,42.72,170.88
26754,8911,312,2,25.20,50.40
26755,8911,36,3,184.31,552.93
26756,8911,162,4,803.06,3212.24
26757,8912,150,3,223.54,670.62
26758,8912,8,4,92.31,369.24
26759,8912,225,3,267.00,801.00
26760,8913,121,3,376.95,1130.85
26761,8913,132,1,152.84,152.84
26762,8913,184,3,103.83,311.49
26763,8914,171,3,49.52,148.56
26764,8914,164,1,259.43,259.43
26765,8914,319,3,129.86,389.58
26766,8915,221,3,484.99,1454.97
26767,8915,178,3,110.15,330.45
26768,8915,82,4,80.11,320.44
26769,8916,125,4,319.28,1277.12
26770,8916,272,1,77.63,77.63
26771,8916,150,1,223.54,223.54
26772,8917,45,4,5111.42,20445.68
26773,8917,232,2,117.39,234.78
26774,8917,81,3,24.00,72.00
26775,8918,124,2,201.32,402.64
26776,8918,16,3,82.24,246.72
26777,8918,209,2,299.28,598.56
26778,8919,297,2,83.28,166.56
26779,8919,289,2,37.80,75.60
26780,8919,123,2,340.07,680.14
26781,8920,184,3,103.83,311.49
26782,8920,177,1,173.92,173.92
26783,8920,215,2,136.44,272.88
26784,8921,116,4,86.77,347.08
26785,8921,84,2,214.78,429.56
26786,8921,207,1,62.51,62.51
26787,8922,170,1,845.55,845.55
26788,8922,9,3,1355.55,4066.65
26789,8922,169,3,537.24,1611.72
26790,8923,256,1,255.06,255.06
26791,8923,125,3,319.28,957.84
26792,8923,63,4,176.42,705.68
26793,8924,249,4,333.60,1334.40
26794,8924,181,1,181.57,181.57
26795,8924,132,3,152.84,458.52
26796,8925,280,1,154.65,154.65
26797,8925,178,1,110.15,110.15
26798,8925,302,3,17.70,53.10
26799,8926,288,1,236.80,236.80
26800,8926,324,1,183.99,183.99
26801,8926,268,4,186.90,747.60
26802,8927,83,4,138.27,553.08
26803,8927,104,1,2507.07,2507.07
26804,8927,113,2,545.60,1091.20
26805,8928,250,1,725.02,725.02
26806,8928,23,3,477.55,1432.65
26807,8928,205,2,92.31,184.62
26808,8929,116,4,86.77,347.08
26809,8929,169,4,537.24,2148.96
26810,8929,164,3,259.43,778.29
26811,8930,30,2,165.44,330.88
26812,8930,90,4,226.17,904.68
26813,8930,34,4,5015.04,20060.16
26814,8931,273,1,173.28,173.28
26815,8931,230,1,64.40,64.40
26816,8931,249,2,333.60,667.20
26817,8932,257,3,77.56,232.68
26818,8932,78,2,252.79,505.58
26819,8932,220,3,38.34,115.02
26820,8933,230,3,64.40,193.20
26821,8933,70,3,79.39,238.17
26822,8933,260,4,95.74,382.96
26823,8934,319,2,129.86,259.72
26824,8934,236,4,54.07,216.28
26825,8934,122,3,130.97,392.91
26826,8935,163,4,150.26,601.04
26827,8935,82,2,80.11,160.22
26828,8935,57,2,425.93,851.86
26829,8936,151,4,52.78,211.12
26830,8936,18,1,4347.52,4347.52
26831,8936,213,1,231.12,231.12
26832,8937,260,4,95.74,382.96
26833,8937,165,2,257.39,514.78
26834,8937,12,2,423.08,846.16
26835,8938,137,2,197.81,395.62
26836,8938,1,4,41.61,166.44
26837,8938,68,4,416.05,1664.20
26838,8939,4,3,70.68,212.04
26839,8939,121,3,376.95,1130.85
26840,8939,319,2,129.86,259.72
26841,8940,161,4,258.97,1035.88
26842,8940,172,3,53.49,160.47
26843,8940,81,3,24.00,72.00
26844,8941,281,4,34.70,138.80
26845,8941,245,2,75.04,150.08
26846,8941,263,3,82.89,248.67
26847,8942,7,2,158.64,317.28
26848,8942,94,4,61.84,247.36
26849,8942,69,4,206.85,827.40
26850,8943,30,4,165.44,661.76
26851,8943,215,3,136.44,409.32
26852,8943,50,4,293.39,1173.56
26853,8944,78,3,252.79,758.37
26854,8944,299,1,57.14,57.14
26855,8944,72,1,201.58,201.58
26856,8945,259,2,37.26,74.52
26857,8945,192,4,365.72,1462.88
26858,8945,94,1,61.84,61.84
26859,8946,175,2,239.58,479.16
26860,8946,221,2,484.99,969.98
26861,8946,205,3,92.31,276.93
26862,8947,186,1,324.89,324.89
26863,8947,293,4,9518.10,38072.40
26864,8947,287,2,553.36,1106.72
26865,8948,175,1,239.58,239.58
26866,8948,57,3,425.93,1277.79
26867,8948,34,2,5015.04,10030.08
26868,8949,253,2,32.75,65.50
26869,8949,3,3,108.77,326.31
26870,8949,146,4,364.03,1456.12
26871,8950,141,4,482.39,1929.56
26872,8950,267,3,276.85,830.55
26873,8950,326,4,127.79,511.16
26874,8951,149,2,63.35,126.70
26875,8951,171,2,49.52,99.04
26876,8951,81,3,24.00,72.00
26877,8952,268,3,186.90,560.70
26878,8952,300,4,39.77,159.08
26879,8952,32,2,604.32,1208.64
26880,8953,92,2,243.24,486.48
26881,8953,75,1,63.53,63.53
26882,8953,284,2,33.21,66.42
26883,8954,167,4,125.02,500.08
26884,8954,176,3,204.81,614.43
26885,8954,46,2,64.02,128.04
26886,8955,322,4,161.49,645.96
26887,8955,312,3,25.20,75.60
26888,8955,134,3,261.22,783.66
26889,8956,133,2,153.60,307.20
26890,8956,190,2,4952.78,9905.56
26891,8956,258,4,57.78,231.12
26892,8957,326,2,127.79,255.58
26893,8957,9,1,1355.55,1355.55
26894,8957,187,3,53.46,160.38
26895,8958,123,3,340.07,1020.21
26896,8958,133,4,153.60,614.40
26897,8958,128,4,1363.48,5453.92
26898,8959,62,2,56.51,113.02
26899,8959,109,4,21.64,86.56
26900,8959,119,4,329.12,1316.48
26901,8960,55,2,361.92,723.84
26902,8960,291,3,25.62,76.86
26903,8960,22,4,709.66,2838.64
26904,8961,310,3,106.27,318.81
26905,8961,202,4,109.28,437.12
26906,8961,163,4,150.26,601.04
26907,8962,217,3,324.83,974.49
26908,8962,149,3,63.35,190.05
26909,8962,28,2,30.65,61.30
26910,8963,47,4,100.93,403.72
26911,8963,251,2,87.96,175.92
26912,8963,133,3,153.60,460.80
26913,8964,298,1,103.05,103.05
26914,8964,92,3,243.24,729.72
26915,8964,91,2,103.05,206.10
26916,8965,290,2,744.49,1488.98
26917,8965,329,4,124.79,499.16
26918,8965,297,1,83.28,83.28
26919,8966,141,3,482.39,1447.17
26920,8966,330,1,120.68,120.68
26921,8966,39,4,265.80,1063.20
26922,8967,222,3,106.41,319.23
26923,8967,241,2,237.51,475.02
26924,8967,147,1,143.83,143.83
26925,8968,148,1,640.43,640.43
26926,8968,133,1,153.60,153.60
26927,8968,254,3,196.52,589.56
26928,8969,51,4,223.70,894.80
26929,8969,131,4,151.63,606.52
26930,8969,266,1,379.02,379.02
26931,8970,233,1,107.91,107.91
26932,8970,211,1,391.93,391.93
26933,8970,23,4,477.55,1910.20
26934,8971,89,1,185.24,185.24
26935,8971,7,2,158.64,317.28
26936,8971,123,1,340.07,340.07
26937,8972,322,4,161.49,645.96
26938,8972,294,1,133.99,133.99
26939,8972,327,4,91.25,365.00
26940,8973,53,4,26.41,105.64
26941,8973,330,2,120.68,241.36
26942,8973,189,1,87.00,87.00
26943,8974,53,2,26.41,52.82
26944,8974,282,2,314.44,628.88
26945,8974,284,1,33.21,33.21
26946,8975,61,4,175.93,703.72
26947,8975,174,2,93.41,186.82
26948,8975,210,1,107.66,107.66
26949,8976,55,1,361.92,361.92
26950,8976,203,2,59.44,118.88
26951,8976,177,4,173.92,695.68
26952,8977,47,2,100.93,201.86
26953,8977,271,2,1470.33,2940.66
26954,8977,195,2,46.99,93.98
26955,8978,215,2,136.44,272.88
26956,8978,55,2,361.92,723.84
26957,8978,195,2,46.99,93.98
26958,8979,223,2,467.04,934.08
26959,8979,59,3,1165.61,3496.83
26960,8979,25,4,70.53,282.12
26961,8980,278,3,405.40,1216.20
26962,8980,310,1,106.27,106.27
26963,8980,319,2,129.86,259.72
26964,8981,115,2,559.60,1119.20
26965,8981,25,4,70.53,282.12
26966,8981,113,2,545.60,1091.20
26967,8982,327,2,91.25,182.50
26968,8982,106,2,502.86,1005.72
26969,8982,37,2,5435.24,10870.48
26970,8983,107,1,136.14,136.14
26971,8983,110,4,81.80,327.20
26972,8983,15,4,602.60,2410.40
26973,8984,222,4,106.41,425.64
26974,8984,152,2,133.94,267.88
26975,8984,19,4,79.80,319.20
26976,8985,231,4,170.32,681.28
26977,8985,315,3,69.11,207.33
26978,8985,121,1,376.95,376.95
26979,8986,300,4,39.77,159.08
26980,8986,8,4,92.31,369.24
26981,8986,13,3,44.19,132.57
26982,8987,77,2,90.53,181.06
26983,8987,66,3,41.56,124.68
26984,8987,236,1,54.07,54.07
26985,8988,312,2,25.20,50.40
26986,8988,332,1,122.23,122.23
26987,8988,237,2,188.93,377.86
26988,8989,127,1,242.46,242.46
26989,8989,290,2,744.49,1488.98
26990,8989,85,4,279.78,1119.12
26991,8990,187,2,53.46,106.92
26992,8990,83,1,138.27,138.27
26993,8990,99,2,4229.74,8459.48
26994,8991,234,2,157.34,314.68
26995,8991,3,2,108.77,217.54
26996,8991,6,2,536.76,1073.52
26997,8992,62,4,56.51,226.04
26998,8992,28,2,30.65,61.30
26999,8992,159,3,176.40,529.20
27000,8993,27,1,485.13,485.13
27001,8993,12,1,423.08,423.08
27002,8993,334,3,173.02,519.06
27003,8994,211,3,391.93,1175.79
27004,8994,55,2,361.92,723.84
27005,8994,10,1,42.91,42.91
27006,8995,59,1,1165.61,1165.61
27007,8995,230,1,64.40,64.40
27008,8995,171,2,49.52,99.04
27009,8996,112,3,97.46,292.38
27010,8996,152,4,133.94,535.76
27011,8996,285,2,6751.40,13502.80
27012,8997,102,3,39.38,118.14
27013,8997,26,1,979.66,979.66
27014,8997,181,3,181.57,544.71
27015,8998,246,2,42.72,85.44
27016,8998,67,4,663.51,2654.04
27017,8998,23,3,477.55,1432.65
27018,8999,70,1,79.39,79.39
27019,8999,203,1,59.44,59.44
27020,8999,173,3,101.46,304.38
27021,9000,335,4,117.27,469.08
27022,9000,314,2,28.97,57.94
27023,9000,104,3,2507.07,7521.21
27024,9001,172,2,53.49,106.98
27025,9001,293,2,9518.10,19036.20
27026,9001,170,4,845.55,3382.20
27027,9002,55,4,361.92,1447.68
27028,9002,182,1,312.02,312.02
27029,9002,297,2,83.28,166.56
27030,9003,36,1,184.31,184.31
27031,9003,238,1,108.52,108.52
27032,9003,168,1,84.08,84.08
27033,9004,77,2,90.53,181.06
27034,9004,165,3,257.39,772.17
27035,9004,126,2,105.42,210.84
27036,9005,229,1,182.92,182.92
27037,9005,293,4,9518.10,38072.40
27038,9005,143,4,55.35,221.40
27039,9006,4,3,70.68,212.04
27040,9006,18,4,4347.52,17390.08
27041,9006,246,1,42.72,42.72
27042,9007,208,1,5119.77,5119.77
27043,9007,162,1,803.06,803.06
27044,9007,231,1,170.32,170.32
27045,9008,137,1,197.81,197.81
27046,9008,87,1,116.31,116.31
27047,9008,47,3,100.93,302.79
27048,9009,27,1,485.13,485.13
27049,9009,21,1,37.53,37.53
27050,9009,152,4,133.94,535.76
27051,9010,76,1,49.74,49.74
27052,9010,63,1,176.42,176.42
27053,9010,274,3,72.47,217.41
27054,9011,36,1,184.31,184.31
27055,9011,38,2,2984.65,5969.30
27056,9011,335,4,117.27,469.08
27057,9012,326,1,127.79,127.79
27058,9012,320,1,125.31,125.31
27059,9012,16,2,82.24,164.48
27060,9013,77,3,90.53,271.59
27061,9013,275,3,110.46,331.38
27062,9013,178,3,110.15,330.45
27063,9014,224,3,203.37,610.11
27064,9014,168,1,84.08,84.08
27065,9014,177,1,173.92,173.92
27066,9015,51,3,223.70,671.10
27067,9015,305,3,18.21,54.63
27068,9015,217,2,324.83,649.66
27069,9016,50,2,293.39,586.78
27070,9016,269,3,107.58,322.74
27071,9016,265,1,192.94,192.94
27072,9017,32,4,604.32,2417.28
27073,9017,15,4,602.60,2410.40
27074,9017,289,1,37.80,37.80
27075,9018,131,2,151.63,303.26
27076,9018,229,3,182.92,548.76
27077,9018,179,1,367.91,367.91
27078,9019,9,3,1355.55,4066.65
27079,9019,49,2,109.83,219.66
27080,9019,95,3,198.29,594.87
27081,9020,197,1,111.56,111.56
27082,9020,334,3,173.02,519.06
27083,9020,28,2,30.65,61.30
27084,9021,98,2,116.76,233.52
27085,9021,7,3,158.64,475.92
27086,9021,325,3,108.41,325.23
27087,9022,249,4,333.60,1334.40
27088,9022,45,3,5111.42,15334.26
27089,9022,85,1,279.78,279.78
27090,9023,79,3,221.90,665.70
27091,9023,35,4,166.21,664.84
27092,9023,269,1,107.58,107.58
27093,9024,214,1,522.07,522.07
27094,9024,211,3,391.93,1175.79
27095,9024,154,4,174.02,696.08
27096,9025,90,3,226.17,678.51
27097,9025,107,3,136.14,408.42
27098,9025,127,2,242.46,484.92
27099,9026,76,4,49.74,198.96
27100,9026,286,4,65.95,263.80
27101,9026,331,3,54.96,164.88
27102,9027,43,1,930.93,930.93
27103,9027,4,4,70.68,282.72
27104,9027,263,2,82.89,165.78
27105,9028,165,2,257.39,514.78
27106,9028,214,1,522.07,522.07
27107,9028,174,3,93.41,280.23
27108,9029,168,3,84.08,252.24
27109,9029,249,3,333.60,1000.80
27110,9029,159,2,176.40,352.80
27111,9030,41,2,82.03,164.06
27112,9030,335,4,117.27,469.08
27113,9030,93,3,73.99,221.97
27114,9031,44,1,86.79,86.79
27115,9031,36,2,184.31,368.62
27116,9031,306,3,184.88,554.64
27117,9032,272,1,77.63,77.63
27118,9032,23,1,477.55,477.55
27119,9032,154,2,174.02,348.04
27120,9033,141,1,482.39,482.39
27121,9033,56,4,408.87,1635.48
27122,9033,77,3,90.53,271.59
27123,9034,238,3,108.52,325.56
27124,9034,146,2,364.03,728.06
27125,9034,312,2,25.20,50.40
27126,9035,114,3,59.81,179.43
27127,9035,289,1,37.80,37.80
27128,9035,81,2,24.00,48.00
27129,9036,298,4,103.05,412.20
27130,9036,101,4,156.57,626.28
27131,9036,272,2,77.63,155.26
27132,9037,3,1,108.77,108.77
27133,9037,97,4,201.04,804.16
27134,9037,142,1,544.13,544.13
27135,9038,302,4,17.70,70.80
27136,9038,7,1,158.64,158.64
27137,9038,26,1,979.66,979.66
27138,9039,132,2,152.84,305.68
27139,9039,157,1,2380.02,2380.02
27140,9039,224,1,203.37,203.37
27141,9040,135,3,176.88,530.64
27142,9040,307,2,195.28,390.56
27143,9040,85,4,279.78,1119.12
27144,9041,245,3,75.04,225.12
27145,9041,99,3,4229.74,12689.22
27146,9041,160,2,103.53,207.06
27147,9042,55,3,361.92,1085.76
27148,9042,186,3,324.89,974.67
27149,9042,335,1,117.27,117.27
27150,9043,196,2,68.93,137.86
27151,9043,248,4,4473.97,17895.88
27152,9043,227,2,154.78,309.56
27153,9044,220,1,38.34,38.34
27154,9044,75,4,63.53,254.12
27155,9044,325,2,108.41,216.82
27156,9045,159,1,176.40,176.40
27157,9045,190,4,4952.78,19811.12
27158,9045,138,4,75.42,301.68
27159,9046,210,3,107.66,322.98
27160,9046,176,4,204.81,819.24
27161,9046,301,2,136.93,273.86
27162,9047,159,3,176.40,529.20
27163,9047,222,3,106.41,319.23
27164,9047,201,3,83.06,249.18
27165,9048,245,4,75.04,300.16
27166,9048,211,4,391.93,1567.72
27167,9048,228,1,148.63,148.63
27168,9049,318,3,27.43,82.29
27169,9049,160,2,103.53,207.06
27170,9049,22,1,709.66,709.66
27171,9050,191,1,217.48,217.48
27172,9050,232,2,117.39,234.78
27173,9050,176,4,204.81,819.24
27174,9051,81,4,24.00,96.00
27175,9051,127,4,242.46,969.84
27176,9051,314,3,28.97,86.91
27177,9052,330,2,120.68,241.36
27178,9052,76,1,49.74,49.74
27179,9052,182,4,312.02,1248.08
27180,9053,102,4,39.38,157.52
27181,9053,224,4,203.37,813.48
27182,9053,90,1,226.17,226.17
27183,9054,202,1,109.28,109.28
27184,9054,186,3,324.89,974.67
27185,9054,47,2,100.93,201.86
27186,9055,204,3,362.70,1088.10
27187,9055,45,1,5111.42,5111.42
27188,9055,246,4,42.72,170.88
27189,9056,183,1,229.08,229.08
27190,9056,154,1,174.02,174.02
27191,9056,161,3,258.97,776.91
27192,9057,240,2,26.71,53.42
27193,9057,138,3,75.42,226.26
27194,9057,79,3,221.90,665.70
27195,9058,285,3,6751.40,20254.20
27196,9058,78,2,252.79,505.58
27197,9058,267,2,276.85,553.70
27198,9059,199,3,122.30,366.90
27199,9059,231,3,170.32,510.96
27200,9059,127,2,242.46,484.92
27201,9060,142,2,544.13,1088.26
27202,9060,170,3,845.55,2536.65
27203,9060,56,4,408.87,1635.48
27204,9061,155,1,80.38,80.38
27205,9061,147,2,143.83,287.66
27206,9061,271,1,1470.33,1470.33
27207,9062,329,1,124.79,124.79
27208,9062,303,4,199.54,798.16
27209,9062,220,4,38.34,153.36
27210,9063,304,4,121.41,485.64
27211,9063,174,4,93.41,373.64
27212,9063,20,4,49.24,196.96
27213,9064,69,2,206.85,413.70
27214,9064,177,3,173.92,521.76
27215,9064,236,2,54.07,108.14
27216,9065,271,3,1470.33,4410.99
27217,9065,179,4,367.91,1471.64
27218,9065,243,1,471.30,471.30
27219,9066,324,1,183.99,183.99
27220,9066,68,1,416.05,416.05
27221,9066,232,2,117.39,234.78
27222,9067,105,4,63.28,253.12
27223,9067,304,2,121.41,242.82
27224,9067,325,4,108.41,433.64
27225,9068,106,4,502.86,2011.44
27226,9068,323,1,43.39,43.39
27227,9068,63,1,176.42,176.42
27228,9069,43,2,930.93,1861.86
27229,9069,162,2,803.06,1606.12
27230,9069,277,1,198.38,198.38
27231,9070,133,4,153.60,614.40
27232,9070,207,4,62.51,250.04
27233,9070,170,1,845.55,845.55
27234,9071,38,1,2984.65,2984.65
27235,9071,266,3,379.02,1137.06
27236,9071,159,3,176.40,529.20
27237,9072,175,3,239.58,718.74
27238,9072,132,2,152.84,305.68
27239,9072,38,1,2984.65,2984.65
27240,9073,315,3,69.11,207.33
27241,9073,169,3,537.24,1611.72
27242,9073,8,4,92.31,369.24
27243,9074,313,4,49.11,196.44
27244,9074,184,3,103.83,311.49
27245,9074,280,4,154.65,618.60
27246,9075,147,2,143.83,287.66
27247,9075,271,4,1470.33,5881.32
27248,9075,217,3,324.83,974.49
27249,9076,151,4,52.78,211.12
27250,9076,114,3,59.81,179.43
27251,9076,220,1,38.34,38.34
27252,9077,140,4,558.26,2233.04
27253,9077,327,3,91.25,273.75
27254,9077,233,2,107.91,215.82
27255,9078,307,1,195.28,195.28
27256,9078,296,3,101.13,303.39
27257,9078,5,3,312.42,937.26
27258,9079,211,4,391.93,1567.72
27259,9079,74,3,306.84,920.52
27260,9079,298,2,103.05,206.10
27261,9080,335,2,117.27,234.54
27262,9080,125,4,319.28,1277.12
27263,9080,308,3,143.10,429.30
27264,9081,72,2,201.58,403.16
27265,9081,334,1,173.02,173.02
27266,9081,29,3,74.94,224.82
27267,9082,215,4,136.44,545.76
27268,9082,303,1,199.54,199.54
27269,9082,243,2,471.30,942.60
27270,9083,19,4,79.80,319.20
27271,9083,202,2,109.28,218.56
27272,9083,41,1,82.03,82.03
27273,9084,323,4,43.39,173.56
27274,9084,202,4,109.28,437.12
27275,9084,29,1,74.94,74.94
27276,9085,142,3,544.13,1632.39
27277,9085,145,3,369.80,1109.40
27278,9085,36,1,184.31,184.31
27279,9086,23,1,477.55,477.55
27280,9086,26,2,979.66,1959.32
27281,9086,25,2,70.53,141.06
27282,9087,269,1,107.58,107.58
27283,9087,102,4,39.38,157.52
27284,9087,89,4,185.24,740.96
27285,9088,242,2,798.53,1597.06
27286,9088,28,4,30.65,122.60
27287,9088,131,3,151.63,454.89
27288,9089,222,4,106.41,425.64
27289,9089,111,4,215.02,860.08
27290,9089,211,3,391.93,1175.79
27291,9090,159,1,176.40,176.40
27292,9090,57,1,425.93,425.93
27293,9090,103,4,88.38,353.52
27294,9091,260,3,95.74,287.22
27295,9091,238,3,108.52,325.56
27296,9091,188,4,50.01,200.04
27297,9092,162,2,803.06,1606.12
27298,9092,261,1,61.79,61.79
27299,9092,227,2,154.78,309.56
27300,9093,69,4,206.85,827.40
27301,9093,259,2,37.26,74.52
27302,9093,130,2,261.07,522.14
27303,9094,304,2,121.41,242.82
27304,9094,109,4,21.64,86.56
27305,9094,303,2,199.54,399.08
27306,9095,54,3,73.34,220.02
27307,9095,311,1,32.45,32.45
27308,9095,140,4,558.26,2233.04
27309,9096,246,3,42.72,128.16
27310,9096,186,4,324.89,1299.56
27311,9096,216,4,27.57,110.28
27312,9097,225,3,267.00,801.00
27313,9097,258,1,57.78,57.78
27314,9097,157,4,2380.02,9520.08
27315,9098,81,3,24.00,72.00
27316,9098,57,2,425.93,851.86
27317,9098,135,2,176.88,353.76
27318,9099,42,2,288.25,576.50
27319,9099,301,4,136.93,547.72
27320,9099,311,2,32.45,64.90
27321,9100,29,1,74.94,74.94
27322,9100,79,2,221.90,443.80
27323,9100,55,3,361.92,1085.76
27324,9101,2,4,54.72,218.88
27325,9101,11,1,88.33,88.33
27326,9101,287,3,553.36,1660.08
27327,9102,136,3,407.27,1221.81
27328,9102,58,1,158.45,158.45
27329,9102,162,4,803.06,3212.24
27330,9103,197,3,111.56,334.68
27331,9103,176,2,204.81,409.62
27332,9103,256,3,255.06,765.18
27333,9104,34,1,5015.04,5015.04
27334,9104,21,1,37.53,37.53
27335,9104,270,3,777.12,2331.36
27336,9105,61,4,175.93,703.72
27337,9105,211,1,391.93,391.93
27338,9105,23,3,477.55,1432.65
27339,9106,27,2,485.13,970.26
27340,9106,97,2,201.04,402.08
27341,9106,135,3,176.88,530.64
27342,9107,279,3,41.73,125.19
27343,9107,150,2,223.54,447.08
27344,9107,278,4,405.40,1621.60
27345,9108,211,1,391.93,391.93
27346,9108,182,1,312.02,312.02
27347,9108,241,2,237.51,475.02
27348,9109,77,4,90.53,362.12
27349,9109,49,4,109.83,439.32
27350,9109,317,4,85.93,343.72
27351,9110,171,3,49.52,148.56
27352,9110,40,4,62.79,251.16
27353,9110,192,1,365.72,365.72
27354,9111,41,2,82.03,164.06
27355,9111,92,2,243.24,486.48
27356,9111,151,3,52.78,158.34
27357,9112,177,3,173.92,521.76
27358,9112,201,2,83.06,166.12
27359,9112,107,4,136.14,544.56
27360,9113,139,1,392.73,392.73
27361,9113,23,3,477.55,1432.65
27362,9113,75,2,63.53,127.06
27363,9114,128,4,1363.48,5453.92
27364,9114,277,4,198.38,793.52
27365,9114,63,1,176.42,176.42
27366,9115,172,3,53.49,160.47
27367,9115,295,3,207.06,621.18
27368,9115,220,3,38.34,115.02
27369,9116,19,1,79.80,79.80
27370,9116,195,3,46.99,140.97
27371,9116,150,1,223.54,223.54
27372,9117,290,1,744.49,744.49
27373,9117,220,2,38.34,76.68
27374,9117,278,1,405.40,405.40
27375,9118,144,2,1176.11,2352.22
27376,9118,87,2,116.31,232.62
27377,9118,62,2,56.51,113.02
27378,9119,266,1,379.02,379.02
27379,9119,170,1,845.55,845.55
27380,9119,280,1,154.65,154.65
27381,9120,253,2,32.75,65.50
27382,9120,44,3,86.79,260.37
27383,9120,94,1,61.84,61.84
27384,9121,19,3,79.80,239.40
27385,9121,320,2,125.31,250.62
27386,9121,188,4,50.01,200.04
27387,9122,103,3,88.38,265.14
27388,9122,278,2,405.40,810.80
27389,9122,48,2,124.35,248.70
27390,9123,322,4,161.49,645.96
27391,9123,232,1,117.39,117.39
27392,9123,42,4,288.25,1153.00
27393,9124,326,1,127.79,127.79
27394,9124,92,4,243.24,972.96
27395,9124,107,1,136.14,136.14
27396,9125,275,3,110.46,331.38
27397,9125,212,4,1815.77,7263.08
27398,9125,251,1,87.96,87.96
27399,9126,134,3,261.22,783.66
27400,9126,39,3,265.80,797.40
27401,9126,149,2,63.35,126.70
27402,9127,246,3,42.72,128.16
27403,9127,207,4,62.51,250.04
27404,9127,279,3,41.73,125.19
27405,9128,181,3,181.57,544.71
27406,9128,147,2,143.83,287.66
27407,9128,229,4,182.92,731.68
27408,9129,190,3,4952.78,14858.34
27409,9129,74,4,306.84,1227.36
27410,9129,330,4,120.68,482.72
27411,9130,23,2,477.55,955.10
27412,9130,155,3,80.38,241.14
27413,9130,96,1,171.36,171.36
27414,9131,150,3,223.54,670.62
27415,9131,206,1,125.45,125.45
27416,9131,91,2,103.05,206.10
27417,9132,116,3,86.77,260.31
27418,9132,227,4,154.78,619.12
27419,9132,21,3,37.53,112.59
27420,9133,60,4,301.85,1207.40
27421,9133,38,1,2984.65,2984.65
27422,9133,189,3,87.00,261.00
27423,9134,39,2,265.80,531.60
27424,9134,256,1,255.06,255.06
27425,9134,198,3,124.56,373.68
27426,9135,95,3,198.29,594.87
27427,9135,326,4,127.79,511.16
27428,9135,185,4,118.55,474.20
27429,9136,312,4,25.20,100.80
27430,9136,309,3,132.91,398.73
27431,9136,270,1,777.12,777.12
27432,9137,116,1,86.77,86.77
27433,9137,271,2,1470.33,2940.66
27434,9137,45,4,5111.42,20445.68
27435,9138,115,4,559.60,2238.40
27436,9138,240,1,26.71,26.71
27437,9138,181,1,181.57,181.57
27438,9139,88,4,92.09,368.36
27439,9139,255,1,71.89,71.89
27440,9139,172,2,53.49,106.98
27441,9140,267,4,276.85,1107.40
27442,9140,248,1,4473.97,4473.97
27443,9140,154,4,174.02,696.08
27444,9141,25,4,70.53,282.12
27445,9141,184,3,103.83,311.49
27446,9141,257,2,77.56,155.12
27447,9142,283,2,594.23,1188.46
27448,9142,148,1,640.43,640.43
27449,9142,208,2,5119.77,10239.54
27450,9143,305,2,18.21,36.42
27451,9143,181,3,181.57,544.71
27452,9143,135,1,176.88,176.88
27453,9144,118,4,123.08,492.32
27454,9144,237,4,188.93,755.72
27455,9144,87,1,116.31,116.31
27456,9145,268,2,186.90,373.80
27457,9145,164,4,259.43,1037.72
27458,9145,282,2,314.44,628.88
27459,9146,207,1,62.51,62.51
27460,9146,267,2,276.85,553.70
27461,9146,211,1,391.93,391.93
27462,9147,83,1,138.27,138.27
27463,9147,105,2,63.28,126.56
27464,9147,279,4,41.73,166.92
27465,9148,150,4,223.54,894.16
27466,9148,290,2,744.49,1488.98
27467,9148,135,2,176.88,353.76
27468,9149,81,3,24.00,72.00
27469,9149,7,4,158.64,634.56
27470,9149,249,2,333.60,667.20
27471,9150,118,3,123.08,369.24
27472,9150,120,2,532.02,1064.04
27473,9150,319,1,129.86,129.86
27474,9151,93,4,73.99,295.96
27475,9151,327,1,91.25,91.25
27476,9151,88,3,92.09,276.27
27477,9152,231,2,170.32,340.64
27478,9152,122,4,130.97,523.88
27479,9152,216,1,27.57,27.57
27480,9153,331,1,54.96,54.96
27481,9153,39,4,265.80,1063.20
27482,9153,31,1,79.21,79.21
27483,9154,36,3,184.31,552.93
27484,9154,21,3,37.53,112.59
27485,9154,51,3,223.70,671.10
27486,9155,17,2,189.07,378.14
27487,9155,141,2,482.39,964.78
27488,9155,24,1,136.38,136.38
27489,9156,293,1,9518.10,9518.10
27490,9156,300,2,39.77,79.54
27491,9156,184,1,103.83,103.83
27492,9157,5,2,312.42,624.84
27493,9157,80,3,180.81,542.43
27494,9157,280,2,154.65,309.30
27495,9158,103,2,88.38,176.76
27496,9158,334,2,173.02,346.04
27497,9158,328,1,180.51,180.51
27498,9159,322,3,161.49,484.47
27499,9159,250,4,725.02,2900.08
27500,9159,82,4,80.11,320.44
27501,9160,250,4,725.02,2900.08
27502,9160,284,4,33.21,132.84
27503,9160,166,3,122.59,367.77
27504,9161,132,2,152.84,305.68
27505,9161,133,4,153.60,614.40
27506,9161,298,3,103.05,309.15
27507,9162,19,4,79.80,319.20
27508,9162,277,3,198.38,595.14
27509,9162,176,1,204.81,204.81
27510,9163,305,4,18.21,72.84
27511,9163,155,3,80.38,241.14
27512,9163,152,1,133.94,133.94
27513,9164,219,4,662.92,2651.68
27514,9164,28,4,30.65,122.60
27515,9164,81,4,24.00,96.00
27516,9165,201,2,83.06,166.12
27517,9165,178,2,110.15,220.30
27518,9165,250,1,725.02,725.02
27519,9166,12,4,423.08,1692.32
27520,9166,180,2,206.84,413.68
27521,9166,5,1,312.42,312.42
27522,9167,125,4,319.28,1277.12
27523,9167,187,2,53.46,106.92
27524,9167,96,3,171.36,514.08
27525,9168,81,4,24.00,96.00
27526,9168,218,4,49.88,199.52
27527,9168,113,2,545.60,1091.20
27528,9169,92,1,243.24,243.24
27529,9169,2,1,54.72,54.72
27530,9169,62,1,56.51,56.51
27531,9170,96,3,171.36,514.08
27532,9170,50,1,293.39,293.39
27533,9170,294,4,133.99,535.96
27534,9171,20,2,49.24,98.48
27535,9171,18,2,4347.52,8695.04
27536,9171,191,4,217.48,869.92
27537,9172,268,3,186.90,560.70
27538,9172,110,1,81.80,81.80
27539,9172,28,2,30.65,61.30
27540,9173,201,3,83.06,249.18
27541,9173,222,2,106.41,212.82
27542,9173,76,1,49.74,49.74
27543,9174,300,4,39.77,159.08
27544,9174,85,2,279.78,559.56
27545,9174,289,4,37.80,151.20
27546,9175,261,3,61.79,185.37
27547,9175,3,1,108.77,108.77
27548,9175,70,4,79.39,317.56
27549,9176,57,4,425.93,1703.72
27550,9176,40,2,62.79,125.58
27551,9176,124,1,201.32,201.32
27552,9177,60,1,301.85,301.85
27553,9177,245,4,75.04,300.16
27554,9177,11,3,88.33,264.99
27555,9178,286,4,65.95,263.80
27556,9178,9,2,1355.55,2711.10
27557,9178,210,2,107.66,215.32
27558,9179,135,2,176.88,353.76
27559,9179,87,2,116.31,232.62
27560,9179,292,3,40.52,121.56
27561,9180,196,2,68.93,137.86
27562,9180,85,1,279.78,279.78
27563,9180,80,3,180.81,542.43
27564,9181,186,1,324.89,324.89
27565,9181,249,1,333.60,333.60
27566,9181,237,1,188.93,188.93
27567,9182,324,1,183.99,183.99
27568,9182,159,3,176.40,529.20
27569,9182,296,2,101.13,202.26
27570,9183,165,3,257.39,772.17
27571,9183,141,4,482.39,1929.56
27572,9183,114,2,59.81,119.62
27573,9184,254,1,196.52,196.52
27574,9184,252,4,576.27,2305.08
27575,9184,192,2,365.72,731.44
27576,9185,107,3,136.14,408.42
27577,9185,153,2,41.42,82.84
27578,9185,66,1,41.56,41.56
27579,9186,282,3,314.44,943.32
27580,9186,31,2,79.21,158.42
27581,9186,169,3,537.24,1611.72
27582,9187,226,3,106.24,318.72
27583,9187,284,4,33.21,132.84
27584,9187,180,4,206.84,827.36
27585,9188,155,3,80.38,241.14
27586,9188,312,1,25.20,25.20
27587,9188,251,1,87.96,87.96
27588,9189,165,2,257.39,514.78
27589,9189,38,3,2984.65,8953.95
27590,9189,88,3,92.09,276.27
27591,9190,311,4,32.45,129.80
27592,9190,150,3,223.54,670.62
27593,9190,168,3,84.08,252.24
27594,9191,193,1,9668.18,9668.18
27595,9191,41,1,82.03,82.03
27596,9191,75,2,63.53,127.06
27597,9192,280,3,154.65,463.95
27598,9192,164,2,259.43,518.86
27599,9192,15,1,602.60,602.60
27600,9193,171,4,49.52,198.08
27601,9193,186,1,324.89,324.89
27602,9193,234,2,157.34,314.68
27603,9194,95,4,198.29,793.16
27604,9194,27,2,485.13,970.26
27605,9194,310,3,106.27,318.81
27606,9195,134,3,261.22,783.66
27607,9195,305,2,18.21,36.42
27608,9195,179,4,367.91,1471.64
27609,9196,316,4,110.67,442.68
27610,9196,319,1,129.86,129.86
27611,9196,180,1,206.84,206.84
27612,9197,288,4,236.80,947.20
27613,9197,220,1,38.34,38.34
27614,9197,268,2,186.90,373.80
27615,9198,160,3,103.53,310.59
27616,9198,138,2,75.42,150.84
27617,9198,67,3,663.51,1990.53
27618,9199,177,1,173.92,173.92
27619,9199,322,2,161.49,322.98
27620,9199,44,4,86.79,347.16
27621,9200,294,4,133.99,535.96
27622,9200,306,2,184.88,369.76
27623,9200,307,2,195.28,390.56
27624,9201,19,2,79.80,159.60
27625,9201,210,1,107.66,107.66
27626,9201,69,3,206.85,620.55
27627,9202,219,2,662.92,1325.84
27628,9202,161,3,258.97,776.91
27629,9202,325,1,108.41,108.41
27630,9203,5,4,312.42,1249.68
27631,9203,118,2,123.08,246.16
27632,9203,251,1,87.96,87.96
27633,9204,87,2,116.31,232.62
27634,9204,326,4,127.79,511.16
27635,9204,332,2,122.23,244.46
27636,9205,214,4,522.07,2088.28
27637,9205,72,1,201.58,201.58
27638,9205,45,1,5111.42,5111.42
27639,9206,276,4,1553.72,6214.88
27640,9206,6,2,536.76,1073.52
27641,9206,126,3,105.42,316.26
27642,9207,97,2,201.04,402.08
27643,9207,69,3,206.85,620.55
27644,9207,79,2,221.90,443.80
27645,9208,269,4,107.58,430.32
27646,9208,272,1,77.63,77.63
27647,9208,267,3,276.85,830.55
27648,9209,106,1,502.86,502.86
27649,9209,89,3,185.24,555.72
27650,9209,227,1,154.78,154.78
27651,9210,40,2,62.79,125.58
27652,9210,201,4,83.06,332.24
27653,9210,218,4,49.88,199.52
27654,9211,31,2,79.21,158.42
27655,9211,26,4,979.66,3918.64
27656,9211,120,4,532.02,2128.08
27657,9212,156,1,138.39,138.39
27658,9212,250,2,725.02,1450.04
27659,9212,275,1,110.46,110.46
27660,9213,265,1,192.94,192.94
27661,9213,136,4,407.27,1629.08
27662,9213,304,2,121.41,242.82
27663,9214,315,2,69.11,138.22
27664,9214,205,3,92.31,276.93
27665,9214,61,3,175.93,527.79
27666,9215,306,1,184.88,184.88
27667,9215,335,4,117.27,469.08
27668,9215,48,3,124.35,373.05
27669,9216,108,2,368.57,737.14
27670,9216,198,2,124.56,249.12
27671,9216,287,1,553.36,553.36
27672,9217,143,2,55.35,110.70
27673,9217,323,2,43.39,86.78
27674,9217,109,4,21.64,86.56
27675,9218,144,3,1176.11,3528.33
27676,9218,246,4,42.72,170.88
27677,9218,99,4,4229.74,16918.96
27678,9219,305,1,18.21,18.21
27679,9219,316,3,110.67,332.01
27680,9219,326,3,127.79,383.37
27681,9220,160,1,103.53,103.53
27682,9220,9,1,1355.55,1355.55
27683,9220,68,4,416.05,1664.20
27684,9221,235,4,1867.81,7471.24
27685,9221,69,2,206.85,413.70
27686,9221,252,3,576.27,1728.81
27687,9222,205,2,92.31,184.62
27688,9222,147,4,143.83,575.32
27689,9222,127,2,242.46,484.92
27690,9223,56,2,408.87,817.74
27691,9223,31,4,79.21,316.84
27692,9223,205,1,92.31,92.31
27693,9224,125,3,319.28,957.84
27694,9224,317,4,85.93,343.72
27695,9224,177,2,173.92,347.84
27696,9225,3,4,108.77,435.08
27697,9225,76,3,49.74,149.22
27698,9225,219,4,662.92,2651.68
27699,9226,118,4,123.08,492.32
27700,9226,80,4,180.81,723.24
27701,9226,164,1,259.43,259.43
27702,9227,149,1,63.35,63.35
27703,9227,108,1,368.57,368.57
27704,9227,153,4,41.42,165.68
27705,9228,302,1,17.70,17.70
27706,9228,153,2,41.42,82.84
27707,9228,208,1,5119.77,5119.77
27708,9229,210,3,107.66,322.98
27709,9229,79,4,221.90,887.60
27710,9229,182,4,312.02,1248.08
27711,9230,159,4,176.40,705.60
27712,9230,60,3,301.85,905.55
27713,9230,82,1,80.11,80.11
27714,9231,73,2,550.57,1101.14
27715,9231,333,4,167.16,668.64
27716,9231,104,1,2507.07,2507.07
27717,9232,226,1,106.24,106.24
27718,9232,194,4,136.81,547.24
27719,9232,206,1,125.45,125.45
27720,9233,69,3,206.85,620.55
27721,9233,181,4,181.57,726.28
27722,9233,220,1,38.34,38.34
27723,9234,165,4,257.39,1029.56
27724,9234,231,3,170.32,510.96
27725,9234,195,2,46.99,93.98
27726,9235,61,4,175.93,703.72
27727,9235,82,1,80.11,80.11
27728,9235,133,2,153.60,307.20
27729,9236,113,3,545.60,1636.80
27730,9236,141,2,482.39,964.78
27731,9236,34,2,5015.04,10030.08
27732,9237,92,1,243.24,243.24
27733,9237,190,1,4952.78,4952.78
27734,9237,130,1,261.07,261.07
27735,9238,8,1,92.31,92.31
27736,9238,299,2,57.14,114.28
27737,9238,313,1,49.11,49.11
27738,9239,222,1,106.41,106.41
27739,9239,175,4,239.58,958.32
27740,9239,333,4,167.16,668.64
27741,9240,288,1,236.80,236.80
27742,9240,282,2,314.44,628.88
27743,9240,319,3,129.86,389.58
27744,9241,319,2,129.86,259.72
27745,9241,65,4,114.10,456.40
27746,9241,110,4,81.80,327.20
27747,9242,83,4,138.27,553.08
27748,9242,209,2,299.28,598.56
27749,9242,125,2,319.28,638.56
27750,9243,122,3,130.97,392.91
27751,9243,247,4,127.32,509.28
27752,9243,131,4,151.63,606.52
27753,9244,167,3,125.02,375.06
27754,9244,280,1,154.65,154.65
27755,9244,241,3,237.51,712.53
27756,9245,36,4,184.31,737.24
27757,9245,257,1,77.56,77.56
27758,9245,174,2,93.41,186.82
27759,9246,138,1,75.42,75.42
27760,9246,61,4,175.93,703.72
27761,9246,324,4,183.99,735.96
27762,9247,230,3,64.40,193.20
27763,9247,277,2,198.38,396.76
27764,9247,197,2,111.56,223.12
27765,9248,94,4,61.84,247.36
27766,9248,273,1,173.28,173.28
27767,9248,46,1,64.02,64.02
27768,9249,218,4,49.88,199.52
27769,9249,60,3,301.85,905.55
27770,9249,153,1,41.42,41.42
27771,9250,98,2,116.76,233.52
27772,9250,155,3,80.38,241.14
27773,9250,130,4,261.07,1044.28
27774,9251,210,3,107.66,322.98
27775,9251,42,1,288.25,288.25
27776,9251,85,3,279.78,839.34
27777,9252,78,3,252.79,758.37
27778,9252,62,1,56.51,56.51
27779,9252,324,2,183.99,367.98
27780,9253,253,2,32.75,65.50
27781,9253,122,2,130.97,261.94
27782,9253,269,4,107.58,430.32
27783,9254,50,2,293.39,586.78
27784,9254,21,4,37.53,150.12
27785,9254,216,3,27.57,82.71
27786,9255,56,2,408.87,817.74
27787,9255,126,1,105.42,105.42
27788,9255,170,4,845.55,3382.20
27789,9256,171,2,49.52,99.04
27790,9256,147,4,143.83,575.32
27791,9256,320,1,125.31,125.31
27792,9257,173,3,101.46,304.38
27793,9257,131,2,151.63,303.26
27794,9257,274,1,72.47,72.47
27795,9258,164,4,259.43,1037.72
27796,9258,240,3,26.71,80.13
27797,9258,39,3,265.80,797.40
27798,9259,16,2,82.24,164.48
27799,9259,334,4,173.02,692.08
27800,9259,328,1,180.51,180.51
27801,9260,288,3,236.80,710.40
27802,9260,19,2,79.80,159.60
27803,9260,102,3,39.38,118.14
27804,9261,101,1,156.57,156.57
27805,9261,309,1,132.91,132.91
27806,9261,268,4,186.90,747.60
27807,9262,38,2,2984.65,5969.30
27808,9262,328,1,180.51,180.51
27809,9262,157,3,2380.02,7140.06
27810,9263,326,3,127.79,383.37
27811,9263,204,4,362.70,1450.80
27812,9263,206,2,125.45,250.90
27813,9264,292,3,40.52,121.56
27814,9264,218,1,49.88,49.88
27815,9264,57,3,425.93,1277.79
27816,9265,289,1,37.80,37.80
27817,9265,315,2,69.11,138.22
27818,9265,17,3,189.07,567.21
27819,9266,327,4,91.25,365.00
27820,9266,334,4,173.02,692.08
27821,9266,266,4,379.02,1516.08
27822,9267,5,2,312.42,624.84
27823,9267,291,1,25.62,25.62
27824,9267,303,3,199.54,598.62
27825,9268,69,3,206.85,620.55
27826,9268,30,2,165.44,330.88
27827,9268,145,3,369.80,1109.40
27828,9269,313,3,49.11,147.33
27829,9269,64,3,72.56,217.68
27830,9269,138,2,75.42,150.84
27831,9270,192,3,365.72,1097.16
27832,9270,236,2,54.07,108.14
27833,9270,129,4,120.28,481.12
27834,9271,265,4,192.94,771.76
27835,9271,314,2,28.97,57.94
27836,9271,149,2,63.35,126.70
27837,9272,183,3,229.08,687.24
27838,9272,121,3,376.95,1130.85
27839,9272,325,1,108.41,108.41
27840,9273,36,4,184.31,737.24
27841,9273,206,2,125.45,250.90
27842,9273,136,1,407.27,407.27
27843,9274,184,3,103.83,311.49
27844,9274,225,3,267.00,801.00
27845,9274,263,2,82.89,165.78
27846,9275,201,3,83.06,249.18
27847,9275,83,3,138.27,414.81
27848,9275,164,3,259.43,778.29
27849,9276,207,1,62.51,62.51
27850,9276,133,1,153.60,153.60
27851,9276,169,4,537.24,2148.96
27852,9277,283,3,594.23,1782.69
27853,9277,140,4,558.26,2233.04
27854,9277,219,3,662.92,1988.76
27855,9278,153,3,41.42,124.26
27856,9278,54,3,73.34,220.02
27857,9278,321,4,105.04,420.16
27858,9279,57,1,425.93,425.93
27859,9279,251,3,87.96,263.88
27860,9279,280,4,154.65,618.60
27861,9280,134,2,261.22,522.44
27862,9280,235,1,1867.81,1867.81
27863,9280,244,4,70.80,283.20
27864,9281,197,2,111.56,223.12
27865,9281,184,3,103.83,311.49
27866,9281,69,4,206.85,827.40
27867,9282,285,2,6751.40,13502.80
27868,9282,134,1,261.22,261.22
27869,9282,260,4,95.74,382.96
27870,9283,190,4,4952.78,19811.12
27871,9283,5,2,312.42,624.84
27872,9283,124,3,201.32,603.96
27873,9284,316,1,110.67,110.67
27874,9284,52,4,36.58,146.32
27875,9284,9,2,1355.55,2711.10
27876,9285,169,4,537.24,2148.96
27877,9285,36,1,184.31,184.31
27878,9285,16,1,82.24,82.24
27879,9286,89,2,185.24,370.48
27880,9286,176,1,204.81,204.81
27881,9286,305,4,18.21,72.84
27882,9287,261,1,61.79,61.79
27883,9287,123,1,340.07,340.07
27884,9287,122,4,130.97,523.88
27885,9288,256,1,255.06,255.06
27886,9288,303,2,199.54,399.08
27887,9288,99,4,4229.74,16918.96
27888,9289,145,1,369.80,369.80
27889,9289,148,4,640.43,2561.72
27890,9289,136,1,407.27,407.27
27891,9290,166,2,122.59,245.18
27892,9290,17,3,189.07,567.21
27893,9290,169,4,537.24,2148.96
27894,9291,75,1,63.53,63.53
27895,9291,17,2,189.07,378.14
27896,9291,128,1,1363.48,1363.48
27897,9292,196,1,68.93,68.93
27898,9292,245,3,75.04,225.12
27899,9292,318,4,27.43,109.72
27900,9293,128,4,1363.48,5453.92
27901,9293,133,3,153.60,460.80
27902,9293,286,2,65.95,131.90
27903,9294,133,1,153.60,153.60
27904,9294,314,2,28.97,57.94
27905,9294,92,1,243.24,243.24
27906,9295,138,4,75.42,301.68
27907,9295,321,3,105.04,315.12
27908,9295,135,2,176.88,353.76
27909,9296,71,3,81.12,243.36
27910,9296,33,3,618.92,1856.76
27911,9296,115,4,559.60,2238.40
27912,9297,45,3,5111.42,15334.26
27913,9297,296,1,101.13,101.13
27914,9297,219,2,662.92,1325.84
27915,9298,270,1,777.12,777.12
27916,9298,150,3,223.54,670.62
27917,9298,327,3,91.25,273.75
27918,9299,185,4,118.55,474.20
27919,9299,32,1,604.32,604.32
27920,9299,100,2,912.50,1825.00
27921,9300,9,1,1355.55,1355.55
27922,9300,67,4,663.51,2654.04
27923,9300,181,2,181.57,363.14
27924,9301,239,1,642.80,642.80
27925,9301,40,1,62.79,62.79
27926,9301,207,2,62.51,125.02
27927,9302,322,2,161.49,322.98
27928,9302,326,4,127.79,511.16
27929,9302,14,2,430.90,861.80
27930,9303,290,1,744.49,744.49
27931,9303,74,1,306.84,306.84
27932,9303,72,4,201.58,806.32
27933,9304,185,4,118.55,474.20
27934,9304,13,1,44.19,44.19
27935,9304,50,4,293.39,1173.56
27936,9305,290,1,744.49,744.49
27937,9305,200,2,51.39,102.78
27938,9305,156,2,138.39,276.78
27939,9306,7,2,158.64,317.28
27940,9306,1,1,41.61,41.61
27941,9306,2,2,54.72,109.44
27942,9307,115,4,559.60,2238.40
27943,9307,281,4,34.70,138.80
27944,9307,328,4,180.51,722.04
27945,9308,9,3,1355.55,4066.65
27946,9308,203,1,59.44,59.44
27947,9308,243,1,471.30,471.30
27948,9309,43,3,930.93,2792.79
27949,9309,183,2,229.08,458.16
27950,9309,37,3,5435.24,16305.72
27951,9310,231,1,170.32,170.32
27952,9310,32,2,604.32,1208.64
27953,9310,114,2,59.81,119.62
27954,9311,252,3,576.27,1728.81
27955,9311,51,4,223.70,894.80
27956,9311,159,2,176.40,352.80
27957,9312,260,2,95.74,191.48
27958,9312,146,1,364.03,364.03
27959,9312,154,3,174.02,522.06
27960,9313,74,3,306.84,920.52
27961,9313,206,3,125.45,376.35
27962,9313,69,3,206.85,620.55
27963,9314,243,4,471.30,1885.20
27964,9314,73,4,550.57,2202.28
27965,9314,78,1,252.79,252.79
27966,9315,188,3,50.01,150.03
27967,9315,7,1,158.64,158.64
27968,9315,80,4,180.81,723.24
27969,9316,85,1,279.78,279.78
27970,9316,87,1,116.31,116.31
27971,9316,61,3,175.93,527.79
27972,9317,199,4,122.30,489.20
27973,9317,125,2,319.28,638.56
27974,9317,241,1,237.51,237.51
27975,9318,291,3,25.62,76.86
27976,9318,229,4,182.92,731.68
27977,9318,168,2,84.08,168.16
27978,9319,125,1,319.28,319.28
27979,9319,316,3,110.67,332.01
27980,9319,283,4,594.23,2376.92
27981,9320,47,2,100.93,201.86
27982,9320,269,4,107.58,430.32
27983,9320,81,3,24.00,72.00
27984,9321,101,1,156.57,156.57
27985,9321,310,1,106.27,106.27
27986,9321,43,3,930.93,2792.79
27987,9322,38,1,2984.65,2984.65
27988,9322,308,1,143.10,143.10
27989,9322,111,1,215.02,215.02
27990,9323,294,3,133.99,401.97
27991,9323,159,3,176.40,529.20
27992,9323,37,1,5435.24,5435.24
27993,9324,326,2,127.79,255.58
27994,9324,13,2,44.19,88.38
27995,9324,163,4,150.26,601.04
27996,9325,120,1,532.02,532.02
27997,9325,245,3,75.04,225.12
27998,9325,18,2,4347.52,8695.04
27999,9326,270,2,777.12,1554.24
28000,9326,134,2,261.22,522.44
28001,9326,31,2,79.21,158.42
28002,9327,299,3,57.14,171.42
28003,9327,69,2,206.85,413.70
28004,9327,193,3,9668.18,29004.54
28005,9328,248,4,4473.97,17895.88
28006,9328,94,3,61.84,185.52
28007,9328,64,2,72.56,145.12
28008,9329,14,2,430.90,861.80
28009,9329,119,4,329.12,1316.48
28010,9329,264,4,1374.60,5498.40
28011,9330,68,2,416.05,832.10
28012,9330,16,1,82.24,82.24
28013,9330,268,3,186.90,560.70
28014,9331,102,2,39.38,78.76
28015,9331,179,2,367.91,735.82
28016,9331,158,3,210.26,630.78
28017,9332,24,4,136.38,545.52
28018,9332,14,2,430.90,861.80
28019,9332,246,1,42.72,42.72
28020,9333,116,4,86.77,347.08
28021,9333,73,4,550.57,2202.28
28022,9333,299,2,57.14,114.28
28023,9334,205,3,92.31,276.93
28024,9334,318,2,27.43,54.86
28025,9334,145,2,369.80,739.60
28026,9335,258,1,57.78,57.78
28027,9335,131,3,151.63,454.89
28028,9335,9,3,1355.55,4066.65
28029,9336,181,1,181.57,181.57
28030,9336,98,2,116.76,233.52
28031,9336,24,4,136.38,545.52
28032,9337,271,2,1470.33,2940.66
28033,9337,310,3,106.27,318.81
28034,9337,236,1,54.07,54.07
28035,9338,274,1,72.47,72.47
28036,9338,262,4,177.88,711.52
28037,9338,52,1,36.58,36.58
28038,9339,158,2,210.26,420.52
28039,9339,30,3,165.44,496.32
28040,9339,43,2,930.93,1861.86
28041,9340,223,4,467.04,1868.16
28042,9340,213,4,231.12,924.48
28043,9340,220,3,38.34,115.02
28044,9341,174,1,93.41,93.41
28045,9341,166,2,122.59,245.18
28046,9341,24,2,136.38,272.76
28047,9342,215,3,136.44,409.32
28048,9342,93,4,73.99,295.96
28049,9342,176,4,204.81,819.24
28050,9343,321,3,105.04,315.12
28051,9343,16,1,82.24,82.24
28052,9343,151,1,52.78,52.78
28053,9344,10,2,42.91,85.82
28054,9344,210,3,107.66,322.98
28055,9344,96,4,171.36,685.44
28056,9345,127,1,242.46,242.46
28057,9345,144,3,1176.11,3528.33
28058,9345,257,4,77.56,310.24
28059,9346,123,4,340.07,1360.28
28060,9346,139,2,392.73,785.46
28061,9346,110,1,81.80,81.80
28062,9347,12,1,423.08,423.08
28063,9347,293,3,9518.10,28554.30
28064,9347,85,2,279.78,559.56
28065,9348,22,1,709.66,709.66
28066,9348,260,4,95.74,382.96
28067,9348,141,2,482.39,964.78
28068,9349,189,2,87.00,174.00
28069,9349,21,1,37.53,37.53
28070,9349,261,1,61.79,61.79
28071,9350,244,2,70.80,141.60
28072,9350,254,1,196.52,196.52
28073,9350,231,3,170.32,510.96
28074,9351,28,2,30.65,61.30
28075,9351,238,2,108.52,217.04
28076,9351,211,1,391.93,391.93
28077,9352,287,4,553.36,2213.44
28078,9352,315,1,69.11,69.11
28079,9352,211,4,391.93,1567.72
28080,9353,204,3,362.70,1088.10
28081,9353,68,3,416.05,1248.15
28082,9353,37,1,5435.24,5435.24
28083,9354,86,3,137.39,412.17
28084,9354,207,3,62.51,187.53
28085,9354,10,4,42.91,171.64
28086,9355,121,4,376.95,1507.80
28087,9355,255,2,71.89,143.78
28088,9355,59,2,1165.61,2331.22
28089,9356,23,3,477.55,1432.65
28090,9356,109,4,21.64,86.56
28091,9356,332,2,122.23,244.46
28092,9357,224,4,203.37,813.48
28093,9357,197,1,111.56,111.56
28094,9357,243,2,471.30,942.60
28095,9358,25,3,70.53,211.59
28096,9358,3,4,108.77,435.08
28097,9358,91,2,103.05,206.10
28098,9359,39,4,265.80,1063.20
28099,9359,144,4,1176.11,4704.44
28100,9359,85,1,279.78,279.78
28101,9360,274,3,72.47,217.41
28102,9360,56,4,408.87,1635.48
28103,9360,253,4,32.75,131.00
28104,9361,6,3,536.76,1610.28
28105,9361,235,4,1867.81,7471.24
28106,9361,46,4,64.02,256.08
28107,9362,73,4,550.57,2202.28
28108,9362,182,1,312.02,312.02
28109,9362,62,1,56.51,56.51
28110,9363,104,2,2507.07,5014.14
28111,9363,12,3,423.08,1269.24
28112,9363,50,2,293.39,586.78
28113,9364,229,1,182.92,182.92
28114,9364,8,1,92.31,92.31
28115,9364,257,1,77.56,77.56
28116,9365,266,3,379.02,1137.06
28117,9365,177,1,173.92,173.92
28118,9365,276,3,1553.72,4661.16
28119,9366,29,1,74.94,74.94
28120,9366,265,2,192.94,385.88
28121,9366,174,4,93.41,373.64
28122,9367,172,2,53.49,106.98
28123,9367,297,4,83.28,333.12
28124,9367,199,3,122.30,366.90
28125,9368,9,1,1355.55,1355.55
28126,9368,76,4,49.74,198.96
28127,9368,186,1,324.89,324.89
28128,9369,258,3,57.78,173.34
28129,9369,93,4,73.99,295.96
28130,9369,129,2,120.28,240.56
28131,9370,231,4,170.32,681.28
28132,9370,87,4,116.31,465.24
28133,9370,50,3,293.39,880.17
28134,9371,43,3,930.93,2792.79
28135,9371,231,4,170.32,681.28
28136,9371,31,1,79.21,79.21
28137,9372,114,1,59.81,59.81
28138,9372,83,3,138.27,414.81
28139,9372,215,2,136.44,272.88
28140,9373,38,3,2984.65,8953.95
28141,9373,156,1,138.39,138.39
28142,9373,216,2,27.57,55.14
28143,9374,218,2,49.88,99.76
28144,9374,84,1,214.78,214.78
28145,9374,89,4,185.24,740.96
28146,9375,276,1,1553.72,1553.72
28147,9375,77,4,90.53,362.12
28148,9375,168,1,84.08,84.08
28149,9376,139,1,392.73,392.73
28150,9376,90,4,226.17,904.68
28151,9376,299,2,57.14,114.28
28152,9377,89,1,185.24,185.24
28153,9377,315,4,69.11,276.44
28154,9377,221,4,484.99,1939.96
28155,9378,283,2,594.23,1188.46
28156,9378,75,1,63.53,63.53
28157,9378,289,4,37.80,151.20
28158,9379,147,4,143.83,575.32
28159,9379,303,4,199.54,798.16
28160,9379,60,4,301.85,1207.40
28161,9380,190,1,4952.78,4952.78
28162,9380,199,1,122.30,122.30
28163,9380,149,2,63.35,126.70
28164,9381,63,4,176.42,705.68
28165,9381,24,4,136.38,545.52
28166,9381,66,3,41.56,124.68
28167,9382,70,1,79.39,79.39
28168,9382,94,4,61.84,247.36
28169,9382,245,3,75.04,225.12
28170,9383,169,2,537.24,1074.48
28171,9383,177,1,173.92,173.92
28172,9383,128,1,1363.48,1363.48
28173,9384,145,3,369.80,1109.40
28174,9384,87,2,116.31,232.62
28175,9384,78,3,252.79,758.37
28176,9385,64,3,72.56,217.68
28177,9385,169,1,537.24,537.24
28178,9385,77,2,90.53,181.06
28179,9386,117,1,795.33,795.33
28180,9386,263,4,82.89,331.56
28181,9386,201,4,83.06,332.24
28182,9387,333,2,167.16,334.32
28183,9387,57,4,425.93,1703.72
28184,9387,218,3,49.88,149.64
28185,9388,266,1,379.02,379.02
28186,9388,277,3,198.38,595.14
28187,9388,220,2,38.34,76.68
28188,9389,303,1,199.54,199.54
28189,9389,196,3,68.93,206.79
28190,9389,227,4,154.78,619.12
28191,9390,282,2,314.44,628.88
28192,9390,254,2,196.52,393.04
28193,9390,161,2,258.97,517.94
28194,9391,173,2,101.46,202.92
28195,9391,274,4,72.47,289.88
28196,9391,114,3,59.81,179.43
28197,9392,6,2,536.76,1073.52
28198,9392,220,4,38.34,153.36
28199,9392,193,1,9668.18,9668.18
28200,9393,267,4,276.85,1107.40
28201,9393,274,3,72.47,217.41
28202,9393,126,2,105.42,210.84
28203,9394,191,2,217.48,434.96
28204,9394,274,2,72.47,144.94
28205,9394,269,2,107.58,215.16
28206,9395,104,4,2507.07,10028.28
28207,9395,29,4,74.94,299.76
28208,9395,201,2,83.06,166.12
28209,9396,93,2,73.99,147.98
28210,9396,133,1,153.60,153.60
28211,9396,223,1,467.04,467.04
28212,9397,112,2,97.46,194.92
28213,9397,240,1,26.71,26.71
28214,9397,302,2,17.70,35.40
28215,9398,59,3,1165.61,3496.83
28216,9398,324,1,183.99,183.99
28217,9398,45,3,5111.42,15334.26
28218,9399,283,2,594.23,1188.46
28219,9399,173,1,101.46,101.46
28220,9399,135,2,176.88,353.76
28221,9400,76,2,49.74,99.48
28222,9400,53,1,26.41,26.41
28223,9400,124,1,201.32,201.32
28224,9401,315,1,69.11,69.11
28225,9401,189,2,87.00,174.00
28226,9401,84,3,214.78,644.34
28227,9402,10,3,42.91,128.73
28228,9402,182,2,312.02,624.04
28229,9402,197,3,111.56,334.68
28230,9403,234,3,157.34,472.02
28231,9403,175,4,239.58,958.32
28232,9403,316,4,110.67,442.68
28233,9404,134,2,261.22,522.44
28234,9404,13,1,44.19,44.19
28235,9404,303,2,199.54,399.08
28236,9405,318,3,27.43,82.29
28237,9405,128,3,1363.48,4090.44
28238,9405,302,3,17.70,53.10
28239,9406,255,2,71.89,143.78
28240,9406,234,1,157.34,157.34
28241,9406,151,4,52.78,211.12
28242,9407,89,2,185.24,370.48
28243,9407,234,1,157.34,157.34
28244,9407,166,4,122.59,490.36
28245,9408,19,1,79.80,79.80
28246,9408,99,1,4229.74,4229.74
28247,9408,330,4,120.68,482.72
28248,9409,236,4,54.07,216.28
28249,9409,154,4,174.02,696.08
28250,9409,151,3,52.78,158.34
28251,9410,264,3,1374.60,4123.80
28252,9410,179,1,367.91,367.91
28253,9410,311,2,32.45,64.90
28254,9411,296,1,101.13,101.13
28255,9411,256,1,255.06,255.06
28256,9411,275,4,110.46,441.84
28257,9412,93,1,73.99,73.99
28258,9412,113,4,545.60,2182.40
28259,9412,77,4,90.53,362.12
28260,9413,73,4,550.57,2202.28
28261,9413,62,4,56.51,226.04
28262,9413,138,1,75.42,75.42
28263,9414,64,3,72.56,217.68
28264,9414,91,4,103.05,412.20
28265,9414,11,4,88.33,353.32
28266,9415,132,4,152.84,611.36
28267,9415,67,1,663.51,663.51
28268,9415,86,4,137.39,549.56
28269,9416,50,1,293.39,293.39
28270,9416,310,2,106.27,212.54
28271,9416,156,3,138.39,415.17
28272,9417,210,1,107.66,107.66
28273,9417,276,4,1553.72,6214.88
28274,9417,74,2,306.84,613.68
28275,9418,52,4,36.58,146.32
28276,9418,4,2,70.68,141.36
28277,9418,72,3,201.58,604.74
28278,9419,15,3,602.60,1807.80
28279,9419,158,3,210.26,630.78
28280,9419,31,4,79.21,316.84
28281,9420,133,3,153.60,460.80
28282,9420,131,1,151.63,151.63
28283,9420,311,3,32.45,97.35
28284,9421,213,1,231.12,231.12
28285,9421,237,3,188.93,566.79
28286,9421,70,4,79.39,317.56
28287,9422,101,3,156.57,469.71
28288,9422,243,2,471.30,942.60
28289,9422,309,2,132.91,265.82
28290,9423,218,4,49.88,199.52
28291,9423,85,4,279.78,1119.12
28292,9423,126,2,105.42,210.84
28293,9424,1,1,41.61,41.61
28294,9424,26,1,979.66,979.66
28295,9424,230,4,64.40,257.60
28296,9425,72,1,201.58,201.58
28297,9425,57,2,425.93,851.86
28298,9425,79,3,221.90,665.70
28299,9426,152,3,133.94,401.82
28300,9426,151,4,52.78,211.12
28301,9426,174,4,93.41,373.64
28302,9427,299,2,57.14,114.28
28303,9427,291,4,25.62,102.48
28304,9427,16,3,82.24,246.72
28305,9428,273,4,173.28,693.12
28306,9428,62,2,56.51,113.02
28307,9428,33,2,618.92,1237.84
28308,9429,325,4,108.41,433.64
28309,9429,331,2,54.96,109.92
28310,9429,152,2,133.94,267.88
28311,9430,335,2,117.27,234.54
28312,9430,103,4,88.38,353.52
28313,9430,187,2,53.46,106.92
28314,9431,288,4,236.80,947.20
28315,9431,55,3,361.92,1085.76
28316,9431,59,4,1165.61,4662.44
28317,9432,42,3,288.25,864.75
28318,9432,274,4,72.47,289.88
28319,9432,87,3,116.31,348.93
28320,9433,282,4,314.44,1257.76
28321,9433,248,2,4473.97,8947.94
28322,9433,238,2,108.52,217.04
28323,9434,43,4,930.93,3723.72
28324,9434,61,1,175.93,175.93
28325,9434,162,3,803.06,2409.18
28326,9435,275,1,110.46,110.46
28327,9435,224,1,203.37,203.37
28328,9435,146,1,364.03,364.03
28329,9436,283,2,594.23,1188.46
28330,9436,285,4,6751.40,27005.60
28331,9436,90,4,226.17,904.68
28332,9437,107,2,136.14,272.28
28333,9437,116,2,86.77,173.54
28334,9437,78,2,252.79,505.58
28335,9438,205,1,92.31,92.31
28336,9438,237,2,188.93,377.86
28337,9438,7,3,158.64,475.92
28338,9439,105,2,63.28,126.56
28339,9439,176,1,204.81,204.81
28340,9439,85,3,279.78,839.34
28341,9440,37,2,5435.24,10870.48
28342,9440,44,4,86.79,347.16
28343,9440,203,3,59.44,178.32
28344,9441,200,4,51.39,205.56
28345,9441,83,3,138.27,414.81
28346,9441,233,4,107.91,431.64
28347,9442,146,2,364.03,728.06
28348,9442,87,4,116.31,465.24
28349,9442,265,2,192.94,385.88
28350,9443,157,2,2380.02,4760.04
28351,9443,15,3,602.60,1807.80
28352,9443,289,1,37.80,37.80
28353,9444,119,1,329.12,329.12
28354,9444,214,4,522.07,2088.28
28355,9444,291,2,25.62,51.24
28356,9445,138,1,75.42,75.42
28357,9445,13,4,44.19,176.76
28358,9445,103,3,88.38,265.14
28359,9446,213,1,231.12,231.12
28360,9446,134,3,261.22,783.66
28361,9446,68,4,416.05,1664.20
28362,9447,260,1,95.74,95.74
28363,9447,5,3,312.42,937.26
28364,9447,99,2,4229.74,8459.48
28365,9448,214,3,522.07,1566.21
28366,9448,152,1,133.94,133.94
28367,9448,298,1,103.05,103.05
28368,9449,95,4,198.29,793.16
28369,9449,313,4,49.11,196.44
28370,9449,47,1,100.93,100.93
28371,9450,227,3,154.78,464.34
28372,9450,138,3,75.42,226.26
28373,9450,233,4,107.91,431.64
28374,9451,132,4,152.84,611.36
28375,9451,67,4,663.51,2654.04
28376,9451,34,2,5015.04,10030.08
28377,9452,61,1,175.93,175.93
28378,9452,267,3,276.85,830.55
28379,9452,40,2,62.79,125.58
28380,9453,14,1,430.90,430.90
28381,9453,263,1,82.89,82.89
28382,9453,81,4,24.00,96.00
28383,9454,275,2,110.46,220.92
28384,9454,274,4,72.47,289.88
28385,9454,256,4,255.06,1020.24
28386,9455,140,1,558.26,558.26
28387,9455,149,1,63.35,63.35
28388,9455,7,2,158.64,317.28
28389,9456,7,3,158.64,475.92
28390,9456,111,3,215.02,645.06
28391,9456,196,1,68.93,68.93
28392,9457,101,4,156.57,626.28
28393,9457,20,2,49.24,98.48
28394,9457,274,2,72.47,144.94
28395,9458,328,4,180.51,722.04
28396,9458,272,1,77.63,77.63
28397,9458,192,3,365.72,1097.16
28398,9459,14,1,430.90,430.90
28399,9459,277,2,198.38,396.76
28400,9459,68,4,416.05,1664.20
28401,9460,147,3,143.83,431.49
28402,9460,91,3,103.05,309.15
28403,9460,77,3,90.53,271.59
28404,9461,297,1,83.28,83.28
28405,9461,96,3,171.36,514.08
28406,9461,75,3,63.53,190.59
28407,9462,53,1,26.41,26.41
28408,9462,71,1,81.12,81.12
28409,9462,52,3,36.58,109.74
28410,9463,183,4,229.08,916.32
28411,9463,315,4,69.11,276.44
28412,9463,97,2,201.04,402.08
28413,9464,180,4,206.84,827.36
28414,9464,314,4,28.97,115.88
28415,9464,237,2,188.93,377.86
28416,9465,170,1,845.55,845.55
28417,9465,279,2,41.73,83.46
28418,9465,114,4,59.81,239.24
28419,9466,163,1,150.26,150.26
28420,9466,9,2,1355.55,2711.10
28421,9466,85,3,279.78,839.34
28422,9467,70,4,79.39,317.56
28423,9467,18,2,4347.52,8695.04
28424,9467,268,3,186.90,560.70
28425,9468,67,1,663.51,663.51
28426,9468,324,3,183.99,551.97
28427,9468,148,2,640.43,1280.86
28428,9469,97,4,201.04,804.16
28429,9469,188,4,50.01,200.04
28430,9469,234,2,157.34,314.68
28431,9470,96,4,171.36,685.44
28432,9470,121,4,376.95,1507.80
28433,9470,243,4,471.30,1885.20
28434,9471,183,2,229.08,458.16
28435,9471,6,4,536.76,2147.04
28436,9471,221,3,484.99,1454.97
28437,9472,183,2,229.08,458.16
28438,9472,294,1,133.99,133.99
28439,9472,1,4,41.61,166.44
28440,9473,49,1,109.83,109.83
28441,9473,316,4,110.67,442.68
28442,9473,138,3,75.42,226.26
28443,9474,214,2,522.07,1044.14
28444,9474,298,1,103.05,103.05
28445,9474,95,2,198.29,396.58
28446,9475,159,3,176.40,529.20
28447,9475,327,2,91.25,182.50
28448,9475,225,4,267.00,1068.00
28449,9476,172,3,53.49,160.47
28450,9476,275,4,110.46,441.84
28451,9476,207,2,62.51,125.02
28452,9477,80,3,180.81,542.43
28453,9477,300,2,39.77,79.54
28454,9477,317,2,85.93,171.86
28455,9478,295,4,207.06,828.24
28456,9478,287,4,553.36,2213.44
28457,9478,304,1,121.41,121.41
28458,9479,265,3,192.94,578.82
28459,9479,6,2,536.76,1073.52
28460,9479,310,1,106.27,106.27
28461,9480,317,3,85.93,257.79
28462,9480,132,4,152.84,611.36
28463,9480,294,4,133.99,535.96
28464,9481,190,1,4952.78,4952.78
28465,9481,29,4,74.94,299.76
28466,9481,248,1,4473.97,4473.97
28467,9482,303,1,199.54,199.54
28468,9482,9,3,1355.55,4066.65
28469,9482,49,1,109.83,109.83
28470,9483,49,2,109.83,219.66
28471,9483,107,4,136.14,544.56
28472,9483,224,4,203.37,813.48
28473,9484,153,3,41.42,124.26
28474,9484,247,4,127.32,509.28
28475,9484,325,3,108.41,325.23
28476,9485,97,2,201.04,402.08
28477,9485,233,4,107.91,431.64
28478,9485,216,1,27.57,27.57
28479,9486,191,2,217.48,434.96
28480,9486,203,3,59.44,178.32
28481,9486,49,3,109.83,329.49
28482,9487,134,3,261.22,783.66
28483,9487,282,2,314.44,628.88
28484,9487,116,1,86.77,86.77
28485,9488,45,2,5111.42,10222.84
28486,9488,280,2,154.65,309.30
28487,9488,97,2,201.04,402.08
28488,9489,182,3,312.02,936.06
28489,9489,185,3,118.55,355.65
28490,9489,124,3,201.32,603.96
28491,9490,131,4,151.63,606.52
28492,9490,42,3,288.25,864.75
28493,9490,38,3,2984.65,8953.95
28494,9491,116,4,86.77,347.08
28495,9491,77,3,90.53,271.59
28496,9491,20,1,49.24,49.24
28497,9492,183,2,229.08,458.16
28498,9492,321,2,105.04,210.08
28499,9492,74,3,306.84,920.52
28500,9493,14,1,430.90,430.90
28501,9493,160,2,103.53,207.06
28502,9493,249,2,333.60,667.20
28503,9494,73,4,550.57,2202.28
28504,9494,241,3,237.51,712.53
28505,9494,278,2,405.40,810.80
28506,9495,13,3,44.19,132.57
28507,9495,114,1,59.81,59.81
28508,9495,187,4,53.46,213.84
28509,9496,60,4,301.85,1207.40
28510,9496,318,2,27.43,54.86
28511,9496,115,4,559.60,2238.40
28512,9497,123,2,340.07,680.14
28513,9497,308,1,143.10,143.10
28514,9497,245,1,75.04,75.04
28515,9498,232,3,117.39,352.17
28516,9498,284,4,33.21,132.84
28517,9498,13,3,44.19,132.57
28518,9499,317,4,85.93,343.72
28519,9499,208,3,5119.77,15359.31
28520,9499,292,3,40.52,121.56
28521,9500,282,3,314.44,943.32
28522,9500,147,4,143.83,575.32
28523,9500,280,4,154.65,618.60
28524,9501,131,3,151.63,454.89
28525,9501,82,2,80.11,160.22
28526,9501,205,4,92.31,369.24
28527,9502,270,3,777.12,2331.36
28528,9502,257,3,77.56,232.68
28529,9502,100,2,912.50,1825.00
28530,9503,27,1,485.13,485.13
28531,9503,162,1,803.06,803.06
28532,9503,216,4,27.57,110.28
28533,9504,1,3,41.61,124.83
28534,9504,326,2,127.79,255.58
28535,9504,107,1,136.14,136.14
28536,9505,326,4,127.79,511.16
28537,9505,238,2,108.52,217.04
28538,9505,122,4,130.97,523.88
28539,9506,305,1,18.21,18.21
28540,9506,256,4,255.06,1020.24
28541,9506,131,3,151.63,454.89
28542,9507,52,2,36.58,73.16
28543,9507,181,2,181.57,363.14
28544,9507,158,1,210.26,210.26
28545,9508,155,1,80.38,80.38
28546,9508,85,3,279.78,839.34
28547,9508,308,4,143.10,572.40
28548,9509,252,2,576.27,1152.54
28549,9509,270,3,777.12,2331.36
28550,9509,102,1,39.38,39.38
28551,9510,189,2,87.00,174.00
28552,9510,89,3,185.24,555.72
28553,9510,51,2,223.70,447.40
28554,9511,9,2,1355.55,2711.10
28555,9511,226,1,106.24,106.24
28556,9511,150,3,223.54,670.62
28557,9512,317,1,85.93,85.93
28558,9512,119,2,329.12,658.24
28559,9512,297,2,83.28,166.56
28560,9513,253,4,32.75,131.00
28561,9513,266,1,379.02,379.02
28562,9513,172,4,53.49,213.96
28563,9514,257,2,77.56,155.12
28564,9514,182,2,312.02,624.04
28565,9514,187,4,53.46,213.84
28566,9515,66,1,41.56,41.56
28567,9515,189,3,87.00,261.00
28568,9515,293,3,9518.10,28554.30
28569,9516,146,2,364.03,728.06
28570,9516,1,1,41.61,41.61
28571,9516,174,3,93.41,280.23
28572,9517,63,4,176.42,705.68
28573,9517,57,4,425.93,1703.72
28574,9517,287,1,553.36,553.36
28575,9518,184,2,103.83,207.66
28576,9518,99,1,4229.74,4229.74
28577,9518,40,2,62.79,125.58
28578,9519,282,2,314.44,628.88
28579,9519,107,3,136.14,408.42
28580,9519,238,2,108.52,217.04
28581,9520,253,4,32.75,131.00
28582,9520,189,3,87.00,261.00
28583,9520,223,1,467.04,467.04
28584,9521,60,3,301.85,905.55
28585,9521,9,1,1355.55,1355.55
28586,9521,294,2,133.99,267.98
28587,9522,248,4,4473.97,17895.88
28588,9522,314,1,28.97,28.97
28589,9522,162,2,803.06,1606.12
28590,9523,100,3,912.50,2737.50
28591,9523,85,3,279.78,839.34
28592,9523,261,2,61.79,123.58
28593,9524,82,4,80.11,320.44
28594,9524,234,2,157.34,314.68
28595,9524,127,2,242.46,484.92
28596,9525,188,2,50.01,100.02
28597,9525,49,1,109.83,109.83
28598,9525,76,2,49.74,99.48
28599,9526,87,1,116.31,116.31
28600,9526,282,4,314.44,1257.76
28601,9526,231,2,170.32,340.64
28602,9527,195,2,46.99,93.98
28603,9527,263,1,82.89,82.89
28604,9527,209,4,299.28,1197.12
28605,9528,17,1,189.07,189.07
28606,9528,286,2,65.95,131.90
28607,9528,87,1,116.31,116.31
28608,9529,203,1,59.44,59.44
28609,9529,282,1,314.44,314.44
28610,9529,296,4,101.13,404.52
28611,9530,265,4,192.94,771.76
28612,9530,243,2,471.30,942.60
28613,9530,305,2,18.21,36.42
28614,9531,200,3,51.39,154.17
28615,9531,175,4,239.58,958.32
28616,9531,144,1,1176.11,1176.11
28617,9532,7,2,158.64,317.28
28618,9532,88,4,92.09,368.36
28619,9532,115,4,559.60,2238.40
28620,9533,184,4,103.83,415.32
28621,9533,78,4,252.79,1011.16
28622,9533,324,3,183.99,551.97
28623,9534,167,2,125.02,250.04
28624,9534,330,3,120.68,362.04
28625,9534,198,2,124.56,249.12
28626,9535,118,1,123.08,123.08
28627,9535,146,1,364.03,364.03
28628,9535,323,1,43.39,43.39
28629,9536,197,3,111.56,334.68
28630,9536,108,3,368.57,1105.71
28631,9536,22,3,709.66,2128.98
28632,9537,162,3,803.06,2409.18
28633,9537,215,1,136.44,136.44
28634,9537,234,4,157.34,629.36
28635,9538,287,4,553.36,2213.44
28636,9538,7,3,158.64,475.92
28637,9538,8,1,92.31,92.31
28638,9539,232,3,117.39,352.17
28639,9539,39,1,265.80,265.80
28640,9539,208,2,5119.77,10239.54
28641,9540,66,3,41.56,124.68
28642,9540,112,2,97.46,194.92
28643,9540,139,1,392.73,392.73
28644,9541,184,3,103.83,311.49
28645,9541,252,2,576.27,1152.54
28646,9541,14,1,430.90,430.90
28647,9542,317,1,85.93,85.93
28648,9542,169,3,537.24,1611.72
28649,9542,46,3,64.02,192.06
28650,9543,93,2,73.99,147.98
28651,9543,113,2,545.60,1091.20
28652,9543,3,2,108.77,217.54
28653,9544,246,2,42.72,85.44
28654,9544,107,2,136.14,272.28
28655,9544,330,1,120.68,120.68
28656,9545,225,1,267.00,267.00
28657,9545,169,3,537.24,1611.72
28658,9545,248,2,4473.97,8947.94
28659,9546,219,4,662.92,2651.68
28660,9546,82,4,80.11,320.44
28661,9546,135,1,176.88,176.88
28662,9547,307,4,195.28,781.12
28663,9547,126,2,105.42,210.84
28664,9547,202,2,109.28,218.56
28665,9548,179,4,367.91,1471.64
28666,9548,149,2,63.35,126.70
28667,9548,49,2,109.83,219.66
28668,9549,270,2,777.12,1554.24
28669,9549,330,3,120.68,362.04
28670,9549,310,1,106.27,106.27
28671,9550,110,1,81.80,81.80
28672,9550,154,2,174.02,348.04
28673,9550,97,4,201.04,804.16
28674,9551,156,2,138.39,276.78
28675,9551,177,1,173.92,173.92
28676,9551,62,4,56.51,226.04
28677,9552,96,2,171.36,342.72
28678,9552,74,2,306.84,613.68
28679,9552,59,4,1165.61,4662.44
28680,9553,153,2,41.42,82.84
28681,9553,81,4,24.00,96.00
28682,9553,265,4,192.94,771.76
28683,9554,71,3,81.12,243.36
28684,9554,188,2,50.01,100.02
28685,9554,2,2,54.72,109.44
28686,9555,100,4,912.50,3650.00
28687,9555,180,3,206.84,620.52
28688,9555,24,1,136.38,136.38
28689,9556,67,3,663.51,1990.53
28690,9556,70,4,79.39,317.56
28691,9556,179,3,367.91,1103.73
28692,9557,64,4,72.56,290.24
28693,9557,286,2,65.95,131.90
28694,9557,108,3,368.57,1105.71
28695,9558,74,2,306.84,613.68
28696,9558,238,2,108.52,217.04
28697,9558,257,4,77.56,310.24
28698,9559,283,3,594.23,1782.69
28699,9559,196,2,68.93,137.86
28700,9559,233,4,107.91,431.64
28701,9560,159,1,176.40,176.40
28702,9560,185,1,118.55,118.55
28703,9560,70,2,79.39,158.78
28704,9561,42,3,288.25,864.75
28705,9561,212,2,1815.77,3631.54
28706,9561,88,4,92.09,368.36
28707,9562,123,3,340.07,1020.21
28708,9562,220,1,38.34,38.34
28709,9562,255,1,71.89,71.89
28710,9563,136,4,407.27,1629.08
28711,9563,31,3,79.21,237.63
28712,9563,330,4,120.68,482.72
28713,9564,251,3,87.96,263.88
28714,9564,215,1,136.44,136.44
28715,9564,312,1,25.20,25.20
28716,9565,166,3,122.59,367.77
28717,9565,222,1,106.41,106.41
28718,9565,123,4,340.07,1360.28
28719,9566,203,4,59.44,237.76
28720,9566,305,3,18.21,54.63
28721,9566,124,1,201.32,201.32
28722,9567,34,3,5015.04,15045.12
28723,9567,17,3,189.07,567.21
28724,9567,289,4,37.80,151.20
28725,9568,219,1,662.92,662.92
28726,9568,19,3,79.80,239.40
28727,9568,97,4,201.04,804.16
28728,9569,123,1,340.07,340.07
28729,9569,9,3,1355.55,4066.65
28730,9569,271,2,1470.33,2940.66
28731,9570,2,4,54.72,218.88
28732,9570,14,1,430.90,430.90
28733,9570,296,3,101.13,303.39
28734,9571,68,3,416.05,1248.15
28735,9571,102,2,39.38,78.76
28736,9571,107,1,136.14,136.14
28737,9572,14,3,430.90,1292.70
28738,9572,307,2,195.28,390.56
28739,9572,41,1,82.03,82.03
28740,9573,150,3,223.54,670.62
28741,9573,155,2,80.38,160.76
28742,9573,278,3,405.40,1216.20
28743,9574,81,4,24.00,96.00
28744,9574,29,2,74.94,149.88
28745,9574,301,1,136.93,136.93
28746,9575,7,1,158.64,158.64
28747,9575,174,4,93.41,373.64
28748,9575,53,3,26.41,79.23
28749,9576,97,1,201.04,201.04
28750,9576,170,2,845.55,1691.10
28751,9576,230,1,64.40,64.40
28752,9577,208,2,5119.77,10239.54
28753,9577,46,3,64.02,192.06
28754,9577,271,2,1470.33,2940.66
28755,9578,197,1,111.56,111.56
28756,9578,180,2,206.84,413.68
28757,9578,184,1,103.83,103.83
28758,9579,244,2,70.80,141.60
28759,9579,64,4,72.56,290.24
28760,9579,151,3,52.78,158.34
28761,9580,236,4,54.07,216.28
28762,9580,100,3,912.50,2737.50
28763,9580,187,4,53.46,213.84
28764,9581,221,4,484.99,1939.96
28765,9581,121,2,376.95,753.90
28766,9581,259,1,37.26,37.26
28767,9582,110,2,81.80,163.60
28768,9582,280,3,154.65,463.95
28769,9582,272,4,77.63,310.52
28770,9583,46,1,64.02,64.02
28771,9583,49,2,109.83,219.66
28772,9583,328,4,180.51,722.04
28773,9584,294,3,133.99,401.97
28774,9584,50,1,293.39,293.39
28775,9584,112,4,97.46,389.84
28776,9585,199,4,122.30,489.20
28777,9585,73,1,550.57,550.57
28778,9585,11,4,88.33,353.32
28779,9586,206,4,125.45,501.80
28780,9586,310,3,106.27,318.81
28781,9586,50,4,293.39,1173.56
28782,9587,194,2,136.81,273.62
28783,9587,294,3,133.99,401.97
28784,9587,333,3,167.16,501.48
28785,9588,189,3,87.00,261.00
28786,9588,64,2,72.56,145.12
28787,9588,57,2,425.93,851.86
28788,9589,28,3,30.65,91.95
28789,9589,162,2,803.06,1606.12
28790,9589,45,2,5111.42,10222.84
28791,9590,318,1,27.43,27.43
28792,9590,283,1,594.23,594.23
28793,9590,228,4,148.63,594.52
28794,9591,151,2,52.78,105.56
28795,9591,335,2,117.27,234.54
28796,9591,148,2,640.43,1280.86
28797,9592,197,4,111.56,446.24
28798,9592,58,1,158.45,158.45
28799,9592,87,2,116.31,232.62
28800,9593,119,3,329.12,987.36
28801,9593,297,2,83.28,166.56
28802,9593,63,2,176.42,352.84
28803,9594,262,4,177.88,711.52
28804,9594,72,1,201.58,201.58
28805,9594,282,3,314.44,943.32
28806,9595,78,2,252.79,505.58
28807,9595,250,2,725.02,1450.04
28808,9595,50,2,293.39,586.78
28809,9596,119,1,329.12,329.12
28810,9596,259,2,37.26,74.52
28811,9596,170,3,845.55,2536.65
28812,9597,99,3,4229.74,12689.22
28813,9597,284,4,33.21,132.84
28814,9597,61,1,175.93,175.93
28815,9598,101,1,156.57,156.57
28816,9598,110,3,81.80,245.40
28817,9598,275,4,110.46,441.84
28818,9599,70,1,79.39,79.39
28819,9599,242,4,798.53,3194.12
28820,9599,308,1,143.10,143.10
28821,9600,171,3,49.52,148.56
28822,9600,115,4,559.60,2238.40
28823,9600,247,1,127.32,127.32
28824,9601,330,3,120.68,362.04
28825,9601,136,3,407.27,1221.81
28826,9601,100,2,912.50,1825.00
28827,9602,53,3,26.41,79.23
28828,9602,261,4,61.79,247.16
28829,9602,114,2,59.81,119.62
28830,9603,97,4,201.04,804.16
28831,9603,73,3,550.57,1651.71
28832,9603,108,1,368.57,368.57
28833,9604,131,3,151.63,454.89
28834,9604,287,2,553.36,1106.72
28835,9604,303,2,199.54,399.08
28836,9605,329,4,124.79,499.16
28837,9605,324,4,183.99,735.96
28838,9605,36,4,184.31,737.24
28839,9606,40,2,62.79,125.58
28840,9606,109,2,21.64,43.28
28841,9606,322,4,161.49,645.96
28842,9607,169,4,537.24,2148.96
28843,9607,141,2,482.39,964.78
28844,9607,134,1,261.22,261.22
28845,9608,333,2,167.16,334.32
28846,9608,159,4,176.40,705.60
28847,9608,30,2,165.44,330.88
28848,9609,254,1,196.52,196.52
28849,9609,36,2,184.31,368.62
28850,9609,179,1,367.91,367.91
28851,9610,235,3,1867.81,5603.43
28852,9610,104,2,2507.07,5014.14
28853,9610,310,1,106.27,106.27
28854,9611,28,4,30.65,122.60
28855,9611,141,3,482.39,1447.17
28856,9611,43,3,930.93,2792.79
28857,9612,57,1,425.93,425.93
28858,9612,308,1,143.10,143.10
28859,9612,220,1,38.34,38.34
28860,9613,161,1,258.97,258.97
28861,9613,247,4,127.32,509.28
28862,9613,178,1,110.15,110.15
28863,9614,327,4,91.25,365.00
28864,9614,170,1,845.55,845.55
28865,9614,166,2,122.59,245.18
28866,9615,113,3,545.60,1636.80
28867,9615,227,3,154.78,464.34
28868,9615,205,2,92.31,184.62
28869,9616,118,3,123.08,369.24
28870,9616,211,4,391.93,1567.72
28871,9616,112,1,97.46,97.46
28872,9617,63,4,176.42,705.68
28873,9617,101,1,156.57,156.57
28874,9617,44,4,86.79,347.16
28875,9618,198,1,124.56,124.56
28876,9618,36,3,184.31,552.93
28877,9618,333,3,167.16,501.48
28878,9619,55,1,361.92,361.92
28879,9619,238,1,108.52,108.52
28880,9619,118,3,123.08,369.24
28881,9620,332,3,122.23,366.69
28882,9620,183,1,229.08,229.08
28883,9620,318,1,27.43,27.43
28884,9621,156,3,138.39,415.17
28885,9621,222,2,106.41,212.82
28886,9621,210,3,107.66,322.98
28887,9622,87,2,116.31,232.62
28888,9622,96,2,171.36,342.72
28889,9622,243,1,471.30,471.30
28890,9623,192,4,365.72,1462.88
28891,9623,153,3,41.42,124.26
28892,9623,67,1,663.51,663.51
28893,9624,167,2,125.02,250.04
28894,9624,283,3,594.23,1782.69
28895,9624,133,1,153.60,153.60
28896,9625,207,3,62.51,187.53
28897,9625,229,2,182.92,365.84
28898,9625,186,1,324.89,324.89
28899,9626,206,4,125.45,501.80
28900,9626,214,1,522.07,522.07
28901,9626,30,1,165.44,165.44
28902,9627,90,4,226.17,904.68
28903,9627,59,2,1165.61,2331.22
28904,9627,139,2,392.73,785.46
28905,9628,55,4,361.92,1447.68
28906,9628,161,1,258.97,258.97
28907,9628,131,2,151.63,303.26
28908,9629,139,4,392.73,1570.92
28909,9629,218,3,49.88,149.64
28910,9629,240,3,26.71,80.13
28911,9630,326,3,127.79,383.37
28912,9630,274,4,72.47,289.88
28913,9630,193,2,9668.18,19336.36
28914,9631,257,2,77.56,155.12
28915,9631,334,4,173.02,692.08
28916,9631,44,3,86.79,260.37
28917,9632,328,2,180.51,361.02
28918,9632,139,1,392.73,392.73
28919,9632,99,3,4229.74,12689.22
28920,9633,64,2,72.56,145.12
28921,9633,162,3,803.06,2409.18
28922,9633,196,1,68.93,68.93
28923,9634,210,4,107.66,430.64
28924,9634,31,1,79.21,79.21
28925,9634,197,3,111.56,334.68
28926,9635,23,2,477.55,955.10
28927,9635,36,4,184.31,737.24
28928,9635,318,2,27.43,54.86
28929,9636,230,3,64.40,193.20
28930,9636,78,2,252.79,505.58
28931,9636,147,1,143.83,143.83
28932,9637,143,2,55.35,110.70
28933,9637,1,1,41.61,41.61
28934,9637,226,1,106.24,106.24
28935,9638,142,1,544.13,544.13
28936,9638,267,1,276.85,276.85
28937,9638,169,2,537.24,1074.48
28938,9639,24,4,136.38,545.52
28939,9639,84,3,214.78,644.34
28940,9639,285,3,6751.40,20254.20
28941,9640,164,3,259.43,778.29
28942,9640,255,4,71.89,287.56
28943,9640,253,4,32.75,131.00
28944,9641,271,4,1470.33,5881.32
28945,9641,116,4,86.77,347.08
28946,9641,262,3,177.88,533.64
28947,9642,138,4,75.42,301.68
28948,9642,57,1,425.93,425.93
28949,9642,111,1,215.02,215.02
28950,9643,96,2,171.36,342.72
28951,9643,335,2,117.27,234.54
28952,9643,216,4,27.57,110.28
28953,9644,195,4,46.99,187.96
28954,9644,16,3,82.24,246.72
28955,9644,333,2,167.16,334.32
28956,9645,82,3,80.11,240.33
28957,9645,16,4,82.24,328.96
28958,9645,53,1,26.41,26.41
28959,9646,42,2,288.25,576.50
28960,9646,211,2,391.93,783.86
28961,9646,209,2,299.28,598.56
28962,9647,293,3,9518.10,28554.30
28963,9647,175,3,239.58,718.74
28964,9647,302,2,17.70,35.40
28965,9648,128,1,1363.48,1363.48
28966,9648,142,3,544.13,1632.39
28967,9648,87,4,116.31,465.24
28968,9649,97,2,201.04,402.08
28969,9649,8,2,92.31,184.62
28970,9649,106,3,502.86,1508.58
28971,9650,144,1,1176.11,1176.11
28972,9650,234,3,157.34,472.02
28973,9650,93,3,73.99,221.97
28974,9651,226,4,106.24,424.96
28975,9651,7,4,158.64,634.56
28976,9651,229,2,182.92,365.84
28977,9652,235,1,1867.81,1867.81
28978,9652,5,4,312.42,1249.68
28979,9652,214,4,522.07,2088.28
28980,9653,156,2,138.39,276.78
28981,9653,246,3,42.72,128.16
28982,9653,132,4,152.84,611.36
28983,9654,197,3,111.56,334.68
28984,9654,78,1,252.79,252.79
28985,9654,226,2,106.24,212.48
28986,9655,114,3,59.81,179.43
28987,9655,107,1,136.14,136.14
28988,9655,254,3,196.52,589.56
28989,9656,25,3,70.53,211.59
28990,9656,99,3,4229.74,12689.22
28991,9656,30,1,165.44,165.44
28992,9657,222,3,106.41,319.23
28993,9657,278,1,405.40,405.40
28994,9657,175,3,239.58,718.74
28995,9658,298,2,103.05,206.10
28996,9658,83,3,138.27,414.81
28997,9658,6,3,536.76,1610.28
28998,9659,325,2,108.41,216.82
28999,9659,24,2,136.38,272.76
29000,9659,316,4,110.67,442.68
29001,9660,20,1,49.24,49.24
29002,9660,279,1,41.73,41.73
29003,9660,183,1,229.08,229.08
29004,9661,29,3,74.94,224.82
29005,9661,190,3,4952.78,14858.34
29006,9661,175,3,239.58,718.74
29007,9662,53,2,26.41,52.82
29008,9662,56,4,408.87,1635.48
29009,9662,198,1,124.56,124.56
29010,9663,23,2,477.55,955.10
29011,9663,305,1,18.21,18.21
29012,9663,177,3,173.92,521.76
29013,9664,269,2,107.58,215.16
29014,9664,91,1,103.05,103.05
29015,9664,120,2,532.02,1064.04
29016,9665,177,2,173.92,347.84
29017,9665,29,2,74.94,149.88
29018,9665,239,1,642.80,642.80
29019,9666,330,1,120.68,120.68
29020,9666,119,1,329.12,329.12
29021,9666,233,1,107.91,107.91
29022,9667,179,2,367.91,735.82
29023,9667,1,4,41.61,166.44
29024,9667,276,4,1553.72,6214.88
29025,9668,92,2,243.24,486.48
29026,9668,127,4,242.46,969.84
29027,9668,176,2,204.81,409.62
29028,9669,26,1,979.66,979.66
29029,9669,225,4,267.00,1068.00
29030,9669,286,2,65.95,131.90
29031,9670,74,2,306.84,613.68
29032,9670,55,2,361.92,723.84
29033,9670,319,1,129.86,129.86
29034,9671,97,4,201.04,804.16
29035,9671,128,1,1363.48,1363.48
29036,9671,107,1,136.14,136.14
29037,9672,234,3,157.34,472.02
29038,9672,205,4,92.31,369.24
29039,9672,208,1,5119.77,5119.77
29040,9673,265,3,192.94,578.82
29041,9673,194,2,136.81,273.62
29042,9673,97,1,201.04,201.04
29043,9674,149,3,63.35,190.05
29044,9674,32,3,604.32,1812.96
29045,9674,326,4,127.79,511.16
29046,9675,21,4,37.53,150.12
29047,9675,116,2,86.77,173.54
29048,9675,126,1,105.42,105.42
29049,9676,132,4,152.84,611.36
29050,9676,58,4,158.45,633.80
29051,9676,253,1,32.75,32.75
29052,9677,175,4,239.58,958.32
29053,9677,264,1,1374.60,1374.60
29054,9677,17,2,189.07,378.14
29055,9678,252,1,576.27,576.27
29056,9678,30,3,165.44,496.32
29057,9678,63,3,176.42,529.26
29058,9679,192,3,365.72,1097.16
29059,9679,310,2,106.27,212.54
29060,9679,52,4,36.58,146.32
29061,9680,304,2,121.41,242.82
29062,9680,165,2,257.39,514.78
29063,9680,49,2,109.83,219.66
29064,9681,268,4,186.90,747.60
29065,9681,165,2,257.39,514.78
29066,9681,104,1,2507.07,2507.07
29067,9682,18,4,4347.52,17390.08
29068,9682,58,4,158.45,633.80
29069,9682,254,3,196.52,589.56
29070,9683,104,2,2507.07,5014.14
29071,9683,189,2,87.00,174.00
29072,9683,261,1,61.79,61.79
29073,9684,193,1,9668.18,9668.18
29074,9684,210,2,107.66,215.32
29075,9684,322,2,161.49,322.98
29076,9685,13,2,44.19,88.38
29077,9685,235,1,1867.81,1867.81
29078,9685,77,3,90.53,271.59
29079,9686,182,1,312.02,312.02
29080,9686,320,2,125.31,250.62
29081,9686,289,2,37.80,75.60
29082,9687,87,4,116.31,465.24
29083,9687,279,1,41.73,41.73
29084,9687,268,1,186.90,186.90
29085,9688,111,3,215.02,645.06
29086,9688,333,1,167.16,167.16
29087,9688,56,2,408.87,817.74
29088,9689,126,2,105.42,210.84
29089,9689,283,4,594.23,2376.92
29090,9689,200,4,51.39,205.56
29091,9690,176,2,204.81,409.62
29092,9690,315,4,69.11,276.44
29093,9690,249,4,333.60,1334.40
29094,9691,333,1,167.16,167.16
29095,9691,52,2,36.58,73.16
29096,9691,27,4,485.13,1940.52
29097,9692,52,1,36.58,36.58
29098,9692,156,3,138.39,415.17
29099,9692,114,2,59.81,119.62
29100,9693,159,3,176.40,529.20
29101,9693,121,4,376.95,1507.80
29102,9693,89,1,185.24,185.24
29103,9694,272,1,77.63,77.63
29104,9694,101,2,156.57,313.14
29105,9694,55,4,361.92,1447.68
29106,9695,112,3,97.46,292.38
29107,9695,7,1,158.64,158.64
29108,9695,63,3,176.42,529.26
29109,9696,17,2,189.07,378.14
29110,9696,201,2,83.06,166.12
29111,9696,324,3,183.99,551.97
29112,9697,181,1,181.57,181.57
29113,9697,287,3,553.36,1660.08
29114,9697,33,3,618.92,1856.76
29115,9698,97,3,201.04,603.12
29116,9698,90,3,226.17,678.51
29117,9698,47,3,100.93,302.79
29118,9699,278,3,405.40,1216.20
29119,9699,143,3,55.35,166.05
29120,9699,218,1,49.88,49.88
29121,9700,79,3,221.90,665.70
29122,9700,123,1,340.07,340.07
29123,9700,152,3,133.94,401.82
29124,9701,57,1,425.93,425.93
29125,9701,247,1,127.32,127.32
29126,9701,323,4,43.39,173.56
29127,9702,267,1,276.85,276.85
29128,9702,165,3,257.39,772.17
29129,9702,320,2,125.31,250.62
29130,9703,146,2,364.03,728.06
29131,9703,94,3,61.84,185.52
29132,9703,282,1,314.44,314.44
29133,9704,240,4,26.71,106.84
29134,9704,228,3,148.63,445.89
29135,9704,14,3,430.90,1292.70
29136,9705,214,4,522.07,2088.28
29137,9705,308,2,143.10,286.20
29138,9705,301,4,136.93,547.72
29139,9706,318,4,27.43,109.72
29140,9706,61,3,175.93,527.79
29141,9706,58,3,158.45,475.35
29142,9707,158,2,210.26,420.52
29143,9707,326,1,127.79,127.79
29144,9707,15,1,602.60,602.60
29145,9708,324,3,183.99,551.97
29146,9708,82,2,80.11,160.22
29147,9708,153,3,41.42,124.26
29148,9709,273,2,173.28,346.56
29149,9709,225,2,267.00,534.00
29150,9709,230,1,64.40,64.40
29151,9710,331,3,54.96,164.88
29152,9710,151,2,52.78,105.56
29153,9710,329,1,124.79,124.79
29154,9711,129,3,120.28,360.84
29155,9711,229,2,182.92,365.84
29156,9711,36,1,184.31,184.31
29157,9712,252,4,576.27,2305.08
29158,9712,105,4,63.28,253.12
29159,9712,262,3,177.88,533.64
29160,9713,152,3,133.94,401.82
29161,9713,162,1,803.06,803.06
29162,9713,176,3,204.81,614.43
29163,9714,147,2,143.83,287.66
29164,9714,87,1,116.31,116.31
29165,9714,74,1,306.84,306.84
29166,9715,260,2,95.74,191.48
29167,9715,157,1,2380.02,2380.02
29168,9715,197,4,111.56,446.24
29169,9716,120,2,532.02,1064.04
29170,9716,36,4,184.31,737.24
29171,9716,9,4,1355.55,5422.20
29172,9717,302,1,17.70,17.70
29173,9717,73,1,550.57,550.57
29174,9717,66,3,41.56,124.68
29175,9718,106,2,502.86,1005.72
29176,9718,90,2,226.17,452.34
29177,9718,220,4,38.34,153.36
29178,9719,218,1,49.88,49.88
29179,9719,38,1,2984.65,2984.65
29180,9719,162,1,803.06,803.06
29181,9720,248,4,4473.97,17895.88
29182,9720,60,4,301.85,1207.40
29183,9720,92,1,243.24,243.24
29184,9721,178,1,110.15,110.15
29185,9721,274,4,72.47,289.88
29186,9721,7,2,158.64,317.28
29187,9722,311,2,32.45,64.90
29188,9722,201,4,83.06,332.24
29189,9722,145,4,369.80,1479.20
29190,9723,232,3,117.39,352.17
29191,9723,233,4,107.91,431.64
29192,9723,108,3,368.57,1105.71
29193,9724,138,3,75.42,226.26
29194,9724,228,3,148.63,445.89
29195,9724,41,4,82.03,328.12
29196,9725,305,2,18.21,36.42
29197,9725,206,4,125.45,501.80
29198,9725,264,3,1374.60,4123.80
29199,9726,329,4,124.79,499.16
29200,9726,69,1,206.85,206.85
29201,9726,201,1,83.06,83.06
29202,9727,193,1,9668.18,9668.18
29203,9727,3,1,108.77,108.77
29204,9727,172,4,53.49,213.96
29205,9728,138,1,75.42,75.42
29206,9728,78,4,252.79,1011.16
29207,9728,151,1,52.78,52.78
29208,9729,117,1,795.33,795.33
29209,9729,332,3,122.23,366.69
29210,9729,183,4,229.08,916.32
29211,9730,6,1,536.76,536.76
29212,9730,92,4,243.24,972.96
29213,9730,316,3,110.67,332.01
29214,9731,77,2,90.53,181.06
29215,9731,23,4,477.55,1910.20
29216,9731,323,1,43.39,43.39
29217,9732,309,2,132.91,265.82
29218,9732,251,4,87.96,351.84
29219,9732,12,2,423.08,846.16
29220,9733,5,4,312.42,1249.68
29221,9733,211,1,391.93,391.93
29222,9733,181,4,181.57,726.28
29223,9734,161,3,258.97,776.91
29224,9734,251,3,87.96,263.88
29225,9734,295,3,207.06,621.18
29226,9735,312,1,25.20,25.20
29227,9735,86,2,137.39,274.78
29228,9735,219,3,662.92,1988.76
29229,9736,153,2,41.42,82.84
29230,9736,216,4,27.57,110.28
29231,9736,61,1,175.93,175.93
29232,9737,302,1,17.70,17.70
29233,9737,274,2,72.47,144.94
29234,9737,277,2,198.38,396.76
29235,9738,170,2,845.55,1691.10
29236,9738,270,3,777.12,2331.36
29237,9738,163,4,150.26,601.04
29238,9739,241,2,237.51,475.02
29239,9739,320,2,125.31,250.62
29240,9739,36,2,184.31,368.62
29241,9740,280,2,154.65,309.30
29242,9740,198,4,124.56,498.24
29243,9740,305,2,18.21,36.42
29244,9741,87,2,116.31,232.62
29245,9741,137,3,197.81,593.43
29246,9741,159,2,176.40,352.80
29247,9742,29,1,74.94,74.94
29248,9742,26,2,979.66,1959.32
29249,9742,267,2,276.85,553.70
29250,9743,273,3,173.28,519.84
29251,9743,276,2,1553.72,3107.44
29252,9743,219,3,662.92,1988.76
29253,9744,285,2,6751.40,13502.80
29254,9744,12,1,423.08,423.08
29255,9744,85,1,279.78,279.78
29256,9745,67,1,663.51,663.51
29257,9745,153,2,41.42,82.84
29258,9745,61,1,175.93,175.93
29259,9746,183,4,229.08,916.32
29260,9746,198,2,124.56,249.12
29261,9746,7,4,158.64,634.56
29262,9747,220,1,38.34,38.34
29263,9747,289,3,37.80,113.40
29264,9747,158,2,210.26,420.52
29265,9748,193,1,9668.18,9668.18
29266,9748,7,1,158.64,158.64
29267,9748,183,1,229.08,229.08
29268,9749,327,3,91.25,273.75
29269,9749,46,1,64.02,64.02
29270,9749,230,2,64.40,128.80
29271,9750,142,4,544.13,2176.52
29272,9750,309,4,132.91,531.64
29273,9750,237,4,188.93,755.72
29274,9751,150,2,223.54,447.08
29275,9751,241,3,237.51,712.53
29276,9751,209,1,299.28,299.28
29277,9752,323,1,43.39,43.39
29278,9752,264,4,1374.60,5498.40
29279,9752,287,2,553.36,1106.72
29280,9753,266,2,379.02,758.04
29281,9753,4,1,70.68,70.68
29282,9753,289,1,37.80,37.80
29283,9754,277,4,198.38,793.52
29284,9754,278,2,405.40,810.80
29285,9754,190,3,4952.78,14858.34
29286,9755,303,1,199.54,199.54
29287,9755,325,1,108.41,108.41
29288,9755,65,2,114.10,228.20
29289,9756,222,4,106.41,425.64
29290,9756,329,3,124.79,374.37
29291,9756,112,2,97.46,194.92
29292,9757,276,4,1553.72,6214.88
29293,9757,302,2,17.70,35.40
29294,9757,73,2,550.57,1101.14
29295,9758,172,2,53.49,106.98
29296,9758,306,2,184.88,369.76
29297,9758,33,2,618.92,1237.84
29298,9759,4,4,70.68,282.72
29299,9759,198,1,124.56,124.56
29300,9759,161,4,258.97,1035.88
29301,9760,184,4,103.83,415.32
29302,9760,259,2,37.26,74.52
29303,9760,313,1,49.11,49.11
29304,9761,302,4,17.70,70.80
29305,9761,190,1,4952.78,4952.78
29306,9761,201,1,83.06,83.06
29307,9762,56,4,408.87,1635.48
29308,9762,69,3,206.85,620.55
29309,9762,93,3,73.99,221.97
29310,9763,231,1,170.32,170.32
29311,9763,54,1,73.34,73.34
29312,9763,284,4,33.21,132.84
29313,9764,274,1,72.47,72.47
29314,9764,182,4,312.02,1248.08
29315,9764,1,3,41.61,124.83
29316,9765,119,4,329.12,1316.48
29317,9765,171,3,49.52,148.56
29318,9765,183,3,229.08,687.24
29319,9766,64,1,72.56,72.56
29320,9766,38,1,2984.65,2984.65
29321,9766,306,2,184.88,369.76
29322,9767,257,1,77.56,77.56
29323,9767,190,4,4952.78,19811.12
29324,9767,141,1,482.39,482.39
29325,9768,210,2,107.66,215.32
29326,9768,39,1,265.80,265.80
29327,9768,234,4,157.34,629.36
29328,9769,69,1,206.85,206.85
29329,9769,287,4,553.36,2213.44
29330,9769,224,3,203.37,610.11
29331,9770,78,1,252.79,252.79
29332,9770,3,2,108.77,217.54
29333,9770,264,4,1374.60,5498.40
29334,9771,173,2,101.46,202.92
29335,9771,52,1,36.58,36.58
29336,9771,140,3,558.26,1674.78
29337,9772,46,3,64.02,192.06
29338,9772,75,4,63.53,254.12
29339,9772,256,1,255.06,255.06
29340,9773,217,2,324.83,649.66
29341,9773,98,3,116.76,350.28
29342,9773,277,4,198.38,793.52
29343,9774,198,2,124.56,249.12
29344,9774,150,1,223.54,223.54
29345,9774,108,3,368.57,1105.71
29346,9775,305,4,18.21,72.84
29347,9775,240,1,26.71,26.71
29348,9775,6,3,536.76,1610.28
29349,9776,250,4,725.02,2900.08
29350,9776,27,3,485.13,1455.39
29351,9776,246,2,42.72,85.44
29352,9777,145,1,369.80,369.80
29353,9777,214,1,522.07,522.07
29354,9777,81,1,24.00,24.00
29355,9778,323,4,43.39,173.56
29356,9778,218,4,49.88,199.52
29357,9778,68,4,416.05,1664.20
29358,9779,107,1,136.14,136.14
29359,9779,112,3,97.46,292.38
29360,9779,260,1,95.74,95.74
29361,9780,72,1,201.58,201.58
29362,9780,173,4,101.46,405.84
29363,9780,184,4,103.83,415.32
29364,9781,118,2,123.08,246.16
29365,9781,129,2,120.28,240.56
29366,9781,61,1,175.93,175.93
29367,9782,196,3,68.93,206.79
29368,9782,306,4,184.88,739.52
29369,9782,52,3,36.58,109.74
29370,9783,213,3,231.12,693.36
29371,9783,62,1,56.51,56.51
29372,9783,217,1,324.83,324.83
29373,9784,60,1,301.85,301.85
29374,9784,48,2,124.35,248.70
29375,9784,158,4,210.26,841.04
29376,9785,53,4,26.41,105.64
29377,9785,56,4,408.87,1635.48
29378,9785,27,2,485.13,970.26
29379,9786,178,2,110.15,220.30
29380,9786,113,3,545.60,1636.80
29381,9786,295,3,207.06,621.18
29382,9787,214,4,522.07,2088.28
29383,9787,28,4,30.65,122.60
29384,9787,163,1,150.26,150.26
29385,9788,164,3,259.43,778.29
29386,9788,111,1,215.02,215.02
29387,9788,92,2,243.24,486.48
29388,9789,102,2,39.38,78.76
29389,9789,47,2,100.93,201.86
29390,9789,120,3,532.02,1596.06
29391,9790,327,2,91.25,182.50
29392,9790,275,3,110.46,331.38
29393,9790,86,1,137.39,137.39
29394,9791,277,4,198.38,793.52
29395,9791,233,1,107.91,107.91
29396,9791,271,4,1470.33,5881.32
29397,9792,79,3,221.90,665.70
29398,9792,315,3,69.11,207.33
29399,9792,177,4,173.92,695.68
29400,9793,129,2,120.28,240.56
29401,9793,106,3,502.86,1508.58
29402,9793,40,4,62.79,251.16
29403,9794,216,2,27.57,55.14
29404,9794,260,4,95.74,382.96
29405,9794,81,1,24.00,24.00
29406,9795,330,2,120.68,241.36
29407,9795,127,2,242.46,484.92
29408,9795,160,3,103.53,310.59
29409,9796,114,4,59.81,239.24
29410,9796,147,1,143.83,143.83
29411,9796,55,3,361.92,1085.76
29412,9797,285,2,6751.40,13502.80
29413,9797,327,1,91.25,91.25
29414,9797,118,4,123.08,492.32
29415,9798,40,1,62.79,62.79
29416,9798,75,1,63.53,63.53
29417,9798,130,3,261.07,783.21
29418,9799,290,2,744.49,1488.98
29419,9799,30,3,165.44,496.32
29420,9799,175,2,239.58,479.16
29421,9800,235,4,1867.81,7471.24
29422,9800,84,3,214.78,644.34
29423,9800,213,3,231.12,693.36
29424,9801,92,3,243.24,729.72
29425,9801,67,4,663.51,2654.04
29426,9801,119,1,329.12,329.12
29427,9802,151,2,52.78,105.56
29428,9802,159,3,176.40,529.20
29429,9802,250,4,725.02,2900.08
29430,9803,10,3,42.91,128.73
29431,9803,170,1,845.55,845.55
29432,9803,1,3,41.61,124.83
29433,9804,175,1,239.58,239.58
29434,9804,240,4,26.71,106.84
29435,9804,286,1,65.95,65.95
29436,9805,140,3,558.26,1674.78
29437,9805,193,2,9668.18,19336.36
29438,9805,14,4,430.90,1723.60
29439,9806,54,3,73.34,220.02
29440,9806,204,4,362.70,1450.80
29441,9806,78,1,252.79,252.79
29442,9807,140,4,558.26,2233.04
29443,9807,224,3,203.37,610.11
29444,9807,77,1,90.53,90.53
29445,9808,174,3,93.41,280.23
29446,9808,96,4,171.36,685.44
29447,9808,68,2,416.05,832.10
29448,9809,279,1,41.73,41.73
29449,9809,295,4,207.06,828.24
29450,9809,49,3,109.83,329.49
29451,9810,180,4,206.84,827.36
29452,9810,52,2,36.58,73.16
29453,9810,94,2,61.84,123.68
29454,9811,214,3,522.07,1566.21
29455,9811,40,1,62.79,62.79
29456,9811,131,1,151.63,151.63
29457,9812,101,1,156.57,156.57
29458,9812,167,3,125.02,375.06
29459,9812,78,2,252.79,505.58
29460,9813,129,4,120.28,481.12
29461,9813,83,4,138.27,553.08
29462,9813,57,4,425.93,1703.72
29463,9814,274,3,72.47,217.41
29464,9814,301,1,136.93,136.93
29465,9814,214,3,522.07,1566.21
29466,9815,289,3,37.80,113.40
29467,9815,82,4,80.11,320.44
29468,9815,211,1,391.93,391.93
29469,9816,185,4,118.55,474.20
29470,9816,329,3,124.79,374.37
29471,9816,87,2,116.31,232.62
29472,9817,312,3,25.20,75.60
29473,9817,255,4,71.89,287.56
29474,9817,332,2,122.23,244.46
29475,9818,86,3,137.39,412.17
29476,9818,181,4,181.57,726.28
29477,9818,294,3,133.99,401.97
29478,9819,96,3,171.36,514.08
29479,9819,325,1,108.41,108.41
29480,9819,102,4,39.38,157.52
29481,9820,17,2,189.07,378.14
29482,9820,238,3,108.52,325.56
29483,9820,250,1,725.02,725.02
29484,9821,208,4,5119.77,20479.08
29485,9821,72,2,201.58,403.16
29486,9821,284,4,33.21,132.84
29487,9822,231,3,170.32,510.96
29488,9822,199,3,122.30,366.90
29489,9822,225,2,267.00,534.00
29490,9823,270,1,777.12,777.12
29491,9823,253,3,32.75,98.25
29492,9823,164,1,259.43,259.43
29493,9824,107,1,136.14,136.14
29494,9824,234,4,157.34,629.36
29495,9824,168,2,84.08,168.16
29496,9825,127,1,242.46,242.46
29497,9825,317,4,85.93,343.72
29498,9825,98,1,116.76,116.76
29499,9826,103,1,88.38,88.38
29500,9826,45,2,5111.42,10222.84
29501,9826,168,4,84.08,336.32
29502,9827,230,2,64.40,128.80
29503,9827,162,1,803.06,803.06
29504,9827,30,4,165.44,661.76
29505,9828,268,4,186.90,747.60
29506,9828,318,1,27.43,27.43
29507,9828,67,2,663.51,1327.02
29508,9829,318,2,27.43,54.86
29509,9829,68,4,416.05,1664.20
29510,9829,291,2,25.62,51.24
29511,9830,173,4,101.46,405.84
29512,9830,317,3,85.93,257.79
29513,9830,209,3,299.28,897.84
29514,9831,245,2,75.04,150.08
29515,9831,288,1,236.80,236.80
29516,9831,93,3,73.99,221.97
29517,9832,201,4,83.06,332.24
29518,9832,77,3,90.53,271.59
29519,9832,288,1,236.80,236.80
29520,9833,157,2,2380.02,4760.04
29521,9833,279,4,41.73,166.92
29522,9833,32,1,604.32,604.32
29523,9834,285,4,6751.40,27005.60
29524,9834,335,3,117.27,351.81
29525,9834,297,2,83.28,166.56
29526,9835,160,1,103.53,103.53
29527,9835,157,2,2380.02,4760.04
29528,9835,108,4,368.57,1474.28
29529,9836,325,2,108.41,216.82
29530,9836,158,3,210.26,630.78
29531,9836,1,1,41.61,41.61
29532,9837,163,3,150.26,450.78
29533,9837,103,4,88.38,353.52
29534,9837,288,3,236.80,710.40
29535,9838,9,2,1355.55,2711.10
29536,9838,264,1,1374.60,1374.60
29537,9838,212,4,1815.77,7263.08
29538,9839,325,4,108.41,433.64
29539,9839,199,3,122.30,366.90
29540,9839,282,3,314.44,943.32
29541,9840,321,1,105.04,105.04
29542,9840,205,1,92.31,92.31
29543,9840,332,3,122.23,366.69
29544,9841,271,4,1470.33,5881.32
29545,9841,280,2,154.65,309.30
29546,9841,253,1,32.75,32.75
29547,9842,88,4,92.09,368.36
29548,9842,231,4,170.32,681.28
29549,9842,228,1,148.63,148.63
29550,9843,271,4,1470.33,5881.32
29551,9843,135,2,176.88,353.76
29552,9843,272,2,77.63,155.26
29553,9844,309,2,132.91,265.82
29554,9844,22,2,709.66,1419.32
29555,9844,233,2,107.91,215.82
29556,9845,264,3,1374.60,4123.80
29557,9845,90,1,226.17,226.17
29558,9845,198,3,124.56,373.68
29559,9846,117,1,795.33,795.33
29560,9846,58,2,158.45,316.90
29561,9846,14,1,430.90,430.90
29562,9847,203,2,59.44,118.88
29563,9847,35,3,166.21,498.63
29564,9847,84,2,214.78,429.56
29565,9848,156,3,138.39,415.17
29566,9848,211,3,391.93,1175.79
29567,9848,301,1,136.93,136.93
29568,9849,40,3,62.79,188.37
29569,9849,86,1,137.39,137.39
29570,9849,67,2,663.51,1327.02
29571,9850,86,2,137.39,274.78
29572,9850,116,3,86.77,260.31
29573,9850,14,1,430.90,430.90
29574,9851,275,2,110.46,220.92
29575,9851,224,4,203.37,813.48
29576,9851,289,1,37.80,37.80
29577,9852,262,1,177.88,177.88
29578,9852,71,3,81.12,243.36
29579,9852,327,2,91.25,182.50
29580,9853,298,4,103.05,412.20
29581,9853,280,2,154.65,309.30
29582,9853,128,2,1363.48,2726.96
29583,9854,324,2,183.99,367.98
29584,9854,205,2,92.31,184.62
29585,9854,332,2,122.23,244.46
29586,9855,147,3,143.83,431.49
29587,9855,318,4,27.43,109.72
29588,9855,116,3,86.77,260.31
29589,9856,310,3,106.27,318.81
29590,9856,323,1,43.39,43.39
29591,9856,320,1,125.31,125.31
29592,9857,100,2,912.50,1825.00
29593,9857,297,1,83.28,83.28
29594,9857,130,4,261.07,1044.28
29595,9858,262,4,177.88,711.52
29596,9858,3,4,108.77,435.08
29597,9858,216,2,27.57,55.14
29598,9859,179,2,367.91,735.82
29599,9859,263,3,82.89,248.67
29600,9859,251,1,87.96,87.96
29601,9860,7,2,158.64,317.28
29602,9860,157,3,2380.02,7140.06
29603,9860,112,1,97.46,97.46
29604,9861,11,3,88.33,264.99
29605,9861,109,2,21.64,43.28
29606,9861,46,4,64.02,256.08
29607,9862,46,2,64.02,128.04
29608,9862,130,2,261.07,522.14
29609,9862,18,3,4347.52,13042.56
29610,9863,44,1,86.79,86.79
29611,9863,248,4,4473.97,17895.88
29612,9863,52,2,36.58,73.16
29613,9864,261,1,61.79,61.79
29614,9864,262,3,177.88,533.64
29615,9864,276,2,1553.72,3107.44
29616,9865,40,4,62.79,251.16
29617,9865,132,4,152.84,611.36
29618,9865,56,1,408.87,408.87
29619,9866,30,2,165.44,330.88
29620,9866,212,1,1815.77,1815.77
29621,9866,145,2,369.80,739.60
29622,9867,257,1,77.56,77.56
29623,9867,122,4,130.97,523.88
29624,9867,182,3,312.02,936.06
29625,9868,310,4,106.27,425.08
29626,9868,97,4,201.04,804.16
29627,9868,234,3,157.34,472.02
29628,9869,10,4,42.91,171.64
29629,9869,37,3,5435.24,16305.72
29630,9869,275,3,110.46,331.38
29631,9870,296,3,101.13,303.39
29632,9870,220,2,38.34,76.68
29633,9870,164,2,259.43,518.86
29634,9871,13,2,44.19,88.38
29635,9871,324,1,183.99,183.99
29636,9871,166,2,122.59,245.18
29637,9872,71,1,81.12,81.12
29638,9872,41,1,82.03,82.03
29639,9872,306,4,184.88,739.52
29640,9873,244,4,70.80,283.20
29641,9873,95,2,198.29,396.58
29642,9873,293,2,9518.10,19036.20
29643,9874,215,4,136.44,545.76
29644,9874,237,2,188.93,377.86
29645,9874,322,3,161.49,484.47
29646,9875,12,1,423.08,423.08
29647,9875,328,3,180.51,541.53
29648,9875,316,2,110.67,221.34
29649,9876,283,2,594.23,1188.46
29650,9876,228,4,148.63,594.52
29651,9876,326,4,127.79,511.16
29652,9877,300,4,39.77,159.08
29653,9877,52,4,36.58,146.32
29654,9877,97,3,201.04,603.12
29655,9878,78,3,252.79,758.37
29656,9878,149,4,63.35,253.40
29657,9878,1,1,41.61,41.61
29658,9879,82,1,80.11,80.11
29659,9879,85,3,279.78,839.34
29660,9879,11,3,88.33,264.99
29661,9880,167,3,125.02,375.06
29662,9880,322,2,161.49,322.98
29663,9880,206,3,125.45,376.35
29664,9881,270,2,777.12,1554.24
29665,9881,81,3,24.00,72.00
29666,9881,183,3,229.08,687.24
29667,9882,25,4,70.53,282.12
29668,9882,223,3,467.04,1401.12
29669,9882,177,3,173.92,521.76
29670,9883,115,1,559.60,559.60
29671,9883,221,1,484.99,484.99
29672,9883,224,2,203.37,406.74
29673,9884,21,3,37.53,112.59
29674,9884,11,1,88.33,88.33
29675,9884,29,4,74.94,299.76
29676,9885,190,1,4952.78,4952.78
29677,9885,271,2,1470.33,2940.66
29678,9885,241,3,237.51,712.53
29679,9886,45,3,5111.42,15334.26
29680,9886,321,4,105.04,420.16
29681,9886,107,3,136.14,408.42
29682,9887,283,2,594.23,1188.46
29683,9887,128,3,1363.48,4090.44
29684,9887,239,2,642.80,1285.60
29685,9888,181,4,181.57,726.28
29686,9888,36,4,184.31,737.24
29687,9888,188,4,50.01,200.04
29688,9889,19,2,79.80,159.60
29689,9889,144,2,1176.11,2352.22
29690,9889,203,1,59.44,59.44
29691,9890,85,3,279.78,839.34
29692,9890,221,2,484.99,969.98
29693,9890,3,4,108.77,435.08
29694,9891,178,4,110.15,440.60
29695,9891,108,1,368.57,368.57
29696,9891,92,4,243.24,972.96
29697,9892,144,3,1176.11,3528.33
29698,9892,191,3,217.48,652.44
29699,9892,159,2,176.40,352.80
29700,9893,291,1,25.62,25.62
29701,9893,143,3,55.35,166.05
29702,9893,210,4,107.66,430.64
29703,9894,66,4,41.56,166.24
29704,9894,157,3,2380.02,7140.06
29705,9894,302,4,17.70,70.80
29706,9895,204,1,362.70,362.70
29707,9895,326,1,127.79,127.79
29708,9895,142,2,544.13,1088.26
29709,9896,250,4,725.02,2900.08
29710,9896,252,3,576.27,1728.81
29711,9896,261,1,61.79,61.79
29712,9897,265,4,192.94,771.76
29713,9897,79,2,221.90,443.80
29714,9897,141,4,482.39,1929.56
29715,9898,283,1,594.23,594.23
29716,9898,157,1,2380.02,2380.02
29717,9898,58,4,158.45,633.80
29718,9899,63,3,176.42,529.26
29719,9899,13,3,44.19,132.57
29720,9899,167,4,125.02,500.08
29721,9900,20,1,49.24,49.24
29722,9900,183,2,229.08,458.16
29723,9900,9,1,1355.55,1355.55
29724,9901,161,4,258.97,1035.88
29725,9901,56,3,408.87,1226.61
29726,9901,306,1,184.88,184.88
29727,9902,98,3,116.76,350.28
29728,9902,82,2,80.11,160.22
29729,9902,296,3,101.13,303.39
29730,9903,335,2,117.27,234.54
29731,9903,325,2,108.41,216.82
29732,9903,329,1,124.79,124.79
29733,9904,274,4,72.47,289.88
29734,9904,206,2,125.45,250.90
29735,9904,120,3,532.02,1596.06
29736,9905,55,3,361.92,1085.76
29737,9905,294,3,133.99,401.97
29738,9905,243,2,471.30,942.60
29739,9906,219,4,662.92,2651.68
29740,9906,252,2,576.27,1152.54
29741,9906,307,1,195.28,195.28
29742,9907,147,3,143.83,431.49
29743,9907,165,2,257.39,514.78
29744,9907,162,1,803.06,803.06
29745,9908,271,4,1470.33,5881.32
29746,9908,260,1,95.74,95.74
29747,9908,78,4,252.79,1011.16
29748,9909,292,3,40.52,121.56
29749,9909,299,1,57.14,57.14
29750,9909,329,4,124.79,499.16
29751,9910,191,3,217.48,652.44
29752,9910,306,4,184.88,739.52
29753,9910,40,4,62.79,251.16
29754,9911,247,2,127.32,254.64
29755,9911,5,3,312.42,937.26
29756,9911,315,3,69.11,207.33
29757,9912,247,4,127.32,509.28
29758,9912,142,1,544.13,544.13
29759,9912,125,4,319.28,1277.12
29760,9913,163,4,150.26,601.04
29761,9913,265,2,192.94,385.88
29762,9913,325,2,108.41,216.82
29763,9914,270,4,777.12,3108.48
29764,9914,151,3,52.78,158.34
29765,9914,283,4,594.23,2376.92
29766,9915,106,2,502.86,1005.72
29767,9915,149,2,63.35,126.70
29768,9915,141,3,482.39,1447.17
29769,9916,46,4,64.02,256.08
29770,9916,165,1,257.39,257.39
29771,9916,52,3,36.58,109.74
29772,9917,90,3,226.17,678.51
29773,9917,210,4,107.66,430.64
29774,9917,83,2,138.27,276.54
29775,9918,22,3,709.66,2128.98
29776,9918,153,3,41.42,124.26
29777,9918,299,2,57.14,114.28
29778,9919,248,2,4473.97,8947.94
29779,9919,104,4,2507.07,10028.28
29780,9919,227,4,154.78,619.12
29781,9920,280,3,154.65,463.95
29782,9920,252,4,576.27,2305.08
29783,9920,178,3,110.15,330.45
29784,9921,154,4,174.02,696.08
29785,9921,303,3,199.54,598.62
29786,9921,125,1,319.28,319.28
29787,9922,241,4,237.51,950.04
29788,9922,247,2,127.32,254.64
29789,9922,117,1,795.33,795.33
29790,9923,242,2,798.53,1597.06
29791,9923,288,2,236.80,473.60
29792,9923,39,1,265.80,265.80
29793,9924,94,1,61.84,61.84
29794,9924,162,2,803.06,1606.12
29795,9924,18,3,4347.52,13042.56
29796,9925,206,1,125.45,125.45
29797,9925,76,1,49.74,49.74
29798,9925,118,2,123.08,246.16
29799,9926,89,4,185.24,740.96
29800,9926,116,4,86.77,347.08
29801,9926,9,3,1355.55,4066.65
29802,9927,163,1,150.26,150.26
29803,9927,24,4,136.38,545.52
29804,9927,244,4,70.80,283.20
29805,9928,286,2,65.95,131.90
29806,9928,235,3,1867.81,5603.43
29807,9928,179,4,367.91,1471.64
29808,9929,197,4,111.56,446.24
29809,9929,240,3,26.71,80.13
29810,9929,216,3,27.57,82.71
29811,9930,181,2,181.57,363.14
29812,9930,59,2,1165.61,2331.22
29813,9930,290,4,744.49,2977.96
29814,9931,332,3,122.23,366.69
29815,9931,287,4,553.36,2213.44
29816,9931,223,2,467.04,934.08
29817,9932,11,4,88.33,353.32
29818,9932,42,4,288.25,1153.00
29819,9932,162,1,803.06,803.06
29820,9933,96,2,171.36,342.72
29821,9933,327,2,91.25,182.50
29822,9933,91,2,103.05,206.10
29823,9934,320,4,125.31,501.24
29824,9934,131,1,151.63,151.63
29825,9934,105,1,63.28,63.28
29826,9935,72,2,201.58,403.16
29827,9935,282,1,314.44,314.44
29828,9935,284,4,33.21,132.84
29829,9936,12,2,423.08,846.16
29830,9936,316,1,110.67,110.67
29831,9936,147,1,143.83,143.83
29832,9937,188,2,50.01,100.02
29833,9937,87,4,116.31,465.24
29834,9937,140,4,558.26,2233.04
29835,9938,255,3,71.89,215.67
29836,9938,319,3,129.86,389.58
29837,9938,84,4,214.78,859.12
29838,9939,237,4,188.93,755.72
29839,9939,65,2,114.10,228.20
29840,9939,332,4,122.23,488.92
29841,9940,320,1,125.31,125.31
29842,9940,303,2,199.54,399.08
29843,9940,248,4,4473.97,17895.88
29844,9941,187,3,53.46,160.38
29845,9941,181,4,181.57,726.28
29846,9941,206,4,125.45,501.80
29847,9942,12,3,423.08,1269.24
29848,9942,287,4,553.36,2213.44
29849,9942,291,4,25.62,102.48
29850,9943,266,1,379.02,379.02
29851,9943,86,2,137.39,274.78
29852,9943,71,4,81.12,324.48
29853,9944,210,1,107.66,107.66
29854,9944,193,2,9668.18,19336.36
29855,9944,298,2,103.05,206.10
29856,9945,97,2,201.04,402.08
29857,9945,140,3,558.26,1674.78
29858,9945,10,3,42.91,128.73
29859,9946,308,4,143.10,572.40
29860,9946,210,1,107.66,107.66
29861,9946,240,3,26.71,80.13
29862,9947,133,2,153.60,307.20
29863,9947,285,1,6751.40,6751.40
29864,9947,318,3,27.43,82.29
29865,9948,267,4,276.85,1107.40
29866,9948,16,4,82.24,328.96
29867,9948,254,1,196.52,196.52
29868,9949,137,2,197.81,395.62
29869,9949,303,1,199.54,199.54
29870,9949,262,4,177.88,711.52
29871,9950,202,1,109.28,109.28
29872,9950,157,3,2380.02,7140.06
29873,9950,272,4,77.63,310.52
29874,9951,312,3,25.20,75.60
29875,9951,49,3,109.83,329.49
29876,9951,126,2,105.42,210.84
29877,9952,164,4,259.43,1037.72
29878,9952,94,3,61.84,185.52
29879,9952,297,4,83.28,333.12
29880,9953,100,3,912.50,2737.50
29881,9953,219,1,662.92,662.92
29882,9953,330,4,120.68,482.72
29883,9954,238,3,108.52,325.56
29884,9954,201,1,83.06,83.06
29885,9954,295,4,207.06,828.24
29886,9955,262,2,177.88,355.76
29887,9955,122,2,130.97,261.94
29888,9955,289,2,37.80,75.60
29889,9956,107,4,136.14,544.56
29890,9956,33,1,618.92,618.92
29891,9956,22,2,709.66,1419.32
29892,9957,122,3,130.97,392.91
29893,9957,262,2,177.88,355.76
29894,9957,30,4,165.44,661.76
29895,9958,259,2,37.26,74.52
29896,9958,181,1,181.57,181.57
29897,9958,56,3,408.87,1226.61
29898,9959,166,2,122.59,245.18
29899,9959,21,2,37.53,75.06
29900,9959,321,4,105.04,420.16
29901,9960,244,1,70.80,70.80
29902,9960,271,4,1470.33,5881.32
29903,9960,315,2,69.11,138.22
29904,9961,2,1,54.72,54.72
29905,9961,310,3,106.27,318.81
29906,9961,139,1,392.73,392.73
29907,9962,181,4,181.57,726.28
29908,9962,103,1,88.38,88.38
29909,9962,259,1,37.26,37.26
29910,9963,147,4,143.83,575.32
29911,9963,267,4,276.85,1107.40
29912,9963,46,1,64.02,64.02
29913,9964,214,3,522.07,1566.21
29914,9964,227,4,154.78,619.12
29915,9964,120,3,532.02,1596.06
29916,9965,128,3,1363.48,4090.44
29917,9965,237,1,188.93,188.93
29918,9965,50,2,293.39,586.78
29919,9966,43,4,930.93,3723.72
29920,9966,156,1,138.39,138.39
29921,9966,231,1,170.32,170.32
29922,9967,114,2,59.81,119.62
29923,9967,315,3,69.11,207.33
29924,9967,199,1,122.30,122.30
29925,9968,211,2,391.93,783.86
29926,9968,257,3,77.56,232.68
29927,9968,272,3,77.63,232.89
29928,9969,206,2,125.45,250.90
29929,9969,331,3,54.96,164.88
29930,9969,272,2,77.63,155.26
29931,9970,125,3,319.28,957.84
29932,9970,290,4,744.49,2977.96
29933,9970,328,4,180.51,722.04
29934,9971,261,3,61.79,185.37
29935,9971,335,2,117.27,234.54
29936,9971,316,3,110.67,332.01
29937,9972,40,1,62.79,62.79
29938,9972,66,4,41.56,166.24
29939,9972,45,3,5111.42,15334.26
29940,9973,189,2,87.00,174.00
29941,9973,304,4,121.41,485.64
29942,9973,270,4,777.12,3108.48
29943,9974,37,4,5435.24,21740.96
29944,9974,74,1,306.84,306.84
29945,9974,149,2,63.35,126.70
29946,9975,103,4,88.38,353.52
29947,9975,8,2,92.31,184.62
29948,9975,314,3,28.97,86.91
29949,9976,332,1,122.23,122.23
29950,9976,166,4,122.59,490.36
29951,9976,242,4,798.53,3194.12
29952,9977,155,3,80.38,241.14
29953,9977,314,3,28.97,86.91
29954,9977,147,1,143.83,143.83
29955,9978,139,3,392.73,1178.19
29956,9978,148,3,640.43,1921.29
29957,9978,29,1,74.94,74.94
29958,9979,28,2,30.65,61.30
29959,9979,43,4,930.93,3723.72
29960,9979,217,3,324.83,974.49
29961,9980,310,1,106.27,106.27
29962,9980,178,2,110.15,220.30
29963,9980,300,2,39.77,79.54
29964,9981,289,2,37.80,75.60
29965,9981,15,2,602.60,1205.20
29966,9981,288,3,236.80,710.40
29967,9982,179,2,367.91,735.82
29968,9982,227,4,154.78,619.12
29969,9982,68,2,416.05,832.10
29970,9983,321,1,105.04,105.04
29971,9983,161,4,258.97,1035.88
29972,9983,62,4,56.51,226.04
29973,9984,263,3,82.89,248.67
29974,9984,171,3,49.52,148.56
29975,9984,120,2,532.02,1064.04
29976,9985,111,3,215.02,645.06
29977,9985,164,1,259.43,259.43
29978,9985,296,3,101.13,303.39
29979,9986,76,1,49.74,49.74
29980,9986,214,2,522.07,1044.14
29981,9986,28,4,30.65,122.60
29982,9987,114,2,59.81,119.62
29983,9987,66,3,41.56,124.68
29984,9987,167,4,125.02,500.08
29985,9988,164,4,259.43,1037.72
29986,9988,290,1,744.49,744.49
29987,9988,113,4,545.60,2182.40
29988,9989,123,4,340.07,1360.28
29989,9989,236,2,54.07,108.14
29990,9989,128,2,1363.48,2726.96
29991,9990,117,1,795.33,795.33
29992,9990,220,1,38.34,38.34
29993,9990,232,2,117.39,234.78
29994,9991,192,1,365.72,365.72
29995,9991,301,4,136.93,547.72
29996,9991,257,2,77.56,155.12
29997,9992,291,4,25.62,102.48
29998,9992,201,2,83.06,166.12
29999,9992,24,4,136.38,545.52
30000,9993,45,2,5111.42,10222.84
30001,9993,153,2,41.42,82.84
30002,9993,295,2,207.06,414.12
30003,9994,225,2,267.00,534.00
30004,9994,21,3,37.53,112.59
30005,9994,323,2,43.39,86.78
30006,9995,161,1,258.97,258.97
30007,9995,53,4,26.41,105.64
30008,9995,119,1,329.12,329.12
30009,9996,7,1,158.64,158.64
30010,9996,81,1,24.00,24.00
30011,9996,20,1,49.24,49.24
30012,9997,142,3,544.13,1632.39
30013,9997,91,4,103.05,412.20
30014,9997,64,1,72.56,72.56
30015,9998,99,3,4229.74,12689.22
30016,9998,227,1,154.78,154.78
30017,9998,318,1,27.43,27.43
30018,9999,7,1,158.64,158.64
30019,9999,61,4,175.93,703.72
30020,9999,92,3,243.24,729.72
30021,10000,177,3,173.92,521.76
30022,10000,79,4,221.90,887.60
30023,10000,96,3,171.36,514.08
