payment_attempt_id,payment_method_id,payment_result_id,order_id,amount,payment_attmept_ts
1,2,2,1,154.65,2023-07-28 00:49:42
2,4,2,2,2354.67,2024-01-03 01:02:02
3,9,2,3,248.7,2024-01-03 10:20:50
4,1,2,4,109.45,2023-12-01 11:40:12
5,4,2,5,1671.5,2023-10-29 20:40:14
6,9,2,6,15599.92,2024-08-11 07:59:50
7,7,2,7,1445.29,2024-04-21 05:37:13
8,1,2,8,569.56,2023-10-16 02:15:24
9,7,2,9,1372.12,2023-08-11 07:48:59
10,4,3,10,1859.63,2024-04-17 05:51:31
11,2,2,11,1124.72,2023-10-29 13:11:23
12,6,3,12,369.42,2023-06-10 04:00:45
13,5,2,12,369.42,2023-06-10 04:27:45
14,1,2,13,3655.79,2024-06-24 17:53:47
15,2,2,14,887.66,2024-06-21 23:45:05
16,2,4,14,887.66,2024-06-23 23:45:05
17,9,2,15,142.58,2023-11-21 00:40:45
18,10,2,16,40522.86,2023-06-17 10:05:12
19,1,2,17,1659.55,2023-07-19 03:45:00
20,2,3,18,420.58,2024-03-01 14:10:22
21,2,2,18,420.58,2024-03-01 14:24:22
22,5,2,19,1024.13,2024-03-03 00:09:10
23,3,2,20,637.48,2024-07-06 14:20:19
24,5,2,21,2236.14,2024-03-26 15:33:39
25,10,2,22,1604.78,2024-05-02 18:41:11
26,4,2,23,2641.32,2024-06-19 02:03:48
27,5,2,24,232.1,2023-10-14 05:00:48
28,5,4,24,232.1,2023-10-26 05:00:48
29,9,2,25,2131.64,2023-07-24 04:18:58
30,1,2,26,89.14,2024-08-07 01:06:01
31,6,2,27,126.76,2023-10-13 05:48:06
32,4,3,28,2187.14,2023-08-16 17:04:10
33,6,2,28,2187.14,2023-08-16 17:12:10
34,8,2,29,768.58,2023-07-23 11:53:34
35,3,2,30,1390.09,2024-06-12 10:53:10
36,9,2,31,814.17,2024-07-23 14:26:03
37,10,2,32,1897.58,2023-10-21 11:43:29
38,3,2,33,1589.63,2024-04-01 13:23:37
39,1,3,34,493.26,2023-07-06 21:58:45
40,3,2,34,493.26,2023-07-06 22:25:45
41,7,2,35,626.56,2023-12-27 10:29:06
42,7,2,36,2145.65,2024-01-07 18:42:45
43,9,2,37,421.68,2023-09-29 21:24:02
44,1,2,38,1602.13,2024-08-09 02:30:29
45,9,2,39,3041.8,2024-02-21 14:06:34
46,2,2,40,2544.64,2024-06-15 15:29:41
47,8,2,41,622.65,2023-07-12 04:11:33
48,9,2,42,1439.87,2024-03-04 14:30:27
49,2,3,43,500.65,2023-09-21 08:28:14
50,9,2,43,500.65,2023-09-21 08:49:14
51,4,2,44,1106.82,2024-01-06 04:56:56
52,9,3,45,129.68,2024-01-27 00:48:46
53,1,2,46,75.6,2024-08-03 00:43:24
54,1,2,47,1130.62,2024-05-24 08:52:33
55,5,2,48,106.79,2024-05-12 12:27:53
56,10,3,49,55.14,2024-02-28 13:42:38
57,8,3,50,2202.59,2024-01-08 11:42:39
58,9,2,50,2202.59,2024-01-08 12:08:39
59,3,2,51,1485.49,2024-07-27 23:41:25
60,9,2,52,3135.93,2024-08-09 10:16:06
61,10,2,53,5107.37,2024-06-03 13:33:28
62,9,2,54,2921.36,2024-03-10 16:24:14
63,5,2,55,2988.41,2024-03-01 22:14:28
64,8,3,56,1894.6,2024-02-29 04:18:04
65,2,2,56,1894.6,2024-02-29 04:27:04
66,4,2,57,6399.92,2023-06-27 08:55:45
67,10,2,58,625.59,2024-03-12 13:40:35
68,1,2,59,344.51,2024-05-04 02:10:50
69,4,2,60,13322.29,2024-03-31 15:18:23
70,6,2,61,713.44,2024-03-05 07:43:15
71,5,2,62,2560.64,2024-06-18 19:00:12
72,9,2,63,148.26,2023-06-21 13:52:17
73,10,2,64,1064.58,2024-05-10 08:40:09
74,7,2,65,3869.89,2023-11-18 10:43:00
75,7,2,66,4452.25,2023-07-30 12:59:07
76,8,3,67,2539.13,2023-10-15 17:09:10
77,2,2,67,2539.13,2023-10-15 17:12:10
78,7,2,68,2501.07,2024-08-04 03:30:07
79,4,2,69,1741.22,2024-03-09 04:28:51
80,8,2,70,956.55,2024-07-08 16:19:30
81,5,2,71,4325.64,2024-03-09 17:25:12
82,8,3,72,2509.06,2023-08-04 16:39:15
83,9,2,72,2509.06,2023-08-04 16:44:15
84,1,2,73,3261.07,2024-06-04 04:31:36
85,1,3,74,397.58,2023-06-19 19:05:56
86,4,2,75,158.34,2023-08-25 22:24:10
87,8,2,76,1096.4,2024-01-07 04:19:03
88,1,2,77,3829.36,2024-03-25 04:14:35
89,7,2,78,18158.38,2024-03-27 09:44:24
90,5,2,79,7294.78,2023-12-01 18:23:33
91,8,2,80,90.07,2024-04-21 06:41:52
92,4,3,81,1365.0,2023-06-18 18:25:05
93,9,2,82,2106.34,2024-02-12 08:55:55
94,1,2,83,2212.67,2024-06-05 21:30:03
95,9,3,84,2203.03,2023-12-08 03:44:26
96,3,2,84,2203.03,2023-12-08 03:47:26
97,9,2,85,21278.5,2024-02-08 03:07:55
98,2,2,86,1702.17,2023-06-17 22:25:18
99,7,2,87,2224.31,2023-12-21 08:17:03
100,4,2,88,1601.28,2024-07-07 18:13:29
101,10,2,89,353.64,2024-08-13 04:13:28
102,9,2,90,456.4,2024-07-09 07:39:38
103,4,2,91,2693.06,2023-07-29 23:07:15
104,4,2,92,437.56,2024-01-05 21:07:43
105,5,2,93,283.44,2023-08-04 08:40:22
106,1,2,94,1035.88,2024-01-18 07:31:14
107,2,2,95,73.77,2024-05-06 08:25:03
108,9,2,96,2325.63,2023-07-20 23:50:26
109,2,3,97,620.52,2024-03-22 16:14:01
110,5,2,97,620.52,2024-03-22 16:21:01
111,8,3,98,2379.46,2024-06-25 08:37:49
112,5,2,98,2379.46,2024-06-25 08:58:49
113,9,2,99,201.86,2024-08-19 04:41:30
114,5,3,100,689.09,2024-01-01 14:21:28
115,3,2,101,2474.18,2023-07-12 08:29:41
116,9,2,102,188.39,2024-05-13 21:40:00
117,10,2,103,308.96,2023-09-17 04:51:16
118,4,2,104,170.88,2023-08-06 12:37:05
119,9,2,105,14083.62,2023-06-10 14:58:35
120,2,2,106,1132.88,2023-12-03 02:30:20
121,1,2,107,641.57,2024-04-20 03:34:43
122,5,2,108,863.12,2024-04-04 04:52:39
123,9,2,109,2131.96,2024-01-27 14:45:11
124,1,2,110,18303.84,2024-03-31 16:25:50
125,9,2,111,2004.88,2024-05-31 02:35:55
126,10,2,112,268.62,2024-07-01 10:47:23
127,3,2,113,578.27,2024-05-13 12:21:27
128,1,3,114,10985.28,2024-05-01 22:42:56
129,4,2,114,10985.28,2024-05-01 23:05:56
130,2,2,115,2376.12,2023-12-03 00:28:10
131,7,2,116,1347.78,2023-11-20 19:10:18
132,7,4,116,1347.78,2023-11-23 19:10:18
133,4,3,117,3998.83,2024-05-12 23:17:15
134,3,2,117,3998.83,2024-05-12 23:47:15
135,7,2,118,449.79,2024-06-28 09:52:19
136,7,3,119,290.37,2024-03-10 03:47:49
137,4,2,119,290.37,2024-03-10 03:57:49
138,3,2,120,2511.88,2024-02-18 04:54:27
139,7,3,121,220.54,2023-12-09 07:03:14
140,8,2,121,220.54,2023-12-09 07:12:14
141,4,3,122,82.03,2024-07-30 04:49:48
142,6,2,122,82.03,2024-07-30 05:00:48
143,4,2,123,792.82,2023-09-19 04:37:29
144,7,2,124,9007.44,2024-07-11 19:29:44
145,5,2,125,3441.61,2024-03-19 13:16:07
146,7,2,126,347.84,2024-04-21 12:27:55
147,6,3,127,950.14,2024-05-02 20:07:08
148,5,2,128,6222.35,2024-05-16 14:46:50
149,1,2,129,1743.37,2023-06-23 06:59:49
150,6,2,130,1735.95,2023-11-17 08:10:36
151,7,2,131,1225.94,2024-06-07 13:09:53
152,2,2,132,11771.01,2024-01-14 11:33:02
153,4,2,133,1527.3,2023-08-04 02:19:37
154,1,2,134,700.54,2023-08-10 16:28:05
155,4,2,135,1039.11,2024-02-21 12:59:15
156,6,2,136,778.29,2024-08-10 02:29:19
157,5,2,137,1148.45,2023-07-04 17:37:52
158,6,2,138,43937.34,2023-06-14 11:38:12
159,9,2,139,1578.82,2024-04-24 02:32:09
160,7,2,140,1844.94,2024-05-29 07:24:07
161,10,2,141,116.13,2024-02-29 02:36:13
162,9,3,142,632.39,2023-06-24 20:50:19
163,5,2,142,632.39,2023-06-24 20:58:19
164,7,2,143,2461.5,2024-01-19 02:46:52
165,8,2,144,1448.35,2024-06-24 11:34:29
166,9,2,145,931.6,2024-08-16 19:27:46
167,2,2,146,2382.4,2023-06-12 02:28:28
168,2,3,147,5446.89,2023-10-14 23:25:29
169,4,2,147,5446.89,2023-10-14 23:48:29
170,5,2,148,1026.81,2024-01-17 17:19:38
171,3,2,149,136.38,2023-12-05 04:14:48
172,8,2,150,8037.44,2024-05-31 10:52:12
173,8,2,151,2908.04,2024-07-22 00:28:20
174,4,2,152,457.05,2024-02-24 20:50:00
175,8,2,153,6023.3,2024-01-12 10:27:29
176,1,3,154,16095.39,2024-02-28 10:36:17
177,2,2,154,16095.39,2024-02-28 11:02:17
178,7,2,155,956.78,2024-05-26 15:25:00
179,8,2,156,631.89,2024-07-16 04:20:14
180,2,2,157,1585.94,2024-05-22 08:12:08
181,9,2,158,1572.22,2023-07-22 13:23:06
182,9,4,158,1572.22,2023-07-28 13:23:06
183,8,2,159,346.44,2024-08-24 15:35:04
184,7,3,160,1579.29,2024-08-02 06:01:13
185,8,2,160,1579.29,2024-08-02 06:31:13
186,3,2,161,9885.44,2024-04-24 17:37:39
187,8,2,162,11999.6,2023-09-04 00:49:32
188,5,2,163,805.16,2024-05-08 03:15:39
189,8,2,164,3095.38,2024-06-20 08:23:44
190,8,2,165,1278.77,2023-12-25 21:35:30
191,4,2,166,1671.14,2024-06-17 19:26:14
192,9,2,167,408.98,2024-03-01 04:11:42
193,4,2,168,1013.99,2024-01-19 04:33:49
194,4,2,169,1338.0,2023-11-24 22:08:07
195,6,2,170,1151.63,2024-08-19 12:27:42
196,1,2,171,699.23,2023-08-05 23:18:33
197,7,3,172,3393.45,2023-10-20 07:01:15
198,1,2,172,3393.45,2023-10-20 07:30:15
199,10,2,173,275.05,2024-06-14 01:25:36
200,6,2,174,1286.83,2024-04-02 21:55:44
201,7,2,175,2153.15,2023-07-02 17:42:40
202,10,3,176,1095.84,2023-09-03 17:31:22
203,4,2,176,1095.84,2023-09-03 17:41:22
204,7,2,177,510.96,2024-02-27 04:27:39
205,6,2,178,8480.08,2024-03-01 23:56:44
206,3,3,179,1227.28,2023-09-06 23:08:08
207,10,2,179,1227.28,2023-09-06 23:27:08
208,1,3,180,3952.75,2024-01-25 17:42:42
209,10,2,180,3952.75,2024-01-25 18:05:42
210,1,2,181,2899.82,2024-08-16 07:50:53
211,3,3,182,1007.33,2024-05-01 21:21:44
212,1,2,182,1007.33,2024-05-01 21:31:44
213,7,2,183,671.79,2024-07-23 21:07:45
214,6,2,184,2907.69,2024-01-20 11:06:58
215,5,2,185,469.42,2023-10-25 00:36:32
216,5,3,186,16209.5,2023-09-07 19:34:21
217,1,2,186,16209.5,2023-09-07 19:59:21
218,9,2,187,2808.7,2024-08-13 20:51:06
219,4,2,188,147.08,2024-07-06 10:37:19
220,1,3,189,3672.25,2023-07-09 21:59:47
221,1,2,190,2348.6,2024-07-25 22:54:32
222,3,2,191,2858.87,2024-01-10 07:54:07
223,10,3,192,7571.07,2024-05-14 18:43:28
224,5,2,193,100.93,2024-05-30 20:11:17
225,10,2,194,2004.36,2024-01-14 11:49:20
226,3,3,195,2023.73,2023-07-16 11:35:23
227,10,2,196,3328.77,2023-08-11 08:22:01
228,10,2,197,8029.36,2024-07-05 02:26:33
229,7,3,198,870.31,2023-11-19 13:53:22
230,2,2,199,22799.41,2023-10-28 23:46:49
231,2,2,200,3487.07,2024-03-06 05:46:28
232,10,3,201,548.18,2023-10-08 21:11:31
233,10,2,201,548.18,2023-10-08 21:38:31
234,1,2,202,4114.29,2024-06-28 07:46:26
235,6,2,203,483.85,2024-06-17 16:38:36
236,1,3,204,1599.54,2023-07-24 09:28:48
237,8,2,204,1599.54,2023-07-24 09:33:48
238,7,3,205,1459.92,2024-02-22 15:23:56
239,8,2,206,4476.51,2024-07-14 06:03:34
240,3,2,207,2723.74,2024-07-13 12:42:34
241,10,3,208,480.08,2024-06-20 22:53:03
242,8,2,208,480.08,2024-06-20 23:09:03
243,7,3,209,2490.32,2023-10-13 21:56:51
244,5,2,209,2490.32,2023-10-13 22:08:51
245,4,3,210,956.12,2023-07-31 07:19:23
246,5,2,210,956.12,2023-07-31 07:49:23
247,8,2,211,1746.11,2023-12-14 13:15:33
248,10,2,212,1387.97,2023-08-09 06:55:43
249,6,2,213,2467.05,2023-06-17 08:17:25
250,3,2,214,691.01,2024-07-26 01:51:52
251,5,2,215,261.94,2024-01-17 08:25:21
252,9,2,216,860.72,2024-03-28 22:24:37
253,2,2,217,1107.65,2023-11-27 17:21:11
254,8,2,218,1143.88,2023-10-20 20:10:52
255,8,2,219,1093.93,2024-01-18 02:45:06
256,8,2,220,849.5,2024-01-21 20:43:36
257,5,2,221,805.32,2024-03-22 04:39:03
258,5,2,222,1019.58,2023-08-03 05:31:42
259,8,2,223,142.66,2024-05-01 11:19:06
260,7,2,224,248.09,2024-05-24 07:28:56
261,7,4,224,248.09,2024-05-30 07:28:56
262,6,2,225,649.66,2024-05-14 14:02:23
263,5,2,226,698.22,2023-07-07 07:25:11
264,4,2,227,1224.71,2024-02-27 18:05:18
265,3,2,228,2459.25,2023-08-11 03:41:58
266,5,2,229,812.92,2024-08-22 09:18:06
267,10,2,230,290.68,2024-04-22 19:05:29
268,4,2,231,276.93,2024-05-15 05:51:39
269,3,2,232,4285.99,2023-06-21 01:55:03
270,3,2,233,1197.28,2023-09-13 04:34:52
271,9,2,234,253.82,2024-01-19 19:39:12
272,8,2,235,532.34,2023-06-06 05:31:33
273,10,2,236,1020.89,2023-06-16 10:55:37
274,8,2,237,2077.27,2024-06-30 03:58:07
275,5,3,238,1825.64,2024-03-10 22:48:47
276,2,3,239,3910.8,2023-12-08 03:33:39
277,8,2,239,3910.8,2023-12-08 03:37:39
278,10,2,240,768.64,2023-09-11 09:37:22
279,3,2,241,14502.27,2023-09-28 17:27:33
280,5,2,242,2857.91,2023-09-14 16:17:38
281,2,2,243,24.34,2023-07-14 18:10:10
282,10,2,244,1457.71,2024-05-05 04:17:18
283,9,2,245,1932.89,2024-07-04 18:10:00
284,5,3,246,1370.73,2023-10-14 03:06:09
285,5,2,246,1370.73,2023-10-14 03:26:09
286,10,2,247,390.15,2024-07-24 05:02:20
287,4,2,248,692.62,2023-06-07 01:56:09
288,2,2,249,4943.51,2024-01-14 04:07:30
289,9,2,250,18350.66,2024-01-05 05:22:19
290,7,2,251,236.52,2023-10-22 12:12:31
291,5,2,252,1289.31,2024-03-05 15:25:30
292,5,2,253,387.94,2024-07-19 15:37:19
293,2,2,254,929.97,2024-02-29 23:06:08
294,10,2,255,1470.38,2024-05-24 11:38:22
295,7,2,256,3875.67,2023-09-21 00:35:30
296,3,3,257,1260.72,2024-08-14 11:06:13
297,3,2,257,1260.72,2024-08-14 11:10:13
298,1,2,258,1174.57,2024-03-14 22:59:41
299,10,2,259,4302.35,2023-11-10 19:19:36
300,5,2,260,5362.36,2024-05-09 20:51:00
301,5,2,261,5882.78,2023-06-01 01:26:52
302,9,2,262,6815.98,2023-12-10 03:57:19
303,2,2,263,2010.11,2023-11-11 08:09:50
304,6,2,264,1989.9,2023-08-24 19:56:45
305,2,2,265,94.84,2023-07-20 01:30:35
306,10,3,266,700.54,2023-07-15 09:54:24
307,5,2,267,4995.57,2024-04-22 09:07:04
308,8,2,268,151.02,2023-09-04 14:06:07
309,5,2,269,13295.0,2024-05-22 21:09:53
310,8,3,270,647.45,2023-12-20 22:03:37
311,6,2,271,22459.3,2024-05-15 13:15:41
312,2,3,272,75.36,2024-04-15 18:34:37
313,7,2,272,75.36,2024-04-15 18:58:37
314,8,2,273,18825.24,2024-07-04 03:53:48
315,9,2,274,3709.46,2023-12-24 04:40:28
316,6,2,275,746.64,2023-11-07 08:54:35
317,7,3,276,2104.6,2023-12-31 19:42:55
318,1,2,276,2104.6,2023-12-31 20:05:55
319,9,2,277,5619.36,2024-07-04 16:57:08
320,4,2,278,1593.78,2023-12-02 22:16:37
321,8,2,279,2901.59,2024-03-09 11:23:59
322,5,2,280,1249.68,2023-09-24 21:15:49
323,8,3,281,51393.36,2024-04-27 05:39:58
324,2,2,281,51393.36,2024-04-27 05:41:58
325,10,2,282,1757.42,2024-02-22 19:27:03
326,5,2,283,1256.22,2023-10-20 20:25:42
327,7,2,284,7520.02,2023-11-11 21:09:49
328,8,3,285,500.9,2024-05-31 07:45:01
329,3,2,286,3165.67,2023-11-19 20:07:48
330,9,2,287,958.24,2024-01-27 01:59:17
331,8,2,288,597.63,2023-08-01 21:25:09
332,8,4,288,597.63,2023-08-09 21:25:09
333,9,2,289,2175.06,2024-01-21 04:22:37
334,10,2,290,611.66,2023-08-30 10:41:17
335,2,2,291,704.19,2024-07-04 02:12:16
336,6,3,292,608.15,2024-07-31 16:13:10
337,5,3,293,124.26,2023-12-14 16:38:00
338,5,2,293,124.26,2023-12-14 17:06:00
339,10,2,294,790.35,2024-06-07 16:42:48
340,3,2,295,706.74,2024-07-20 12:05:26
341,6,2,296,3499.83,2024-05-30 20:54:45
342,7,2,297,984.83,2023-08-18 06:47:32
343,4,2,298,8476.47,2024-07-06 03:31:47
344,4,4,298,8476.47,2024-07-16 03:31:47
345,7,2,299,106.68,2024-03-07 16:01:48
346,1,2,300,305.68,2024-05-08 15:13:12
347,7,2,301,915.91,2023-10-30 08:30:25
348,8,3,302,1964.35,2024-08-10 04:43:02
349,9,3,303,332.84,2023-10-18 12:45:41
350,2,3,304,220.12,2023-07-24 13:59:38
351,2,2,304,220.12,2023-07-24 14:17:38
352,8,2,305,1101.44,2024-02-05 03:57:44
353,7,3,306,120.89,2024-05-04 23:15:54
354,2,2,306,120.89,2024-05-04 23:32:54
355,5,2,307,4263.63,2024-08-08 15:57:59
356,2,3,308,1997.82,2023-07-11 14:30:45
357,9,2,308,1997.82,2023-07-11 14:44:45
358,6,2,309,1479.68,2024-03-12 17:05:06
359,9,2,310,3435.14,2024-07-23 07:55:09
360,4,2,311,889.8,2024-02-23 11:46:38
361,4,2,312,2042.04,2023-08-01 12:17:16
362,2,2,313,1960.27,2024-01-08 18:31:55
363,8,2,314,1494.98,2023-10-29 14:53:46
364,1,2,315,1108.33,2024-04-28 05:33:07
365,5,2,316,265.14,2024-02-23 03:05:09
366,3,2,317,267.88,2024-07-07 05:22:18
367,10,2,318,3356.56,2024-03-04 01:24:29
368,3,2,319,1383.74,2023-11-08 17:06:20
369,10,2,320,15388.12,2023-08-28 23:36:26
370,10,2,321,3264.58,2024-01-25 23:03:10
371,5,2,322,2146.35,2023-09-21 05:33:13
372,8,3,323,396.54,2024-06-20 19:35:01
373,9,2,323,396.54,2024-06-20 19:42:01
374,2,2,324,2436.72,2024-04-24 20:01:40
375,10,2,325,468.34,2023-06-23 10:01:23
376,5,2,326,393.12,2024-03-02 17:03:19
377,4,2,327,19226.03,2024-07-23 02:49:37
378,4,4,327,19226.03,2024-07-31 02:49:37
379,2,2,328,22640.19,2023-07-07 18:57:11
380,6,2,329,8613.22,2024-06-16 18:05:20
381,1,2,330,582.66,2024-02-29 07:10:16
382,1,4,330,582.66,2024-03-07 07:10:16
383,5,2,331,1712.6,2023-06-03 18:38:55
384,10,2,332,7328.76,2023-09-22 19:55:47
385,4,2,333,5102.71,2023-11-30 04:45:46
386,4,2,334,4135.96,2023-08-26 00:22:28
387,3,2,335,3952.73,2024-07-01 09:32:00
388,5,2,336,3098.18,2024-03-23 12:49:59
389,10,2,337,1443.18,2024-06-30 18:48:06
390,2,3,338,2182.11,2023-08-31 18:37:28
391,7,2,338,2182.11,2023-08-31 18:44:28
392,4,2,339,670.02,2023-09-28 01:46:54
393,6,2,340,42101.94,2024-03-05 18:13:48
394,3,2,341,3793.53,2023-06-04 17:00:19
395,5,2,342,2776.81,2023-08-16 05:13:21
396,2,2,343,303.32,2024-02-01 15:14:20
397,3,2,344,299.76,2024-03-20 18:12:08
398,7,3,345,602.06,2023-12-25 19:38:27
399,9,2,346,946.54,2024-01-28 15:13:41
400,1,2,347,2711.1,2024-04-01 18:05:22
401,8,2,348,827.08,2024-08-14 16:45:45
402,10,2,349,310.52,2024-05-13 20:30:48
403,2,2,350,1949.47,2024-07-15 15:54:55
404,1,2,351,10554.21,2023-06-03 22:52:42
405,6,3,352,8028.96,2024-08-11 17:28:09
406,2,2,352,8028.96,2024-08-11 17:50:09
407,8,3,353,902.39,2024-03-13 17:30:59
408,7,2,353,902.39,2024-03-13 17:35:59
409,3,2,354,331.85,2023-09-18 16:26:14
410,5,2,355,1711.25,2023-06-03 02:52:28
411,5,4,355,1711.25,2023-06-05 02:52:28
412,4,3,356,2392.82,2023-12-07 02:38:24
413,7,2,356,2392.82,2023-12-07 02:54:24
414,6,2,357,1885.98,2024-07-16 16:22:53
415,7,2,358,801.82,2024-05-08 12:27:01
416,7,2,359,1583.31,2024-07-29 18:02:52
417,10,2,360,124.34,2023-12-26 16:09:03
418,1,2,361,1633.76,2024-07-21 18:18:40
419,8,2,362,806.96,2023-12-13 20:52:19
420,6,2,363,1705.46,2024-05-10 23:55:34
421,9,3,364,2956.04,2023-09-11 07:48:42
422,6,2,364,2956.04,2023-09-11 07:51:42
423,7,2,365,5598.64,2023-07-11 21:43:38
424,8,2,366,1537.37,2024-06-19 18:09:56
425,10,2,367,2042.92,2024-05-11 06:24:48
426,10,4,367,2042.92,2024-05-24 06:24:48
427,6,2,368,31321.15,2024-01-04 06:27:53
428,10,2,369,2192.28,2024-03-11 13:59:12
429,4,2,370,918.8,2023-08-08 20:35:38
430,6,2,371,1629.3,2023-09-19 08:30:59
431,5,3,372,7606.12,2023-08-02 11:56:06
432,3,2,372,7606.12,2023-08-02 12:15:06
433,5,2,373,22756.04,2024-04-19 04:56:11
434,1,2,374,3503.74,2024-04-30 09:48:25
435,4,2,375,276.12,2023-09-29 21:17:00
436,3,2,376,300.7,2024-03-07 01:02:58
437,7,2,377,1367.84,2024-05-01 12:19:51
438,8,2,378,2280.68,2024-05-05 11:59:08
439,9,2,379,2648.29,2024-03-03 07:55:01
440,9,2,380,1442.98,2024-02-29 00:45:26
441,9,2,381,2415.17,2023-12-28 17:27:45
442,1,2,382,123.68,2024-06-15 17:53:10
443,1,4,382,123.68,2024-06-22 17:53:10
444,7,2,383,1966.82,2023-07-27 20:33:55
445,8,2,384,288.72,2023-08-04 22:29:32
446,6,2,385,31.76,2023-11-07 15:24:07
447,3,2,386,1478.1,2024-07-02 12:09:19
448,6,2,387,1254.46,2024-06-12 01:17:05
449,5,2,388,1609.89,2024-04-18 23:06:32
450,2,2,389,2556.92,2023-06-08 05:51:20
451,9,2,390,1943.33,2024-06-29 02:17:05
452,7,2,391,1578.31,2024-07-08 20:50:23
453,7,2,392,1439.7,2024-03-17 05:38:19
454,7,2,393,106.92,2024-07-02 20:33:17
455,6,2,394,3396.59,2024-06-04 02:44:49
456,6,3,395,2507.07,2024-05-03 02:04:25
457,8,2,396,23283.86,2023-09-07 03:03:24
458,2,2,397,8479.04,2023-07-02 11:39:02
459,3,2,398,798.4,2023-12-15 06:17:25
460,9,2,399,1194.22,2024-01-21 22:43:34
461,7,2,400,2189.56,2024-04-03 15:03:03
462,1,3,401,17556.46,2024-03-08 23:17:44
463,5,2,402,45088.42,2023-09-18 10:06:49
464,9,2,403,693.98,2024-03-25 07:18:27
465,4,3,404,130.5,2024-04-24 09:03:35
466,9,2,404,130.5,2024-04-24 09:16:35
467,2,2,405,41.36,2023-12-31 04:00:47
468,4,3,406,5389.49,2024-02-24 01:22:27
469,9,2,406,5389.49,2024-02-24 01:48:27
470,10,2,407,1204.4,2023-08-07 10:10:20
471,1,2,408,8462.55,2023-09-10 15:28:02
472,1,2,409,1093.28,2023-12-05 11:15:03
473,6,2,410,559.88,2023-09-11 21:24:46
474,3,2,411,8465.07,2023-06-08 10:48:21
475,2,2,412,4219.62,2024-06-08 04:45:04
476,2,2,413,64.36,2023-06-05 02:26:37
477,7,2,414,1269.84,2023-12-15 07:27:31
478,3,2,415,748.87,2024-05-30 00:05:06
479,10,2,416,3530.06,2023-10-20 01:40:47
480,3,2,417,3908.88,2024-03-20 04:27:49
481,2,2,418,2267.13,2023-08-14 21:03:18
482,8,2,419,1139.89,2024-06-16 21:03:24
483,5,2,420,850.96,2024-04-09 19:22:05
484,2,2,421,2190.3,2024-07-04 15:09:33
485,5,2,422,2501.95,2023-09-24 01:31:02
486,9,2,423,16703.71,2024-08-17 19:32:12
487,4,2,424,4899.94,2024-07-28 01:56:48
488,1,2,425,1131.17,2024-01-03 09:41:51
489,3,2,426,902.19,2024-01-17 00:14:02
490,6,2,427,1854.58,2023-12-03 02:38:04
491,7,2,428,2298.69,2024-06-28 22:06:45
492,9,2,429,572.08,2024-02-10 15:39:12
493,9,3,430,1366.33,2023-07-11 19:39:48
494,6,2,430,1366.33,2023-07-11 19:43:48
495,7,3,431,2265.64,2024-03-22 19:19:31
496,7,2,431,2265.64,2024-03-22 19:21:31
497,8,3,432,18692.58,2024-06-28 09:22:18
498,6,2,433,3689.75,2023-06-30 03:41:44
499,7,2,434,131.95,2024-07-18 06:00:17
500,5,2,435,2276.24,2024-04-16 03:48:09
501,6,2,436,133.7,2024-07-09 02:23:19
502,6,2,437,2130.24,2024-06-05 18:40:00
503,4,2,438,624.18,2024-01-22 18:00:51
504,9,2,439,26727.27,2024-06-06 21:23:18
505,6,2,440,1116.52,2024-03-31 03:57:21
506,2,2,441,933.41,2024-02-10 07:24:31
507,9,2,442,13813.47,2024-02-15 00:54:33
508,6,2,443,17290.64,2024-05-12 04:15:06
509,4,2,444,2608.01,2024-03-22 09:43:13
510,4,2,445,7360.28,2023-07-31 08:10:33
511,2,2,446,3761.27,2023-10-04 05:08:36
512,8,2,447,910.78,2024-01-05 12:15:39
513,10,2,448,2209.42,2024-01-20 09:46:31
514,6,2,449,10620.42,2023-09-02 22:59:21
515,8,2,450,118.77,2023-10-23 11:41:16
516,5,2,451,459.24,2024-02-28 14:28:42
517,9,2,452,799.92,2023-11-22 06:56:45
518,8,2,453,18133.99,2024-04-01 14:23:48
519,5,2,454,667.04,2024-05-04 01:06:04
520,10,2,455,1822.51,2024-03-22 14:15:34
521,8,2,456,184.9,2024-03-08 01:01:11
522,8,3,457,12554.86,2024-01-08 22:38:43
523,4,2,457,12554.86,2024-01-08 22:50:43
524,10,2,458,1115.58,2024-03-11 12:55:21
525,1,2,459,1448.57,2024-02-05 21:30:08
526,2,2,460,617.02,2023-09-04 13:39:33
527,1,2,461,4211.97,2023-06-20 18:34:34
528,8,2,462,2976.33,2024-04-18 23:44:08
529,6,2,463,766.78,2024-07-13 09:20:39
530,7,2,464,291.0,2023-10-28 23:41:59
531,10,2,465,452.34,2024-04-11 08:20:50
532,2,2,466,3159.02,2024-01-15 11:56:01
533,7,2,467,493.22,2023-12-29 12:17:03
534,6,2,468,3104.4,2024-07-24 03:04:27
535,6,2,469,4917.61,2023-08-14 16:58:52
536,3,2,470,3448.06,2023-10-17 08:51:54
537,5,2,471,417.18,2023-06-07 13:09:26
538,3,2,472,31220.44,2024-04-13 02:08:12
539,2,2,473,7126.7,2024-05-04 02:44:10
540,9,2,474,2358.38,2023-07-01 08:55:26
541,5,2,475,2984.65,2024-04-25 04:00:22
542,6,3,476,157.57,2024-06-07 08:50:35
543,4,2,477,1156.39,2023-08-17 22:23:12
544,3,2,478,287.65,2024-03-17 18:00:18
545,9,2,479,165.12,2024-08-10 10:10:27
546,1,2,480,555.64,2023-09-06 09:45:36
547,10,2,481,2429.0,2023-12-17 02:52:02
548,3,3,482,23629.84,2024-05-07 16:31:26
549,10,2,482,23629.84,2024-05-07 16:58:26
550,3,2,483,3877.28,2023-08-28 20:04:24
551,7,2,484,1299.61,2023-11-20 23:45:31
552,8,2,485,207.09,2024-06-22 13:14:38
553,4,2,486,120.16,2024-04-09 12:51:53
554,8,3,487,3866.98,2024-05-27 20:38:25
555,6,2,487,3866.98,2024-05-27 21:01:25
556,10,2,488,241.14,2024-05-20 01:39:15
557,10,4,488,241.14,2024-06-02 01:39:15
558,5,2,489,2152.23,2023-06-03 17:19:34
559,9,2,490,144.34,2024-05-16 15:32:38
560,4,3,491,2882.02,2024-01-09 08:22:01
561,5,2,491,2882.02,2024-01-09 08:25:01
562,8,3,492,779.01,2024-07-07 00:32:47
563,2,2,492,779.01,2024-07-07 00:56:47
564,9,3,493,578.37,2024-06-17 21:58:01
565,2,2,493,578.37,2024-06-17 22:24:01
566,3,2,494,2087.96,2023-09-21 02:35:04
567,3,3,495,34.9,2023-09-08 20:22:33
568,4,2,495,34.9,2023-09-08 20:50:33
569,8,3,496,1465.9,2023-08-09 03:54:37
570,7,2,496,1465.9,2023-08-09 03:57:37
571,7,2,497,1079.06,2024-08-12 16:34:00
572,7,2,498,142.61,2023-09-22 18:10:50
573,7,4,498,142.61,2023-09-26 18:10:50
574,1,2,499,469.56,2024-06-28 16:03:22
575,6,2,500,256.2,2023-07-13 17:49:15
576,8,2,501,3553.54,2025-03-24 15:58:50
577,1,2,502,1116.15,2025-12-31 23:29:07
578,7,2,503,1805.32,2025-10-16 02:19:00
579,5,3,504,1155.00,2025-06-19 21:39:38
580,7,2,504,1155.00,2025-06-19 21:43:38
581,2,2,505,1923.16,2025-12-07 18:45:27
582,8,2,506,2101.16,2025-02-01 00:01:49
583,5,2,507,198.03,2025-01-02 06:03:42
584,10,3,508,3697.83,2025-08-17 06:31:23
585,8,2,508,3697.83,2025-08-17 06:35:23
586,3,2,509,805.74,2025-11-13 07:47:03
587,8,2,510,4049.58,2025-02-09 18:31:11
588,1,2,511,633.21,2025-05-02 18:51:26
589,2,2,512,1275.20,2025-09-09 23:02:56
590,5,2,513,1512.75,2025-06-30 21:04:29
591,9,3,514,1970.52,2025-03-06 17:55:39
592,5,2,514,1970.52,2025-03-06 17:59:39
593,10,2,515,5648.87,2025-01-15 23:13:46
594,4,2,516,1358.56,2025-07-24 20:34:55
595,5,3,517,744.45,2025-03-16 12:29:03
596,7,2,517,744.45,2025-03-16 12:33:03
597,6,2,518,691.99,2025-02-08 21:30:13
598,2,2,519,11927.00,2025-04-14 13:42:45
599,4,2,520,3537.05,2025-11-10 09:31:53
600,9,2,521,686.60,2025-01-16 07:41:55
601,4,2,522,7231.31,2025-01-15 08:05:52
602,8,2,523,1243.28,2025-08-02 12:20:21
603,7,2,524,2211.92,2025-05-18 05:47:55
604,2,2,525,773.74,2025-12-12 07:52:32
605,2,2,526,639.33,2025-01-29 13:34:23
606,2,3,527,3657.64,2025-08-12 05:01:12
607,2,2,527,3657.64,2025-08-12 05:05:12
608,10,2,528,4745.78,2025-02-05 19:20:45
609,2,2,529,3378.55,2025-06-18 18:26:10
610,6,2,530,1515.60,2025-03-17 17:44:22
611,7,2,531,772.51,2025-01-07 17:42:20
612,3,2,532,1055.16,2025-08-02 12:37:13
613,10,3,533,10367.06,2025-01-29 09:49:14
614,6,2,533,10367.06,2025-01-29 09:53:14
615,6,2,534,601.12,2025-07-14 20:24:51
616,1,2,535,3306.44,2025-08-11 14:03:37
617,6,3,536,1401.03,2025-11-06 16:12:26
618,7,2,536,1401.03,2025-11-06 16:16:26
619,6,3,537,1030.62,2025-04-29 10:08:43
620,4,2,537,1030.62,2025-04-29 10:12:43
621,9,3,538,2425.19,2025-06-27 22:44:13
622,3,2,538,2425.19,2025-06-27 22:48:13
623,7,2,539,1053.16,2025-02-10 00:56:06
624,5,2,540,1946.28,2025-06-20 06:15:27
625,1,2,541,470.28,2025-12-08 20:29:40
626,10,2,542,1128.23,2025-01-29 20:03:44
627,8,2,543,5319.95,2025-02-28 13:15:03
628,10,2,544,3568.05,2025-09-26 21:53:11
629,1,2,545,8526.19,2025-11-22 21:59:37
630,4,2,546,683.27,2025-02-17 08:56:21
631,5,2,547,2266.82,2025-08-22 07:16:27
632,9,2,548,1015.45,2025-11-23 09:18:50
633,3,2,549,2120.88,2025-12-05 15:37:44
634,2,2,550,437.94,2025-01-29 15:30:50
635,7,2,551,1220.55,2025-08-04 03:22:16
636,10,2,552,934.29,2025-11-03 14:40:26
637,10,2,553,513.58,2025-05-31 10:41:04
638,7,3,554,6377.80,2025-12-12 18:55:02
639,1,2,554,6377.80,2025-12-12 18:59:02
640,7,2,555,1356.22,2025-10-28 21:50:37
641,2,2,556,5279.17,2025-05-10 03:13:57
642,8,2,557,2462.55,2025-02-06 14:30:28
643,9,3,558,216.70,2025-11-18 10:23:39
644,7,2,558,216.70,2025-11-18 10:27:39
645,5,2,559,444.80,2025-12-23 15:38:51
646,9,3,560,3029.53,2025-12-15 09:18:09
647,7,2,560,3029.53,2025-12-15 09:22:09
648,7,2,561,1537.92,2025-08-15 05:00:14
649,10,2,562,131.13,2025-10-14 16:55:35
650,7,2,563,3585.18,2025-04-05 14:26:25
651,1,2,564,10961.33,2025-07-04 23:01:16
652,5,2,565,5775.60,2025-11-12 03:02:45
653,10,2,566,3449.54,2025-06-27 16:25:47
654,2,2,567,1460.33,2025-11-15 08:44:58
655,6,2,568,688.99,2025-07-10 05:30:05
656,1,2,569,2232.75,2025-12-24 07:05:47
657,8,2,570,918.34,2025-02-16 06:37:16
658,2,2,571,3963.14,2025-01-21 03:23:26
659,6,2,572,1053.47,2025-02-12 16:28:06
660,7,2,573,13644.29,2025-07-22 16:06:34
661,4,2,574,1877.62,2025-09-21 03:10:02
662,6,2,575,834.47,2025-02-04 13:19:15
663,6,2,576,1306.20,2025-07-24 14:52:18
664,10,3,577,864.59,2025-01-30 07:18:06
665,7,2,577,864.59,2025-01-30 07:22:06
666,3,2,578,1667.80,2025-03-08 15:04:22
667,8,2,579,377.99,2025-06-12 23:49:56
668,10,2,580,1546.52,2025-02-04 01:09:58
669,6,2,581,1039.72,2025-06-20 02:03:00
670,1,2,582,23553.17,2025-03-21 06:55:53
671,7,2,583,10557.74,2025-01-31 05:35:46
672,4,2,584,1219.49,2025-07-28 19:49:57
673,1,2,585,1869.69,2025-02-18 21:06:48
674,8,2,586,896.96,2025-01-17 20:19:52
675,2,2,587,1223.10,2025-06-09 22:49:42
676,8,2,588,1738.56,2025-07-19 03:23:19
677,9,3,589,858.10,2025-05-17 10:24:13
678,1,2,589,858.10,2025-05-17 10:28:13
679,3,2,590,2478.91,2025-09-02 12:18:37
680,4,2,591,687.82,2025-03-26 07:31:04
681,10,2,592,1369.97,2025-06-23 05:41:09
682,9,2,593,1750.16,2025-12-22 08:45:45
683,5,2,594,2544.14,2025-12-03 16:55:28
684,6,2,595,577.67,2025-05-13 03:18:45
685,6,2,596,395.70,2025-08-12 06:22:51
686,5,2,597,998.00,2025-01-19 20:06:38
687,5,2,598,261.43,2025-10-17 02:26:21
688,7,2,599,5014.68,2025-12-11 21:59:06
689,3,2,600,17798.40,2025-04-25 01:17:48
690,7,2,601,2459.64,2025-06-27 15:08:44
691,10,2,602,352.20,2025-01-28 12:23:59
692,10,2,603,6090.76,2025-06-29 06:15:51
693,2,2,604,758.83,2025-04-09 16:57:11
694,2,2,605,705.17,2025-07-15 11:21:03
695,7,2,606,5103.30,2025-05-20 15:54:10
696,6,3,607,499.60,2025-08-09 00:46:37
697,10,2,607,499.60,2025-08-09 00:50:37
698,6,2,608,20962.51,2025-11-14 02:36:03
699,7,2,609,1814.90,2025-10-21 11:36:57
700,7,2,610,1809.65,2025-03-25 08:28:43
701,5,2,611,766.69,2025-01-08 07:58:37
702,6,2,612,2197.82,2025-05-12 11:49:00
703,1,2,613,621.42,2025-09-18 21:54:49
704,6,2,614,372.14,2025-03-10 18:10:57
705,8,2,615,642.57,2025-09-02 07:32:25
706,9,3,616,483.76,2025-01-21 21:36:17
707,10,2,616,483.76,2025-01-21 21:40:17
708,5,2,617,576.74,2025-08-12 18:23:09
709,3,2,618,1951.23,2025-12-09 22:43:20
710,2,2,619,1307.42,2025-08-25 11:35:43
711,4,2,620,1608.37,2025-10-07 14:24:23
712,3,2,621,3204.10,2025-01-04 11:45:25
713,1,3,622,3327.94,2025-10-20 04:22:23
714,3,2,622,3327.94,2025-10-20 04:26:23
715,5,2,623,1424.76,2025-02-25 19:06:28
716,9,2,624,1061.97,2025-11-21 19:42:38
717,5,2,625,431.83,2025-10-07 14:13:20
718,2,2,626,16767.14,2025-10-24 21:42:01
719,2,2,627,1141.58,2025-05-25 03:56:51
720,7,2,628,2150.44,2025-06-19 14:10:52
721,4,2,629,644.51,2025-01-13 19:19:28
722,2,2,630,11791.67,2025-04-26 18:47:09
723,3,2,631,504.74,2025-06-23 20:51:13
724,1,2,632,2416.71,2025-02-14 16:10:10
725,6,2,633,1441.76,2025-04-13 05:41:26
726,9,2,634,3144.71,2025-03-30 19:37:19
727,9,2,635,1341.10,2025-10-31 21:57:58
728,4,2,636,11104.89,2025-08-04 04:46:30
729,10,2,637,1744.28,2025-01-30 03:50:34
730,10,2,638,7712.02,2025-12-04 15:34:53
731,1,2,639,683.75,2025-05-28 23:48:41
732,10,3,640,3038.10,2025-02-14 16:58:58
733,2,2,640,3038.10,2025-02-14 17:02:58
734,4,2,641,1141.87,2025-05-18 07:42:33
735,5,2,642,3009.22,2025-05-30 12:57:11
736,7,2,643,1729.57,2025-06-16 06:06:44
737,4,2,644,2007.98,2025-08-29 14:46:33
738,8,3,645,519.76,2025-01-14 11:45:41
739,3,2,645,519.76,2025-01-14 11:49:41
740,1,2,646,808.15,2025-06-30 04:09:01
741,7,2,647,2367.31,2025-11-27 21:09:30
742,2,2,648,9999.38,2025-06-12 23:57:41
743,2,2,649,7651.44,2025-07-17 15:52:27
744,6,2,650,1570.19,2025-05-12 05:22:51
745,10,3,651,755.26,2025-11-26 02:54:04
746,10,2,651,755.26,2025-11-26 02:58:04
747,8,2,652,1949.34,2025-09-23 14:33:46
748,4,2,653,432.44,2025-04-26 14:46:00
749,6,2,654,1699.13,2025-08-03 18:48:18
750,5,2,655,6645.63,2025-04-19 13:42:43
751,7,2,656,6401.60,2025-02-21 15:39:12
752,1,2,657,13439.63,2025-04-19 09:00:57
753,9,2,658,1270.78,2025-08-06 03:02:20
754,10,2,659,372.44,2025-08-13 18:39:13
755,8,2,660,2775.24,2025-09-15 12:01:59
756,1,2,661,677.27,2025-05-12 20:48:52
757,7,2,662,1174.05,2025-01-19 10:37:11
758,3,2,663,19796.64,2025-11-27 15:10:44
759,2,2,664,972.88,2025-05-11 22:54:06
760,7,2,665,1140.46,2025-09-29 08:08:19
761,6,2,666,1189.07,2025-07-27 19:39:49
762,4,2,667,1706.76,2025-06-05 00:26:16
763,1,2,668,1991.44,2025-02-07 09:41:50
764,2,2,669,2541.88,2025-08-30 14:20:04
765,9,2,670,387.69,2025-06-25 02:24:33
766,3,2,671,759.48,2025-02-25 10:10:19
767,2,2,672,348.60,2025-04-23 14:49:39
768,4,2,673,4569.30,2025-08-24 18:22:31
769,5,3,674,2864.47,2025-12-25 14:59:05
770,7,2,674,2864.47,2025-12-25 15:03:05
771,2,2,675,11241.16,2025-02-18 10:27:37
772,3,2,676,1937.49,2025-08-13 13:57:06
773,4,2,677,2100.64,2025-07-11 15:56:35
774,4,2,678,1899.11,2025-03-04 17:15:09
775,1,3,679,1202.90,2025-03-19 22:26:33
776,3,2,679,1202.90,2025-03-19 22:30:33
777,4,2,680,20630.80,2025-12-12 07:23:16
778,6,2,681,6135.20,2025-02-16 18:48:45
779,9,2,682,1193.53,2025-05-23 20:24:27
780,7,2,683,295.16,2025-08-15 01:34:54
781,10,3,684,3506.46,2025-07-06 00:24:53
782,3,2,684,3506.46,2025-07-06 00:28:53
783,2,2,685,9091.53,2025-02-18 19:02:43
784,7,2,686,826.38,2025-07-01 09:42:03
785,8,2,687,963.83,2025-06-09 18:21:23
786,6,2,688,13919.59,2025-05-17 01:44:46
787,6,3,689,875.12,2025-04-08 13:44:00
788,5,2,689,875.12,2025-04-08 13:48:00
789,2,2,690,2028.61,2025-06-08 02:00:28
790,6,2,691,2283.05,2025-05-19 19:44:48
791,8,2,692,1871.37,2025-10-17 02:44:37
792,4,2,693,11432.77,2025-10-01 07:15:15
793,3,2,694,2357.87,2025-07-10 08:53:32
794,5,2,695,1678.83,2025-10-02 11:13:46
795,9,2,696,1876.18,2025-07-03 08:28:00
796,6,2,697,6539.50,2025-09-13 18:09:56
797,9,2,698,39833.64,2025-07-22 17:45:41
798,4,2,699,1063.10,2025-09-27 19:54:04
799,6,2,700,1660.97,2025-05-03 12:21:27
800,6,2,701,2266.45,2025-03-26 21:06:28
801,8,2,702,1179.05,2025-01-21 21:55:13
802,2,2,703,819.13,2025-10-05 21:49:20
803,5,2,704,584.92,2025-11-09 06:12:07
804,8,2,705,848.50,2025-05-13 23:45:07
805,2,2,706,1132.60,2025-12-28 06:14:55
806,6,2,707,296.70,2025-07-17 12:57:54
807,6,2,708,13236.10,2025-03-15 20:48:42
808,4,2,709,1444.17,2025-11-24 04:29:00
809,10,2,710,2078.19,2025-10-20 10:20:22
810,3,2,711,701.47,2025-02-26 18:57:08
811,2,3,712,681.49,2025-03-26 00:08:25
812,8,2,712,681.49,2025-03-26 00:12:25
813,7,2,713,3890.45,2025-09-07 00:45:29
814,4,2,714,542.59,2025-09-15 21:17:08
815,4,2,715,768.57,2025-02-19 08:09:04
816,8,3,716,454.54,2025-10-08 00:20:03
817,7,2,716,454.54,2025-10-08 00:24:03
818,3,2,717,845.64,2025-08-04 07:38:47
819,2,2,718,567.62,2025-02-18 19:18:23
820,3,2,719,5087.77,2025-09-01 09:55:19
821,1,3,720,5279.79,2025-05-26 05:49:29
822,3,2,720,5279.79,2025-05-26 05:53:29
823,3,2,721,580.82,2025-04-21 15:29:26
824,4,2,722,583.81,2025-04-28 18:27:49
825,6,2,723,3535.30,2025-07-29 16:03:34
826,4,2,724,4826.54,2025-01-17 01:09:50
827,2,2,725,717.10,2025-09-29 21:42:23
828,5,2,726,11122.94,2025-12-20 04:25:09
829,6,3,727,1576.94,2025-11-26 10:01:03
830,4,2,727,1576.94,2025-11-26 10:05:03
831,9,2,728,13562.64,2025-11-10 15:39:21
832,7,3,729,1172.94,2025-05-02 16:22:54
833,10,2,729,1172.94,2025-05-02 16:26:54
834,3,3,730,4060.45,2025-12-13 03:32:16
835,7,2,730,4060.45,2025-12-13 03:36:16
836,5,2,731,1046.43,2025-12-08 07:48:33
837,3,2,732,1369.02,2025-03-19 19:51:59
838,6,2,733,591.93,2025-05-12 01:04:02
839,9,2,734,802.20,2025-01-29 13:18:40
840,10,2,735,2339.12,2025-11-29 12:58:02
841,10,2,736,1195.02,2025-06-02 10:22:13
842,9,2,737,628.02,2025-12-04 03:03:39
843,8,2,738,688.09,2025-08-23 01:36:46
844,1,2,739,2550.50,2025-09-23 23:56:30
845,1,2,740,828.23,2025-06-04 05:45:57
846,10,2,741,1488.22,2025-07-05 03:48:02
847,9,3,742,919.83,2025-06-06 19:14:53
848,6,2,742,919.83,2025-06-06 19:18:53
849,10,3,743,1657.60,2025-10-16 01:39:27
850,9,2,743,1657.60,2025-10-16 01:43:27
851,7,2,744,257.70,2025-08-06 21:43:21
852,2,2,745,10046.90,2025-01-24 03:50:12
853,8,2,746,1095.14,2025-09-26 09:40:00
854,4,2,747,1092.21,2025-12-08 07:48:51
855,9,2,748,1545.17,2025-11-29 22:42:54
856,7,2,749,2740.04,2025-07-14 23:56:57
857,6,2,750,3573.09,2025-09-12 09:13:22
858,10,2,751,2596.21,2025-05-24 07:31:42
859,9,2,752,4844.01,2025-07-08 22:22:25
860,1,2,753,9465.29,2025-11-22 18:01:27
861,4,2,754,3277.31,2025-04-07 14:40:37
862,4,2,755,695.77,2025-02-10 19:35:12
863,6,2,756,918.60,2025-12-27 04:31:51
864,9,3,757,1750.72,2025-09-14 03:05:18
865,5,2,757,1750.72,2025-09-14 03:09:18
866,1,2,758,463.67,2025-11-22 10:51:24
867,1,3,759,2230.24,2025-09-19 13:38:43
868,5,2,759,2230.24,2025-09-19 13:42:43
869,3,2,760,1120.96,2025-03-28 05:05:12
870,1,2,761,4538.99,2025-11-20 15:28:03
871,2,2,762,3563.73,2025-09-23 05:07:58
872,8,2,763,5101.45,2025-11-23 12:25:40
873,2,2,764,1957.04,2025-05-30 05:33:55
874,2,2,765,1421.72,2025-11-19 07:45:35
875,10,2,766,29335.74,2025-02-27 22:30:53
876,7,2,767,445.78,2025-03-31 12:36:28
877,2,2,768,12462.72,2025-08-27 18:37:16
878,10,2,769,955.21,2025-03-29 11:10:54
879,4,2,770,5933.00,2025-08-12 14:26:46
880,8,3,771,3103.42,2025-06-23 06:55:24
881,2,2,771,3103.42,2025-06-23 06:59:24
882,1,2,772,1921.24,2025-10-28 18:18:28
883,6,3,773,2009.34,2025-11-21 04:15:04
884,6,2,773,2009.34,2025-11-21 04:19:04
885,6,2,774,1350.52,2025-03-13 08:29:31
886,8,2,775,1491.88,2025-08-23 14:05:04
887,2,2,776,473.52,2025-05-02 16:04:29
888,9,2,777,1108.09,2025-05-05 04:25:58
889,5,2,778,2143.71,2025-11-11 12:34:02
890,4,2,779,1892.57,2025-04-03 01:51:48
891,2,2,780,957.86,2025-08-31 22:52:50
892,8,2,781,1281.41,2025-07-01 05:32:42
893,2,2,782,669.41,2025-11-30 23:03:56
894,3,2,783,8323.19,2025-11-23 22:09:49
895,9,2,784,20460.32,2025-03-07 13:49:18
896,7,2,785,450.20,2025-05-11 09:58:44
897,7,2,786,12206.90,2025-11-21 21:55:47
898,9,2,787,5530.95,2025-06-13 23:46:27
899,9,2,788,1003.56,2025-07-30 00:04:55
900,1,2,789,792.23,2025-12-02 02:18:10
901,5,2,790,667.08,2025-03-25 18:24:19
902,3,2,791,1567.41,2025-09-24 06:38:55
903,4,2,792,1432.83,2025-02-23 13:19:46
904,10,2,793,754.60,2025-09-08 12:22:44
905,6,2,794,21881.87,2025-09-02 12:17:07
906,1,2,795,3241.20,2025-12-04 09:49:38
907,9,2,796,3026.51,2025-05-24 21:13:52
908,6,2,797,1270.87,2025-05-02 06:29:57
909,6,2,798,2825.90,2025-07-12 06:27:10
910,1,2,799,2899.91,2025-03-24 16:13:59
911,6,2,800,634.08,2025-12-24 15:33:59
912,10,2,801,1587.82,2025-06-10 11:40:19
913,4,2,802,1688.85,2025-08-08 15:17:16
914,9,2,803,1258.78,2025-10-09 02:24:43
915,6,3,804,2932.82,2025-12-29 20:02:26
916,9,2,804,2932.82,2025-12-29 20:06:26
917,7,2,805,663.90,2025-08-17 01:26:27
918,9,2,806,1673.04,2025-03-19 09:56:49
919,3,2,807,344.53,2025-11-03 16:31:24
920,2,2,808,1931.77,2025-03-12 00:38:29
921,4,2,809,7362.26,2025-07-21 13:38:09
922,7,2,810,5132.03,2025-04-03 05:10:07
923,10,2,811,395.99,2025-08-06 09:16:24
924,9,2,812,835.60,2025-03-31 15:16:11
925,1,2,813,249.19,2025-10-05 21:24:30
926,10,3,814,17382.34,2025-02-16 18:13:20
927,9,2,814,17382.34,2025-02-16 18:17:20
928,1,2,815,3436.24,2025-01-18 08:18:57
929,2,2,816,892.48,2025-01-28 23:24:07
930,1,2,817,772.86,2025-10-21 05:54:40
931,1,2,818,528.00,2025-11-08 04:41:08
932,3,2,819,11027.03,2025-02-12 08:54:29
933,3,2,820,1678.79,2025-01-13 07:39:26
934,3,2,821,561.29,2025-04-24 12:40:48
935,4,2,822,10808.19,2025-03-28 17:43:13
936,10,2,823,2591.57,2025-12-29 13:55:40
937,5,2,824,562.35,2025-08-30 03:09:58
938,4,2,825,734.82,2025-06-23 12:50:47
939,1,2,826,2250.10,2025-01-04 12:37:14
940,9,2,827,639.53,2025-03-10 12:37:27
941,4,3,828,440.59,2025-09-19 15:10:15
942,1,2,828,440.59,2025-09-19 15:14:15
943,7,2,829,744.24,2025-04-12 11:53:17
944,10,2,830,1730.84,2025-02-25 11:49:14
945,4,2,831,1190.86,2025-02-16 00:06:27
946,10,2,832,10365.67,2025-02-19 02:24:26
947,9,2,833,1931.32,2025-02-02 06:54:18
948,8,2,834,1022.06,2025-02-06 22:40:29
949,8,2,835,1323.10,2025-12-24 09:04:08
950,3,2,836,15623.32,2025-08-17 03:13:21
951,5,2,837,1121.86,2025-05-12 20:11:29
952,1,2,838,681.50,2025-01-16 15:36:15
953,10,2,839,5034.50,2025-06-06 15:13:53
954,8,2,840,506.06,2025-12-04 15:12:05
955,1,2,841,9041.10,2025-02-06 13:10:46
956,4,2,842,3651.39,2025-12-04 09:29:11
957,1,2,843,871.95,2025-12-04 07:40:43
958,6,2,844,895.10,2025-04-02 02:14:36
959,4,2,845,645.75,2025-01-05 23:28:27
960,6,2,846,1914.91,2025-10-02 05:49:10
961,4,2,847,816.64,2025-12-10 05:42:08
962,8,3,848,949.50,2025-11-22 02:34:44
963,8,2,848,949.50,2025-11-22 02:38:44
964,10,3,849,2268.91,2025-08-05 16:58:44
965,7,2,849,2268.91,2025-08-05 17:02:44
966,4,2,850,2136.69,2025-08-10 15:59:51
967,9,2,851,3828.34,2025-09-26 17:48:27
968,7,2,852,2034.44,2025-07-25 22:35:27
969,6,3,853,433.86,2025-12-10 09:49:57
970,9,2,853,433.86,2025-12-10 09:53:57
971,8,2,854,23116.94,2025-02-07 03:56:02
972,10,2,855,2270.79,2025-05-18 15:09:50
973,2,3,856,10732.00,2025-06-25 18:12:25
974,4,2,856,10732.00,2025-06-25 18:16:25
975,3,2,857,1275.01,2025-08-17 01:31:36
976,2,2,858,2258.49,2025-12-14 14:04:20
977,10,2,859,1854.30,2025-10-11 16:16:23
978,5,2,860,537.04,2025-07-18 08:53:45
979,1,2,861,2927.12,2025-08-02 16:44:56
980,9,2,862,1267.22,2025-12-25 03:06:48
981,1,2,863,388.43,2025-01-20 00:32:56
982,10,2,864,2622.74,2025-10-26 14:33:41
983,6,2,865,1726.61,2025-04-11 22:05:13
984,4,2,866,1424.20,2025-10-01 03:22:28
985,3,2,867,707.88,2025-07-30 16:51:15
986,4,2,868,1774.50,2025-05-01 21:44:16
987,5,2,869,1219.35,2025-06-16 01:24:52
988,2,3,870,628.06,2025-07-18 08:36:38
989,9,2,870,628.06,2025-07-18 08:40:38
990,1,2,871,1319.22,2025-07-06 19:31:02
991,6,2,872,1167.88,2025-01-08 02:33:22
992,1,2,873,1786.82,2025-01-28 16:47:26
993,6,2,874,1164.41,2025-07-14 00:00:28
994,2,2,875,4091.45,2025-07-15 10:50:50
995,6,2,876,2960.36,2025-11-12 04:02:03
996,3,2,877,4936.03,2025-04-24 10:44:18
997,9,3,878,585.60,2025-06-05 14:51:57
998,3,2,878,585.60,2025-06-05 14:55:57
999,9,2,879,1271.54,2025-09-01 04:12:01
1000,1,2,880,427.82,2025-03-04 17:45:50
1001,3,2,881,6289.59,2025-11-13 00:58:01
1002,2,2,882,2408.34,2025-05-30 02:41:58
1003,10,2,883,758.94,2025-02-23 00:01:01
1004,8,2,884,653.92,2025-05-19 05:11:48
1005,8,3,885,563.91,2025-03-23 03:59:43
1006,3,2,885,563.91,2025-03-23 04:03:43
1007,3,2,886,455.22,2025-09-26 13:10:37
1008,3,2,887,433.98,2025-11-29 02:53:45
1009,7,2,888,14707.93,2025-01-30 08:05:30
1010,5,2,889,1354.40,2025-01-01 07:20:24
1011,1,2,890,18196.28,2025-07-23 13:37:57
1012,5,3,891,1477.82,2025-04-18 19:44:00
1013,10,2,891,1477.82,2025-04-18 19:48:00
1014,3,3,892,569.12,2025-04-02 03:03:09
1015,7,2,892,569.12,2025-04-02 03:07:09
1016,1,2,893,554.82,2025-07-01 21:38:46
1017,9,2,894,1549.36,2025-08-16 04:12:20
1018,9,3,895,1619.21,2025-01-27 02:07:47
1019,6,2,895,1619.21,2025-01-27 02:11:47
1020,9,2,896,628.37,2025-12-26 23:00:48
1021,5,2,897,1910.37,2025-02-11 11:28:40
1022,4,2,898,1333.06,2025-04-19 23:10:38
1023,6,2,899,686.29,2025-03-07 13:06:05
1024,4,2,900,1355.02,2025-12-01 03:54:12
1025,9,2,901,11645.65,2025-10-18 01:07:35
1026,6,3,902,1122.03,2025-04-18 12:35:36
1027,8,2,902,1122.03,2025-04-18 12:39:36
1028,6,2,903,1550.22,2025-08-31 05:02:30
1029,6,2,904,2521.07,2025-01-06 09:22:00
1030,7,2,905,861.41,2025-10-28 14:50:43
1031,10,3,906,2071.02,2025-12-01 12:48:07
1032,7,2,906,2071.02,2025-12-01 12:52:07
1033,5,2,907,939.33,2025-04-03 13:43:18
1034,1,2,908,1727.41,2025-07-07 04:55:16
1035,8,2,909,21006.97,2025-04-21 11:04:29
1036,5,2,910,431.79,2025-08-29 15:50:05
1037,5,2,911,672.83,2025-05-16 15:52:45
1038,7,2,912,2520.49,2025-08-22 05:12:01
1039,9,2,913,224.62,2025-03-25 00:22:21
1040,9,2,914,3877.51,2025-04-21 19:33:48
1041,7,2,915,973.78,2025-05-14 19:20:06
1042,1,2,916,4647.93,2025-11-02 20:59:02
1043,3,2,917,1387.49,2025-06-21 10:47:04
1044,4,2,918,2689.25,2025-06-27 11:19:45
1045,1,2,919,1057.21,2025-01-29 22:25:12
1046,10,2,920,974.05,2025-07-16 01:19:56
1047,3,2,921,1662.40,2025-02-05 12:33:55
1048,6,3,922,1920.69,2025-11-15 11:52:28
1049,2,2,922,1920.69,2025-11-15 11:56:28
1050,2,2,923,792.68,2025-05-10 21:36:24
1051,4,2,924,872.41,2025-11-02 22:56:54
1052,8,2,925,808.75,2025-04-03 10:45:27
1053,1,2,926,5499.91,2025-06-29 03:21:45
1054,7,3,927,2013.36,2025-05-03 18:00:38
1055,3,2,927,2013.36,2025-05-03 18:04:38
1056,8,2,928,440.02,2025-06-09 22:08:18
1057,7,2,929,9286.42,2025-12-28 11:28:49
1058,9,2,930,1679.88,2025-07-05 02:15:40
1059,10,2,931,1763.78,2025-06-18 16:30:27
1060,4,2,932,434.33,2025-04-22 17:16:50
1061,8,2,933,2553.26,2025-08-09 20:15:34
1062,5,2,934,1607.62,2025-03-24 16:22:16
1063,9,2,935,3648.10,2025-10-27 10:09:19
1064,5,2,936,2592.89,2025-02-16 15:00:02
1065,6,2,937,640.78,2025-08-31 06:17:21
1066,3,2,938,696.75,2025-04-18 20:27:02
1067,6,2,939,10550.04,2025-02-22 08:16:59
1068,7,2,940,1617.69,2025-11-13 16:58:19
1069,3,2,941,1820.79,2025-07-28 18:11:28
1070,6,2,942,1948.61,2025-08-28 12:59:54
1071,10,2,943,1035.60,2025-05-03 20:37:19
1072,3,2,944,747.49,2025-10-26 12:51:40
1073,1,2,945,493.08,2025-05-26 20:21:22
1074,8,2,946,1057.69,2025-09-24 22:57:28
1075,10,2,947,893.80,2025-12-14 01:23:00
1076,8,2,948,615.50,2025-08-31 08:45:23
1077,8,2,949,1784.04,2025-08-11 23:47:49
1078,6,2,950,5896.47,2025-11-16 12:38:21
1079,6,2,951,1173.05,2025-06-26 14:09:08
1080,7,2,952,1004.57,2025-04-16 07:33:52
1081,6,2,953,1217.08,2025-10-06 11:07:41
1082,9,2,954,1510.20,2025-12-19 04:13:41
1083,1,3,955,537.64,2025-07-26 15:59:57
1084,8,2,955,537.64,2025-07-26 16:03:57
1085,9,2,956,383.58,2025-06-03 21:58:39
1086,9,2,957,793.87,2025-09-11 10:10:57
1087,3,2,958,1482.32,2025-03-06 02:35:18
1088,4,2,959,1191.84,2025-09-09 03:35:54
1089,5,2,960,1059.78,2025-01-10 01:29:14
1090,3,2,961,1649.75,2025-03-24 20:14:24
1091,8,2,962,1354.00,2025-05-14 07:46:38
1092,8,2,963,2562.73,2025-12-21 00:11:20
1093,2,2,964,1745.53,2025-10-09 16:38:45
1094,1,3,965,2328.27,2025-12-23 06:20:44
1095,9,2,965,2328.27,2025-12-23 06:24:44
1096,5,2,966,1548.01,2025-04-13 16:31:42
1097,5,2,967,224.44,2025-10-09 15:04:12
1098,1,2,968,951.79,2025-07-12 21:33:41
1099,10,2,969,1074.67,2025-09-24 23:26:58
1100,4,2,970,1381.68,2025-06-05 12:11:03
1101,2,2,971,2821.68,2025-03-28 00:56:42
1102,3,2,972,821.55,2025-09-01 15:35:06
1103,2,2,973,9915.76,2025-04-12 15:53:21
1104,7,3,974,5929.58,2025-12-22 20:19:40
1105,5,2,974,5929.58,2025-12-22 20:23:40
1106,8,2,975,582.02,2025-04-14 04:02:27
1107,4,2,976,1322.76,2025-03-18 07:20:18
1108,4,3,977,586.72,2025-12-25 06:34:02
1109,5,2,977,586.72,2025-12-25 06:38:02
1110,7,3,978,392.73,2025-07-19 08:08:50
1111,10,2,978,392.73,2025-07-19 08:12:50
1112,7,3,979,1130.97,2025-05-09 18:33:03
1113,7,2,979,1130.97,2025-05-09 18:37:03
1114,10,2,980,835.10,2025-07-04 16:05:42
1115,6,2,981,1636.76,2025-07-21 00:37:03
1116,2,2,982,1249.29,2025-01-05 11:26:05
1117,2,2,983,595.26,2025-02-17 18:00:15
1118,9,2,984,1064.28,2025-04-15 02:14:39
1119,7,2,985,829.46,2025-10-06 15:48:19
1120,5,2,986,19187.78,2025-09-20 01:03:59
1121,7,2,987,1751.85,2025-09-18 21:54:49
1122,10,2,988,1463.03,2025-07-25 22:51:01
1123,10,2,989,1639.98,2025-11-08 21:00:14
1124,2,2,990,1178.57,2025-10-05 07:59:42
1125,8,2,991,20239.97,2025-11-28 22:17:07
1126,8,2,992,556.28,2025-10-26 16:57:00
1127,3,3,993,19823.60,2025-11-07 20:58:26
1128,9,2,993,19823.60,2025-11-07 21:02:26
1129,4,2,994,16945.48,2025-03-01 22:00:01
1130,4,2,995,841.68,2025-11-20 06:38:17
1131,6,2,996,3508.11,2025-10-04 01:33:52
1132,9,3,997,637.97,2025-09-13 03:27:51
1133,10,2,997,637.97,2025-09-13 03:31:51
1134,2,2,998,1837.75,2025-07-13 04:02:59
1135,4,2,999,1837.52,2025-02-21 14:51:50
1136,9,2,1000,3244.57,2025-10-27 15:20:20
1137,7,3,1001,6075.21,2025-08-15 12:57:36
1138,2,2,1001,6075.21,2025-08-15 13:01:36
1139,9,2,1002,3004.16,2025-06-14 16:27:17
1140,6,2,1003,26605.22,2025-03-25 21:28:02
1141,1,2,1004,1284.43,2025-01-12 23:23:12
1142,7,2,1005,4085.73,2025-10-30 07:25:53
1143,3,2,1006,4345.01,2025-05-27 08:08:49
1144,5,2,1007,1362.36,2025-02-21 05:43:30
1145,6,2,1008,4003.06,2025-02-21 00:04:04
1146,10,2,1009,767.72,2025-05-28 06:38:01
1147,8,2,1010,754.45,2025-04-18 14:24:41
1148,6,2,1011,10463.99,2025-03-13 11:52:07
1149,6,2,1012,683.88,2025-04-15 09:50:53
1150,6,2,1013,29939.31,2025-09-21 07:42:14
1151,7,2,1014,11655.39,2025-11-19 21:15:19
1152,10,2,1015,1125.55,2025-02-15 11:18:36
1153,7,2,1016,484.23,2025-07-28 10:47:55
1154,5,2,1017,5841.37,2025-07-29 17:02:02
1155,7,2,1018,5049.46,2025-09-25 02:29:21
1156,2,3,1019,524.56,2025-09-18 13:01:43
1157,7,2,1019,524.56,2025-09-18 13:05:43
1158,7,3,1020,846.68,2025-08-14 15:09:54
1159,8,2,1020,846.68,2025-08-14 15:13:54
1160,1,2,1021,639.38,2025-03-06 00:43:14
1161,6,2,1022,635.51,2025-09-18 08:37:39
1162,7,2,1023,1532.16,2025-06-06 19:07:10
1163,8,2,1024,1183.43,2025-04-11 13:18:02
1164,3,2,1025,5738.26,2025-03-26 10:37:34
1165,5,2,1026,358.71,2025-08-25 02:17:34
1166,6,2,1027,937.27,2025-11-19 00:48:41
1167,10,2,1028,1948.94,2025-05-19 09:53:35
1168,8,2,1029,1925.18,2025-09-02 14:06:21
1169,8,2,1030,3450.63,2025-08-04 01:28:30
1170,3,2,1031,1161.37,2025-02-06 23:17:21
1171,8,3,1032,2198.14,2025-07-11 09:21:03
1172,3,2,1032,2198.14,2025-07-11 09:25:03
1173,1,2,1033,9149.06,2025-10-30 21:10:47
1174,8,2,1034,10180.86,2025-11-01 16:06:19
1175,4,2,1035,1771.67,2025-05-18 22:41:54
1176,8,2,1036,984.98,2025-04-24 01:54:15
1177,6,2,1037,2339.24,2025-05-14 10:15:26
1178,7,2,1038,894.47,2025-02-13 08:56:36
1179,1,2,1039,5225.98,2025-12-09 12:05:53
1180,4,2,1040,652.51,2025-06-19 08:23:41
1181,3,2,1041,1610.56,2025-12-04 19:09:18
1182,7,2,1042,3244.01,2025-07-10 10:20:23
1183,9,2,1043,443.14,2025-07-03 14:54:40
1184,2,2,1044,1194.06,2025-05-01 07:55:09
1185,4,2,1045,360.90,2025-01-05 16:23:35
1186,4,2,1046,825.46,2025-06-16 11:08:30
1187,6,2,1047,733.60,2025-02-01 12:50:12
1188,2,2,1048,2827.41,2025-05-01 22:10:24
1189,1,2,1049,1271.01,2025-09-01 13:53:25
1190,10,2,1050,1306.49,2025-07-02 19:23:04
1191,4,2,1051,638.59,2025-07-15 11:43:37
1192,10,2,1052,2992.40,2025-04-04 10:23:41
1193,4,2,1053,1007.82,2025-04-08 07:52:08
1194,8,2,1054,706.60,2025-04-18 08:36:13
1195,2,2,1055,747.48,2025-07-23 14:38:23
1196,3,2,1056,1280.17,2025-02-08 16:40:54
1197,5,2,1057,609.35,2025-05-14 03:04:49
1198,4,2,1058,1928.37,2025-01-17 07:35:46
1199,8,2,1059,2090.04,2025-02-11 23:23:56
1200,1,2,1060,499.85,2025-10-28 22:45:57
1201,10,2,1061,1303.35,2025-01-01 16:05:45
1202,7,2,1062,3267.19,2025-09-12 22:56:15
1203,1,2,1063,1163.72,2025-02-12 21:58:46
1204,2,2,1064,4131.73,2025-09-02 06:29:56
1205,8,2,1065,1390.30,2025-02-10 10:15:20
1206,6,3,1066,287.83,2025-12-03 16:42:40
1207,7,2,1066,287.83,2025-12-03 16:46:40
1208,2,2,1067,1770.45,2025-03-29 14:13:16
1209,10,2,1068,586.06,2025-01-26 21:31:26
1210,8,2,1069,1733.71,2025-06-07 19:22:20
1211,6,3,1070,2823.86,2025-08-21 22:59:14
1212,4,2,1070,2823.86,2025-08-21 23:03:14
1213,8,2,1071,1105.05,2025-10-28 22:11:55
1214,8,2,1072,1878.18,2025-03-20 11:14:35
1215,6,2,1073,530.90,2025-07-10 05:34:23
1216,5,2,1074,371.71,2025-04-24 03:27:16
1217,3,2,1075,1055.43,2025-07-31 16:46:30
1218,3,2,1076,590.27,2025-08-31 06:20:18
1219,9,2,1077,1924.77,2025-05-16 23:28:09
1220,3,2,1078,6910.37,2025-12-08 22:22:44
1221,1,2,1079,6649.80,2025-08-27 15:18:57
1222,1,2,1080,1175.94,2025-05-13 01:26:09
1223,5,3,1081,1196.71,2025-05-20 23:54:53
1224,1,2,1081,1196.71,2025-05-20 23:58:53
1225,5,3,1082,2354.43,2025-05-11 20:18:17
1226,1,2,1082,2354.43,2025-05-11 20:22:17
1227,9,2,1083,15463.07,2025-01-27 17:09:07
1228,8,2,1084,780.44,2025-03-14 15:41:25
1229,3,2,1085,3327.33,2025-10-30 06:00:32
1230,10,2,1086,1306.44,2025-10-01 23:01:15
1231,9,2,1087,1001.13,2025-06-03 04:03:14
1232,9,2,1088,765.60,2025-10-06 10:28:56
1233,8,3,1089,971.96,2025-03-04 14:45:00
1234,6,2,1089,971.96,2025-03-04 14:49:00
1235,9,2,1090,3992.21,2025-11-14 11:48:31
1236,2,3,1091,8959.96,2025-12-29 04:10:05
1237,9,2,1091,8959.96,2025-12-29 04:14:05
1238,10,3,1092,1116.08,2025-05-29 02:08:11
1239,10,2,1092,1116.08,2025-05-29 02:12:11
1240,9,2,1093,2061.73,2025-05-14 13:39:01
1241,4,2,1094,422.86,2025-10-25 04:25:23
1242,2,2,1095,1710.11,2025-04-05 20:13:13
1243,9,2,1096,2503.91,2025-12-02 16:34:42
1244,5,3,1097,748.87,2025-04-20 18:16:29
1245,3,2,1097,748.87,2025-04-20 18:20:29
1246,1,2,1098,1205.62,2025-04-01 21:35:09
1247,7,2,1099,922.23,2025-12-12 20:02:59
1248,7,2,1100,895.28,2025-10-23 01:12:19
1249,2,2,1101,38584.64,2025-10-20 03:29:12
1250,8,2,1102,1839.54,2025-06-15 22:41:06
1251,10,2,1103,470.75,2025-11-25 17:46:14
1252,10,3,1104,627.78,2025-06-05 01:20:28
1253,10,2,1104,627.78,2025-06-05 01:24:28
1254,3,3,1105,3060.02,2025-02-07 05:15:33
1255,9,2,1105,3060.02,2025-02-07 05:19:33
1256,8,3,1106,1802.49,2025-05-10 15:03:00
1257,4,2,1106,1802.49,2025-05-10 15:07:00
1258,3,2,1107,354.92,2025-10-29 06:16:43
1259,10,2,1108,995.34,2025-03-28 09:54:16
1260,5,2,1109,2349.04,2025-02-21 03:34:33
1261,1,2,1110,4688.36,2025-12-23 23:17:59
1262,5,2,1111,1982.82,2025-01-16 08:02:26
1263,1,2,1112,3207.22,2025-02-27 10:33:23
1264,2,2,1113,707.94,2025-12-19 00:35:30
1265,9,3,1114,602.57,2025-02-18 06:23:23
1266,1,2,1114,602.57,2025-02-18 06:27:23
1267,3,2,1115,3228.18,2025-07-19 07:34:17
1268,4,2,1116,19918.70,2025-10-26 04:23:25
1269,9,3,1117,1197.21,2025-08-10 16:54:02
1270,4,2,1117,1197.21,2025-08-10 16:58:02
1271,10,2,1118,10038.84,2025-06-05 02:31:11
1272,9,2,1119,659.46,2025-06-10 09:01:56
1273,3,2,1120,1952.31,2025-12-15 17:22:36
1274,5,2,1121,4032.11,2025-12-07 14:40:13
1275,8,3,1122,5658.74,2025-05-21 01:31:10
1276,3,2,1122,5658.74,2025-05-21 01:35:10
1277,5,2,1123,562.79,2025-08-06 10:30:52
1278,9,2,1124,2094.76,2025-06-23 04:08:44
1279,4,2,1125,3257.93,2025-03-27 05:58:35
1280,5,2,1126,299.82,2025-07-29 20:38:13
1281,6,2,1127,15751.38,2025-02-25 23:02:28
1282,2,3,1128,1840.79,2025-09-08 21:20:30
1283,10,2,1128,1840.79,2025-09-08 21:24:30
1284,4,2,1129,1143.92,2025-01-14 23:57:53
1285,9,2,1130,489.68,2025-08-10 01:37:17
1286,7,2,1131,790.63,2025-09-03 23:49:07
1287,9,2,1132,544.98,2025-04-25 02:44:42
1288,7,2,1133,1446.13,2025-04-28 05:49:47
1289,5,2,1134,859.65,2025-05-28 14:36:09
1290,8,2,1135,1213.06,2025-03-16 18:36:41
1291,3,2,1136,1499.93,2025-05-02 11:58:49
1292,5,2,1137,2363.81,2025-11-20 15:00:01
1293,2,3,1138,632.56,2025-06-18 09:36:29
1294,5,2,1138,632.56,2025-06-18 09:40:29
1295,10,2,1139,962.02,2025-10-08 02:55:13
1296,10,2,1140,1919.36,2025-01-15 21:00:47
1297,4,2,1141,1391.67,2025-10-21 11:31:02
1298,4,2,1142,772.49,2025-12-20 23:15:54
1299,1,2,1143,2713.23,2025-04-12 03:13:17
1300,7,2,1144,608.95,2025-11-08 20:04:56
1301,2,2,1145,1376.78,2025-01-16 12:44:14
1302,9,2,1146,613.05,2025-11-09 10:09:49
1303,4,2,1147,5595.99,2025-10-10 23:05:36
1304,4,2,1148,1150.38,2025-11-30 20:40:44
1305,2,2,1149,290.71,2025-05-19 10:06:56
1306,7,2,1150,1310.98,2025-10-07 07:27:14
1307,2,2,1151,2462.93,2025-02-20 06:16:11
1308,6,3,1152,537.48,2025-10-14 02:05:29
1309,1,2,1152,537.48,2025-10-14 02:09:29
1310,10,3,1153,724.77,2025-05-06 01:43:14
1311,2,2,1153,724.77,2025-05-06 01:47:14
1312,4,2,1154,2161.74,2025-02-20 03:43:39
1313,2,3,1155,376.02,2025-09-24 15:58:01
1314,3,2,1155,376.02,2025-09-24 16:02:01
1315,1,2,1156,551.02,2025-02-25 16:26:02
1316,10,2,1157,1200.28,2025-08-06 08:01:06
1317,1,2,1158,39583.12,2025-02-12 03:27:58
1318,1,2,1159,542.83,2025-08-23 02:36:31
1319,10,2,1160,3059.79,2025-04-04 20:23:24
1320,3,2,1161,1214.32,2025-08-17 19:24:07
1321,5,2,1162,426.48,2025-11-01 07:50:32
1322,9,2,1163,807.53,2025-07-08 07:24:22
1323,4,3,1164,2943.56,2025-09-16 10:43:25
1324,6,2,1164,2943.56,2025-09-16 10:47:25
1325,1,2,1165,6353.27,2025-09-28 14:21:35
1326,10,2,1166,3615.36,2025-06-28 00:06:29
1327,3,2,1167,686.67,2025-10-10 20:02:23
1328,1,2,1168,3814.10,2025-07-24 19:10:55
1329,6,2,1169,13775.17,2025-04-26 06:10:47
1330,3,3,1170,1661.61,2025-01-18 19:11:37
1331,10,2,1170,1661.61,2025-01-18 19:15:37
1332,4,2,1171,1026.72,2025-05-24 20:26:57
1333,6,2,1172,3098.31,2025-12-17 04:45:28
1334,3,2,1173,3314.33,2025-03-08 04:41:17
1335,8,2,1174,711.29,2025-04-03 07:23:59
1336,7,2,1175,874.76,2025-08-06 06:35:48
1337,4,3,1176,3604.95,2025-08-29 17:52:16
1338,6,2,1176,3604.95,2025-08-29 17:56:16
1339,1,3,1177,1493.61,2025-03-25 02:19:31
1340,3,2,1177,1493.61,2025-03-25 02:23:31
1341,3,2,1178,5179.62,2025-03-25 00:18:13
1342,2,2,1179,10008.03,2025-09-01 17:50:12
1343,6,2,1180,2614.92,2025-10-25 17:07:24
1344,1,2,1181,690.62,2025-06-03 22:31:10
1345,10,2,1182,1822.04,2025-06-22 09:46:23
1346,3,2,1183,1253.80,2025-07-12 13:27:06
1347,5,2,1184,2519.17,2025-06-20 23:09:43
1348,6,2,1185,1179.86,2025-03-06 01:43:05
1349,10,2,1186,1019.76,2025-04-04 14:25:03
1350,7,2,1187,1101.85,2025-11-22 05:46:56
1351,7,2,1188,4075.28,2025-05-29 11:59:33
1352,3,2,1189,1914.50,2025-10-18 18:42:00
1353,7,2,1190,1224.18,2025-02-14 03:35:03
1354,8,2,1191,8163.78,2025-02-25 15:19:51
1355,2,3,1192,747.49,2025-03-14 13:25:26
1356,3,2,1192,747.49,2025-03-14 13:29:26
1357,1,2,1193,426.19,2025-12-23 11:40:10
1358,6,2,1194,1082.51,2025-01-13 07:32:10
1359,4,2,1195,2629.87,2025-12-20 14:37:06
1360,5,2,1196,2607.32,2025-12-06 17:11:47
1361,1,2,1197,1426.47,2025-02-22 18:19:09
1362,4,2,1198,2305.37,2025-05-23 20:33:23
1363,9,3,1199,1352.84,2025-08-30 09:07:25
1364,8,2,1199,1352.84,2025-08-30 09:11:25
1365,9,2,1200,368.45,2025-03-13 14:46:44
1366,1,2,1201,2139.75,2025-01-16 14:46:35
1367,2,2,1202,834.32,2025-07-20 08:46:28
1368,5,2,1203,798.46,2025-02-25 18:22:50
1369,8,2,1204,2973.20,2025-12-13 05:42:10
1370,7,2,1205,781.50,2025-07-31 20:33:14
1371,6,3,1206,937.83,2025-01-25 20:12:13
1372,10,2,1206,937.83,2025-01-25 20:16:13
1373,6,2,1207,336.28,2025-01-28 09:29:56
1374,8,2,1208,11244.20,2025-05-31 21:39:00
1375,6,2,1209,2076.04,2025-04-16 13:44:19
1376,1,2,1210,2585.27,2025-12-16 05:06:31
1377,4,2,1211,3364.29,2025-01-25 23:29:39
1378,9,2,1212,589.43,2025-11-07 22:30:38
1379,10,2,1213,22879.50,2025-10-30 06:37:09
1380,9,3,1214,493.39,2025-01-29 06:13:31
1381,8,2,1214,493.39,2025-01-29 06:17:31
1382,1,2,1215,804.50,2025-11-02 05:28:18
1383,5,2,1216,3450.51,2025-07-16 13:05:24
1384,1,2,1217,496.94,2025-11-11 22:34:13
1385,9,2,1218,1197.71,2025-03-28 09:33:47
1386,1,2,1219,5299.97,2025-11-18 10:53:41
1387,4,2,1220,1130.44,2025-02-11 02:13:39
1388,6,3,1221,1873.70,2025-06-06 20:22:49
1389,8,2,1221,1873.70,2025-06-06 20:26:49
1390,1,2,1222,1451.93,2025-08-08 07:42:04
1391,3,2,1223,1113.05,2025-12-09 20:46:31
1392,9,2,1224,4249.16,2025-07-15 18:45:16
1393,1,2,1225,3686.09,2025-04-30 02:55:39
1394,8,2,1226,1202.46,2025-10-19 06:52:48
1395,8,2,1227,1003.35,2025-01-24 17:18:23
1396,5,2,1228,2069.17,2025-09-21 17:46:04
1397,3,2,1229,795.35,2025-03-06 18:54:18
1398,7,2,1230,420.16,2025-02-18 20:51:18
1399,2,2,1231,1308.31,2025-11-28 13:12:49
1400,1,2,1232,947.70,2025-10-29 02:13:57
1401,2,3,1233,829.45,2025-11-03 03:48:33
1402,1,2,1233,829.45,2025-11-03 03:52:33
1403,10,2,1234,1014.82,2025-07-11 06:04:46
1404,10,3,1235,629.24,2025-06-23 10:34:50
1405,5,2,1235,629.24,2025-06-23 10:38:50
1406,1,2,1236,900.83,2025-09-21 23:46:53
1407,1,2,1237,768.87,2025-02-21 22:42:32
1408,5,2,1238,924.22,2025-10-28 19:24:34
1409,1,3,1239,3054.03,2025-07-28 22:15:06
1410,5,2,1239,3054.03,2025-07-28 22:19:06
1411,5,2,1240,761.06,2025-05-21 17:36:14
1412,4,2,1241,2487.54,2025-05-12 17:12:42
1413,9,3,1242,1383.72,2025-10-13 04:40:24
1414,10,2,1242,1383.72,2025-10-13 04:44:24
1415,8,2,1243,5243.20,2025-03-02 08:32:56
1416,2,2,1244,2343.23,2025-05-20 11:46:05
1417,2,2,1245,2269.18,2025-12-06 04:19:12
1418,2,2,1246,1210.53,2025-05-05 00:09:31
1419,5,2,1247,1537.16,2025-10-26 01:50:07
1420,8,2,1248,988.18,2025-04-18 12:57:57
1421,1,2,1249,2179.76,2025-07-14 21:12:08
1422,7,2,1250,1823.87,2025-07-22 17:40:09
1423,2,2,1251,954.58,2025-03-14 13:56:22
1424,9,2,1252,10959.96,2025-01-21 12:42:56
1425,7,2,1253,1419.09,2025-08-10 23:30:10
1426,8,2,1254,1283.90,2025-06-24 12:42:56
1427,2,2,1255,408.90,2025-11-28 14:14:30
1428,10,2,1256,14895.52,2025-12-31 17:03:57
1429,9,2,1257,1938.48,2025-03-06 22:10:40
1430,5,2,1258,1417.88,2025-09-11 08:10:49
1431,6,2,1259,659.01,2025-02-12 05:07:36
1432,2,2,1260,560.39,2025-06-29 10:01:36
1433,8,2,1261,1118.60,2025-02-16 08:43:40
1434,1,2,1262,1354.20,2025-06-08 03:33:27
1435,8,2,1263,3015.52,2025-03-10 07:45:51
1436,1,2,1264,1028.08,2025-04-12 22:53:22
1437,2,2,1265,5726.08,2025-10-10 17:37:07
1438,4,2,1266,2948.98,2025-12-30 12:46:00
1439,7,2,1267,3606.48,2025-07-18 18:38:29
1440,3,2,1268,1883.78,2025-08-10 16:56:50
1441,3,3,1269,851.90,2025-08-23 03:39:37
1442,10,2,1269,851.90,2025-08-23 03:43:37
1443,8,2,1270,1497.97,2025-02-18 03:20:13
1444,5,2,1271,898.70,2025-08-26 01:38:46
1445,7,2,1272,3918.02,2025-10-14 04:53:01
1446,10,2,1273,972.11,2025-01-06 10:16:30
1447,10,2,1274,13021.56,2025-10-19 02:55:49
1448,10,2,1275,18929.16,2025-07-10 16:12:51
1449,3,2,1276,816.23,2025-07-17 00:48:40
1450,4,2,1277,8009.61,2025-08-08 15:41:23
1451,10,2,1278,1307.80,2025-01-17 16:35:01
1452,10,2,1279,2574.91,2025-09-05 11:34:24
1453,8,2,1280,1143.07,2025-11-27 20:42:04
1454,3,2,1281,1656.08,2025-03-08 13:42:16
1455,3,3,1282,2645.57,2025-07-25 06:31:15
1456,4,2,1282,2645.57,2025-07-25 06:35:15
1457,5,3,1283,977.04,2025-11-08 18:48:29
1458,7,2,1283,977.04,2025-11-08 18:52:29
1459,7,2,1284,1237.84,2025-05-16 05:13:51
1460,5,2,1285,817.68,2025-12-13 12:55:18
1461,5,2,1286,1923.33,2025-03-08 03:27:17
1462,6,2,1287,1012.68,2025-11-21 03:43:20
1463,8,3,1288,1918.04,2025-12-14 19:46:19
1464,6,2,1288,1918.04,2025-12-14 19:50:19
1465,9,2,1289,2248.47,2025-05-18 12:47:53
1466,3,2,1290,14553.73,2025-08-24 13:11:14
1467,3,2,1291,3182.73,2025-12-28 10:17:34
1468,9,2,1292,669.51,2025-01-14 01:24:14
1469,10,2,1293,231.23,2025-07-14 15:06:17
1470,1,2,1294,679.04,2025-08-28 08:51:02
1471,3,2,1295,38891.09,2025-02-25 03:27:28
1472,8,2,1296,671.60,2025-09-04 09:00:24
1473,6,2,1297,6684.51,2025-09-02 07:59:04
1474,8,2,1298,1974.32,2025-04-05 19:17:07
1475,2,2,1299,2953.55,2025-05-23 04:36:09
1476,2,2,1300,8266.48,2025-03-12 13:28:50
1477,6,3,1301,791.71,2025-01-22 10:25:09
1478,10,2,1301,791.71,2025-01-22 10:29:09
1479,5,2,1302,1820.96,2025-09-18 22:56:41
1480,5,2,1303,1599.32,2025-05-31 20:17:12
1481,1,2,1304,676.37,2025-10-23 05:36:03
1482,5,2,1305,506.86,2025-07-07 03:50:11
1483,7,3,1306,1117.44,2025-08-08 17:57:06
1484,9,2,1306,1117.44,2025-08-08 18:01:06
1485,1,2,1307,646.23,2025-03-21 08:41:51
1486,7,2,1308,1631.09,2025-08-27 16:41:31
1487,10,2,1309,1746.38,2025-04-04 16:25:32
1488,3,2,1310,372.82,2025-07-31 00:59:10
1489,5,2,1311,3183.18,2025-10-31 09:09:34
1490,2,2,1312,1152.97,2025-11-25 04:53:01
1491,5,2,1313,21783.93,2025-12-31 14:22:42
1492,4,2,1314,1463.95,2025-07-28 01:35:41
1493,4,2,1315,1063.23,2025-09-30 10:43:23
1494,2,2,1316,1033.20,2025-04-11 17:50:38
1495,4,2,1317,1259.59,2025-08-18 20:58:47
1496,7,3,1318,4266.19,2025-07-01 18:35:58
1497,3,2,1318,4266.19,2025-07-01 18:39:58
1498,8,2,1319,2421.89,2025-10-31 03:06:56
1499,3,2,1320,2437.96,2025-07-10 07:23:36
1500,2,3,1321,932.24,2025-09-04 09:21:39
1501,6,2,1321,932.24,2025-09-04 09:25:39
1502,3,2,1322,1556.70,2025-09-13 12:08:10
1503,3,2,1323,830.82,2025-12-26 14:39:16
1504,8,2,1324,4406.58,2025-05-23 13:00:40
1505,5,2,1325,572.81,2025-10-30 13:10:39
1506,4,2,1326,503.10,2025-01-19 16:53:18
1507,2,2,1327,1266.88,2025-02-01 07:49:34
1508,7,3,1328,3859.21,2025-08-20 09:18:26
1509,3,2,1328,3859.21,2025-08-20 09:22:26
1510,5,2,1329,1177.72,2025-03-18 20:16:47
1511,1,2,1330,811.19,2025-09-13 22:17:05
1512,9,2,1331,887.88,2025-11-06 11:34:17
1513,8,2,1332,900.23,2025-05-29 13:06:36
1514,4,2,1333,1486.75,2025-11-21 19:31:26
1515,6,2,1334,2860.15,2025-08-02 17:31:47
1516,7,2,1335,866.76,2025-06-06 12:02:27
1517,9,2,1336,492.15,2025-07-14 13:40:50
1518,5,2,1337,619.83,2025-06-29 12:07:30
1519,3,2,1338,2302.59,2025-09-11 11:06:05
1520,9,2,1339,2007.37,2025-06-27 19:39:44
1521,6,2,1340,3964.64,2025-07-22 06:11:30
1522,7,2,1341,2738.86,2025-06-27 02:04:58
1523,10,2,1342,2119.19,2025-09-13 09:26:16
1524,10,2,1343,2129.56,2025-01-23 20:21:40
1525,1,2,1344,2170.08,2025-07-14 18:56:27
1526,3,2,1345,657.04,2025-06-30 02:14:43
1527,4,2,1346,663.83,2025-02-21 05:58:58
1528,6,2,1347,3921.66,2025-03-19 19:06:11
1529,5,2,1348,3254.50,2025-06-28 14:07:49
1530,3,2,1349,1047.10,2025-11-11 15:21:40
1531,7,2,1350,10053.27,2025-04-28 05:49:12
1532,2,2,1351,1185.39,2025-06-01 11:16:31
1533,6,2,1352,1774.64,2025-10-02 23:20:37
1534,7,2,1353,4189.55,2025-04-24 14:47:04
1535,5,2,1354,647.53,2025-11-17 23:44:27
1536,1,2,1355,1441.48,2025-11-17 15:56:38
1537,7,2,1356,4138.24,2025-07-09 09:34:01
1538,1,2,1357,1200.46,2025-09-15 02:44:04
1539,9,3,1358,2918.46,2025-06-16 00:54:35
1540,4,2,1358,2918.46,2025-06-16 00:58:35
1541,5,2,1359,1147.67,2025-03-20 02:09:04
1542,4,2,1360,2878.51,2025-11-26 20:12:50
1543,7,2,1361,470.74,2025-11-18 03:57:32
1544,5,2,1362,2675.38,2025-01-04 00:40:08
1545,2,2,1363,864.92,2025-05-24 07:46:30
1546,3,2,1364,11001.50,2025-01-12 05:14:28
1547,4,2,1365,417.31,2025-04-23 05:05:02
1548,7,2,1366,4247.69,2025-11-08 01:19:37
1549,7,2,1367,745.90,2025-05-21 00:29:08
1550,5,2,1368,10140.46,2025-04-11 20:40:14
1551,5,2,1369,2238.50,2025-04-17 01:44:14
1552,2,2,1370,1004.90,2025-11-08 23:52:41
1553,7,2,1371,1232.35,2025-09-22 06:29:15
1554,8,2,1372,1061.96,2025-08-29 01:00:36
1555,8,2,1373,1524.10,2025-05-12 15:23:40
1556,5,2,1374,2795.79,2025-06-04 16:26:43
1557,1,2,1375,1271.22,2025-09-07 23:40:06
1558,9,2,1376,764.97,2025-12-21 09:23:22
1559,3,2,1377,1870.86,2025-02-28 18:57:36
1560,2,2,1378,2608.29,2025-05-14 03:14:27
1561,10,2,1379,1335.23,2025-05-01 14:28:47
1562,8,2,1380,6088.72,2025-03-06 12:24:52
1563,5,2,1381,819.32,2025-05-22 15:04:58
1564,7,2,1382,5814.72,2025-01-15 17:34:47
1565,1,2,1383,5511.54,2025-06-29 10:30:29
1566,3,2,1384,961.34,2025-11-28 20:35:11
1567,9,2,1385,2280.78,2025-01-14 01:04:16
1568,6,3,1386,15464.54,2025-03-21 20:01:15
1569,4,2,1386,15464.54,2025-03-21 20:05:15
1570,10,2,1387,2813.76,2025-05-26 08:39:33
1571,7,2,1388,938.11,2025-06-25 22:56:54
1572,6,2,1389,2181.28,2025-06-19 13:18:33
1573,8,2,1390,403.11,2025-03-07 02:30:26
1574,5,2,1391,15182.10,2025-12-28 22:17:32
1575,4,2,1392,2268.82,2025-11-23 13:49:52
1576,4,2,1393,1512.48,2025-04-29 02:33:09
1577,7,2,1394,1187.83,2025-12-27 12:20:56
1578,7,2,1395,1507.66,2025-06-20 16:12:14
1579,6,2,1396,1730.48,2025-04-23 07:06:15
1580,10,2,1397,1216.11,2025-02-16 08:35:13
1581,4,2,1398,993.54,2025-12-03 20:48:33
1582,2,3,1399,8187.01,2025-02-22 23:03:55
1583,3,2,1399,8187.01,2025-02-22 23:07:55
1584,2,2,1400,438.43,2025-12-21 21:57:47
1585,5,2,1401,649.17,2025-05-03 07:39:55
1586,4,2,1402,906.76,2025-07-09 10:43:57
1587,7,3,1403,8232.76,2025-11-06 17:47:56
1588,4,2,1403,8232.76,2025-11-06 17:51:56
1589,6,2,1404,1041.57,2025-08-10 04:43:02
1590,6,2,1405,749.54,2025-03-11 08:30:21
1591,10,2,1406,1869.58,2025-10-10 04:37:32
1592,8,2,1407,1323.75,2025-04-04 11:28:02
1593,5,3,1408,4743.39,2025-01-31 08:36:30
1594,1,2,1408,4743.39,2025-01-31 08:40:30
1595,4,2,1409,993.63,2025-05-31 06:14:48
1596,10,3,1410,505.04,2025-09-04 09:32:50
1597,6,2,1410,505.04,2025-09-04 09:36:50
1598,8,2,1411,369.33,2025-01-23 14:01:04
1599,8,2,1412,28708.64,2025-02-12 06:44:54
1600,4,3,1413,1701.18,2025-03-13 18:23:23
1601,8,2,1413,1701.18,2025-03-13 18:27:23
1602,3,2,1414,18834.31,2025-04-22 09:33:54
1603,6,2,1415,2127.00,2025-04-26 19:26:38
1604,4,2,1416,2611.43,2025-05-15 23:39:09
1605,5,2,1417,897.91,2025-09-12 00:11:45
1606,9,3,1418,1574.42,2025-06-26 10:34:42
1607,7,2,1418,1574.42,2025-06-26 10:38:42
1608,5,2,1419,1470.25,2025-02-17 21:49:10
1609,8,3,1420,896.50,2025-12-31 05:50:51
1610,3,2,1420,896.50,2025-12-31 05:54:51
1611,6,2,1421,1579.74,2025-05-08 12:52:26
1612,6,2,1422,1110.87,2025-11-12 10:57:26
1613,7,2,1423,1311.46,2025-10-24 19:46:50
1614,5,2,1424,1155.81,2025-06-30 15:14:16
1615,7,2,1425,1593.66,2025-09-28 08:52:36
1616,9,2,1426,222.00,2025-04-10 09:55:47
1617,9,2,1427,2814.10,2025-05-10 08:12:32
1618,10,2,1428,2708.71,2025-01-16 20:48:29
1619,5,2,1429,1630.40,2025-05-24 11:58:33
1620,10,2,1430,1258.54,2025-02-16 10:47:24
1621,1,2,1431,1487.39,2025-04-28 09:10:27
1622,10,3,1432,1283.43,2025-08-24 04:17:53
1623,3,2,1432,1283.43,2025-08-24 04:21:53
1624,5,2,1433,1533.20,2025-06-01 21:26:23
1625,7,2,1434,2073.69,2025-10-04 10:01:40
1626,9,2,1435,1947.15,2025-08-30 15:51:37
1627,7,2,1436,17261.22,2025-09-12 05:45:27
1628,3,2,1437,1615.32,2025-05-12 23:39:14
1629,1,3,1438,3148.01,2025-01-15 08:25:35
1630,4,2,1438,3148.01,2025-01-15 08:29:35
1631,6,2,1439,2513.22,2025-07-11 19:03:18
1632,4,2,1440,8984.46,2025-08-23 06:22:06
1633,4,2,1441,1393.26,2025-08-23 13:43:56
1634,7,3,1442,843.28,2025-07-29 16:19:33
1635,7,2,1442,843.28,2025-07-29 16:23:33
1636,3,2,1443,1200.23,2025-07-02 23:19:50
1637,9,2,1444,2048.88,2025-10-27 13:15:28
1638,8,2,1445,1307.84,2025-04-25 07:35:53
1639,9,2,1446,7535.11,2025-12-13 08:17:18
1640,10,2,1447,887.39,2025-07-22 13:41:03
1641,5,2,1448,1107.46,2025-08-06 12:06:59
1642,6,2,1449,6353.06,2025-01-08 16:12:23
1643,9,2,1450,409.04,2025-03-25 04:39:36
1644,5,3,1451,698.78,2025-08-24 19:28:02
1645,9,2,1451,698.78,2025-08-24 19:32:02
1646,9,3,1452,296.71,2025-08-11 22:46:29
1647,5,2,1452,296.71,2025-08-11 22:50:29
1648,1,2,1453,606.25,2025-08-02 05:48:53
1649,1,2,1454,637.80,2025-02-11 22:10:36
1650,5,2,1455,13589.99,2025-03-25 06:52:10
1651,1,2,1456,2853.85,2025-03-18 14:37:53
1652,2,2,1457,1801.39,2025-03-12 12:48:09
1653,5,2,1458,568.68,2025-02-24 13:42:54
1654,2,2,1459,3556.48,2025-10-18 23:30:01
1655,5,3,1460,2693.13,2025-04-19 13:55:10
1656,2,2,1460,2693.13,2025-04-19 13:59:10
1657,10,2,1461,1971.80,2025-03-06 21:23:55
1658,8,2,1462,1036.56,2025-03-31 13:42:44
1659,3,2,1463,1291.98,2025-10-11 07:21:14
1660,4,2,1464,772.17,2025-02-16 03:04:56
1661,4,3,1465,5260.38,2025-12-22 17:54:46
1662,7,2,1465,5260.38,2025-12-22 17:58:46
1663,7,2,1466,1791.65,2025-02-17 16:54:47
1664,2,2,1467,3842.26,2025-10-23 14:05:01
1665,8,2,1468,5002.62,2025-04-17 08:31:03
1666,8,2,1469,958.33,2025-12-17 14:28:56
1667,6,2,1470,570.79,2025-04-07 18:20:25
1668,3,2,1471,1265.02,2025-12-07 09:21:38
1669,7,2,1472,1707.29,2025-01-21 03:25:01
1670,6,2,1473,4866.04,2025-09-15 06:39:29
1671,2,2,1474,1188.00,2025-09-01 03:04:55
1672,7,2,1475,2736.68,2025-07-19 13:17:49
1673,8,3,1476,561.82,2025-09-02 20:11:06
1674,8,2,1476,561.82,2025-09-02 20:15:06
1675,8,2,1477,1017.92,2025-08-23 22:32:21
1676,9,3,1478,2683.78,2025-07-06 19:40:30
1677,2,2,1478,2683.78,2025-07-06 19:44:30
1678,2,2,1479,1925.77,2025-03-10 05:30:46
1679,3,2,1480,2681.35,2025-04-17 14:33:42
1680,4,2,1481,23440.12,2025-04-13 06:05:31
1681,5,2,1482,1336.44,2025-09-18 09:20:49
1682,6,2,1483,2097.06,2025-02-09 07:04:30
1683,9,2,1484,1823.08,2025-06-12 02:43:53
1684,7,3,1485,1746.31,2025-12-23 01:32:32
1685,8,2,1485,1746.31,2025-12-23 01:36:32
1686,9,3,1486,1684.09,2025-03-29 17:01:42
1687,2,2,1486,1684.09,2025-03-29 17:05:42
1688,5,2,1487,428.74,2025-07-19 03:39:17
1689,4,2,1488,15640.68,2025-04-11 10:03:07
1690,9,2,1489,7960.20,2025-06-29 01:55:00
1691,5,2,1490,2002.62,2025-06-17 11:32:03
1692,7,3,1491,1437.02,2025-12-17 14:42:06
1693,1,2,1491,1437.02,2025-12-17 14:46:06
1694,3,2,1492,2942.16,2025-01-29 13:57:44
1695,1,2,1493,6434.58,2025-11-20 15:21:00
1696,7,2,1494,579.23,2025-05-16 21:42:53
1697,9,3,1495,710.09,2025-01-08 13:30:51
1698,5,2,1495,710.09,2025-01-08 13:34:51
1699,6,2,1496,1855.05,2025-11-29 20:17:26
1700,9,3,1497,371.87,2025-01-22 08:05:24
1701,8,2,1497,371.87,2025-01-22 08:09:24
1702,5,3,1498,772.72,2025-01-21 09:32:17
1703,7,2,1498,772.72,2025-01-21 09:36:17
1704,8,2,1499,422.09,2025-05-28 05:05:55
1705,5,2,1500,1285.34,2025-08-19 07:42:28
1706,8,3,1501,2064.95,2025-02-16 18:09:35
1707,3,2,1501,2064.95,2025-02-16 18:13:35
1708,7,2,1502,1224.37,2025-05-27 08:44:12
1709,10,2,1503,2173.89,2025-09-27 17:29:32
1710,5,2,1504,4049.51,2025-04-13 02:06:24
1711,9,3,1505,525.00,2025-04-29 00:19:32
1712,10,2,1505,525.00,2025-04-29 00:23:32
1713,9,2,1506,1054.69,2025-09-10 05:39:13
1714,2,2,1507,3848.84,2025-05-14 19:47:52
1715,4,2,1508,2126.78,2025-04-23 20:27:01
1716,3,2,1509,734.22,2025-01-06 03:05:13
1717,10,2,1510,1370.92,2025-12-16 08:29:22
1718,5,2,1511,912.63,2025-05-31 19:21:52
1719,2,2,1512,890.70,2025-04-19 20:12:04
1720,7,2,1513,811.03,2025-09-22 08:59:04
1721,4,2,1514,2689.37,2025-03-08 18:57:34
1722,5,2,1515,2584.90,2025-04-09 02:48:49
1723,3,2,1516,1480.16,2025-09-13 11:45:19
1724,5,3,1517,1885.04,2025-12-14 06:32:08
1725,4,2,1517,1885.04,2025-12-14 06:36:08
1726,10,2,1518,1532.29,2025-07-14 08:25:31
1727,7,2,1519,13011.31,2025-09-13 02:38:52
1728,7,2,1520,413.77,2025-12-11 20:04:39
1729,10,2,1521,1076.27,2025-02-21 08:40:11
1730,2,2,1522,2003.06,2025-07-30 03:41:39
1731,4,2,1523,514.86,2025-07-21 15:07:18
1732,9,2,1524,2145.59,2025-07-18 03:26:20
1733,8,2,1525,2643.49,2025-03-28 18:14:58
1734,9,2,1526,1726.58,2025-09-20 13:41:53
1735,2,2,1527,1867.00,2025-03-29 11:40:52
1736,8,2,1528,716.89,2025-05-27 18:38:21
1737,4,3,1529,1026.70,2025-01-20 07:17:12
1738,2,2,1529,1026.70,2025-01-20 07:21:12
1739,9,2,1530,741.16,2025-12-03 06:26:15
1740,3,2,1531,983.29,2025-05-30 17:08:47
1741,2,2,1532,600.20,2025-03-06 04:40:33
1742,10,2,1533,5150.60,2025-05-10 16:00:44
1743,6,2,1534,1333.54,2025-09-30 18:48:24
1744,3,2,1535,1468.20,2025-10-28 21:06:15
1745,2,2,1536,1142.79,2025-04-08 12:27:21
1746,5,2,1537,4797.37,2025-12-02 10:39:16
1747,3,2,1538,10893.34,2025-03-29 19:02:21
1748,8,2,1539,1700.17,2025-02-07 03:44:52
1749,10,2,1540,543.02,2025-04-18 06:29:19
1750,7,2,1541,3946.66,2025-04-22 14:39:18
1751,8,2,1542,891.34,2025-04-10 15:39:41
1752,3,2,1543,5007.07,2025-04-25 23:12:03
1753,4,2,1544,1482.84,2025-07-22 07:52:09
1754,1,2,1545,218.04,2025-08-18 17:37:27
1755,7,2,1546,14378.10,2025-07-26 11:46:16
1756,5,3,1547,4812.12,2025-06-11 12:04:13
1757,9,2,1547,4812.12,2025-06-11 12:08:13
1758,8,2,1548,694.25,2025-09-24 16:40:30
1759,5,2,1549,2298.82,2025-12-03 01:09:04
1760,10,2,1550,9602.03,2025-09-13 20:53:20
1761,1,2,1551,1057.47,2025-04-14 18:05:18
1762,7,2,1552,1338.54,2025-03-27 01:45:15
1763,4,2,1553,7583.20,2025-10-12 03:40:00
1764,4,2,1554,1514.76,2025-05-30 18:41:28
1765,4,2,1555,16855.34,2025-03-29 14:13:15
1766,1,2,1556,679.96,2025-04-13 02:58:09
1767,1,2,1557,8238.92,2025-02-05 21:58:36
1768,6,2,1558,6031.55,2025-09-05 19:34:13
1769,8,3,1559,4559.34,2025-02-06 10:51:24
1770,9,2,1559,4559.34,2025-02-06 10:55:24
1771,4,2,1560,937.51,2025-02-06 10:37:26
1772,2,2,1561,3978.75,2025-11-10 22:34:21
1773,9,2,1562,1685.72,2025-10-12 19:56:33
1774,4,2,1563,746.09,2025-05-12 11:05:15
1775,8,2,1564,1982.56,2025-12-13 17:19:51
1776,6,3,1565,670.74,2025-10-15 20:03:57
1777,3,2,1565,670.74,2025-10-15 20:07:57
1778,9,2,1566,676.48,2025-04-27 13:11:21
1779,10,2,1567,554.21,2025-05-21 01:20:02
1780,9,2,1568,633.71,2025-05-19 14:11:08
1781,6,2,1569,2080.84,2025-09-20 13:52:15
1782,4,3,1570,3427.56,2025-06-24 00:26:30
1783,6,2,1570,3427.56,2025-06-24 00:30:30
1784,2,2,1571,27462.51,2025-12-06 09:36:24
1785,6,2,1572,4032.29,2025-11-30 08:55:06
1786,9,2,1573,890.44,2025-06-12 02:13:12
1787,1,2,1574,1611.64,2025-12-25 13:29:38
1788,8,2,1575,2049.53,2025-01-01 06:34:24
1789,10,2,1576,1532.14,2025-02-14 08:34:00
1790,2,3,1577,1024.63,2025-02-05 00:15:54
1791,8,2,1577,1024.63,2025-02-05 00:19:54
1792,5,2,1578,630.56,2025-04-23 21:58:20
1793,1,2,1579,942.91,2025-10-18 09:18:16
1794,1,3,1580,4589.74,2025-06-30 23:19:27
1795,10,2,1580,4589.74,2025-06-30 23:23:27
1796,1,2,1581,1217.36,2025-06-25 15:01:04
1797,8,2,1582,2908.80,2025-09-28 13:10:05
1798,4,2,1583,2525.33,2025-03-09 19:37:39
1799,5,2,1584,30130.23,2025-01-16 17:45:47
1800,7,2,1585,876.25,2025-01-22 08:48:03
1801,7,2,1586,1493.13,2025-07-09 14:10:28
1802,6,2,1587,865.91,2025-03-15 21:07:23
1803,7,2,1588,2478.96,2025-03-27 21:46:17
1804,8,2,1589,993.38,2025-02-11 19:28:41
1805,4,2,1590,4403.91,2025-11-08 09:52:31
1806,6,3,1591,491.19,2025-07-14 03:33:04
1807,10,2,1591,491.19,2025-07-14 03:37:04
1808,9,3,1592,1418.57,2025-03-15 21:40:07
1809,3,2,1592,1418.57,2025-03-15 21:44:07
1810,7,2,1593,2796.35,2025-09-16 01:26:32
1811,1,2,1594,646.56,2025-11-06 02:21:41
1812,4,2,1595,1890.96,2025-09-04 08:35:33
1813,6,2,1596,1262.94,2025-04-19 18:13:49
1814,10,2,1597,2246.38,2025-04-17 03:27:23
1815,7,2,1598,1340.24,2025-01-04 12:24:07
1816,7,2,1599,1593.48,2025-01-14 02:14:28
1817,3,2,1600,432.63,2025-02-14 16:38:27
1818,9,2,1601,868.60,2025-10-29 04:25:58
1819,9,2,1602,1625.20,2025-06-17 18:43:10
1820,8,2,1603,1646.84,2025-03-13 09:16:42
1821,6,2,1604,1918.32,2025-08-26 17:26:20
1822,6,2,1605,1482.97,2025-07-05 14:31:15
1823,10,2,1606,1529.98,2025-10-17 23:07:48
1824,7,2,1607,1049.51,2025-06-02 17:39:18
1825,9,2,1608,1697.78,2025-03-04 14:32:06
1826,1,2,1609,3051.80,2025-09-18 21:49:01
1827,3,2,1610,1111.10,2025-08-15 19:46:44
1828,2,2,1611,3001.73,2025-07-05 07:08:12
1829,6,2,1612,2900.72,2025-10-06 22:23:34
1830,4,2,1613,11492.69,2025-09-12 05:49:48
1831,10,2,1614,1440.95,2025-09-04 12:40:15
1832,5,2,1615,1681.50,2025-09-10 00:29:51
1833,3,3,1616,4915.28,2025-08-26 14:30:43
1834,4,2,1616,4915.28,2025-08-26 14:34:43
1835,8,2,1617,2396.78,2025-01-02 18:45:35
1836,1,2,1618,3988.66,2025-11-28 23:44:46
1837,7,2,1619,17191.32,2025-05-20 14:51:59
1838,10,2,1620,1351.84,2025-02-07 01:08:00
1839,7,2,1621,532.43,2025-08-01 12:51:14
1840,3,2,1622,681.32,2025-09-11 20:43:02
1841,3,2,1623,3389.78,2025-03-19 02:14:15
1842,2,2,1624,1174.92,2025-04-30 22:06:25
1843,10,2,1625,1907.35,2025-03-31 18:00:36
1844,1,2,1626,1128.10,2025-01-10 20:52:07
1845,3,2,1627,1551.14,2025-05-19 07:34:38
1846,10,2,1628,463.22,2025-07-09 23:44:50
1847,3,2,1629,1008.65,2025-10-08 08:41:24
1848,5,2,1630,730.96,2025-07-17 05:11:54
1849,3,3,1631,20113.03,2025-12-23 11:58:08
1850,6,2,1631,20113.03,2025-12-23 12:02:08
1851,10,3,1632,2606.37,2025-12-07 10:02:04
1852,1,2,1632,2606.37,2025-12-07 10:06:04
1853,10,2,1633,652.18,2025-11-27 06:42:25
1854,7,2,1634,638.74,2025-09-12 19:47:05
1855,4,2,1635,4762.74,2025-05-23 08:03:38
1856,5,2,1636,1723.14,2025-07-28 14:07:38
1857,1,2,1637,7007.88,2025-03-15 01:00:40
1858,3,2,1638,16217.23,2025-11-15 15:24:00
1859,4,2,1639,3917.41,2025-02-05 08:08:16
1860,3,2,1640,783.19,2025-02-24 20:28:00
1861,8,2,1641,1718.57,2025-07-23 22:25:50
1862,4,2,1642,685.28,2025-02-15 09:02:35
1863,10,2,1643,778.66,2025-07-12 17:30:00
1864,1,2,1644,308.65,2025-10-31 16:41:48
1865,6,2,1645,9560.67,2025-03-23 23:27:54
1866,9,2,1646,1449.30,2025-10-29 00:22:55
1867,9,3,1647,1099.59,2025-11-22 02:54:46
1868,10,2,1647,1099.59,2025-11-22 02:58:46
1869,2,2,1648,433.63,2025-08-05 20:32:15
1870,5,2,1649,7962.95,2025-09-15 09:38:49
1871,7,2,1650,502.21,2025-07-28 22:52:26
1872,2,3,1651,611.01,2025-05-05 00:02:39
1873,6,2,1651,611.01,2025-05-05 00:06:39
1874,1,2,1652,7681.19,2025-09-21 07:19:24
1875,9,2,1653,1091.24,2025-11-03 01:04:02
1876,9,2,1654,2041.38,2025-02-10 14:47:42
1877,8,2,1655,2184.04,2025-10-25 21:11:40
1878,5,2,1656,4710.78,2025-02-04 04:22:36
1879,10,3,1657,2304.18,2025-05-11 05:00:04
1880,1,2,1657,2304.18,2025-05-11 05:04:04
1881,6,2,1658,20054.44,2025-03-05 18:53:25
1882,6,2,1659,677.71,2025-03-16 13:32:29
1883,3,2,1660,6379.26,2025-06-25 09:04:59
1884,8,2,1661,17321.89,2025-10-09 02:24:46
1885,3,2,1662,20431.21,2025-03-14 19:01:11
1886,3,2,1663,1562.75,2025-09-09 06:14:56
1887,6,2,1664,715.34,2025-08-05 17:47:35
1888,4,2,1665,1040.32,2025-03-06 17:29:35
1889,4,2,1666,1257.71,2025-05-14 18:04:12
1890,9,2,1667,533.93,2025-01-10 09:27:33
1891,1,3,1668,630.38,2025-02-10 06:32:30
1892,10,2,1668,630.38,2025-02-10 06:36:30
1893,5,2,1669,932.38,2025-12-16 03:59:07
1894,4,3,1670,1538.36,2025-08-26 09:07:38
1895,7,2,1670,1538.36,2025-08-26 09:11:38
1896,2,2,1671,813.71,2025-12-24 15:49:39
1897,9,2,1672,15102.15,2025-04-06 13:50:19
1898,3,3,1673,3081.25,2025-12-20 23:22:08
1899,7,2,1673,3081.25,2025-12-20 23:26:08
1900,8,2,1674,1382.98,2025-04-10 15:40:01
1901,1,2,1675,756.56,2025-02-09 21:03:10
1902,3,2,1676,1771.69,2025-12-25 23:02:50
1903,1,3,1677,938.00,2025-06-15 15:29:12
1904,9,2,1677,938.00,2025-06-15 15:33:12
1905,1,2,1678,677.17,2025-07-12 05:53:56
1906,7,2,1679,9474.42,2025-07-18 03:30:46
1907,2,2,1680,1092.20,2025-08-22 19:43:01
1908,5,2,1681,10191.01,2025-07-28 08:16:23
1909,8,2,1682,1229.50,2025-02-15 04:36:32
1910,4,2,1683,3015.75,2025-05-03 17:58:04
1911,4,2,1684,2077.48,2025-08-21 17:43:25
1912,9,2,1685,644.65,2025-08-14 04:13:27
1913,3,2,1686,2537.17,2025-03-03 22:13:08
1914,9,3,1687,392.77,2025-01-05 18:38:22
1915,8,2,1687,392.77,2025-01-05 18:42:22
1916,1,2,1688,868.03,2025-02-04 01:09:28
1917,9,2,1689,4162.43,2025-03-17 04:35:34
1918,1,2,1690,20856.63,2025-05-08 22:27:26
1919,7,2,1691,1678.46,2025-01-20 01:01:31
1920,8,3,1692,870.52,2025-12-18 04:43:30
1921,7,2,1692,870.52,2025-12-18 04:47:30
1922,5,2,1693,811.06,2025-05-17 12:27:24
1923,9,2,1694,1426.22,2025-06-03 00:46:56
1924,1,3,1695,964.57,2025-12-18 00:24:43
1925,6,2,1695,964.57,2025-12-18 00:28:43
1926,6,2,1696,1373.72,2025-02-07 20:11:08
1927,8,2,1697,16358.74,2025-11-20 23:29:55
1928,5,2,1698,1662.16,2025-10-05 05:24:37
1929,4,2,1699,1682.64,2025-08-09 02:01:38
1930,6,2,1700,1765.78,2025-12-12 11:35:46
1931,3,2,1701,453.59,2025-04-17 09:15:26
1932,3,2,1702,591.05,2025-11-07 02:14:25
1933,1,2,1703,1548.24,2025-10-17 02:10:23
1934,6,2,1704,2126.52,2025-02-14 01:26:58
1935,10,3,1705,9550.94,2025-07-26 18:58:49
1936,8,2,1705,9550.94,2025-07-26 19:02:49
1937,3,2,1706,362.03,2025-01-09 14:19:51
1938,9,2,1707,1167.05,2025-08-08 13:07:07
1939,8,2,1708,1618.26,2025-12-02 02:40:00
1940,2,2,1709,988.20,2025-12-08 04:37:47
1941,1,2,1710,441.79,2025-07-17 18:32:15
1942,1,2,1711,1442.63,2025-01-02 04:14:00
1943,8,2,1712,1409.27,2025-04-24 09:04:19
1944,10,2,1713,773.97,2025-06-08 04:25:32
1945,5,2,1714,1101.91,2025-08-26 07:07:13
1946,10,2,1715,17707.88,2025-07-08 12:34:08
1947,6,3,1716,2616.50,2025-04-10 15:54:27
1948,8,2,1716,2616.50,2025-04-10 15:58:27
1949,3,2,1717,4359.80,2025-11-28 15:15:16
1950,9,2,1718,374.49,2025-09-10 01:38:03
1951,7,2,1719,2559.48,2025-03-07 13:04:00
1952,8,2,1720,2721.18,2025-07-28 23:20:10
1953,9,2,1721,1573.20,2025-05-30 14:11:07
1954,5,2,1722,2665.83,2025-09-01 04:12:24
1955,1,2,1723,1118.61,2025-07-26 16:57:56
1956,4,2,1724,1006.14,2025-01-23 18:10:45
1957,2,2,1725,1524.65,2025-01-03 12:11:11
1958,5,2,1726,1548.01,2025-11-10 23:04:17
1959,9,2,1727,3088.21,2025-08-25 00:57:52
1960,8,2,1728,1062.37,2025-04-29 06:33:35
1961,3,3,1729,3465.57,2025-10-20 19:35:33
1962,6,2,1729,3465.57,2025-10-20 19:39:33
1963,3,2,1730,2450.90,2025-02-15 11:23:42
1964,3,2,1731,986.93,2025-12-06 01:49:21
1965,9,2,1732,861.78,2025-08-22 07:32:41
1966,1,2,1733,1988.69,2025-03-24 11:53:33
1967,10,2,1734,2460.88,2025-07-30 09:18:12
1968,7,2,1735,803.16,2025-08-09 08:30:31
1969,1,2,1736,2225.09,2025-10-11 05:10:37
1970,4,2,1737,1604.12,2025-06-10 06:43:42
1971,6,2,1738,630.03,2025-08-13 10:21:51
1972,10,2,1739,722.86,2025-12-27 18:43:21
1973,4,2,1740,10047.24,2025-03-12 19:30:33
1974,7,3,1741,1726.16,2025-04-04 13:41:34
1975,4,2,1741,1726.16,2025-04-04 13:45:34
1976,9,2,1742,4626.97,2025-08-10 03:47:14
1977,2,2,1743,999.87,2025-11-06 02:08:11
1978,4,2,1744,4732.76,2025-12-28 19:47:56
1979,1,2,1745,2668.23,2025-10-03 11:39:12
1980,2,2,1746,1797.07,2025-12-05 08:06:13
1981,6,2,1747,6117.82,2025-09-29 15:14:37
1982,5,2,1748,266.25,2025-05-29 23:10:02
1983,2,2,1749,691.68,2025-08-25 07:11:30
1984,9,2,1750,1872.58,2025-04-26 01:51:27
1985,3,3,1751,1645.29,2025-01-09 11:34:42
1986,10,2,1751,1645.29,2025-01-09 11:38:42
1987,7,2,1752,433.99,2025-05-01 08:35:09
1988,7,2,1753,1654.00,2025-05-05 07:54:55
1989,5,3,1754,1156.64,2025-06-27 02:42:53
1990,6,2,1754,1156.64,2025-06-27 02:46:53
1991,5,2,1755,1148.47,2025-01-08 17:31:49
1992,5,2,1756,3520.26,2025-08-07 22:21:56
1993,3,2,1757,1354.28,2025-11-14 18:14:01
1994,4,2,1758,4854.51,2025-06-12 00:48:43
1995,7,2,1759,1916.13,2025-04-25 21:35:43
1996,7,3,1760,962.30,2025-07-03 19:07:48
1997,7,2,1760,962.30,2025-07-03 19:11:48
1998,10,2,1761,899.41,2025-05-04 12:39:52
1999,4,2,1762,7793.38,2025-04-12 16:11:31
2000,2,2,1763,1406.98,2025-11-03 20:46:56
2001,2,2,1764,1747.74,2025-10-26 02:58:12
2002,5,2,1765,3682.69,2025-05-03 07:03:33
2003,1,2,1766,1051.84,2025-02-04 06:54:18
2004,8,3,1767,647.87,2025-11-13 17:09:39
2005,6,2,1767,647.87,2025-11-13 17:13:39
2006,8,2,1768,2729.50,2025-08-27 03:56:50
2007,10,2,1769,1653.43,2025-05-01 23:55:59
2008,8,2,1770,14194.28,2025-06-19 06:09:22
2009,8,2,1771,2679.45,2025-04-21 23:27:58
2010,7,2,1772,1911.58,2025-04-07 05:15:17
2011,9,2,1773,1467.58,2025-04-04 14:06:14
2012,10,2,1774,2751.90,2025-04-18 18:20:14
2013,1,2,1775,7465.62,2025-04-25 16:47:09
2014,10,2,1776,487.17,2025-01-13 04:11:48
2015,9,2,1777,1799.96,2025-06-25 19:21:16
2016,4,2,1778,14637.33,2025-09-17 06:05:23
2017,5,2,1779,2448.69,2025-08-03 23:30:21
2018,2,2,1780,1292.25,2025-11-02 00:00:16
2019,1,2,1781,14199.81,2025-07-16 05:19:35
2020,8,2,1782,1441.17,2025-07-19 15:08:17
2021,5,2,1783,3429.74,2025-11-22 01:02:18
2022,4,2,1784,5273.74,2025-06-11 23:41:43
2023,4,2,1785,1318.25,2025-10-11 04:57:37
2024,10,2,1786,858.21,2025-03-26 05:20:01
2025,4,2,1787,2969.02,2025-08-27 13:15:35
2026,1,2,1788,1623.48,2025-10-17 01:44:18
2027,8,2,1789,714.54,2025-09-16 07:11:06
2028,1,2,1790,273.88,2025-10-20 00:30:56
2029,9,2,1791,502.05,2025-08-01 07:18:30
2030,5,2,1792,1603.95,2025-02-24 05:41:07
2031,7,2,1793,1680.87,2025-11-15 22:55:27
2032,9,2,1794,9810.57,2025-04-06 08:36:26
2033,9,2,1795,3695.94,2025-04-04 22:18:53
2034,9,2,1796,1543.78,2025-12-15 00:48:52
2035,8,2,1797,2750.84,2025-01-11 04:47:26
2036,2,2,1798,683.19,2025-11-18 12:59:38
2037,7,2,1799,5705.96,2025-09-28 00:08:37
2038,8,2,1800,1159.44,2025-05-30 07:49:19
2039,9,2,1801,3228.98,2025-07-18 19:18:19
2040,7,2,1802,343.80,2025-01-06 22:07:54
2041,6,3,1803,1623.88,2025-10-22 21:56:51
2042,5,2,1803,1623.88,2025-10-22 22:00:51
2043,2,2,1804,19032.54,2025-06-02 21:06:35
2044,6,2,1805,916.56,2025-09-17 02:57:20
2045,6,2,1806,3253.12,2025-06-04 11:28:27
2046,9,2,1807,951.76,2025-04-28 08:32:02
2047,1,2,1808,2438.39,2025-09-07 09:21:37
2048,2,2,1809,253.64,2025-11-19 15:13:23
2049,2,2,1810,1914.58,2025-06-26 03:40:09
2050,4,2,1811,39674.83,2025-11-03 05:22:15
2051,3,2,1812,733.01,2025-09-09 23:21:58
2052,10,2,1813,3772.95,2025-06-29 18:18:25
2053,5,2,1814,837.15,2025-12-12 17:57:58
2054,4,2,1815,1197.56,2025-02-10 05:13:50
2055,4,3,1816,620.12,2025-06-11 21:48:25
2056,6,2,1816,620.12,2025-06-11 21:52:25
2057,7,2,1817,667.24,2025-01-06 00:38:57
2058,6,3,1818,497.10,2025-12-27 00:14:11
2059,7,2,1818,497.10,2025-12-27 00:18:11
2060,10,2,1819,1088.06,2025-11-28 01:53:09
2061,3,2,1820,20016.81,2025-09-21 16:18:14
2062,4,2,1821,1402.45,2025-04-24 00:08:45
2063,10,2,1822,1017.99,2025-10-24 12:23:45
2064,9,2,1823,507.92,2025-12-20 14:29:49
2065,2,2,1824,1867.18,2025-11-19 16:12:41
2066,9,2,1825,1563.59,2025-01-09 15:28:40
2067,4,2,1826,3736.52,2025-08-23 21:14:31
2068,2,2,1827,871.47,2025-06-27 08:59:16
2069,1,2,1828,1169.80,2025-12-05 11:17:11
2070,8,3,1829,2005.18,2025-12-12 07:15:05
2071,5,2,1829,2005.18,2025-12-12 07:19:05
2072,7,2,1830,4062.02,2025-04-28 22:43:19
2073,6,2,1831,2637.69,2025-06-14 22:06:01
2074,1,2,1832,572.81,2025-02-05 02:34:46
2075,2,2,1833,939.01,2025-12-13 19:23:02
2076,7,3,1834,1317.98,2025-10-07 06:06:21
2077,1,2,1834,1317.98,2025-10-07 06:10:21
2078,5,2,1835,846.27,2025-01-25 22:46:43
2079,9,2,1836,4486.27,2025-11-28 23:48:25
2080,2,2,1837,23711.01,2025-12-08 03:08:16
2081,1,2,1838,1346.25,2025-09-26 01:36:03
2082,10,3,1839,18364.60,2025-07-23 09:55:07
2083,10,2,1839,18364.60,2025-07-23 09:59:07
2084,8,3,1840,652.50,2025-07-12 03:41:06
2085,6,2,1840,652.50,2025-07-12 03:45:06
2086,2,2,1841,1644.71,2025-04-20 10:47:45
2087,2,2,1842,1384.48,2025-11-09 14:15:05
2088,3,2,1843,2715.54,2025-05-08 07:30:18
2089,2,2,1844,2963.66,2025-08-11 12:34:45
2090,1,2,1845,4889.67,2025-05-29 19:32:05
2091,2,2,1846,327.10,2025-11-27 11:48:09
2092,9,2,1847,4544.93,2025-02-27 16:23:32
2093,7,2,1848,546.95,2025-11-22 06:58:24
2094,9,2,1849,2238.08,2025-02-15 03:22:11
2095,2,2,1850,1524.84,2025-12-20 09:19:35
2096,2,2,1851,2588.20,2025-06-19 21:35:51
2097,3,2,1852,548.45,2025-08-12 04:25:51
2098,10,2,1853,8250.42,2025-02-05 07:45:44
2099,1,2,1854,550.36,2025-02-07 18:32:03
2100,1,2,1855,15484.76,2025-03-26 03:47:40
2101,9,3,1856,464.14,2025-03-05 23:20:16
2102,3,2,1856,464.14,2025-03-05 23:24:16
2103,2,2,1857,2254.29,2025-04-18 02:50:27
2104,1,2,1858,4002.00,2025-09-07 21:00:20
2105,9,2,1859,11537.50,2025-02-14 17:12:16
2106,3,3,1860,2381.32,2025-01-18 09:34:14
2107,8,2,1860,2381.32,2025-01-18 09:38:14
2108,2,2,1861,484.18,2025-12-02 07:15:48
2109,3,2,1862,1093.92,2025-08-02 15:31:25
2110,4,2,1863,1129.75,2025-02-19 02:01:42
2111,10,2,1864,4861.58,2025-04-19 21:32:33
2112,1,2,1865,18968.68,2025-02-01 01:48:59
2113,2,2,1866,16075.98,2025-11-25 12:01:57
2114,3,2,1867,21723.36,2025-11-12 12:08:56
2115,9,2,1868,855.29,2025-11-08 06:56:39
2116,4,3,1869,650.01,2025-06-29 06:43:19
2117,6,2,1869,650.01,2025-06-29 06:47:19
2118,9,2,1870,6344.20,2025-10-05 09:35:46
2119,7,2,1871,10894.81,2025-07-22 15:25:23
2120,1,2,1872,752.21,2025-12-26 01:17:04
2121,1,2,1873,525.77,2025-04-06 01:33:09
2122,4,2,1874,3946.34,2025-11-23 02:23:07
2123,9,2,1875,798.28,2025-10-16 12:56:25
2124,10,2,1876,3261.27,2025-12-26 18:33:12
2125,1,2,1877,1451.46,2025-03-02 12:01:55
2126,8,2,1878,9213.06,2025-02-07 08:16:00
2127,7,2,1879,1403.09,2025-03-12 16:22:50
2128,7,2,1880,2440.54,2025-01-07 04:22:52
2129,4,3,1881,14258.67,2025-06-02 02:39:01
2130,7,2,1881,14258.67,2025-06-02 02:43:01
2131,10,3,1882,3176.19,2025-12-08 02:44:12
2132,9,2,1882,3176.19,2025-12-08 02:48:12
2133,3,2,1883,648.02,2025-08-07 06:52:23
2134,5,2,1884,1330.00,2025-07-02 08:21:38
2135,9,2,1885,682.69,2025-10-28 13:09:37
2136,1,2,1886,869.39,2025-01-12 01:28:46
2137,10,2,1887,825.19,2025-11-12 16:36:36
2138,2,2,1888,605.85,2025-03-14 04:34:44
2139,5,2,1889,729.74,2025-03-07 21:44:39
2140,10,2,1890,781.47,2025-10-19 17:57:18
2141,4,2,1891,934.13,2025-09-03 20:29:40
2142,9,3,1892,2818.31,2025-05-26 05:22:05
2143,10,2,1892,2818.31,2025-05-26 05:26:05
2144,7,2,1893,5955.04,2025-07-12 14:11:36
2145,8,2,1894,881.59,2025-06-04 11:26:12
2146,6,2,1895,668.01,2025-09-17 02:33:47
2147,10,3,1896,1401.48,2025-09-06 13:44:03
2148,7,2,1896,1401.48,2025-09-06 13:48:03
2149,9,2,1897,1164.92,2025-01-10 03:21:27
2150,1,2,1898,2810.38,2025-07-02 04:58:17
2151,3,3,1899,952.04,2025-12-31 05:40:56
2152,3,2,1899,952.04,2025-12-31 05:44:56
2153,8,3,1900,1345.91,2025-06-23 03:10:33
2154,6,2,1900,1345.91,2025-06-23 03:14:33
2155,5,2,1901,6891.32,2025-04-06 08:52:16
2156,1,2,1902,501.22,2025-01-31 00:58:12
2157,1,2,1903,1307.98,2025-12-10 18:56:58
2158,4,2,1904,15076.18,2025-01-31 09:45:48
2159,9,2,1905,662.78,2025-11-06 00:34:34
2160,6,2,1906,1678.98,2025-11-18 14:14:44
2161,3,2,1907,16747.15,2025-06-26 05:41:47
2162,6,2,1908,12084.29,2025-11-22 16:25:45
2163,6,2,1909,4337.98,2025-06-07 15:32:23
2164,9,2,1910,918.81,2025-08-06 06:29:34
2165,5,2,1911,3400.83,2025-08-11 13:06:12
2166,9,2,1912,878.54,2025-04-06 00:30:17
2167,8,2,1913,2315.79,2025-01-17 07:04:57
2168,1,2,1914,967.44,2025-09-09 00:02:36
2169,7,2,1915,1039.56,2025-07-14 00:31:32
2170,7,2,1916,771.10,2025-02-23 05:07:10
2171,8,2,1917,902.05,2025-07-08 12:06:00
2172,5,3,1918,801.72,2025-06-29 08:16:32
2173,8,2,1918,801.72,2025-06-29 08:20:32
2174,6,2,1919,3116.47,2025-11-13 10:02:20
2175,6,2,1920,12393.21,2025-10-20 12:41:27
2176,1,2,1921,26024.37,2025-06-23 21:50:37
2177,1,2,1922,1783.17,2025-12-20 23:19:19
2178,9,3,1923,1828.34,2025-03-08 06:16:50
2179,3,2,1923,1828.34,2025-03-08 06:20:50
2180,8,2,1924,1452.12,2025-05-28 09:20:17
2181,1,2,1925,2065.55,2025-08-12 03:09:15
2182,6,2,1926,739.93,2025-07-07 11:20:35
2183,7,2,1927,2264.08,2025-03-19 15:39:19
2184,3,2,1928,1845.88,2025-04-30 06:50:36
2185,1,2,1929,5650.04,2025-04-03 04:33:46
2186,8,2,1930,30971.34,2025-08-21 22:24:15
2187,5,2,1931,712.91,2025-11-15 17:25:46
2188,5,2,1932,1977.16,2025-01-17 23:13:49
2189,2,2,1933,262.13,2025-05-14 04:00:23
2190,10,3,1934,786.41,2025-08-06 02:53:16
2191,10,2,1934,786.41,2025-08-06 02:57:16
2192,1,2,1935,791.94,2025-06-03 12:06:32
2193,9,2,1936,1210.06,2025-12-25 03:40:51
2194,4,3,1937,18773.17,2025-05-02 03:22:31
2195,2,2,1937,18773.17,2025-05-02 03:26:31
2196,10,2,1938,15402.26,2025-05-29 12:11:16
2197,10,3,1939,867.09,2025-09-18 21:34:57
2198,4,2,1939,867.09,2025-09-18 21:38:57
2199,7,2,1940,1555.63,2025-05-12 17:47:15
2200,3,2,1941,4317.20,2025-05-30 13:05:02
2201,2,2,1942,5221.65,2025-05-17 20:01:43
2202,6,2,1943,4289.10,2025-11-06 15:59:00
2203,9,2,1944,2621.20,2025-08-04 11:07:20
2204,2,2,1945,975.60,2025-02-05 04:12:08
2205,8,2,1946,3159.43,2025-12-28 11:11:24
2206,4,3,1947,872.40,2025-06-22 07:28:46
2207,10,2,1947,872.40,2025-06-22 07:32:46
2208,3,2,1948,1586.81,2025-01-02 08:03:20
2209,9,2,1949,650.50,2025-04-08 05:58:36
2210,8,3,1950,400.59,2025-01-08 12:56:58
2211,3,2,1950,400.59,2025-01-08 13:00:58
2212,6,2,1951,1302.48,2025-09-23 16:28:22
2213,9,2,1952,3078.92,2025-09-14 17:12:59
2214,4,2,1953,293.32,2025-09-29 05:51:37
2215,4,2,1954,1279.23,2025-02-24 02:05:57
2216,10,2,1955,2986.63,2025-10-13 07:16:50
2217,8,2,1956,2415.54,2025-01-03 20:31:14
2218,8,2,1957,5203.08,2025-06-01 05:38:10
2219,8,3,1958,1725.21,2025-08-14 07:02:01
2220,10,2,1958,1725.21,2025-08-14 07:06:01
2221,6,2,1959,2258.88,2025-07-04 08:17:22
2222,6,2,1960,6765.56,2025-05-15 02:23:46
2223,4,2,1961,1138.93,2025-03-11 02:30:58
2224,10,2,1962,773.18,2025-01-07 18:49:03
2225,4,2,1963,603.39,2025-01-09 12:29:15
2226,7,2,1964,2356.79,2025-05-01 07:04:08
2227,6,3,1965,2081.39,2025-07-18 04:16:54
2228,3,2,1965,2081.39,2025-07-18 04:20:54
2229,3,2,1966,335.64,2025-11-10 19:53:46
2230,2,2,1967,1724.56,2025-12-05 06:07:52
2231,4,2,1968,7253.91,2025-09-26 03:32:20
2232,9,2,1969,28064.60,2025-09-17 04:40:58
2233,3,2,1970,38749.06,2025-05-17 10:39:00
2234,8,2,1971,4365.58,2025-08-30 22:34:30
2235,9,2,1972,670.09,2025-09-13 08:26:24
2236,1,2,1973,3149.54,2025-09-07 09:16:10
2237,4,2,1974,172.05,2025-12-08 10:31:24
2238,1,2,1975,2368.30,2025-07-20 12:35:16
2239,9,2,1976,2051.72,2025-03-25 23:53:45
2240,1,2,1977,6350.05,2025-02-06 04:39:20
2241,8,2,1978,1857.29,2025-11-09 07:40:32
2242,2,2,1979,829.38,2025-06-13 01:24:34
2243,8,2,1980,1544.31,2025-03-23 04:42:22
2244,9,2,1981,806.41,2025-06-21 04:24:25
2245,4,2,1982,10129.56,2025-04-05 04:51:08
2246,4,2,1983,4556.98,2025-02-21 03:41:12
2247,5,2,1984,2458.74,2025-05-06 10:15:21
2248,9,2,1985,4951.54,2025-04-30 01:37:35
2249,1,2,1986,18959.14,2025-07-19 15:44:43
2250,10,2,1987,1657.62,2025-02-18 17:16:38
2251,1,3,1988,5254.61,2025-11-10 17:50:13
2252,8,2,1988,5254.61,2025-11-10 17:54:13
2253,9,3,1989,925.80,2025-05-25 04:08:36
2254,8,2,1989,925.80,2025-05-25 04:12:36
2255,7,2,1990,806.25,2025-09-14 19:46:44
2256,9,3,1991,533.32,2025-10-23 08:49:57
2257,1,2,1991,533.32,2025-10-23 08:53:57
2258,3,2,1992,4638.22,2025-01-06 00:25:48
2259,3,2,1993,2766.16,2025-03-14 21:52:28
2260,2,2,1994,2118.80,2025-09-15 03:34:49
2261,4,3,1995,1482.36,2025-12-17 06:25:27
2262,6,2,1995,1482.36,2025-12-17 06:29:27
2263,8,2,1996,1143.40,2025-07-21 05:05:57
2264,8,2,1997,23999.06,2025-08-15 17:08:16
2265,1,2,1998,611.38,2025-04-27 12:43:50
2266,5,2,1999,1414.70,2025-08-19 15:06:49
2267,4,2,2000,2230.21,2025-11-30 00:05:43
2268,1,2,2001,21837.06,2025-03-09 05:38:49
2269,7,3,2002,2779.47,2025-02-17 20:23:32
2270,7,2,2002,2779.47,2025-02-17 20:27:32
2271,6,2,2003,1568.34,2025-11-27 17:25:56
2272,7,3,2004,1649.22,2025-02-08 12:18:48
2273,7,2,2004,1649.22,2025-02-08 12:22:48
2274,9,2,2005,1041.31,2025-06-18 02:53:50
2275,6,3,2006,3678.88,2025-02-02 10:00:05
2276,1,2,2006,3678.88,2025-02-02 10:04:05
2277,5,2,2007,2171.76,2025-04-25 13:13:34
2278,3,2,2008,3223.69,2025-03-18 09:51:35
2279,7,2,2009,7706.40,2025-11-26 20:02:20
2280,6,2,2010,1267.29,2025-06-09 22:07:06
2281,2,2,2011,423.55,2025-11-27 10:36:23
2282,8,2,2012,1157.28,2025-01-08 13:45:26
2283,10,2,2013,1500.86,2025-05-26 14:46:36
2284,2,2,2014,1129.18,2025-08-19 04:30:53
2285,6,3,2015,1181.10,2025-03-27 19:46:37
2286,7,2,2015,1181.10,2025-03-27 19:50:37
2287,4,3,2016,1111.11,2025-12-03 00:49:23
2288,4,2,2016,1111.11,2025-12-03 00:53:23
2289,3,2,2017,3238.48,2025-09-09 12:06:49
2290,2,2,2018,1926.55,2025-07-14 02:04:45
2291,5,2,2019,950.87,2025-05-09 11:15:43
2292,8,3,2020,1118.95,2025-08-30 20:12:27
2293,9,2,2020,1118.95,2025-08-30 20:16:27
2294,2,2,2021,681.88,2025-06-15 14:23:10
2295,2,3,2022,1555.63,2025-02-04 04:19:45
2296,7,2,2022,1555.63,2025-02-04 04:23:45
2297,8,2,2023,972.25,2025-03-07 13:53:05
2298,1,2,2024,1001.76,2025-02-04 10:23:59
2299,3,2,2025,1712.73,2025-09-03 10:33:52
2300,6,2,2026,1007.60,2025-07-09 23:13:36
2301,8,2,2027,1145.22,2025-09-26 06:48:46
2302,6,2,2028,2708.84,2025-01-01 08:34:47
2303,6,2,2029,745.07,2025-08-29 14:44:43
2304,2,2,2030,979.85,2025-02-27 12:46:08
2305,7,2,2031,3887.05,2025-02-08 15:39:07
2306,8,3,2032,487.79,2025-11-10 02:33:43
2307,5,2,2032,487.79,2025-11-10 02:37:43
2308,10,2,2033,578.44,2025-12-06 03:30:22
2309,5,2,2034,584.34,2025-01-21 21:04:08
2310,1,2,2035,2073.09,2025-12-19 09:23:15
2311,7,2,2036,1435.95,2025-11-16 07:02:25
2312,4,2,2037,4364.95,2025-01-06 20:40:10
2313,6,2,2038,19562.56,2025-06-16 04:43:41
2314,8,2,2039,1107.67,2025-01-01 09:16:26
2315,6,2,2040,1342.76,2025-06-05 14:02:07
2316,10,2,2041,29259.41,2025-01-05 14:13:30
2317,5,2,2042,2396.22,2025-09-26 04:05:34
2318,2,3,2043,1206.69,2025-08-26 17:12:45
2319,5,2,2043,1206.69,2025-08-26 17:16:45
2320,10,2,2044,1025.51,2025-01-31 21:53:30
2321,10,2,2045,714.76,2025-07-06 03:40:44
2322,5,2,2046,2622.59,2025-04-29 06:30:10
2323,7,2,2047,1018.41,2025-10-25 12:47:18
2324,1,2,2048,921.57,2025-10-29 04:32:47
2325,5,2,2049,670.62,2025-11-15 13:36:32
2326,6,2,2050,1827.22,2025-01-28 06:26:43
2327,9,2,2051,3069.98,2025-01-03 02:56:25
2328,4,2,2052,2820.71,2025-10-06 05:49:02
2329,6,2,2053,4435.21,2025-01-07 21:07:54
2330,9,2,2054,1031.66,2025-07-15 17:56:50
2331,7,2,2055,1484.08,2025-07-31 03:07:53
2332,9,2,2056,2892.38,2025-01-23 20:15:58
2333,8,2,2057,739.65,2025-03-22 21:18:33
2334,1,2,2058,10429.64,2025-03-23 13:03:59
2335,5,2,2059,2060.02,2025-11-04 19:35:20
2336,8,2,2060,1525.00,2025-01-25 12:55:10
2337,2,2,2061,5718.70,2025-07-15 07:51:57
2338,9,2,2062,11931.15,2025-05-18 14:58:42
2339,8,3,2063,523.88,2025-12-23 23:28:37
2340,6,2,2063,523.88,2025-12-23 23:32:37
2341,3,2,2064,900.51,2025-03-28 20:10:21
2342,7,2,2065,3053.77,2025-09-19 04:56:20
2343,7,2,2066,2557.29,2025-11-03 22:02:24
2344,7,2,2067,1756.24,2025-05-23 04:48:46
2345,6,2,2068,1095.09,2025-03-28 03:18:50
2346,4,3,2069,510.40,2025-05-31 15:52:44
2347,8,2,2069,510.40,2025-05-31 15:56:44
2348,3,2,2070,2178.77,2025-12-11 20:40:55
2349,9,2,2071,16423.72,2025-10-16 01:48:33
2350,10,2,2072,841.04,2025-04-22 17:05:34
2351,3,2,2073,5517.37,2025-11-24 14:15:45
2352,8,2,2074,507.84,2025-04-26 22:50:26
2353,8,2,2075,967.85,2025-08-22 03:08:00
2354,3,2,2076,4686.73,2025-11-23 18:42:31
2355,6,2,2077,18385.67,2025-03-07 03:11:08
2356,1,2,2078,955.62,2025-04-08 19:02:40
2357,5,2,2079,1357.28,2025-11-06 03:30:17
2358,10,2,2080,27390.80,2025-04-10 04:17:18
2359,5,2,2081,13644.21,2025-04-26 02:38:47
2360,5,3,2082,807.03,2025-09-30 08:08:12
2361,7,2,2082,807.03,2025-09-30 08:12:12
2362,6,2,2083,636.86,2025-12-22 03:04:13
2363,8,2,2084,1309.74,2025-08-14 01:07:51
2364,3,2,2085,1337.74,2025-01-14 12:40:39
2365,1,2,2086,6246.84,2025-08-06 04:14:51
2366,8,2,2087,1232.18,2025-12-23 09:57:54
2367,8,2,2088,1654.06,2025-07-02 12:11:37
2368,1,2,2089,1201.09,2025-09-15 17:05:30
2369,2,2,2090,689.80,2025-03-07 22:48:16
2370,4,2,2091,718.33,2025-07-23 01:21:56
2371,3,2,2092,1099.52,2025-10-30 07:14:02
2372,10,2,2093,1226.94,2025-08-05 12:56:52
2373,7,2,2094,682.52,2025-10-08 21:32:25
2374,5,2,2095,5281.68,2025-03-26 03:07:07
2375,5,2,2096,1371.32,2025-12-21 19:18:36
2376,9,2,2097,2774.92,2025-03-23 02:32:45
2377,8,2,2098,810.98,2025-07-09 18:19:09
2378,6,2,2099,1321.00,2025-09-26 11:48:58
2379,6,2,2100,2980.37,2025-12-08 11:13:08
2380,4,2,2101,699.99,2025-12-20 07:29:59
2381,6,2,2102,6022.85,2025-04-07 13:37:10
2382,5,2,2103,737.43,2025-08-08 20:27:47
2383,6,2,2104,839.18,2025-11-03 19:37:43
2384,3,3,2105,1397.33,2025-09-10 02:17:31
2385,4,2,2105,1397.33,2025-09-10 02:21:31
2386,8,3,2106,2548.89,2025-12-25 00:09:27
2387,10,2,2106,2548.89,2025-12-25 00:13:27
2388,4,2,2107,1767.12,2025-03-16 13:41:50
2389,10,2,2108,3297.78,2025-06-18 05:20:23
2390,9,2,2109,742.75,2025-09-23 15:32:54
2391,9,3,2110,2622.20,2025-06-10 02:08:25
2392,10,2,2110,2622.20,2025-06-10 02:12:25
2393,4,2,2111,1808.41,2025-08-29 11:00:42
2394,4,2,2112,4134.74,2025-10-29 08:11:38
2395,2,2,2113,887.56,2025-05-30 06:32:53
2396,3,2,2114,1582.37,2025-01-16 22:06:50
2397,6,2,2115,4338.04,2025-01-09 11:17:54
2398,4,2,2116,1051.56,2025-09-26 11:01:04
2399,9,2,2117,907.03,2025-04-04 23:10:22
2400,10,2,2118,2584.57,2025-09-04 21:18:31
2401,7,2,2119,4723.44,2025-03-13 14:02:32
2402,7,2,2120,966.64,2025-07-10 07:57:42
2403,9,2,2121,615.19,2025-01-31 17:50:02
2404,8,2,2122,1392.55,2025-05-11 19:18:19
2405,9,2,2123,502.08,2025-08-21 16:34:51
2406,10,2,2124,1149.20,2025-06-05 07:33:01
2407,7,2,2125,6518.60,2025-08-30 13:59:05
2408,10,2,2126,20044.98,2025-11-29 16:01:07
2409,1,2,2127,790.23,2025-08-11 09:00:11
2410,9,3,2128,1616.64,2025-05-13 02:19:19
2411,5,2,2128,1616.64,2025-05-13 02:23:19
2412,2,2,2129,16547.24,2025-03-04 17:12:27
2413,4,2,2130,1186.16,2025-05-01 23:12:46
2414,8,2,2131,1923.20,2025-01-12 00:57:23
2415,4,2,2132,829.16,2025-12-25 01:59:19
2416,1,2,2133,1084.61,2025-08-06 10:10:23
2417,3,2,2134,5753.96,2025-06-12 20:50:32
2418,10,3,2135,715.48,2025-08-10 18:26:59
2419,9,2,2135,715.48,2025-08-10 18:30:59
2420,5,2,2136,3671.64,2025-01-14 19:04:46
2421,3,2,2137,713.78,2025-11-28 14:45:34
2422,7,2,2138,2359.16,2025-08-12 18:26:38
2423,1,3,2139,1003.20,2025-03-18 04:00:23
2424,7,2,2139,1003.20,2025-03-18 04:04:23
2425,4,2,2140,2607.70,2025-02-25 00:37:26
2426,2,2,2141,1069.09,2025-09-19 01:16:41
2427,5,2,2142,2241.51,2025-09-18 19:21:34
2428,4,2,2143,1115.02,2025-10-16 19:56:30
2429,6,2,2144,1456.77,2025-04-04 01:18:41
2430,3,2,2145,767.74,2025-08-15 03:48:48
2431,9,3,2146,981.76,2025-04-06 16:26:25
2432,2,2,2146,981.76,2025-04-06 16:30:25
2433,9,2,2147,1727.12,2025-07-17 16:44:26
2434,1,3,2148,707.11,2025-10-27 23:59:16
2435,10,2,2148,707.11,2025-10-28 00:03:16
2436,7,2,2149,834.59,2025-08-23 09:17:49
2437,3,2,2150,1958.10,2025-12-14 08:22:42
2438,9,2,2151,898.13,2025-06-28 04:05:08
2439,9,2,2152,675.68,2025-08-29 04:17:04
2440,3,2,2153,695.76,2025-03-01 15:46:32
2441,4,2,2154,4335.87,2025-03-06 12:27:40
2442,9,2,2155,1158.55,2025-08-18 19:52:35
2443,9,2,2156,3310.02,2025-12-05 14:51:56
2444,1,2,2157,5423.24,2025-09-10 13:26:00
2445,8,2,2158,2210.31,2025-12-02 05:21:57
2446,1,2,2159,1667.89,2025-03-10 03:25:28
2447,9,2,2160,6019.22,2025-09-08 18:07:09
2448,1,2,2161,619.43,2025-11-16 04:39:23
2449,4,3,2162,36859.43,2025-02-01 01:48:47
2450,3,2,2162,36859.43,2025-02-01 01:52:47
2451,3,2,2163,15156.65,2025-11-27 22:37:10
2452,9,2,2164,440.41,2025-11-24 03:29:25
2453,8,2,2165,1010.27,2025-04-19 03:01:26
2454,3,3,2166,508.33,2025-03-02 14:36:39
2455,1,2,2166,508.33,2025-03-02 14:40:39
2456,1,2,2167,1472.42,2025-07-23 00:35:15
2457,3,2,2168,357.79,2025-12-29 15:35:02
2458,7,2,2169,2172.66,2025-01-02 01:59:10
2459,6,2,2170,895.45,2025-12-18 20:58:25
2460,7,2,2171,328.16,2025-08-25 05:14:18
2461,2,2,2172,1911.74,2025-12-31 06:21:01
2462,6,3,2173,4878.44,2025-01-02 19:59:12
2463,8,2,2173,4878.44,2025-01-02 20:03:12
2464,9,2,2174,622.89,2025-02-28 21:56:12
2465,2,2,2175,1056.18,2025-12-12 23:03:04
2466,1,3,2176,2585.84,2025-07-14 20:31:54
2467,4,2,2176,2585.84,2025-07-14 20:35:54
2468,1,2,2177,3533.79,2025-09-14 06:49:45
2469,6,3,2178,978.46,2025-04-01 08:46:58
2470,8,2,2178,978.46,2025-04-01 08:50:58
2471,7,2,2179,2658.60,2025-06-11 19:54:15
2472,3,2,2180,9919.81,2025-02-14 04:45:54
2473,4,2,2181,164.64,2025-10-20 00:29:50
2474,2,2,2182,29905.77,2025-12-10 00:35:16
2475,9,2,2183,459.32,2025-07-24 14:24:31
2476,2,2,2184,989.86,2025-06-02 08:12:14
2477,8,2,2185,2126.68,2025-10-30 23:36:58
2478,4,2,2186,584.64,2025-10-18 04:29:41
2479,5,2,2187,4824.37,2025-02-16 00:13:06
2480,10,2,2188,903.63,2025-07-23 00:22:29
2481,6,2,2189,1201.51,2025-11-25 14:49:40
2482,2,2,2190,1200.93,2025-10-28 05:21:37
2483,6,2,2191,1662.86,2025-11-21 22:42:21
2484,3,2,2192,987.40,2025-02-03 23:20:07
2485,3,2,2193,3455.85,2025-12-08 16:01:04
2486,10,2,2194,1848.35,2025-04-21 06:49:14
2487,2,2,2195,3078.14,2025-09-30 22:24:04
2488,10,3,2196,1936.04,2025-11-24 09:36:42
2489,10,2,2196,1936.04,2025-11-24 09:40:42
2490,9,2,2197,3333.98,2025-06-15 00:52:04
2491,8,2,2198,2022.75,2025-12-22 12:23:54
2492,6,2,2199,3064.60,2025-04-02 17:15:25
2493,4,2,2200,1106.89,2025-11-12 17:31:03
2494,4,2,2201,2675.23,2025-10-16 16:33:58
2495,5,2,2202,232.04,2025-12-08 08:04:46
2496,8,2,2203,210.00,2025-05-24 06:20:22
2497,9,2,2204,16635.17,2025-06-13 03:50:27
2498,9,2,2205,1897.55,2025-03-26 06:39:49
2499,1,2,2206,5432.35,2025-10-04 04:53:12
2500,10,2,2207,1186.70,2025-09-13 17:28:17
2501,6,2,2208,708.84,2025-09-20 02:27:57
2502,4,2,2209,3406.07,2025-11-10 22:58:01
2503,7,2,2210,22478.92,2025-05-17 04:08:23
2504,2,2,2211,2756.96,2025-01-16 00:13:01
2505,6,2,2212,1918.60,2025-06-25 23:26:02
2506,3,2,2213,1007.81,2025-07-30 09:06:16
2507,4,2,2214,1072.71,2025-08-21 14:15:58
2508,8,2,2215,1059.20,2025-08-13 15:31:53
2509,4,2,2216,2975.40,2025-02-24 16:12:57
2510,4,3,2217,23167.00,2025-06-09 05:16:40
2511,10,2,2217,23167.00,2025-06-09 05:20:40
2512,9,2,2218,2520.44,2025-09-04 01:39:39
2513,5,2,2219,1674.86,2025-12-11 21:37:59
2514,6,2,2220,2108.70,2025-03-15 20:59:30
2515,5,3,2221,5563.47,2025-10-06 22:29:53
2516,10,2,2221,5563.47,2025-10-06 22:33:53
2517,7,2,2222,1221.38,2025-09-19 19:00:13
2518,8,2,2223,665.76,2025-03-21 09:29:33
2519,7,2,2224,1037.44,2025-09-25 09:29:29
2520,10,2,2225,1239.90,2025-06-08 04:22:03
2521,5,2,2226,13008.96,2025-05-18 10:23:50
2522,3,2,2227,528.25,2025-03-03 10:05:59
2523,2,2,2228,5540.30,2025-04-15 11:06:20
2524,9,2,2229,4258.10,2025-09-04 08:57:54
2525,10,2,2230,7624.66,2025-12-26 23:17:55
2526,2,2,2231,358.56,2025-05-09 22:42:07
2527,2,3,2232,263.76,2025-08-05 14:17:21
2528,6,2,2232,263.76,2025-08-05 14:21:21
2529,9,2,2233,3473.84,2025-06-04 21:46:20
2530,3,2,2234,698.95,2025-04-22 23:54:05
2531,4,2,2235,10239.74,2025-04-21 12:32:12
2532,2,2,2236,1111.57,2025-01-15 21:55:38
2533,1,3,2237,7458.53,2025-06-12 17:34:11
2534,10,2,2237,7458.53,2025-06-12 17:38:11
2535,10,2,2238,770.51,2025-01-05 13:54:07
2536,1,2,2239,839.14,2025-02-18 09:04:09
2537,8,2,2240,15600.43,2025-01-29 00:03:14
2538,1,2,2241,15501.88,2025-03-18 23:53:40
2539,7,2,2242,1006.84,2025-02-27 16:01:50
2540,2,2,2243,886.60,2025-11-04 09:05:12
2541,3,2,2244,1003.00,2025-01-05 17:52:20
2542,10,3,2245,751.70,2025-04-25 10:11:35
2543,1,2,2245,751.70,2025-04-25 10:15:35
2544,2,2,2246,17424.53,2025-08-11 17:01:24
2545,4,2,2247,12760.04,2025-10-28 03:34:19
2546,1,2,2248,1424.90,2025-06-27 19:11:55
2547,3,2,2249,1152.64,2025-10-12 18:04:56
2548,2,2,2250,3911.96,2025-01-11 15:20:21
2549,6,2,2251,1745.25,2025-01-10 03:15:26
2550,9,2,2252,729.52,2025-03-14 11:26:56
2551,10,2,2253,2620.49,2025-06-03 12:54:58
2552,10,3,2254,943.39,2025-10-12 03:26:40
2553,6,2,2254,943.39,2025-10-12 03:30:40
2554,10,2,2255,1101.62,2025-01-17 01:48:52
2555,10,2,2256,18197.30,2025-11-09 10:22:09
2556,3,2,2257,2326.99,2025-12-04 02:57:48
2557,7,2,2258,1561.82,2025-09-06 07:28:24
2558,6,2,2259,531.93,2025-01-10 19:02:52
2559,8,2,2260,4028.86,2025-11-13 18:54:51
2560,5,2,2261,449.71,2025-01-11 04:23:18
2561,6,3,2262,1353.59,2025-11-01 14:45:55
2562,6,2,2262,1353.59,2025-11-01 14:49:55
2563,9,3,2263,1384.68,2025-05-29 08:40:42
2564,7,2,2263,1384.68,2025-05-29 08:44:42
2565,1,2,2264,1073.13,2025-06-15 17:21:04
2566,5,2,2265,5669.84,2025-06-11 05:23:36
2567,5,2,2266,2393.50,2025-03-27 22:49:32
2568,4,2,2267,2609.50,2025-04-11 23:09:37
2569,2,3,2268,1993.91,2025-11-16 04:18:01
2570,5,2,2268,1993.91,2025-11-16 04:22:01
2571,9,2,2269,2348.74,2025-01-30 13:13:18
2572,3,2,2270,10612.56,2025-04-01 06:00:23
2573,9,3,2271,831.14,2025-01-29 15:05:18
2574,6,2,2271,831.14,2025-01-29 15:09:18
2575,6,2,2272,966.24,2025-04-23 01:35:55
2576,10,2,2273,2129.98,2025-12-21 10:19:17
2577,10,2,2274,3462.40,2025-02-11 19:29:15
2578,1,2,2275,14678.26,2025-06-05 23:34:31
2579,4,2,2276,15416.67,2025-01-04 01:06:28
2580,3,2,2277,4583.64,2025-12-28 19:35:24
2581,4,2,2278,18544.12,2025-01-08 00:12:25
2582,6,3,2279,712.44,2025-06-14 16:31:45
2583,10,2,2279,712.44,2025-06-14 16:35:45
2584,10,2,2280,21252.98,2025-05-31 07:30:18
2585,2,2,2281,990.88,2025-03-28 07:17:19
2586,2,2,2282,261.14,2025-08-31 12:25:36
2587,9,2,2283,806.66,2025-03-05 09:02:53
2588,6,2,2284,1854.80,2025-09-24 06:44:09
2589,2,2,2285,2122.91,2025-03-07 11:37:42
2590,9,2,2286,11335.91,2025-06-08 19:15:46
2591,5,2,2287,1555.04,2025-07-15 19:45:31
2592,6,2,2288,727.50,2025-10-29 10:30:52
2593,8,2,2289,2630.62,2025-08-02 12:09:45
2594,8,2,2290,1191.36,2025-03-28 22:41:14
2595,10,2,2291,7652.88,2025-09-11 04:16:36
2596,5,2,2292,1207.15,2025-04-30 13:00:25
2597,2,2,2293,2032.21,2025-04-22 12:51:44
2598,9,2,2294,940.18,2025-08-31 00:05:03
2599,1,2,2295,11357.11,2025-11-18 15:49:11
2600,10,2,2296,6343.52,2025-11-07 11:55:25
2601,3,2,2297,1165.31,2025-09-15 18:42:19
2602,6,2,2298,2529.68,2025-05-20 22:28:44
2603,2,2,2299,15758.91,2025-10-07 11:58:28
2604,2,2,2300,369.99,2025-10-16 20:12:45
2605,4,2,2301,1966.01,2025-10-17 01:34:47
2606,8,2,2302,3364.91,2025-04-13 13:12:57
2607,3,2,2303,706.44,2025-06-07 08:05:57
2608,6,2,2304,35878.46,2025-08-30 20:42:52
2609,5,2,2305,874.38,2025-05-03 21:05:05
2610,8,2,2306,1263.35,2025-11-17 04:51:46
2611,7,2,2307,1367.48,2025-11-23 05:40:25
2612,5,2,2308,1424.86,2025-09-07 11:21:35
2613,8,2,2309,1634.04,2025-05-13 18:42:42
2614,5,2,2310,3660.16,2025-10-22 14:45:24
2615,7,2,2311,957.43,2025-09-16 03:27:25
2616,4,3,2312,1161.05,2025-12-25 13:11:50
2617,1,2,2312,1161.05,2025-12-25 13:15:50
2618,5,2,2313,3187.59,2025-07-26 20:27:56
2619,1,2,2314,647.12,2025-12-23 02:35:08
2620,1,2,2315,289.39,2025-07-31 02:37:19
2621,8,2,2316,898.34,2025-09-13 08:35:27
2622,1,2,2317,3200.32,2025-09-20 07:28:20
2623,8,2,2318,2121.04,2025-01-06 18:03:18
2624,8,2,2319,2657.75,2025-04-26 02:51:55
2625,2,2,2320,923.30,2025-10-09 20:41:27
2626,10,2,2321,312.90,2025-03-17 19:41:31
2627,9,2,2322,1597.54,2025-05-25 18:22:02
2628,10,2,2323,1296.35,2025-12-20 07:20:15
2629,1,2,2324,1991.57,2025-05-20 01:52:38
2630,5,3,2325,1499.04,2025-10-08 11:49:30
2631,5,2,2325,1499.04,2025-10-08 11:53:30
2632,3,2,2326,1637.68,2025-01-28 11:26:00
2633,2,2,2327,19704.99,2025-01-09 07:14:54
2634,5,2,2328,753.03,2025-10-24 06:46:25
2635,8,2,2329,1619.64,2025-07-27 20:09:29
2636,5,2,2330,1508.36,2025-06-16 23:14:08
2637,10,2,2331,2052.25,2025-11-14 19:49:54
2638,3,3,2332,2217.04,2025-02-03 06:18:35
2639,5,2,2332,2217.04,2025-02-03 06:22:35
2640,3,2,2333,3096.63,2025-07-15 03:11:04
2641,1,2,2334,1027.63,2025-03-23 01:08:51
2642,10,2,2335,3481.34,2025-04-19 06:22:48
2643,8,2,2336,1391.97,2025-02-02 22:23:02
2644,3,2,2337,1585.10,2025-07-17 05:34:54
2645,4,3,2338,1097.97,2025-11-25 00:22:28
2646,5,2,2338,1097.97,2025-11-25 00:26:28
2647,6,2,2339,1149.06,2025-06-27 12:03:09
2648,9,3,2340,3236.38,2025-04-02 14:39:12
2649,10,2,2340,3236.38,2025-04-02 14:43:12
2650,9,2,2341,4190.73,2025-03-28 16:34:13
2651,8,2,2342,324.86,2025-06-08 14:48:17
2652,2,2,2343,1154.48,2025-12-11 22:04:53
2653,8,2,2344,1530.86,2025-01-05 16:26:22
2654,2,2,2345,592.12,2025-05-23 15:10:21
2655,10,2,2346,1165.19,2025-10-25 05:15:33
2656,5,2,2347,1678.22,2025-05-04 19:37:31
2657,7,2,2348,2214.98,2025-02-10 19:45:20
2658,8,2,2349,1908.74,2025-10-02 06:07:25
2659,3,2,2350,28788.96,2025-02-02 02:12:15
2660,6,2,2351,666.28,2025-07-11 21:06:04
2661,10,2,2352,940.18,2025-01-11 23:01:29
2662,4,2,2353,1729.46,2025-09-03 13:08:14
2663,7,2,2354,1176.83,2025-01-17 03:21:07
2664,4,2,2355,657.46,2025-11-25 18:46:42
2665,8,2,2356,494.56,2025-03-02 09:07:43
2666,2,2,2357,211.75,2025-03-13 22:07:42
2667,6,2,2358,827.72,2025-12-23 03:23:29
2668,5,2,2359,1480.78,2025-09-29 01:20:51
2669,10,2,2360,1251.96,2025-12-02 03:14:10
2670,2,2,2361,993.83,2025-11-14 15:24:09
2671,7,2,2362,1114.13,2025-07-21 05:54:59
2672,6,3,2363,3838.02,2025-01-06 20:56:42
2673,4,2,2363,3838.02,2025-01-06 21:00:42
2674,10,2,2364,2656.69,2025-07-16 18:24:28
2675,4,2,2365,743.41,2025-09-26 10:19:33
2676,9,2,2366,484.39,2025-04-16 15:23:29
2677,8,2,2367,1540.78,2025-02-02 13:45:12
2678,8,2,2368,485.47,2025-04-05 14:43:43
2679,7,2,2369,1550.05,2025-03-18 13:13:12
2680,5,2,2370,4090.38,2025-12-24 13:24:23
2681,1,2,2371,503.01,2025-12-27 18:09:16
2682,9,2,2372,1899.88,2025-09-13 09:33:39
2683,1,2,2373,5876.81,2025-05-20 20:17:20
2684,2,2,2374,1528.50,2025-03-06 19:35:29
2685,9,2,2375,17683.09,2025-05-24 17:24:04
2686,10,2,2376,29742.40,2025-06-10 07:18:52
2687,4,2,2377,2317.99,2025-07-23 04:44:15
2688,10,2,2378,983.49,2025-05-30 03:01:55
2689,4,2,2379,2549.83,2025-05-17 04:00:59
2690,9,2,2380,1197.85,2025-04-30 08:36:41
2691,1,2,2381,2473.83,2025-07-01 03:10:48
2692,4,2,2382,2753.12,2025-01-16 03:08:36
2693,1,2,2383,399.38,2025-11-25 08:11:49
2694,4,2,2384,1212.22,2025-04-05 21:40:04
2695,6,3,2385,1220.62,2025-02-23 12:54:54
2696,4,2,2385,1220.62,2025-02-23 12:58:54
2697,10,2,2386,4696.31,2025-06-02 20:07:28
2698,4,2,2387,1496.81,2025-08-02 15:49:03
2699,2,2,2388,2403.68,2025-03-07 07:08:13
2700,5,2,2389,4353.10,2025-07-27 17:45:58
2701,1,2,2390,2745.02,2025-08-27 11:56:53
2702,5,2,2391,1223.35,2025-01-15 11:24:23
2703,9,2,2392,2454.49,2025-08-16 09:50:37
2704,6,2,2393,291.32,2025-04-05 00:23:10
2705,6,2,2394,2014.02,2025-02-07 20:16:24
2706,1,3,2395,758.87,2025-07-04 05:33:18
2707,5,2,2395,758.87,2025-07-04 05:37:18
2708,8,2,2396,387.01,2025-10-29 20:25:45
2709,2,2,2397,22324.21,2025-04-02 06:29:45
2710,5,2,2398,1274.64,2025-02-25 15:11:05
2711,10,2,2399,582.54,2025-09-07 13:39:41
2712,8,2,2400,689.77,2025-04-28 21:50:52
2713,1,2,2401,17232.36,2025-03-17 09:47:42
2714,3,2,2402,7105.24,2025-11-14 14:51:16
2715,4,2,2403,1038.47,2025-11-12 10:41:16
2716,7,2,2404,12018.85,2025-06-28 21:32:33
2717,10,3,2405,2696.92,2025-02-12 06:27:08
2718,9,2,2405,2696.92,2025-02-12 06:31:08
2719,6,2,2406,1534.91,2025-12-31 03:42:30
2720,9,3,2407,1385.71,2025-07-20 12:57:24
2721,5,2,2407,1385.71,2025-07-20 13:01:24
2722,3,2,2408,2869.23,2025-09-16 17:51:28
2723,8,3,2409,440.21,2025-06-21 19:18:53
2724,4,2,2409,440.21,2025-06-21 19:22:53
2725,10,2,2410,556.62,2025-10-16 17:30:04
2726,9,2,2411,678.40,2025-12-18 10:25:32
2727,7,3,2412,1818.10,2025-01-31 07:26:29
2728,8,2,2412,1818.10,2025-01-31 07:30:29
2729,3,2,2413,878.65,2025-05-11 17:43:56
2730,7,2,2414,21080.35,2025-03-26 21:17:42
2731,1,2,2415,2138.29,2025-07-27 14:32:38
2732,1,2,2416,1040.30,2025-02-26 22:54:05
2733,9,2,2417,1140.52,2025-01-05 07:37:36
2734,2,2,2418,1315.76,2025-09-19 03:41:27
2735,4,3,2419,5205.09,2025-03-08 10:58:52
2736,4,2,2419,5205.09,2025-03-08 11:02:52
2737,5,2,2420,2172.16,2025-11-03 17:01:55
2738,3,2,2421,361.21,2025-12-15 11:18:51
2739,7,2,2422,2321.74,2025-08-17 06:32:45
2740,4,2,2423,1092.54,2025-03-21 20:33:30
2741,4,2,2424,1453.28,2025-02-15 19:47:06
2742,7,2,2425,2742.98,2025-08-03 23:10:43
2743,1,3,2426,17140.34,2025-06-22 00:24:38
2744,7,2,2426,17140.34,2025-06-22 00:28:38
2745,2,3,2427,1201.57,2025-04-21 07:18:40
2746,8,2,2427,1201.57,2025-04-21 07:22:40
2747,7,2,2428,390.68,2025-05-31 19:48:11
2748,4,2,2429,1502.70,2025-02-05 11:39:39
2749,9,2,2430,1988.01,2025-11-28 04:04:44
2750,8,3,2431,3128.59,2025-10-12 03:11:53
2751,9,2,2431,3128.59,2025-10-12 03:15:53
2752,3,2,2432,2051.84,2025-12-09 20:38:44
2753,4,3,2433,1679.18,2025-06-30 23:36:06
2754,9,2,2433,1679.18,2025-06-30 23:40:06
2755,2,2,2434,1130.83,2025-11-01 17:26:07
2756,10,2,2435,1513.87,2025-01-26 00:33:31
2757,2,2,2436,28866.42,2025-08-06 10:57:20
2758,6,2,2437,711.30,2025-03-06 17:11:03
2759,9,2,2438,1013.30,2025-10-06 23:45:12
2760,7,2,2439,1582.38,2025-09-05 16:13:59
2761,10,2,2440,3396.97,2025-02-02 10:34:02
2762,6,2,2441,1540.94,2025-08-02 08:07:01
2763,3,2,2442,803.14,2025-03-13 04:44:54
2764,10,2,2443,1034.02,2025-03-08 14:01:04
2765,5,2,2444,1902.04,2025-12-18 13:43:44
2766,4,2,2445,1242.51,2025-02-22 22:49:39
2767,2,2,2446,654.77,2025-02-21 07:08:57
2768,8,2,2447,4844.07,2025-11-21 06:41:07
2769,7,2,2448,2425.19,2025-02-04 07:42:54
2770,8,2,2449,1221.66,2025-10-28 07:29:16
2771,9,2,2450,287.97,2025-07-03 02:39:27
2772,6,2,2451,2176.45,2025-07-15 21:19:35
2773,9,2,2452,1863.09,2025-04-13 20:56:34
2774,10,3,2453,1429.52,2025-09-03 04:52:16
2775,5,2,2453,1429.52,2025-09-03 04:56:16
2776,1,2,2454,2334.52,2025-03-19 19:08:40
2777,4,2,2455,4775.20,2025-04-13 01:41:38
2778,1,2,2456,772.44,2025-08-05 17:53:36
2779,3,2,2457,889.06,2025-11-21 23:22:37
2780,4,2,2458,1434.23,2025-09-12 15:12:31
2781,6,2,2459,2534.24,2025-05-26 04:21:02
2782,3,2,2460,740.30,2025-07-18 17:13:28
2783,9,2,2461,1847.60,2025-05-01 08:13:02
2784,9,2,2462,1011.85,2025-01-01 18:15:43
2785,6,2,2463,1451.98,2025-10-04 17:23:23
2786,4,3,2464,6004.68,2025-09-01 02:41:34
2787,4,2,2464,6004.68,2025-09-01 02:45:34
2788,9,2,2465,691.54,2025-12-08 21:10:42
2789,7,2,2466,2695.91,2025-10-01 00:31:39
2790,8,2,2467,3323.01,2025-01-25 12:41:38
2791,3,3,2468,1596.50,2025-05-31 16:31:05
2792,1,2,2468,1596.50,2025-05-31 16:35:05
2793,4,3,2469,653.32,2025-09-09 11:45:32
2794,4,2,2469,653.32,2025-09-09 11:49:32
2795,2,3,2470,7596.02,2025-02-16 20:53:44
2796,8,2,2470,7596.02,2025-02-16 20:57:44
2797,8,2,2471,2298.97,2025-03-03 06:20:11
2798,9,2,2472,1162.41,2025-09-26 12:40:16
2799,4,2,2473,807.37,2025-02-23 23:18:30
2800,7,2,2474,2421.44,2025-08-22 17:24:32
2801,6,2,2475,1698.24,2025-10-06 04:45:57
2802,10,2,2476,901.28,2025-05-24 08:18:57
2803,6,2,2477,1090.38,2025-04-24 22:40:15
2804,4,2,2478,674.80,2025-07-07 18:39:12
2805,6,2,2479,2036.28,2025-10-11 05:19:47
2806,9,2,2480,1427.96,2025-05-30 13:56:32
2807,3,2,2481,2884.26,2025-11-05 22:54:35
2808,10,2,2482,1931.66,2025-01-15 23:35:00
2809,3,2,2483,1837.38,2025-03-25 22:54:34
2810,6,2,2484,2706.94,2025-08-18 00:49:08
2811,6,2,2485,470.14,2025-10-23 18:27:14
2812,10,2,2486,1834.58,2025-06-03 17:32:57
2813,7,2,2487,2300.32,2025-12-15 19:11:49
2814,9,2,2488,385.04,2025-09-24 18:27:38
2815,8,2,2489,1217.86,2025-05-26 09:02:12
2816,1,2,2490,7618.46,2025-06-26 04:03:54
2817,6,2,2491,1414.91,2025-12-29 05:05:03
2818,6,3,2492,1037.39,2025-02-03 08:35:35
2819,9,2,2492,1037.39,2025-02-03 08:39:35
2820,9,2,2493,12216.06,2025-04-09 01:06:22
2821,1,2,2494,1116.92,2025-05-29 21:14:05
2822,3,2,2495,1788.23,2025-09-11 02:56:58
2823,5,2,2496,649.45,2025-04-06 19:25:16
2824,9,2,2497,1413.75,2025-08-13 23:47:20
2825,9,2,2498,4527.59,2025-04-01 01:53:41
2826,3,2,2499,1011.89,2025-12-17 18:00:31
2827,7,2,2500,781.71,2025-04-03 07:20:59
2828,3,2,2501,520.88,2025-03-22 04:31:45
2829,1,2,2502,3627.60,2025-08-23 02:16:10
2830,2,2,2503,1073.19,2025-10-09 20:17:25
2831,3,3,2504,1801.35,2025-02-01 17:21:55
2832,8,2,2504,1801.35,2025-02-01 17:25:55
2833,7,2,2505,1635.46,2025-06-05 04:52:51
2834,1,2,2506,4971.92,2025-02-06 21:11:51
2835,1,2,2507,1083.41,2025-08-15 17:16:34
2836,9,2,2508,7514.29,2025-12-08 17:42:02
2837,7,2,2509,2118.30,2025-10-16 20:11:21
2838,9,2,2510,1392.06,2025-04-30 16:33:05
2839,9,2,2511,774.22,2025-03-06 08:58:37
2840,7,2,2512,819.17,2025-06-13 12:34:24
2841,4,2,2513,1777.64,2025-03-11 04:39:55
2842,6,2,2514,960.49,2025-12-15 05:14:32
2843,10,3,2515,1080.64,2025-10-07 18:45:10
2844,9,2,2515,1080.64,2025-10-07 18:49:10
2845,1,2,2516,16360.37,2025-07-16 16:44:25
2846,6,3,2517,1120.55,2025-11-10 19:35:31
2847,4,2,2517,1120.55,2025-11-10 19:39:31
2848,3,2,2518,1370.87,2025-09-29 18:16:05
2849,8,2,2519,576.86,2025-10-11 19:48:29
2850,1,2,2520,7603.08,2025-02-19 16:22:23
2851,5,2,2521,1484.28,2025-12-31 14:38:35
2852,9,2,2522,1639.21,2025-03-07 14:36:34
2853,4,2,2523,19649.65,2025-03-01 22:46:06
2854,5,2,2524,3474.25,2025-03-27 15:55:26
2855,10,2,2525,21048.56,2025-06-23 04:50:47
2856,7,2,2526,475.11,2025-12-07 04:19:54
2857,5,2,2527,820.62,2025-12-29 23:22:20
2858,6,2,2528,599.00,2025-06-22 17:32:26
2859,2,2,2529,370.74,2025-06-11 02:32:49
2860,9,2,2530,21838.14,2025-07-08 17:48:42
2861,2,2,2531,892.91,2025-04-06 11:14:20
2862,10,3,2532,3193.69,2025-03-16 18:32:29
2863,8,2,2532,3193.69,2025-03-16 18:36:29
2864,9,3,2533,2805.98,2025-09-08 16:00:33
2865,3,2,2533,2805.98,2025-09-08 16:04:33
2866,1,3,2534,1136.62,2025-11-05 15:56:25
2867,8,2,2534,1136.62,2025-11-05 16:00:25
2868,2,2,2535,665.51,2025-02-19 20:12:24
2869,8,2,2536,1127.06,2025-12-12 06:00:53
2870,2,3,2537,3660.99,2025-12-05 10:43:58
2871,10,2,2537,3660.99,2025-12-05 10:47:58
2872,10,2,2538,2915.44,2025-06-16 11:28:48
2873,10,3,2539,1520.92,2025-08-19 16:04:12
2874,1,2,2539,1520.92,2025-08-19 16:08:12
2875,8,2,2540,1417.82,2025-12-17 10:52:43
2876,6,2,2541,894.72,2025-09-02 21:45:11
2877,1,2,2542,1347.73,2025-03-26 21:38:56
2878,7,2,2543,576.92,2025-09-15 23:54:50
2879,3,2,2544,1496.06,2025-03-16 08:09:38
2880,4,2,2545,1797.88,2025-10-28 10:06:00
2881,1,2,2546,849.28,2025-06-17 14:14:06
2882,7,2,2547,2974.68,2025-11-02 04:44:44
2883,7,2,2548,1061.05,2025-04-17 10:43:29
2884,5,2,2549,31261.10,2025-06-26 19:36:30
2885,3,2,2550,846.65,2025-07-16 19:35:58
2886,5,2,2551,1359.68,2025-09-30 23:57:49
2887,6,2,2552,2073.15,2025-12-20 09:21:11
2888,4,2,2553,9333.48,2025-06-24 08:42:35
2889,7,2,2554,4368.18,2025-07-05 19:55:27
2890,7,3,2555,643.50,2025-09-22 22:51:07
2891,1,2,2555,643.50,2025-09-22 22:55:07
2892,1,2,2556,2992.20,2025-01-11 17:45:05
2893,3,2,2557,2017.83,2025-09-16 21:43:23
2894,8,2,2558,13029.96,2025-03-30 13:55:16
2895,4,2,2559,2621.51,2025-06-05 14:51:27
2896,5,2,2560,1004.20,2025-04-18 20:57:12
2897,4,2,2561,1215.00,2025-10-01 07:03:06
2898,3,2,2562,23194.17,2025-05-18 06:03:20
2899,5,2,2563,1843.77,2025-08-13 17:27:59
2900,10,2,2564,961.58,2025-01-28 10:01:23
2901,8,2,2565,626.72,2025-03-04 11:41:17
2902,1,2,2566,2837.64,2025-12-07 15:09:21
2903,6,2,2567,560.05,2025-08-08 01:18:02
2904,1,2,2568,262.20,2025-11-25 04:36:38
2905,8,2,2569,4396.04,2025-05-03 04:01:52
2906,8,2,2570,1618.60,2025-12-08 19:53:44
2907,3,3,2571,1404.15,2025-10-03 01:28:17
2908,3,2,2571,1404.15,2025-10-03 01:32:17
2909,8,2,2572,768.26,2025-05-13 02:10:18
2910,6,2,2573,1204.78,2025-12-10 05:51:48
2911,6,2,2574,592.86,2025-06-22 02:51:14
2912,4,2,2575,1106.27,2025-08-04 11:46:28
2913,9,2,2576,1216.64,2025-12-29 21:33:10
2914,8,2,2577,2405.00,2025-10-17 23:28:37
2915,10,2,2578,1741.82,2025-10-02 23:33:51
2916,1,2,2579,2723.05,2025-10-08 18:06:06
2917,2,2,2580,1670.36,2025-01-19 03:35:11
2918,3,2,2581,830.86,2025-12-12 17:43:12
2919,10,2,2582,3224.05,2025-01-25 03:26:13
2920,8,2,2583,1602.52,2025-10-29 14:42:17
2921,5,2,2584,28800.17,2025-11-21 20:53:54
2922,9,2,2585,897.53,2025-02-02 10:35:43
2923,9,2,2586,442.24,2025-03-16 18:51:44
2924,9,2,2587,4580.27,2025-09-09 23:10:37
2925,1,2,2588,1342.44,2025-04-22 16:07:08
2926,4,2,2589,2748.19,2025-01-06 22:39:15
2927,8,2,2590,914.91,2025-11-01 20:23:27
2928,4,2,2591,39652.66,2025-02-11 04:44:14
2929,5,3,2592,2570.38,2025-12-02 11:07:56
2930,6,2,2592,2570.38,2025-12-02 11:11:56
2931,7,2,2593,1147.34,2025-10-06 05:45:15
2932,9,2,2594,23029.27,2025-10-08 16:33:31
2933,1,2,2595,6382.32,2025-03-14 00:30:09
2934,8,2,2596,414.48,2025-07-06 16:41:40
2935,5,3,2597,2032.41,2025-05-15 18:39:40
2936,1,2,2597,2032.41,2025-05-15 18:43:40
2937,4,2,2598,757.26,2025-10-18 19:01:15
2938,1,2,2599,906.44,2025-02-20 04:54:33
2939,2,2,2600,4322.95,2025-08-03 00:20:36
2940,6,2,2601,2418.12,2025-11-17 16:20:33
2941,9,2,2602,1456.36,2025-03-24 13:50:21
2942,10,2,2603,23239.26,2025-12-06 09:00:21
2943,1,2,2604,851.08,2025-10-21 20:04:11
2944,6,2,2605,11389.11,2025-08-22 18:17:08
2945,7,2,2606,16551.14,2025-03-13 12:39:03
2946,5,2,2607,944.30,2025-01-07 14:47:10
2947,9,2,2608,1111.37,2025-10-12 02:42:45
2948,2,2,2609,904.09,2025-12-15 19:35:43
2949,7,2,2610,499.16,2025-10-29 04:12:45
2950,9,2,2611,1272.90,2025-10-01 16:08:42
2951,4,2,2612,705.15,2025-02-08 18:35:06
2952,6,2,2613,1067.60,2025-03-01 13:01:10
2953,5,2,2614,683.31,2025-07-20 15:56:43
2954,3,2,2615,1490.12,2025-05-15 04:31:02
2955,4,2,2616,4200.27,2025-11-27 18:24:31
2956,1,2,2617,21180.25,2025-11-24 07:48:47
2957,1,2,2618,1612.70,2025-12-28 13:31:10
2958,1,2,2619,783.95,2025-01-24 19:20:51
2959,7,2,2620,1159.60,2025-11-26 10:59:17
2960,9,2,2621,3713.42,2025-02-19 05:06:15
2961,10,2,2622,21185.66,2025-03-13 20:35:18
2962,8,2,2623,780.02,2025-12-24 01:38:18
2963,4,2,2624,21566.92,2025-08-30 14:42:49
2964,8,2,2625,750.91,2025-08-04 03:07:44
2965,2,2,2626,493.18,2025-01-05 16:30:44
2966,9,2,2627,770.29,2025-09-27 11:16:35
2967,7,2,2628,832.14,2025-08-06 23:24:30
2968,2,2,2629,556.55,2025-12-31 17:19:29
2969,10,2,2630,1043.87,2025-03-19 19:36:23
2970,5,2,2631,369.65,2025-11-03 05:35:12
2971,5,2,2632,2045.68,2025-01-10 15:02:23
2972,2,2,2633,1486.04,2025-01-12 05:05:59
2973,2,2,2634,2384.84,2025-12-08 19:20:00
2974,10,2,2635,1547.44,2025-09-06 15:32:10
2975,9,2,2636,3209.91,2025-03-04 02:02:03
2976,6,2,2637,3869.70,2025-09-14 22:47:11
2977,4,2,2638,2392.62,2025-10-12 00:09:23
2978,7,2,2639,605.96,2025-01-21 10:40:02
2979,1,2,2640,3072.22,2025-09-22 03:16:58
2980,5,2,2641,18005.25,2025-05-27 03:58:25
2981,3,2,2642,1602.74,2025-09-11 06:25:54
2982,3,2,2643,1989.65,2025-12-17 05:27:05
2983,10,2,2644,1871.39,2025-04-23 16:27:27
2984,5,2,2645,995.07,2025-02-21 11:22:57
2985,8,2,2646,844.34,2025-02-04 00:05:16
2986,1,2,2647,879.59,2025-04-14 18:24:27
2987,3,2,2648,2422.02,2025-10-13 11:46:13
2988,5,2,2649,11856.26,2025-01-07 17:30:54
2989,6,2,2650,1430.81,2025-05-19 21:07:04
2990,1,2,2651,1480.90,2025-10-27 07:20:35
2991,5,2,2652,1674.56,2025-01-02 19:01:15
2992,4,2,2653,8773.99,2025-12-22 11:02:27
2993,4,2,2654,1409.81,2025-05-30 09:47:03
2994,2,2,2655,845.77,2025-03-21 11:04:37
2995,9,3,2656,1338.96,2025-08-16 14:29:19
2996,5,2,2656,1338.96,2025-08-16 14:33:19
2997,9,2,2657,1508.96,2025-05-01 04:59:19
2998,7,2,2658,14586.04,2025-05-05 15:30:06
2999,9,2,2659,665.47,2025-02-18 05:28:50
3000,9,2,2660,332.54,2025-03-13 17:26:55
3001,9,2,2661,1250.22,2025-12-18 09:08:47
3002,3,2,2662,910.97,2025-11-12 18:42:15
3003,6,2,2663,1369.58,2025-12-23 00:32:58
3004,3,2,2664,3124.82,2025-09-07 00:43:32
3005,3,3,2665,930.50,2025-03-03 20:08:32
3006,6,2,2665,930.50,2025-03-03 20:12:32
3007,3,2,2666,390.85,2025-05-06 14:59:21
3008,3,2,2667,1588.56,2025-09-26 19:26:34
3009,4,2,2668,3053.88,2025-02-16 04:41:04
3010,3,2,2669,401.91,2025-02-22 07:13:22
3011,9,2,2670,783.20,2025-08-30 02:38:13
3012,5,2,2671,1462.54,2025-08-30 23:10:56
3013,4,2,2672,1123.68,2025-06-28 04:21:27
3014,1,2,2673,1121.46,2025-03-28 15:12:43
3015,5,3,2674,1545.92,2025-05-15 09:59:10
3016,9,2,2674,1545.92,2025-05-15 10:03:10
3017,9,2,2675,660.15,2025-09-26 17:36:07
3018,9,2,2676,40089.68,2025-12-07 02:33:17
3019,2,2,2677,1364.57,2025-04-15 13:38:34
3020,3,2,2678,567.58,2025-03-17 08:32:18
3021,10,2,2679,2238.13,2025-03-29 20:44:46
3022,3,2,2680,543.19,2025-06-23 22:17:10
3023,7,3,2681,2807.15,2025-11-12 19:41:56
3024,10,2,2681,2807.15,2025-11-12 19:45:56
3025,1,3,2682,391.90,2025-11-30 12:06:57
3026,9,2,2682,391.90,2025-11-30 12:10:57
3027,1,2,2683,8973.31,2025-12-11 01:58:23
3028,9,2,2684,11947.19,2025-05-30 05:05:01
3029,6,2,2685,4439.54,2025-01-14 16:24:56
3030,7,2,2686,621.29,2025-06-09 07:50:42
3031,5,2,2687,1799.92,2025-02-16 12:56:25
3032,9,2,2688,1995.58,2025-05-31 14:42:41
3033,8,2,2689,2033.23,2025-12-18 13:38:45
3034,3,2,2690,38689.00,2025-10-08 23:20:53
3035,10,2,2691,457.60,2025-03-02 21:10:26
3036,5,2,2692,1949.49,2025-05-18 15:48:03
3037,1,2,2693,1695.36,2025-08-14 16:46:54
3038,8,2,2694,10247.52,2025-06-26 07:55:40
3039,9,2,2695,8111.84,2025-12-26 07:34:59
3040,10,2,2696,866.70,2025-10-21 19:50:31
3041,8,2,2697,260.72,2025-09-30 22:47:56
3042,10,2,2698,1043.97,2025-09-09 05:06:56
3043,8,2,2699,594.89,2025-09-22 16:04:04
3044,4,2,2700,3572.42,2025-10-16 01:06:39
3045,2,2,2701,31078.80,2025-05-24 19:41:49
3046,10,2,2702,1044.29,2025-03-16 22:04:05
3047,6,2,2703,3291.03,2025-09-06 19:08:36
3048,2,2,2704,428.45,2025-01-13 10:28:07
3049,4,2,2705,477.00,2025-01-15 10:56:08
3050,1,2,2706,598.89,2025-10-11 08:40:37
3051,5,2,2707,626.81,2025-05-09 23:01:13
3052,9,2,2708,1301.04,2025-12-26 04:00:22
3053,1,2,2709,833.66,2025-07-27 09:14:45
3054,10,3,2710,39179.32,2025-12-16 19:26:40
3055,7,2,2710,39179.32,2025-12-16 19:30:40
3056,3,3,2711,1027.49,2025-05-08 22:03:58
3057,4,2,2711,1027.49,2025-05-08 22:07:58
3058,7,2,2712,3831.40,2025-10-09 04:26:48
3059,4,2,2713,2726.55,2025-06-26 10:12:28
3060,3,2,2714,955.04,2025-02-10 03:52:08
3061,10,2,2715,1447.38,2025-03-13 05:55:25
3062,7,2,2716,1128.89,2025-02-26 07:34:05
3063,7,3,2717,914.06,2025-08-29 12:55:28
3064,4,2,2717,914.06,2025-08-29 12:59:28
3065,10,2,2718,29460.40,2025-05-22 12:53:48
3066,10,2,2719,13130.10,2025-02-24 01:24:43
3067,10,2,2720,1437.70,2025-11-15 18:02:14
3068,5,2,2721,926.56,2025-03-09 00:44:33
3069,6,2,2722,1639.72,2025-10-22 04:08:04
3070,9,2,2723,1873.40,2025-12-07 06:14:21
3071,2,2,2724,1242.56,2025-07-26 00:49:44
3072,6,2,2725,4949.32,2025-04-26 04:22:17
3073,4,2,2726,239.62,2025-03-30 14:26:42
3074,1,2,2727,1939.51,2025-09-20 03:16:41
3075,1,3,2728,3246.50,2025-09-16 01:38:48
3076,4,2,2728,3246.50,2025-09-16 01:42:48
3077,3,2,2729,946.95,2025-05-09 10:00:27
3078,8,2,2730,902.23,2025-08-06 03:15:50
3079,6,3,2731,2095.30,2025-07-02 17:07:22
3080,3,2,2731,2095.30,2025-07-02 17:11:22
3081,1,2,2732,4135.14,2025-11-04 12:42:27
3082,2,2,2733,2707.26,2025-04-29 06:52:44
3083,7,2,2734,1051.10,2025-04-07 14:24:51
3084,4,2,2735,1702.53,2025-01-22 19:33:36
3085,10,2,2736,2803.02,2025-10-01 03:38:12
3086,5,2,2737,2297.49,2025-03-20 20:46:10
3087,3,2,2738,1958.48,2025-03-13 16:50:46
3088,1,2,2739,7543.32,2025-11-10 12:29:07
3089,9,2,2740,1495.39,2025-08-13 15:11:51
3090,4,3,2741,2858.22,2025-08-29 04:51:57
3091,5,2,2741,2858.22,2025-08-29 04:55:57
3092,1,2,2742,253.17,2025-06-24 05:36:31
3093,8,2,2743,12288.44,2025-01-05 15:30:41
3094,9,2,2744,1128.50,2025-09-04 22:28:28
3095,9,2,2745,3582.37,2025-04-04 20:26:18
3096,6,2,2746,1947.88,2025-06-01 06:23:42
3097,6,2,2747,2616.73,2025-04-24 15:52:04
3098,6,3,2748,1695.80,2025-06-16 17:11:30
3099,8,2,2748,1695.80,2025-06-16 17:15:30
3100,9,2,2749,2264.42,2025-05-21 05:45:51
3101,2,2,2750,3955.65,2025-06-07 13:08:49
3102,7,3,2751,3422.63,2025-07-16 16:29:04
3103,7,2,2751,3422.63,2025-07-16 16:33:04
3104,9,2,2752,832.11,2025-06-19 00:22:19
3105,6,2,2753,1141.16,2025-01-18 23:51:33
3106,2,2,2754,886.98,2025-08-08 09:57:07
3107,5,2,2755,417.46,2025-11-03 02:21:03
3108,9,2,2756,19887.92,2025-02-23 09:04:01
3109,3,3,2757,1101.88,2025-06-23 05:14:12
3110,3,2,2757,1101.88,2025-06-23 05:18:12
3111,8,2,2758,766.32,2025-12-18 21:09:51
3112,3,2,2759,1853.70,2025-04-28 02:32:09
3113,2,2,2760,1614.10,2025-02-18 05:23:52
3114,6,2,2761,5983.79,2025-04-12 08:53:49
3115,2,2,2762,1734.42,2025-08-22 09:33:49
3116,6,2,2763,809.10,2025-08-31 04:10:27
3117,3,2,2764,1234.51,2025-10-19 04:12:19
3118,5,2,2765,1225.33,2025-11-26 05:47:57
3119,3,2,2766,351.95,2025-06-12 07:10:20
3120,1,2,2767,527.22,2025-04-14 05:46:11
3121,9,3,2768,823.51,2025-05-04 04:09:00
3122,8,2,2768,823.51,2025-05-04 04:13:00
3123,4,2,2769,40066.05,2025-12-04 00:52:04
3124,2,2,2770,1116.96,2025-09-07 07:58:06
3125,5,2,2771,507.76,2025-11-14 22:02:38
3126,9,2,2772,1477.94,2025-12-26 19:50:53
3127,5,2,2773,3409.80,2025-04-18 14:47:16
3128,4,2,2774,2316.97,2025-09-01 14:12:06
3129,4,2,2775,1102.87,2025-12-16 21:23:33
3130,1,2,2776,5103.09,2025-09-02 01:12:22
3131,7,2,2777,1332.19,2025-12-05 17:08:20
3132,2,2,2778,1759.14,2025-11-02 03:38:31
3133,5,2,2779,960.52,2025-02-07 18:37:03
3134,7,2,2780,1016.70,2025-03-16 14:40:32
3135,8,2,2781,1447.52,2025-06-01 00:31:13
3136,8,3,2782,2541.32,2025-01-13 21:26:28
3137,7,2,2782,2541.32,2025-01-13 21:30:28
3138,6,2,2783,1719.05,2025-02-06 18:45:25
3139,4,2,2784,797.39,2025-08-09 08:07:47
3140,10,2,2785,4626.70,2025-04-10 03:48:52
3141,5,2,2786,2888.51,2025-05-23 15:06:47
3142,5,2,2787,653.55,2025-01-02 07:30:48
3143,5,2,2788,699.21,2025-03-17 03:54:38
3144,3,3,2789,1701.98,2025-10-30 21:15:37
3145,2,2,2789,1701.98,2025-10-30 21:19:37
3146,3,2,2790,3244.69,2025-12-09 09:15:03
3147,8,2,2791,9947.15,2025-12-26 04:15:51
3148,6,2,2792,1021.19,2025-01-10 19:13:15
3149,7,2,2793,693.38,2025-05-09 18:41:34
3150,2,3,2794,1411.90,2025-09-28 01:31:26
3151,2,2,2794,1411.90,2025-09-28 01:35:26
3152,3,2,2795,775.78,2025-01-26 00:24:25
3153,1,2,2796,2067.49,2025-06-14 22:20:24
3154,7,2,2797,628.66,2025-07-02 11:56:43
3155,5,2,2798,1550.13,2025-12-07 19:39:13
3156,9,2,2799,634.73,2025-09-11 23:31:28
3157,5,2,2800,10453.86,2025-06-25 16:19:42
3158,4,3,2801,2190.89,2025-12-12 21:25:56
3159,3,2,2801,2190.89,2025-12-12 21:29:56
3160,10,2,2802,17126.79,2025-04-06 06:52:05
3161,10,2,2803,12239.24,2025-09-22 10:56:27
3162,6,3,2804,550.19,2025-09-03 08:01:21
3163,5,2,2804,550.19,2025-09-03 08:05:21
3164,3,2,2805,17515.15,2025-08-14 17:49:29
3165,4,2,2806,3881.04,2025-03-16 04:22:47
3166,2,2,2807,2298.88,2025-02-10 02:14:23
3167,2,2,2808,789.76,2025-12-16 15:19:53
3168,5,2,2809,1607.38,2025-08-08 15:02:38
3169,4,2,2810,5076.60,2025-06-14 02:00:31
3170,3,3,2811,1331.00,2025-09-24 17:43:49
3171,3,2,2811,1331.00,2025-09-24 17:47:49
3172,6,2,2812,1555.82,2025-08-21 11:12:30
3173,4,2,2813,1600.20,2025-04-20 20:54:00
3174,4,2,2814,570.90,2025-03-20 20:14:58
3175,2,2,2815,691.96,2025-08-06 17:39:31
3176,6,3,2816,1586.49,2025-12-01 00:07:54
3177,3,2,2816,1586.49,2025-12-01 00:11:54
3178,8,2,2817,959.15,2025-04-23 10:40:59
3179,10,2,2818,641.17,2025-10-06 05:14:39
3180,1,3,2819,811.72,2025-06-07 23:54:55
3181,10,2,2819,811.72,2025-06-07 23:58:55
3182,8,2,2820,537.57,2025-02-25 11:25:49
3183,3,3,2821,1036.71,2025-02-23 04:39:24
3184,9,2,2821,1036.71,2025-02-23 04:43:24
3185,6,2,2822,1749.33,2025-10-15 04:50:47
3186,3,2,2823,906.14,2025-07-23 01:17:04
3187,8,2,2824,2606.63,2025-01-03 17:51:36
3188,6,2,2825,662.53,2025-11-24 20:29:45
3189,3,2,2826,1339.04,2025-08-02 06:19:13
3190,2,2,2827,962.87,2025-12-05 17:32:48
3191,9,2,2828,672.53,2025-07-24 04:58:02
3192,6,3,2829,1605.56,2025-03-06 19:51:59
3193,5,2,2829,1605.56,2025-03-06 19:55:59
3194,4,2,2830,10189.89,2025-05-20 19:27:16
3195,7,2,2831,1016.94,2025-02-08 02:42:07
3196,8,2,2832,991.68,2025-04-11 22:12:57
3197,4,2,2833,891.01,2025-06-14 09:32:52
3198,9,2,2834,787.99,2025-06-11 00:07:18
3199,7,2,2835,974.87,2025-02-11 18:03:56
3200,7,2,2836,1677.10,2025-12-22 15:53:41
3201,9,2,2837,7431.85,2025-10-25 03:54:05
3202,10,2,2838,2481.10,2025-09-20 18:47:58
3203,3,3,2839,1282.80,2025-05-04 02:59:37
3204,1,2,2839,1282.80,2025-05-04 03:03:37
3205,8,2,2840,785.09,2025-06-27 17:51:10
3206,5,3,2841,5790.43,2025-04-26 14:15:10
3207,6,2,2841,5790.43,2025-04-26 14:19:10
3208,6,2,2842,2985.75,2025-07-26 02:11:33
3209,7,2,2843,1427.24,2025-05-09 03:07:03
3210,6,2,2844,586.36,2025-07-23 14:08:26
3211,4,2,2845,5661.57,2025-02-20 14:56:06
3212,6,2,2846,2966.88,2025-08-17 00:41:16
3213,6,2,2847,1126.46,2025-03-22 05:37:10
3214,6,2,2848,307.14,2025-10-07 14:13:45
3215,2,2,2849,1057.63,2025-02-12 23:56:53
3216,8,2,2850,6407.99,2025-07-19 10:27:32
3217,1,2,2851,2441.52,2025-08-15 08:27:53
3218,7,2,2852,748.37,2025-05-13 20:58:54
3219,4,2,2853,1261.62,2025-07-14 14:02:26
3220,10,2,2854,11727.32,2025-05-14 07:12:18
3221,5,2,2855,1423.91,2025-11-16 03:35:56
3222,4,2,2856,380.49,2025-11-24 13:35:27
3223,9,2,2857,1768.87,2025-10-24 01:43:47
3224,4,2,2858,2234.96,2025-09-08 03:19:21
3225,2,2,2859,2260.05,2025-02-18 20:50:04
3226,7,3,2860,702.57,2025-03-22 08:31:09
3227,3,2,2860,702.57,2025-03-22 08:35:09
3228,9,2,2861,389.67,2025-05-20 19:09:11
3229,6,2,2862,2004.72,2025-10-05 00:13:19
3230,7,2,2863,2588.96,2025-12-05 03:42:17
3231,5,3,2864,2367.89,2025-03-28 20:29:20
3232,10,2,2864,2367.89,2025-03-28 20:33:20
3233,10,2,2865,3110.99,2025-11-10 03:47:52
3234,5,2,2866,682.37,2025-06-20 06:44:18
3235,10,2,2867,2537.08,2025-07-19 20:24:01
3236,8,2,2868,883.09,2025-12-05 07:05:46
3237,1,2,2869,3029.67,2025-02-10 01:40:13
3238,8,2,2870,8293.36,2025-03-20 07:09:34
3239,2,2,2871,762.84,2025-07-09 12:46:54
3240,7,2,2872,2203.12,2025-12-31 07:22:00
3241,3,2,2873,5781.13,2025-02-27 14:03:36
3242,2,2,2874,582.17,2025-04-20 23:36:14
3243,8,2,2875,2247.12,2025-07-15 12:04:28
3244,3,2,2876,481.60,2025-09-14 03:13:20
3245,4,2,2877,3272.52,2025-11-29 22:45:54
3246,8,2,2878,1968.65,2025-09-20 16:08:01
3247,7,2,2879,2415.69,2025-08-19 20:45:57
3248,2,2,2880,1448.43,2025-06-13 07:36:21
3249,3,2,2881,443.61,2025-03-24 17:28:21
3250,6,2,2882,3013.74,2025-10-28 13:41:05
3251,7,2,2883,2828.64,2025-05-03 15:13:33
3252,2,2,2884,907.63,2025-07-15 15:18:55
3253,1,2,2885,17682.59,2025-01-31 04:23:58
3254,2,2,2886,1832.61,2025-06-15 11:36:50
3255,2,2,2887,1689.32,2025-01-04 02:19:25
3256,3,3,2888,10197.68,2025-07-28 19:41:38
3257,3,2,2888,10197.68,2025-07-28 19:45:38
3258,1,2,2889,872.39,2025-06-25 00:38:59
3259,4,2,2890,773.88,2025-07-18 15:51:14
3260,6,2,2891,324.14,2025-04-28 18:43:45
3261,10,2,2892,12878.88,2025-12-30 11:23:24
3262,2,2,2893,500.91,2025-05-06 16:57:05
3263,3,2,2894,1619.02,2025-06-18 18:37:10
3264,10,2,2895,9278.33,2025-09-07 18:28:06
3265,6,2,2896,364.04,2025-01-25 19:12:57
3266,10,2,2897,2000.14,2025-04-01 18:36:23
3267,10,2,2898,2593.44,2025-08-04 08:48:30
3268,4,3,2899,2319.36,2025-12-18 08:43:29
3269,9,2,2899,2319.36,2025-12-18 08:47:29
3270,6,2,2900,749.87,2025-07-21 04:26:43
3271,3,2,2901,2175.78,2025-07-28 11:18:57
3272,9,2,2902,991.91,2025-01-29 12:40:11
3273,10,2,2903,1958.13,2025-07-09 23:35:14
3274,2,2,2904,2950.53,2025-06-28 04:43:00
3275,5,3,2905,1459.43,2025-06-10 16:08:37
3276,4,2,2905,1459.43,2025-06-10 16:12:37
3277,10,3,2906,2408.81,2025-04-27 07:24:50
3278,7,2,2906,2408.81,2025-04-27 07:28:50
3279,2,3,2907,1591.64,2025-10-23 00:27:24
3280,1,2,2907,1591.64,2025-10-23 00:31:24
3281,10,3,2908,678.91,2025-01-09 01:12:12
3282,3,2,2908,678.91,2025-01-09 01:16:12
3283,2,2,2909,1043.41,2025-11-26 13:52:20
3284,7,2,2910,1901.69,2025-08-09 07:21:03
3285,1,2,2911,3994.42,2025-02-17 12:12:02
3286,4,2,2912,18150.66,2025-09-27 22:40:43
3287,8,2,2913,1691.33,2025-08-01 18:38:35
3288,3,2,2914,331.83,2025-10-30 15:58:05
3289,9,2,2915,3679.23,2025-12-04 20:57:16
3290,1,2,2916,850.94,2025-03-26 00:47:29
3291,7,2,2917,5432.04,2025-03-13 12:24:41
3292,4,2,2918,15824.21,2025-03-03 16:11:48
3293,2,2,2919,1971.18,2025-11-18 11:16:41
3294,3,2,2920,2818.44,2025-02-20 05:16:07
3295,9,3,2921,5655.47,2025-07-25 23:23:04
3296,9,2,2921,5655.47,2025-07-25 23:27:04
3297,7,2,2922,1955.95,2025-06-07 02:04:09
3298,8,2,2923,3156.18,2025-06-28 07:05:39
3299,4,2,2924,4405.92,2025-04-07 17:48:59
3300,7,2,2925,569.93,2025-07-01 07:51:41
3301,8,2,2926,1681.16,2025-07-17 08:27:25
3302,9,2,2927,1944.72,2025-11-13 01:52:45
3303,8,2,2928,4049.15,2025-12-14 02:07:37
3304,4,2,2929,1040.07,2025-03-22 16:15:16
3305,8,2,2930,2075.39,2025-03-11 00:26:46
3306,5,2,2931,1647.70,2025-08-15 22:20:12
3307,4,2,2932,783.97,2025-07-15 10:16:34
3308,8,3,2933,421.24,2025-02-18 11:04:59
3309,2,2,2933,421.24,2025-02-18 11:08:59
3310,2,2,2934,958.52,2025-08-30 15:53:10
3311,10,2,2935,2887.08,2025-07-01 11:34:45
3312,2,2,2936,702.03,2025-10-20 15:30:30
3313,3,2,2937,3360.64,2025-02-26 18:10:53
3314,9,2,2938,2348.87,2025-09-16 01:14:34
3315,3,2,2939,670.05,2025-09-06 22:00:37
3316,5,2,2940,14764.14,2025-10-28 13:03:47
3317,10,2,2941,1014.23,2025-11-03 00:41:48
3318,2,2,2942,2563.12,2025-11-01 05:10:35
3319,10,2,2943,930.18,2025-04-26 23:10:45
3320,10,2,2944,1785.47,2025-03-09 15:23:16
3321,9,2,2945,658.15,2025-04-20 03:48:45
3322,3,3,2946,1899.74,2025-05-15 16:39:29
3323,10,2,2946,1899.74,2025-05-15 16:43:29
3324,5,3,2947,7015.13,2025-12-29 23:41:44
3325,9,2,2947,7015.13,2025-12-29 23:45:44
3326,9,2,2948,2101.33,2025-06-17 22:17:04
3327,10,2,2949,998.34,2025-05-05 17:30:21
3328,8,2,2950,949.58,2025-05-08 13:03:47
3329,10,2,2951,1659.82,2025-04-17 03:35:42
3330,8,2,2952,628.62,2025-01-04 04:02:19
3331,7,2,2953,997.55,2025-10-06 14:33:57
3332,8,3,2954,2298.36,2025-07-17 20:37:16
3333,7,2,2954,2298.36,2025-07-17 20:41:16
3334,2,2,2955,38446.71,2025-12-28 04:11:34
3335,9,2,2956,1276.30,2025-07-07 14:45:22
3336,6,3,2957,1890.33,2025-06-06 08:01:40
3337,6,2,2957,1890.33,2025-06-06 08:05:40
3338,3,2,2958,2128.99,2025-04-20 18:41:15
3339,6,2,2959,1739.41,2025-05-26 05:53:33
3340,10,2,2960,1533.38,2025-04-12 16:43:04
3341,4,2,2961,1134.73,2025-09-03 10:52:45
3342,8,2,2962,806.42,2025-05-19 22:47:44
3343,9,2,2963,2769.03,2025-01-15 04:30:02
3344,7,2,2964,654.61,2025-10-05 02:17:26
3345,5,2,2965,816.87,2025-01-30 20:30:26
3346,1,2,2966,4242.78,2025-07-19 08:28:06
3347,9,2,2967,22177.36,2025-03-16 02:09:41
3348,7,3,2968,807.55,2025-09-24 17:26:32
3349,9,2,2968,807.55,2025-09-24 17:30:32
3350,4,2,2969,8067.82,2025-11-19 18:36:19
3351,10,2,2970,640.83,2025-09-29 10:36:01
3352,2,2,2971,284.83,2025-11-29 23:53:09
3353,8,2,2972,2458.87,2025-12-12 19:06:45
3354,4,2,2973,1089.32,2025-08-19 12:38:04
3355,8,2,2974,828.84,2025-06-26 10:48:49
3356,1,2,2975,1098.40,2025-11-08 02:22:20
3357,3,2,2976,16047.33,2025-09-21 07:52:06
3358,6,2,2977,648.04,2025-09-13 04:24:40
3359,9,2,2978,1024.06,2025-03-25 15:24:35
3360,8,2,2979,335.97,2025-03-21 18:20:16
3361,8,2,2980,902.73,2025-04-27 19:37:50
3362,2,2,2981,2222.26,2025-06-20 21:05:48
3363,5,2,2982,868.06,2025-07-23 09:23:08
3364,9,2,2983,363.17,2025-12-04 16:41:12
3365,3,2,2984,4650.72,2025-04-29 23:36:59
3366,2,2,2985,5364.72,2025-04-25 02:50:07
3367,6,2,2986,2435.99,2025-04-07 04:12:33
3368,7,2,2987,435.39,2025-12-29 04:54:24
3369,7,2,2988,20258.30,2025-01-17 00:59:58
3370,7,2,2989,3560.84,2025-06-17 12:27:28
3371,1,2,2990,1009.38,2025-04-28 00:40:02
3372,7,2,2991,1357.56,2025-06-25 14:02:02
3373,8,2,2992,3060.10,2025-08-27 12:15:40
3374,2,2,2993,1718.71,2025-06-11 19:32:15
3375,4,3,2994,347.67,2025-03-15 14:02:33
3376,5,2,2994,347.67,2025-03-15 14:06:33
3377,2,2,2995,935.16,2025-11-07 08:28:54
3378,6,2,2996,1492.53,2025-03-31 19:55:37
3379,5,2,2997,4035.64,2025-09-05 12:38:03
3380,1,2,2998,7623.32,2025-04-09 01:30:59
3381,7,2,2999,874.37,2025-02-04 03:24:30
3382,9,2,3000,3276.50,2025-11-09 12:57:49
3383,9,2,3001,6828.64,2025-10-02 08:03:36
3384,7,2,3002,1420.04,2025-03-04 19:31:10
3385,8,2,3003,12581.59,2025-06-29 06:06:56
3386,5,2,3004,1112.67,2025-05-20 20:06:29
3387,9,2,3005,1086.56,2025-12-16 02:20:40
3388,5,2,3006,21804.16,2025-07-18 21:36:37
3389,3,2,3007,1641.75,2025-06-01 17:00:15
3390,2,2,3008,754.05,2025-03-03 20:40:11
3391,9,2,3009,567.19,2025-12-28 01:36:47
3392,5,3,3010,4455.81,2025-02-11 01:04:42
3393,10,2,3010,4455.81,2025-02-11 01:08:42
3394,10,2,3011,1656.23,2025-05-28 06:15:29
3395,5,2,3012,2340.44,2025-10-21 20:10:48
3396,7,2,3013,1315.84,2025-02-18 17:06:55
3397,9,2,3014,1877.56,2025-06-19 18:26:27
3398,7,2,3015,366.32,2025-10-13 11:19:19
3399,6,2,3016,418.08,2025-11-08 10:02:44
3400,7,2,3017,1317.20,2025-06-02 07:50:45
3401,5,2,3018,1349.84,2025-11-15 16:48:59
3402,7,2,3019,703.16,2025-01-08 10:02:43
3403,8,2,3020,895.46,2025-04-07 17:43:40
3404,1,3,3021,19534.31,2025-09-24 05:07:37
3405,7,2,3021,19534.31,2025-09-24 05:11:37
3406,2,2,3022,10894.42,2025-09-16 09:47:27
3407,1,2,3023,1289.40,2025-09-22 14:16:22
3408,4,2,3024,1425.01,2025-04-02 11:33:25
3409,7,2,3025,782.66,2025-04-10 17:11:37
3410,4,2,3026,608.61,2025-07-20 11:41:10
3411,4,2,3027,330.18,2025-01-27 16:02:41
3412,3,2,3028,10536.43,2025-04-15 09:34:41
3413,1,2,3029,430.25,2025-01-21 21:34:03
3414,10,2,3030,452.52,2025-11-25 05:49:39
3415,5,2,3031,1966.19,2025-03-14 04:48:25
3416,4,2,3032,33120.56,2025-08-07 00:36:36
3417,9,2,3033,3143.83,2025-03-02 09:25:24
3418,6,2,3034,717.42,2025-03-05 08:53:06
3419,6,2,3035,6084.95,2025-11-01 08:22:59
3420,4,2,3036,1043.83,2025-02-27 10:28:50
3421,2,2,3037,613.27,2025-11-20 03:50:49
3422,10,2,3038,993.04,2025-02-02 07:27:48
3423,4,2,3039,1014.55,2025-10-06 21:53:17
3424,9,2,3040,585.74,2025-05-13 04:44:00
3425,1,2,3041,1452.72,2025-04-16 08:47:46
3426,1,2,3042,977.32,2025-07-18 21:38:16
3427,5,2,3043,698.38,2025-07-28 06:42:55
3428,9,2,3044,1720.66,2025-05-26 00:07:30
3429,1,3,3045,1365.50,2025-06-01 00:51:32
3430,3,2,3045,1365.50,2025-06-01 00:55:32
3431,1,2,3046,3096.10,2025-10-08 19:22:29
3432,8,2,3047,14797.94,2025-04-20 18:23:09
3433,5,2,3048,2573.08,2025-03-15 12:57:30
3434,2,2,3049,4838.82,2025-12-17 06:38:34
3435,8,2,3050,6282.31,2025-02-01 12:43:36
3436,3,2,3051,595.91,2025-03-10 11:32:11
3437,2,2,3052,2780.60,2025-05-12 17:03:10
3438,5,2,3053,838.60,2025-11-21 04:17:03
3439,1,2,3054,2279.53,2025-07-19 14:38:41
3440,1,2,3055,1334.61,2025-09-02 05:13:21
3441,7,2,3056,3008.64,2025-11-20 17:31:02
3442,5,2,3057,666.08,2025-01-10 03:50:43
3443,4,2,3058,3525.41,2025-02-05 10:13:28
3444,7,2,3059,2723.99,2025-11-26 02:07:48
3445,5,3,3060,1840.22,2025-04-07 22:12:40
3446,3,2,3060,1840.22,2025-04-07 22:16:40
3447,5,2,3061,2383.49,2025-09-02 22:12:25
3448,2,2,3062,1088.23,2025-02-10 09:35:17
3449,3,2,3063,2670.79,2025-06-15 12:12:00
3450,7,2,3064,1335.75,2025-05-16 13:03:32
3451,4,2,3065,2247.71,2025-04-09 13:07:44
3452,4,3,3066,838.05,2025-01-18 17:19:35
3453,8,2,3066,838.05,2025-01-18 17:23:35
3454,10,2,3067,11402.51,2025-09-28 18:16:08
3455,7,2,3068,537.82,2025-08-12 13:50:28
3456,2,2,3069,629.51,2025-11-20 01:39:04
3457,4,2,3070,4642.00,2025-09-05 22:12:52
3458,10,2,3071,1176.93,2025-11-09 03:46:48
3459,10,2,3072,1049.22,2025-07-26 23:08:55
3460,7,2,3073,18620.02,2025-08-28 12:38:58
3461,3,2,3074,2697.74,2025-09-21 16:14:52
3462,2,2,3075,1192.12,2025-08-04 23:53:45
3463,7,2,3076,2388.47,2025-11-24 11:33:29
3464,7,2,3077,545.06,2025-02-25 07:58:32
3465,4,2,3078,5484.07,2025-04-13 08:43:11
3466,5,2,3079,2257.34,2025-01-16 11:19:20
3467,3,2,3080,1821.78,2025-07-31 03:32:25
3468,3,3,3081,1643.16,2025-12-17 20:54:36
3469,10,2,3081,1643.16,2025-12-17 20:58:36
3470,6,2,3082,1487.51,2025-09-27 12:19:02
3471,4,2,3083,5752.79,2025-01-06 02:21:29
3472,9,3,3084,18171.46,2025-11-27 16:36:06
3473,8,2,3084,18171.46,2025-11-27 16:40:06
3474,1,2,3085,6797.02,2025-11-21 10:44:59
3475,1,2,3086,1128.56,2025-02-09 09:06:08
3476,2,3,3087,3680.61,2025-12-01 23:36:54
3477,10,2,3087,3680.61,2025-12-01 23:40:54
3478,3,2,3088,1086.22,2025-10-03 01:54:59
3479,5,2,3089,596.13,2025-09-18 00:42:10
3480,7,2,3090,2730.60,2025-10-10 16:59:25
3481,3,3,3091,10052.52,2025-02-08 12:02:56
3482,10,2,3091,10052.52,2025-02-08 12:06:56
3483,10,2,3092,598.17,2025-08-08 21:15:34
3484,9,2,3093,351.28,2025-04-14 10:51:03
3485,2,2,3094,2595.89,2025-02-24 07:54:49
3486,10,2,3095,376.97,2025-07-01 07:45:36
3487,1,3,3096,9499.92,2025-02-12 16:54:19
3488,6,2,3096,9499.92,2025-02-12 16:58:19
3489,8,2,3097,923.31,2025-04-17 17:10:35
3490,4,2,3098,940.00,2025-07-14 11:59:50
3491,7,2,3099,2892.04,2025-05-26 17:44:05
3492,6,2,3100,1439.89,2025-06-16 02:56:25
3493,8,3,3101,3318.27,2025-05-01 11:21:38
3494,8,2,3101,3318.27,2025-05-01 11:25:38
3495,9,2,3102,1023.49,2025-03-02 14:39:46
3496,9,2,3103,2088.47,2025-06-01 14:04:42
3497,2,2,3104,2622.63,2025-01-04 08:26:53
3498,9,2,3105,204.37,2025-09-16 05:50:41
3499,3,2,3106,974.68,2025-07-02 03:43:35
3500,6,3,3107,7775.56,2025-04-09 23:45:06
3501,3,2,3107,7775.56,2025-04-09 23:49:06
3502,4,2,3108,813.09,2025-02-17 05:52:02
3503,2,2,3109,3225.10,2025-01-03 13:16:57
3504,9,2,3110,454.65,2025-12-18 16:13:54
3505,7,2,3111,1705.68,2025-08-03 06:14:45
3506,10,2,3112,1072.74,2025-02-06 17:06:18
3507,6,2,3113,447.00,2025-12-11 12:43:39
3508,10,2,3114,653.66,2025-10-24 17:59:58
3509,5,2,3115,1666.63,2025-01-22 21:16:25
3510,5,2,3116,5509.67,2025-02-10 15:10:45
3511,3,2,3117,1401.77,2025-12-06 09:54:12
3512,2,2,3118,1002.86,2025-07-26 19:03:27
3513,3,2,3119,596.21,2025-01-25 11:59:13
3514,1,2,3120,3140.81,2025-03-13 03:20:28
3515,5,2,3121,1017.96,2025-08-23 08:26:52
3516,6,2,3122,1006.25,2025-11-05 01:49:35
3517,10,2,3123,829.02,2025-01-10 21:14:31
3518,7,3,3124,1297.02,2025-12-27 10:42:59
3519,4,2,3124,1297.02,2025-12-27 10:46:59
3520,9,2,3125,2105.13,2025-08-29 04:00:20
3521,1,2,3126,937.71,2025-06-05 14:17:38
3522,1,2,3127,36569.73,2025-04-21 13:13:45
3523,7,3,3128,1635.94,2025-08-12 15:40:34
3524,7,2,3128,1635.94,2025-08-12 15:44:34
3525,1,2,3129,1268.05,2025-08-09 10:22:00
3526,2,2,3130,1625.27,2025-05-26 18:04:51
3527,6,2,3131,790.95,2025-01-29 18:45:51
3528,4,2,3132,1245.62,2025-03-22 07:42:15
3529,5,2,3133,945.83,2025-11-12 17:31:59
3530,5,2,3134,3604.38,2025-02-23 20:06:09
3531,4,3,3135,660.88,2025-09-03 22:05:18
3532,10,2,3135,660.88,2025-09-03 22:09:18
3533,7,3,3136,1854.78,2025-05-29 07:34:47
3534,7,2,3136,1854.78,2025-05-29 07:38:47
3535,6,2,3137,3105.85,2025-07-11 01:20:45
3536,1,2,3138,1083.24,2025-06-03 19:33:36
3537,3,3,3139,809.56,2025-01-24 05:21:40
3538,2,2,3139,809.56,2025-01-24 05:25:40
3539,6,2,3140,6509.04,2025-11-28 17:11:54
3540,8,2,3141,545.24,2025-03-11 22:44:48
3541,7,2,3142,2636.05,2025-08-17 06:41:25
3542,2,2,3143,2906.84,2025-05-22 14:20:41
3543,2,2,3144,19724.85,2025-06-04 15:05:24
3544,1,2,3145,2060.41,2025-06-02 19:17:27
3545,9,2,3146,512.78,2025-05-25 23:33:28
3546,8,3,3147,708.49,2025-05-03 01:14:00
3547,10,2,3147,708.49,2025-05-03 01:18:00
3548,9,2,3148,418.68,2025-03-09 04:30:30
3549,4,2,3149,2912.40,2025-08-28 18:59:46
3550,1,3,3150,1137.80,2025-12-28 17:39:45
3551,5,2,3150,1137.80,2025-12-28 17:43:45
3552,10,2,3151,809.95,2025-04-23 11:21:45
3553,5,2,3152,1097.20,2025-09-19 20:12:19
3554,7,2,3153,734.58,2025-08-11 15:45:17
3555,1,2,3154,745.98,2025-08-30 23:39:20
3556,1,2,3155,16215.76,2025-04-04 23:00:29
3557,7,2,3156,7181.98,2025-11-08 07:38:56
3558,10,2,3157,439.12,2025-01-10 09:00:54
3559,10,2,3158,2223.72,2025-09-07 08:35:55
3560,2,2,3159,4262.31,2025-01-24 07:21:00
3561,5,2,3160,308.78,2025-02-27 22:47:11
3562,5,2,3161,29533.06,2025-05-05 00:31:59
3563,5,3,3162,7924.88,2025-10-30 20:31:04
3564,7,2,3162,7924.88,2025-10-30 20:35:04
3565,4,2,3163,1132.57,2025-10-27 00:52:04
3566,10,3,3164,3039.46,2025-06-28 19:45:01
3567,5,2,3164,3039.46,2025-06-28 19:49:01
3568,3,2,3165,1085.31,2025-07-21 02:19:32
3569,10,2,3166,3736.24,2025-09-18 14:03:36
3570,3,3,3167,996.71,2025-11-08 04:35:45
3571,9,2,3167,996.71,2025-11-08 04:39:45
3572,4,2,3168,1224.56,2025-03-13 12:42:27
3573,9,2,3169,657.98,2025-02-18 14:59:01
3574,7,2,3170,7897.81,2025-02-01 08:03:40
3575,3,2,3171,1687.82,2025-03-24 05:24:58
3576,8,2,3172,17227.59,2025-08-27 21:10:59
3577,8,2,3173,14750.30,2025-12-03 07:12:59
3578,7,2,3174,1908.07,2025-03-05 09:48:17
3579,4,2,3175,2336.12,2025-04-15 01:41:11
3580,6,2,3176,5580.45,2025-07-02 09:24:05
3581,5,2,3177,670.26,2025-12-20 14:17:44
3582,7,2,3178,1357.74,2025-04-07 05:55:40
3583,2,2,3179,1697.54,2025-08-09 19:45:47
3584,1,2,3180,675.48,2025-07-22 00:19:40
3585,9,2,3181,1179.56,2025-07-29 18:00:01
3586,10,2,3182,938.94,2025-09-26 04:20:13
3587,10,2,3183,10140.79,2025-08-06 21:39:37
3588,4,3,3184,1381.57,2025-03-14 14:03:31
3589,9,2,3184,1381.57,2025-03-14 14:07:31
3590,1,3,3185,3008.91,2025-02-04 23:24:30
3591,1,2,3185,3008.91,2025-02-04 23:28:30
3592,8,2,3186,6909.61,2025-10-28 03:02:46
3593,2,2,3187,934.12,2025-11-13 16:30:02
3594,8,3,3188,1225.00,2025-12-30 02:47:47
3595,7,2,3188,1225.00,2025-12-30 02:51:47
3596,4,2,3189,1011.44,2025-12-19 17:25:51
3597,1,2,3190,1067.40,2025-02-22 21:10:16
3598,7,2,3191,3602.39,2025-08-22 13:23:30
3599,4,2,3192,7837.14,2025-03-01 20:23:29
3600,10,2,3193,1220.41,2025-07-03 14:46:37
3601,7,2,3194,4048.92,2025-04-06 15:38:08
3602,5,2,3195,1074.10,2025-10-05 21:57:52
3603,5,2,3196,16708.89,2025-03-18 14:47:24
3604,1,2,3197,912.67,2025-12-21 07:43:39
3605,8,2,3198,5647.34,2025-06-04 10:19:24
3606,6,2,3199,1203.57,2025-08-02 09:56:05
3607,2,2,3200,8584.32,2025-09-14 19:26:04
3608,7,2,3201,359.45,2025-02-09 05:50:55
3609,9,2,3202,633.33,2025-09-30 15:53:03
3610,5,2,3203,594.56,2025-02-28 08:01:12
3611,8,3,3204,38518.98,2025-06-12 21:29:17
3612,9,2,3204,38518.98,2025-06-12 21:33:17
3613,6,2,3205,2427.64,2025-01-22 12:20:21
3614,1,2,3206,5338.89,2025-05-12 16:18:28
3615,3,2,3207,1246.40,2025-11-29 19:22:41
3616,5,2,3208,3415.92,2025-06-09 03:37:50
3617,7,2,3209,1844.70,2025-09-18 01:52:20
3618,5,2,3210,1836.52,2025-10-04 00:00:48
3619,1,2,3211,879.36,2025-02-05 17:14:11
3620,1,2,3212,272.65,2025-04-12 03:50:24
3621,6,2,3213,3903.72,2025-12-30 14:11:20
3622,10,2,3214,1681.63,2025-07-12 08:41:30
3623,8,2,3215,1300.87,2025-03-10 01:51:53
3624,2,2,3216,1237.33,2025-04-07 09:26:16
3625,1,2,3217,1172.73,2025-03-13 07:04:10
3626,1,2,3218,1605.90,2025-03-16 03:10:11
3627,9,2,3219,775.72,2025-03-10 11:53:11
3628,4,2,3220,2286.53,2025-05-17 09:58:48
3629,4,2,3221,1394.30,2025-09-02 03:23:45
3630,6,2,3222,1701.07,2025-01-22 18:34:44
3631,9,2,3223,14869.10,2025-05-14 05:13:51
3632,10,2,3224,1073.99,2025-11-18 01:54:46
3633,8,2,3225,1560.29,2025-04-24 22:18:12
3634,7,2,3226,922.74,2025-03-10 00:07:30
3635,6,2,3227,906.17,2025-12-01 09:15:03
3636,5,2,3228,637.28,2025-10-12 19:07:03
3637,6,2,3229,2524.91,2025-08-23 04:41:04
3638,7,3,3230,1725.45,2025-09-11 19:36:03
3639,9,2,3230,1725.45,2025-09-11 19:40:03
3640,6,2,3231,5646.49,2025-04-11 03:24:21
3641,5,2,3232,40482.20,2025-06-27 10:41:18
3642,6,2,3233,4391.25,2025-07-30 19:52:05
3643,6,2,3234,703.60,2025-06-22 16:47:26
3644,7,2,3235,932.89,2025-04-21 23:36:57
3645,10,3,3236,864.24,2025-08-24 14:01:42
3646,9,2,3236,864.24,2025-08-24 14:05:42
3647,6,2,3237,2495.54,2025-08-04 00:06:41
3648,10,2,3238,942.54,2025-01-07 15:44:06
3649,7,2,3239,1092.15,2025-06-15 14:32:21
3650,10,2,3240,2103.24,2025-11-22 03:05:17
3651,7,2,3241,1885.85,2025-01-11 00:12:25
3652,10,2,3242,2351.17,2025-07-22 20:41:50
3653,6,2,3243,1311.16,2025-02-16 11:32:35
3654,1,2,3244,13425.11,2025-03-06 02:08:27
3655,7,2,3245,1169.27,2025-11-18 09:31:23
3656,10,3,3246,2422.66,2025-09-14 19:52:52
3657,9,2,3246,2422.66,2025-09-14 19:56:52
3658,8,2,3247,1518.28,2025-01-20 21:04:14
3659,9,3,3248,3848.45,2025-03-07 05:46:11
3660,4,2,3248,3848.45,2025-03-07 05:50:11
3661,3,3,3249,1001.86,2025-07-13 16:05:00
3662,10,2,3249,1001.86,2025-07-13 16:09:00
3663,10,2,3250,492.83,2025-01-01 01:35:58
3664,7,2,3251,3321.71,2025-01-31 14:31:07
3665,6,3,3252,1042.65,2025-09-17 08:43:15
3666,5,2,3252,1042.65,2025-09-17 08:47:15
3667,9,2,3253,655.22,2025-04-26 16:21:23
3668,4,2,3254,835.72,2025-11-30 23:22:35
3669,5,2,3255,971.43,2025-05-21 23:45:19
3670,5,2,3256,2395.76,2025-06-26 06:10:49
3671,4,2,3257,1918.60,2025-08-13 19:13:46
3672,7,2,3258,440.12,2025-08-10 13:54:35
3673,2,2,3259,715.07,2025-10-09 08:42:21
3674,3,3,3260,3238.60,2025-02-24 09:55:33
3675,8,2,3260,3238.60,2025-02-24 09:59:33
3676,9,2,3261,11221.49,2025-06-03 00:06:48
3677,8,2,3262,1125.30,2025-01-09 01:50:44
3678,3,2,3263,27822.97,2025-03-14 01:47:07
3679,4,2,3264,970.24,2025-04-26 00:47:39
3680,5,2,3265,120.86,2025-03-31 14:42:58
3681,2,2,3266,4763.74,2025-07-23 01:11:31
3682,5,2,3267,1194.95,2025-07-15 22:32:26
3683,7,2,3268,7355.00,2025-02-13 16:36:01
3684,1,2,3269,3173.81,2025-09-27 02:40:16
3685,3,2,3270,1065.08,2025-08-23 07:40:50
3686,3,2,3271,12448.64,2025-07-12 18:29:47
3687,9,2,3272,1121.62,2025-07-28 10:05:06
3688,10,2,3273,1956.80,2025-03-15 12:07:01
3689,9,2,3274,908.24,2025-09-12 02:22:30
3690,9,2,3275,4930.21,2025-08-22 01:53:22
3691,7,2,3276,999.34,2025-01-24 14:18:27
3692,8,2,3277,11236.32,2025-05-15 14:23:11
3693,3,2,3278,3245.18,2025-04-02 21:49:55
3694,6,2,3279,988.52,2025-11-23 08:22:17
3695,6,2,3280,615.51,2025-04-18 03:07:54
3696,4,2,3281,470.51,2025-03-12 19:53:11
3697,8,2,3282,607.71,2025-12-17 17:57:17
3698,1,2,3283,1233.45,2025-09-28 07:23:47
3699,4,2,3284,745.20,2025-06-19 00:27:11
3700,3,2,3285,701.37,2025-08-24 17:03:29
3701,2,2,3286,4853.18,2025-08-15 13:08:58
3702,9,2,3287,972.47,2025-07-28 17:26:44
3703,10,2,3288,2577.10,2025-08-04 03:14:56
3704,3,2,3289,7500.40,2025-11-30 09:24:57
3705,8,2,3290,1628.04,2025-11-18 05:08:38
3706,7,2,3291,1146.80,2025-03-06 16:55:01
3707,2,2,3292,929.66,2025-12-09 02:12:01
3708,2,2,3293,16167.59,2025-05-22 01:01:29
3709,1,2,3294,928.01,2025-11-07 18:48:07
3710,6,2,3295,413.08,2025-07-09 13:05:03
3711,5,2,3296,1762.70,2025-07-30 10:33:05
3712,4,2,3297,1046.47,2025-04-09 10:38:45
3713,5,2,3298,891.67,2025-02-20 11:07:18
3714,2,3,3299,2764.23,2025-11-09 12:19:58
3715,1,2,3299,2764.23,2025-11-09 12:23:58
3716,5,3,3300,542.36,2025-04-14 20:59:13
3717,3,2,3300,542.36,2025-04-14 21:03:13
3718,3,2,3301,6411.77,2025-10-29 13:03:00
3719,6,2,3302,1711.30,2025-04-20 06:41:52
3720,10,2,3303,14994.56,2025-08-10 07:21:15
3721,2,2,3304,195.29,2025-07-01 22:20:30
3722,1,2,3305,543.89,2025-03-28 12:20:53
3723,4,2,3306,2189.04,2025-06-07 19:35:49
3724,6,2,3307,1201.14,2025-11-22 15:17:08
3725,6,2,3308,1655.23,2025-10-27 05:57:12
3726,7,2,3309,867.41,2025-01-02 01:27:23
3727,1,2,3310,6002.61,2025-04-05 23:04:50
3728,1,2,3311,697.92,2025-08-05 03:00:28
3729,9,2,3312,883.38,2025-08-27 09:39:46
3730,7,2,3313,3462.75,2025-05-27 17:51:08
3731,2,2,3314,2295.10,2025-11-06 10:53:37
3732,1,3,3315,2682.56,2025-05-09 06:38:33
3733,3,2,3315,2682.56,2025-05-09 06:42:33
3734,10,2,3316,3468.03,2025-06-24 04:51:45
3735,1,3,3317,873.90,2025-04-25 13:44:01
3736,10,2,3317,873.90,2025-04-25 13:48:01
3737,10,2,3318,1268.68,2025-08-07 04:05:51
3738,1,2,3319,412.07,2025-08-03 09:54:37
3739,2,2,3320,2488.83,2025-07-11 01:09:52
3740,4,3,3321,4027.14,2025-09-28 20:00:58
3741,7,2,3321,4027.14,2025-09-28 20:04:58
3742,9,2,3322,19657.17,2025-04-28 04:05:38
3743,10,2,3323,1165.01,2025-05-26 06:35:54
3744,8,2,3324,548.91,2025-08-30 08:48:30
3745,7,2,3325,728.38,2025-11-27 22:36:21
3746,4,2,3326,11038.68,2025-07-25 20:10:51
3747,10,2,3327,1334.89,2025-11-21 18:53:06
3748,10,2,3328,6893.38,2025-04-22 21:19:06
3749,6,3,3329,571.60,2025-01-12 21:39:04
3750,2,2,3329,571.60,2025-01-12 21:43:04
3751,1,2,3330,941.26,2025-07-03 06:24:51
3752,3,2,3331,1050.96,2025-11-30 02:20:49
3753,2,2,3332,2610.74,2025-02-28 00:39:24
3754,1,2,3333,1077.03,2025-05-16 06:56:16
3755,10,2,3334,798.55,2025-11-17 22:54:50
3756,8,2,3335,2097.71,2025-10-19 07:55:06
3757,4,2,3336,1783.46,2025-01-20 12:30:04
3758,2,2,3337,1276.55,2025-04-25 08:18:33
3759,7,2,3338,3213.15,2025-02-13 11:30:12
3760,10,2,3339,814.75,2025-10-21 04:47:44
3761,5,3,3340,599.97,2025-02-22 22:48:08
3762,7,2,3340,599.97,2025-02-22 22:52:08
3763,5,2,3341,14714.67,2025-11-05 11:09:19
3764,6,3,3342,2937.46,2025-11-12 23:49:22
3765,10,2,3342,2937.46,2025-11-12 23:53:22
3766,5,2,3343,742.21,2025-06-18 02:42:40
3767,9,2,3344,823.70,2025-11-17 00:36:03
3768,1,2,3345,1475.14,2025-11-12 07:13:59
3769,4,2,3346,1122.44,2025-06-23 22:23:25
3770,9,2,3347,1406.41,2025-04-03 03:28:37
3771,5,2,3348,957.94,2025-11-28 00:43:11
3772,5,2,3349,428.86,2025-11-24 13:11:40
3773,3,2,3350,6678.62,2025-07-17 18:36:42
3774,10,2,3351,1310.42,2025-12-29 19:23:17
3775,7,2,3352,1119.86,2025-05-19 21:32:46
3776,8,2,3353,3946.26,2025-01-10 00:29:18
3777,1,3,3354,6528.22,2025-12-01 06:04:58
3778,3,2,3354,6528.22,2025-12-01 06:08:58
3779,7,2,3355,712.32,2025-03-04 01:46:34
3780,1,2,3356,657.13,2025-10-14 02:56:58
3781,8,2,3357,28404.71,2025-02-16 14:50:21
3782,7,2,3358,987.31,2025-05-20 23:18:00
3783,10,2,3359,7544.78,2025-08-27 06:46:19
3784,4,2,3360,609.52,2025-05-01 10:27:37
3785,8,2,3361,764.67,2025-02-24 14:27:21
3786,1,2,3362,468.38,2025-06-10 21:40:04
3787,10,2,3363,2423.67,2025-04-05 12:47:25
3788,6,2,3364,1264.87,2025-09-19 05:52:34
3789,3,2,3365,469.57,2025-11-30 20:42:25
3790,9,3,3366,3183.34,2025-11-01 14:00:27
3791,9,2,3366,3183.34,2025-11-01 14:04:27
3792,1,2,3367,1065.85,2025-01-04 04:28:45
3793,10,2,3368,3099.12,2025-02-23 20:07:44
3794,1,2,3369,2293.91,2025-10-19 19:17:22
3795,2,2,3370,667.71,2025-09-03 04:03:07
3796,8,2,3371,345.90,2025-01-26 03:50:14
3797,8,2,3372,1448.86,2025-10-28 01:26:36
3798,1,2,3373,1954.00,2025-10-05 02:37:18
3799,9,2,3374,1169.78,2025-06-08 17:07:33
3800,9,2,3375,1697.73,2025-09-20 14:20:54
3801,5,2,3376,1842.15,2025-05-28 19:33:33
3802,5,2,3377,2285.05,2025-12-04 23:16:17
3803,6,2,3378,118.02,2025-08-28 16:11:55
3804,8,3,3379,3479.98,2025-11-04 01:29:04
3805,8,2,3379,3479.98,2025-11-04 01:33:04
3806,8,3,3380,764.18,2025-10-09 14:10:10
3807,9,2,3380,764.18,2025-10-09 14:14:10
3808,8,2,3381,657.14,2025-05-18 12:21:46
3809,2,3,3382,22060.54,2025-03-21 13:08:22
3810,10,2,3382,22060.54,2025-03-21 13:12:22
3811,1,2,3383,747.78,2025-05-23 11:12:56
3812,2,2,3384,424.63,2025-02-09 09:33:46
3813,1,2,3385,1086.12,2025-08-11 12:18:57
3814,10,2,3386,683.63,2025-01-21 18:29:42
3815,6,2,3387,2804.65,2025-01-10 08:23:34
3816,4,2,3388,1161.12,2025-02-06 18:29:56
3817,3,2,3389,1313.00,2025-02-25 04:30:58
3818,5,2,3390,1314.76,2025-10-17 08:58:31
3819,8,2,3391,5366.12,2025-10-22 23:17:08
3820,1,2,3392,945.47,2025-11-15 18:03:18
3821,7,2,3393,1059.40,2025-12-23 12:06:29
3822,9,2,3394,1540.64,2025-07-10 17:21:48
3823,6,2,3395,2216.81,2025-01-12 06:35:21
3824,7,2,3396,1044.50,2025-09-18 20:40:02
3825,4,2,3397,2323.18,2025-02-10 16:01:50
3826,7,2,3398,2060.50,2025-10-09 23:40:16
3827,2,2,3399,844.02,2025-03-01 14:26:04
3828,4,2,3400,1216.66,2025-07-26 13:34:40
3829,2,2,3401,1794.63,2025-01-03 03:55:02
3830,6,2,3402,1107.81,2025-05-27 09:45:39
3831,9,2,3403,1013.46,2025-11-25 21:09:12
3832,9,2,3404,720.04,2025-09-28 02:19:12
3833,9,2,3405,15102.76,2025-06-25 23:21:02
3834,4,2,3406,1596.50,2025-10-01 15:48:29
3835,4,2,3407,2082.05,2025-01-03 22:38:36
3836,8,2,3408,9318.73,2025-09-02 14:36:42
3837,9,3,3409,1183.79,2025-05-08 16:05:04
3838,4,2,3409,1183.79,2025-05-08 16:09:04
3839,4,2,3410,634.86,2025-10-19 07:00:09
3840,5,2,3411,851.10,2025-01-01 12:23:06
3841,9,2,3412,1644.51,2025-05-04 04:44:45
3842,1,2,3413,4949.72,2025-08-26 17:44:57
3843,4,2,3414,799.83,2025-10-01 18:29:54
3844,7,3,3415,1554.32,2025-05-30 14:55:34
3845,2,2,3415,1554.32,2025-05-30 14:59:34
3846,3,2,3416,5290.30,2025-10-14 11:35:49
3847,2,2,3417,1534.10,2025-09-10 22:45:03
3848,5,2,3418,928.62,2025-10-10 07:17:35
3849,7,3,3419,5429.85,2025-05-12 20:36:53
3850,1,2,3419,5429.85,2025-05-12 20:40:53
3851,8,2,3420,917.45,2025-05-09 23:52:32
3852,9,2,3421,5525.68,2025-11-06 21:05:00
3853,8,2,3422,2682.29,2025-06-24 11:48:39
3854,7,2,3423,2882.89,2025-07-03 12:42:58
3855,2,2,3424,510.39,2025-03-13 19:30:29
3856,10,2,3425,447.46,2025-11-27 03:47:08
3857,2,2,3426,1268.16,2025-01-01 21:30:09
3858,7,2,3427,7613.67,2025-01-03 13:24:57
3859,1,2,3428,3559.02,2025-06-06 00:30:48
3860,2,3,3429,842.46,2025-04-29 10:32:33
3861,1,2,3429,842.46,2025-04-29 10:36:33
3862,4,2,3430,443.59,2025-07-26 01:52:26
3863,10,2,3431,628.70,2025-10-17 08:05:06
3864,10,3,3432,1792.40,2025-08-01 02:30:38
3865,2,2,3432,1792.40,2025-08-01 02:34:38
3866,8,2,3433,2575.56,2025-03-25 09:48:23
3867,1,2,3434,2861.69,2025-02-05 00:10:48
3868,9,2,3435,22728.16,2025-12-11 00:36:50
3869,8,2,3436,4376.63,2025-08-30 04:18:32
3870,5,2,3437,317.47,2025-08-08 00:45:26
3871,2,3,3438,967.26,2025-04-22 21:25:50
3872,3,2,3438,967.26,2025-04-22 21:29:50
3873,2,2,3439,16033.60,2025-08-21 05:24:02
3874,6,3,3440,974.94,2025-03-01 09:26:11
3875,6,2,3440,974.94,2025-03-01 09:30:11
3876,10,2,3441,2670.58,2025-08-29 23:49:38
3877,9,2,3442,1666.02,2025-12-01 09:59:48
3878,4,2,3443,996.08,2025-01-09 22:56:31
3879,2,2,3444,957.18,2025-03-30 21:26:31
3880,2,2,3445,1917.12,2025-09-19 23:43:04
3881,1,2,3446,1141.00,2025-08-21 23:22:38
3882,9,2,3447,602.49,2025-06-19 23:49:48
3883,7,2,3448,604.97,2025-04-12 00:44:13
3884,2,2,3449,1056.47,2025-08-03 03:52:47
3885,8,3,3450,5384.45,2025-08-20 11:34:58
3886,1,2,3450,5384.45,2025-08-20 11:38:58
3887,2,2,3451,850.08,2025-10-19 12:31:38
3888,4,2,3452,1069.55,2025-08-18 19:02:30
3889,3,2,3453,8096.61,2025-07-10 05:58:39
3890,7,2,3454,746.19,2025-05-09 12:58:21
3891,10,2,3455,3085.88,2025-05-17 09:39:45
3892,9,2,3456,336.11,2025-10-13 10:28:31
3893,6,3,3457,643.79,2025-07-02 21:56:13
3894,7,2,3457,643.79,2025-07-02 22:00:13
3895,4,2,3458,6070.82,2025-06-16 15:33:25
3896,5,2,3459,6312.30,2025-11-04 23:57:57
3897,10,2,3460,1581.72,2025-12-24 05:14:27
3898,4,2,3461,527.39,2025-11-07 00:21:40
3899,10,3,3462,6490.58,2025-08-13 16:31:31
3900,3,2,3462,6490.58,2025-08-13 16:35:31
3901,7,2,3463,4814.30,2025-10-13 23:23:37
3902,4,2,3464,1003.62,2025-05-23 10:22:41
3903,10,2,3465,1076.46,2025-01-14 02:56:53
3904,2,2,3466,2688.90,2025-10-24 05:51:47
3905,10,2,3467,984.38,2025-02-19 19:51:10
3906,3,2,3468,1690.80,2025-12-09 19:51:30
3907,8,2,3469,530.98,2025-10-04 14:08:14
3908,4,2,3470,930.84,2025-10-15 13:54:57
3909,1,2,3471,10046.99,2025-05-03 07:08:13
3910,2,3,3472,5731.37,2025-04-22 23:22:03
3911,6,2,3472,5731.37,2025-04-22 23:26:03
3912,8,2,3473,1194.86,2025-11-08 19:50:58
3913,1,2,3474,685.16,2025-11-23 15:08:00
3914,1,3,3475,4731.82,2025-11-15 18:01:38
3915,6,2,3475,4731.82,2025-11-15 18:05:38
3916,7,2,3476,333.18,2025-06-12 21:04:33
3917,1,2,3477,16625.30,2025-11-30 14:18:00
3918,6,2,3478,1032.32,2025-11-19 14:42:08
3919,9,2,3479,2271.33,2025-02-13 21:06:39
3920,4,2,3480,928.67,2025-12-19 22:20:27
3921,10,2,3481,180.92,2025-12-09 02:49:12
3922,1,2,3482,2464.70,2025-08-29 10:57:13
3923,6,2,3483,988.27,2025-10-10 19:02:19
3924,7,2,3484,429.02,2025-07-09 03:06:06
3925,9,2,3485,880.52,2025-07-28 01:38:03
3926,3,2,3486,790.23,2025-09-30 08:03:45
3927,6,2,3487,308.25,2025-02-09 20:15:09
3928,6,2,3488,10698.07,2025-01-05 17:31:18
3929,4,2,3489,3642.78,2025-01-06 19:18:11
3930,9,2,3490,3277.23,2025-09-04 08:30:56
3931,5,3,3491,1338.78,2025-11-16 12:52:25
3932,5,2,3491,1338.78,2025-11-16 12:56:25
3933,9,2,3492,25239.13,2025-06-20 21:04:53
3934,9,3,3493,709.36,2025-12-29 16:44:27
3935,5,2,3493,709.36,2025-12-29 16:48:27
3936,5,2,3494,5509.59,2025-01-31 07:17:23
3937,1,2,3495,19748.44,2025-08-23 05:56:23
3938,2,2,3496,617.88,2025-11-25 02:30:39
3939,2,2,3497,13966.70,2025-01-24 20:20:45
3940,4,3,3498,2540.37,2025-04-21 02:20:45
3941,1,2,3498,2540.37,2025-04-21 02:24:45
3942,1,2,3499,1396.88,2025-01-14 21:59:22
3943,8,2,3500,1493.49,2025-09-21 08:07:03
3944,4,2,3501,606.18,2025-04-16 19:20:44
3945,4,2,3502,3339.36,2025-01-21 02:03:19
3946,8,2,3503,2939.78,2025-10-22 13:21:26
3947,6,2,3504,3159.74,2025-11-24 23:36:31
3948,10,2,3505,2585.15,2025-03-22 13:43:18
3949,9,2,3506,10458.16,2025-10-23 08:44:51
3950,3,2,3507,2011.88,2025-09-20 13:39:55
3951,10,2,3508,1340.93,2025-10-07 09:33:52
3952,1,2,3509,280.36,2025-05-24 09:26:32
3953,4,2,3510,958.88,2025-01-31 05:39:27
3954,7,2,3511,591.52,2025-04-05 22:23:57
3955,1,2,3512,526.20,2025-05-27 08:35:29
3956,8,2,3513,2252.34,2025-07-01 05:49:37
3957,2,3,3514,3368.40,2025-10-13 23:59:11
3958,8,2,3514,3368.40,2025-10-14 00:03:11
3959,7,2,3515,484.70,2025-04-01 17:41:10
3960,2,2,3516,2953.94,2025-07-22 02:22:39
3961,3,2,3517,14634.79,2025-09-26 20:12:42
3962,2,2,3518,1163.10,2025-11-29 20:46:19
3963,3,2,3519,8330.27,2025-12-14 17:00:42
3964,4,2,3520,491.65,2025-04-01 23:53:38
3965,7,2,3521,1777.97,2025-12-12 11:51:26
3966,1,2,3522,1294.19,2025-12-18 16:46:41
3967,7,2,3523,1567.86,2025-01-01 12:27:16
3968,1,2,3524,998.61,2025-05-20 10:15:10
3969,2,2,3525,416.02,2025-04-01 14:03:16
3970,1,3,3526,1043.26,2025-01-06 00:10:16
3971,9,2,3526,1043.26,2025-01-06 00:14:16
3972,6,2,3527,1558.93,2025-05-02 20:53:28
3973,8,3,3528,834.72,2025-11-12 13:53:34
3974,9,2,3528,834.72,2025-11-12 13:57:34
3975,4,2,3529,886.72,2025-08-11 04:11:01
3976,1,2,3530,1989.65,2025-09-04 01:40:54
3977,3,2,3531,1490.74,2025-07-14 11:55:34
3978,5,2,3532,326.67,2025-01-06 05:35:45
3979,8,2,3533,874.79,2025-05-19 03:10:15
3980,6,2,3534,2048.22,2025-05-09 17:27:27
3981,10,2,3535,997.13,2025-06-21 10:07:05
3982,2,2,3536,837.92,2025-05-24 02:37:04
3983,6,2,3537,462.99,2025-05-08 01:13:35
3984,9,2,3538,3555.51,2025-04-20 10:30:23
3985,6,2,3539,1994.77,2025-07-20 04:02:45
3986,4,2,3540,1209.84,2025-11-12 16:56:30
3987,10,2,3541,3972.26,2025-11-13 08:50:10
3988,9,2,3542,1036.92,2025-07-19 02:49:02
3989,6,2,3543,317.10,2025-01-27 13:23:48
3990,9,2,3544,2079.74,2025-10-17 08:26:14
3991,10,2,3545,393.13,2025-03-13 10:46:53
3992,2,2,3546,719.82,2025-12-29 19:55:00
3993,3,2,3547,685.29,2025-05-25 04:07:45
3994,9,2,3548,874.68,2025-11-05 03:07:17
3995,1,2,3549,634.30,2025-10-26 19:09:21
3996,4,2,3550,23352.09,2025-03-02 11:12:09
3997,9,2,3551,591.80,2025-08-07 15:59:35
3998,9,2,3552,857.90,2025-02-20 22:36:10
3999,10,2,3553,453.66,2025-01-14 05:54:22
4000,4,2,3554,1505.86,2025-07-30 10:12:34
4001,3,3,3555,852.26,2025-12-08 03:08:17
4002,2,2,3555,852.26,2025-12-08 03:12:17
4003,4,2,3556,552.67,2025-12-30 12:05:08
4004,3,3,3557,1052.80,2025-04-22 08:58:08
4005,5,2,3557,1052.80,2025-04-22 09:02:08
4006,9,2,3558,541.67,2025-10-13 17:11:48
4007,3,2,3559,2414.78,2025-03-24 13:21:43
4008,6,3,3560,335.48,2025-11-07 05:21:47
4009,8,2,3560,335.48,2025-11-07 05:25:47
4010,9,2,3561,2780.90,2025-05-02 04:51:48
4011,6,2,3562,1868.96,2025-02-19 12:55:43
4012,2,2,3563,1125.14,2025-04-13 13:42:56
4013,6,2,3564,1687.23,2025-01-18 23:35:56
4014,2,2,3565,1490.31,2025-03-21 08:59:01
4015,5,2,3566,202.23,2025-03-22 00:58:00
4016,2,3,3567,2384.01,2025-12-16 14:24:03
4017,6,2,3567,2384.01,2025-12-16 14:28:03
4018,1,3,3568,1512.87,2025-11-04 11:56:19
4019,6,2,3568,1512.87,2025-11-04 12:00:19
4020,9,2,3569,3465.36,2025-06-02 13:54:30
4021,2,2,3570,4793.24,2025-11-10 21:41:42
4022,9,2,3571,1081.78,2025-07-15 10:01:26
4023,3,2,3572,518.20,2025-09-05 15:15:47
4024,9,2,3573,9842.13,2025-09-01 17:22:12
4025,1,3,3574,946.08,2025-07-31 21:29:45
4026,5,2,3574,946.08,2025-07-31 21:33:45
4027,7,2,3575,1734.70,2025-06-27 23:21:56
4028,1,2,3576,2506.87,2025-08-13 21:55:01
4029,10,2,3577,3060.89,2025-05-18 18:54:56
4030,9,2,3578,22103.47,2025-12-24 14:13:59
4031,6,2,3579,1301.11,2025-01-18 04:35:53
4032,2,2,3580,494.15,2025-08-17 23:58:18
4033,7,2,3581,949.05,2025-08-26 00:14:30
4034,5,2,3582,862.69,2025-09-23 15:41:10
4035,5,2,3583,2394.70,2025-09-05 11:05:26
4036,8,2,3584,3970.22,2025-02-09 02:58:23
4037,8,2,3585,294.65,2025-07-14 15:36:53
4038,9,2,3586,559.61,2025-06-23 07:35:56
4039,7,2,3587,20419.16,2025-05-27 21:38:38
4040,4,2,3588,1607.40,2025-07-05 15:27:42
4041,1,2,3589,465.05,2025-06-09 19:49:36
4042,5,2,3590,6330.29,2025-05-05 08:02:57
4043,7,3,3591,1871.81,2025-08-31 08:21:05
4044,8,2,3591,1871.81,2025-08-31 08:25:05
4045,3,2,3592,710.74,2025-08-31 00:23:04
4046,8,2,3593,3655.41,2025-02-25 17:51:06
4047,8,2,3594,1164.76,2025-07-17 07:46:11
4048,5,2,3595,21157.11,2025-08-14 18:19:41
4049,3,2,3596,7483.07,2025-05-22 22:09:41
4050,6,2,3597,1862.38,2025-03-04 05:54:28
4051,6,2,3598,1937.99,2025-02-28 16:33:20
4052,8,2,3599,511.51,2025-07-02 16:41:08
4053,9,2,3600,2868.94,2025-07-28 16:55:29
4054,2,3,3601,856.32,2025-02-03 02:30:45
4055,2,2,3601,856.32,2025-02-03 02:34:45
4056,8,2,3602,608.87,2025-03-15 03:54:00
4057,8,2,3603,1687.00,2025-12-26 12:30:11
4058,1,2,3604,654.11,2025-09-25 13:08:30
4059,3,2,3605,1939.50,2025-05-17 21:50:40
4060,3,2,3606,2064.65,2025-04-30 10:23:21
4061,6,3,3607,342.07,2025-10-14 16:38:51
4062,7,2,3607,342.07,2025-10-14 16:42:51
4063,4,3,3608,1697.28,2025-12-08 21:20:53
4064,3,2,3608,1697.28,2025-12-08 21:24:53
4065,3,2,3609,1007.71,2025-10-24 18:27:55
4066,2,2,3610,1902.62,2025-04-11 18:24:13
4067,10,2,3611,1463.34,2025-10-24 20:16:58
4068,4,2,3612,2326.90,2025-01-06 03:42:03
4069,9,2,3613,3126.05,2025-06-04 23:06:55
4070,5,2,3614,699.83,2025-04-04 01:02:39
4071,3,2,3615,1958.81,2025-04-15 18:44:10
4072,6,2,3616,1490.60,2025-07-08 05:15:23
4073,10,2,3617,2635.10,2025-01-22 09:15:02
4074,6,2,3618,978.09,2025-01-10 22:01:37
4075,3,2,3619,1486.69,2025-06-03 11:43:31
4076,5,3,3620,749.55,2025-03-07 18:44:12
4077,6,2,3620,749.55,2025-03-07 18:48:12
4078,9,2,3621,799.24,2025-09-23 13:08:13
4079,1,3,3622,1463.04,2025-09-16 08:03:50
4080,5,2,3622,1463.04,2025-09-16 08:07:50
4081,4,2,3623,2419.30,2025-10-18 03:56:04
4082,7,2,3624,1005.72,2025-09-02 01:10:30
4083,8,3,3625,3325.79,2025-07-21 08:28:19
4084,7,2,3625,3325.79,2025-07-21 08:32:19
4085,5,2,3626,3982.64,2025-12-23 17:08:19
4086,6,2,3627,1355.00,2025-09-23 06:51:07
4087,6,2,3628,1229.94,2025-08-21 00:17:42
4088,5,2,3629,618.73,2025-06-17 11:34:56
4089,2,3,3630,1651.77,2025-09-05 14:54:59
4090,2,2,3630,1651.77,2025-09-05 14:58:59
4091,5,2,3631,1104.91,2025-05-07 20:24:10
4092,6,2,3632,611.98,2025-06-24 00:40:15
4093,9,2,3633,558.71,2025-06-10 13:34:05
4094,4,2,3634,1042.59,2025-03-23 12:30:38
4095,7,2,3635,1545.55,2025-12-05 04:22:37
4096,2,2,3636,1747.27,2025-06-06 04:55:30
4097,8,2,3637,1830.15,2025-07-16 10:23:37
4098,9,2,3638,711.51,2025-06-16 04:34:37
4099,8,2,3639,1469.16,2025-02-17 05:14:32
4100,6,2,3640,797.68,2025-12-03 23:49:20
4101,10,2,3641,703.40,2025-11-20 09:09:55
4102,2,2,3642,1729.44,2025-11-28 03:49:28
4103,4,2,3643,920.03,2025-09-23 15:02:40
4104,3,2,3644,3117.89,2025-03-27 10:53:39
4105,2,2,3645,779.09,2025-08-19 11:55:17
4106,3,3,3646,4705.05,2025-07-27 07:50:46
4107,8,2,3646,4705.05,2025-07-27 07:54:46
4108,6,2,3647,588.73,2025-01-07 09:45:47
4109,4,2,3648,935.96,2025-04-12 02:24:10
4110,3,3,3649,2443.11,2025-11-05 19:23:57
4111,7,2,3649,2443.11,2025-11-05 19:27:57
4112,2,2,3650,22579.59,2025-10-20 11:19:38
4113,10,2,3651,1004.65,2025-12-18 09:42:19
4114,5,2,3652,4659.75,2025-08-24 04:00:36
4115,6,2,3653,2312.27,2025-12-20 20:09:02
4116,6,3,3654,1860.56,2025-02-10 23:33:13
4117,9,2,3654,1860.56,2025-02-10 23:37:13
4118,8,2,3655,3078.20,2025-05-24 12:15:37
4119,6,2,3656,303.78,2025-06-17 21:11:39
4120,5,3,3657,8186.65,2025-07-09 22:57:09
4121,8,2,3657,8186.65,2025-07-09 23:01:09
4122,1,2,3658,1395.78,2025-05-25 12:44:59
4123,5,2,3659,1345.16,2025-12-27 12:37:36
4124,2,2,3660,497.32,2025-05-21 23:58:06
4125,8,2,3661,4432.06,2025-05-02 08:45:30
4126,3,2,3662,1641.31,2025-09-12 04:26:40
4127,5,2,3663,632.77,2025-11-01 07:26:20
4128,6,2,3664,1445.44,2025-01-08 02:31:41
4129,4,2,3665,1481.88,2025-08-07 17:25:10
4130,7,2,3666,1480.69,2025-08-16 11:54:14
4131,4,2,3667,618.84,2025-06-08 09:47:26
4132,3,2,3668,1204.51,2025-02-20 06:04:49
4133,2,2,3669,13732.44,2025-12-01 21:37:46
4134,1,2,3670,480.87,2025-08-21 10:46:51
4135,9,2,3671,1004.19,2025-04-09 15:20:25
4136,5,2,3672,796.57,2025-04-02 01:21:57
4137,1,2,3673,21166.74,2025-06-12 05:15:27
4138,1,2,3674,2293.16,2025-05-25 21:31:26
4139,6,2,3675,2326.16,2025-03-23 10:55:17
4140,1,2,3676,2258.52,2025-01-17 11:44:24
4141,9,2,3677,674.08,2025-06-16 11:58:14
4142,3,2,3678,1037.38,2025-10-03 04:19:48
4143,1,2,3679,1798.44,2025-05-31 17:19:59
4144,9,2,3680,1350.72,2025-03-24 07:08:55
4145,6,2,3681,663.14,2025-09-28 04:21:21
4146,7,2,3682,2638.28,2025-05-02 22:59:29
4147,4,2,3683,1640.53,2025-09-14 12:54:54
4148,4,2,3684,3225.44,2025-03-04 03:31:33
4149,3,2,3685,2604.16,2025-05-14 08:34:33
4150,1,2,3686,628.98,2025-06-16 05:04:35
4151,7,2,3687,1063.18,2025-12-06 23:38:43
4152,6,3,3688,1435.64,2025-11-01 14:48:41
4153,4,2,3688,1435.64,2025-11-01 14:52:41
4154,5,3,3689,572.40,2025-03-12 13:59:09
4155,5,2,3689,572.40,2025-03-12 14:03:09
4156,3,2,3690,1738.68,2025-03-02 20:38:03
4157,5,2,3691,645.93,2025-03-19 10:33:46
4158,6,2,3692,276.27,2025-06-28 20:35:59
4159,10,2,3693,841.55,2025-02-03 12:51:50
4160,6,2,3694,663.51,2025-01-27 22:22:47
4161,1,2,3695,3046.30,2025-09-04 03:44:39
4162,6,2,3696,906.16,2025-01-16 06:16:52
4163,5,2,3697,10598.40,2025-07-03 06:47:20
4164,4,2,3698,1387.78,2025-12-28 03:28:19
4165,10,2,3699,866.21,2025-06-20 10:15:23
4166,10,2,3700,2274.40,2025-04-13 07:21:38
4167,8,2,3701,6288.97,2025-08-25 02:36:36
4168,7,2,3702,861.76,2025-01-29 21:59:24
4169,8,2,3703,3637.03,2025-01-06 04:44:33
4170,7,2,3704,799.20,2025-11-28 17:48:12
4171,9,2,3705,436.89,2025-06-25 05:26:11
4172,2,2,3706,913.50,2025-04-27 21:14:20
4173,4,2,3707,995.22,2025-09-30 08:09:35
4174,9,2,3708,11223.79,2025-07-04 23:33:17
4175,2,2,3709,599.55,2025-04-07 14:26:02
4176,2,2,3710,238.18,2025-12-04 01:13:31
4177,10,3,3711,1020.90,2025-07-17 12:16:14
4178,9,2,3711,1020.90,2025-07-17 12:20:14
4179,9,2,3712,596.76,2025-11-16 20:56:55
4180,7,2,3713,1643.40,2025-07-28 21:52:19
4181,5,2,3714,5241.53,2025-11-05 14:00:19
4182,1,3,3715,642.49,2025-02-12 15:09:35
4183,5,2,3715,642.49,2025-02-12 15:13:35
4184,6,2,3716,3044.27,2025-04-13 12:50:20
4185,9,2,3717,13493.57,2025-03-06 20:35:43
4186,1,2,3718,1543.25,2025-06-05 13:42:18
4187,10,2,3719,1320.55,2025-10-06 12:33:56
4188,10,2,3720,2892.71,2025-05-08 20:10:23
4189,3,3,3721,1995.98,2025-06-13 15:10:47
4190,6,2,3721,1995.98,2025-06-13 15:14:47
4191,3,2,3722,770.88,2025-11-22 07:10:38
4192,9,2,3723,2476.72,2025-04-23 16:30:46
4193,6,2,3724,1267.60,2025-06-17 11:55:44
4194,6,2,3725,1245.72,2025-04-22 05:11:53
4195,2,2,3726,1153.08,2025-08-17 02:41:22
4196,8,2,3727,3143.96,2025-12-05 09:03:10
4197,2,2,3728,4841.58,2025-08-25 20:11:04
4198,2,2,3729,3969.53,2025-10-13 15:26:35
4199,8,3,3730,1135.69,2025-01-07 06:19:20
4200,10,2,3730,1135.69,2025-01-07 06:23:20
4201,6,2,3731,596.19,2025-04-16 03:11:19
4202,7,2,3732,791.05,2025-11-26 02:27:47
4203,1,2,3733,1980.50,2025-12-29 13:12:06
4204,1,2,3734,101.62,2025-02-03 01:00:57
4205,6,2,3735,14620.12,2025-08-24 21:45:25
4206,5,2,3736,2137.94,2025-03-17 02:59:08
4207,4,2,3737,1986.54,2025-01-06 10:03:23
4208,3,2,3738,4923.28,2025-05-21 05:16:59
4209,2,2,3739,253.65,2025-02-08 21:28:29
4210,10,2,3740,785.38,2025-05-15 20:42:54
4211,1,2,3741,1051.74,2025-02-24 21:49:36
4212,8,2,3742,5775.73,2025-01-24 15:22:38
4213,6,2,3743,6789.46,2025-08-04 17:32:45
4214,6,2,3744,1450.05,2025-03-12 01:37:13
4215,6,2,3745,4639.82,2025-09-03 18:00:07
4216,1,2,3746,1522.38,2025-10-09 16:47:19
4217,9,3,3747,1320.54,2025-02-12 15:07:17
4218,10,2,3747,1320.54,2025-02-12 15:11:17
4219,3,2,3748,1559.65,2025-11-03 02:38:03
4220,6,2,3749,700.56,2025-12-31 09:20:47
4221,1,2,3750,2879.88,2025-04-30 02:28:17
4222,6,2,3751,2979.27,2025-04-15 09:07:59
4223,1,2,3752,8871.61,2025-09-02 14:05:31
4224,8,2,3753,1795.05,2025-03-08 09:51:29
4225,10,2,3754,1431.31,2025-09-17 15:17:30
4226,2,3,3755,650.70,2025-10-11 03:36:09
4227,7,2,3755,650.70,2025-10-11 03:40:09
4228,10,2,3756,1356.48,2025-05-26 04:13:59
4229,3,2,3757,14330.40,2025-11-25 15:47:48
4230,5,2,3758,1180.79,2025-07-14 10:43:29
4231,10,3,3759,1111.19,2025-12-13 00:12:10
4232,6,2,3759,1111.19,2025-12-13 00:16:10
4233,3,2,3760,2380.78,2025-04-10 12:15:51
4234,5,2,3761,914.02,2025-06-27 07:19:03
4235,5,2,3762,3658.92,2025-11-21 05:02:57
4236,6,2,3763,1151.12,2025-09-13 15:07:10
4237,5,3,3764,1704.96,2025-04-04 12:15:46
4238,6,2,3764,1704.96,2025-04-04 12:19:46
4239,10,2,3765,2693.56,2025-07-14 14:34:53
4240,9,2,3766,1165.00,2025-06-05 19:05:01
4241,6,2,3767,1200.81,2025-06-15 23:43:59
4242,5,2,3768,1042.90,2025-02-18 10:25:01
4243,5,2,3769,2942.57,2025-07-18 01:54:39
4244,8,2,3770,2793.46,2025-06-18 05:35:24
4245,4,2,3771,1032.38,2025-11-10 11:25:46
4246,3,2,3772,9259.22,2025-12-09 18:42:51
4247,7,2,3773,19439.63,2025-10-16 09:10:52
4248,2,2,3774,981.23,2025-09-11 14:34:41
4249,7,2,3775,578.32,2025-11-18 13:22:30
4250,1,2,3776,4662.68,2025-07-05 11:16:25
4251,6,2,3777,4420.25,2025-03-15 03:54:14
4252,6,2,3778,811.91,2025-03-08 14:05:33
4253,5,2,3779,996.77,2025-01-06 21:40:29
4254,1,2,3780,759.08,2025-05-15 03:04:52
4255,2,2,3781,16843.21,2025-09-16 15:27:02
4256,2,2,3782,2671.95,2025-01-02 19:13:53
4257,6,2,3783,1468.41,2025-05-23 21:25:34
4258,4,2,3784,1450.54,2025-07-17 01:53:12
4259,10,2,3785,503.22,2025-03-23 04:19:26
4260,10,2,3786,341.55,2025-10-28 00:38:36
4261,4,2,3787,27163.52,2025-03-21 19:16:05
4262,8,2,3788,1328.54,2025-12-04 03:49:21
4263,5,2,3789,30082.82,2025-04-24 16:42:00
4264,7,2,3790,1412.61,2025-09-03 20:24:59
4265,5,2,3791,1606.33,2025-08-24 04:33:41
4266,9,2,3792,3215.70,2025-10-28 02:37:08
4267,2,2,3793,1525.85,2025-04-18 00:05:59
4268,9,2,3794,5820.87,2025-10-26 11:35:53
4269,3,2,3795,383.33,2025-10-27 15:51:11
4270,8,2,3796,1574.92,2025-11-12 09:42:23
4271,5,2,3797,1485.62,2025-11-26 07:46:06
4272,8,2,3798,13939.46,2025-04-29 04:18:27
4273,2,3,3799,1345.05,2025-11-24 16:29:20
4274,7,2,3799,1345.05,2025-11-24 16:33:20
4275,4,2,3800,1233.01,2025-05-29 14:22:25
4276,3,2,3801,645.76,2025-10-17 16:14:57
4277,5,2,3802,1422.23,2025-06-07 10:07:41
4278,6,2,3803,3196.01,2025-03-19 22:59:16
4279,6,2,3804,2082.72,2025-02-09 02:29:41
4280,8,2,3805,652.84,2025-07-24 05:10:40
4281,2,2,3806,1390.25,2025-02-23 23:48:57
4282,10,2,3807,3576.73,2025-06-05 01:26:53
4283,1,2,3808,8917.11,2025-07-31 02:40:11
4284,6,2,3809,1662.46,2025-06-13 20:33:26
4285,10,2,3810,29678.92,2025-08-11 12:05:17
4286,10,2,3811,6997.42,2025-11-07 11:43:25
4287,3,3,3812,1816.12,2025-10-02 21:37:44
4288,5,2,3812,1816.12,2025-10-02 21:41:44
4289,2,2,3813,1018.60,2025-09-14 10:27:03
4290,6,2,3814,4430.67,2025-03-01 22:42:10
4291,8,2,3815,3625.17,2025-11-15 15:09:09
4292,5,2,3816,2611.66,2025-08-09 18:10:07
4293,2,2,3817,1947.49,2025-09-03 23:52:35
4294,6,2,3818,2520.97,2025-11-20 19:02:27
4295,9,2,3819,420.24,2025-08-12 10:29:51
4296,9,2,3820,1070.51,2025-07-12 01:47:01
4297,6,2,3821,2840.54,2025-12-24 20:01:29
4298,1,2,3822,2072.83,2025-09-11 09:46:42
4299,1,2,3823,732.14,2025-08-03 08:08:52
4300,5,3,3824,2870.10,2025-02-21 10:46:41
4301,5,2,3824,2870.10,2025-02-21 10:50:41
4302,9,2,3825,1876.03,2025-03-16 22:43:29
4303,1,2,3826,12097.67,2025-09-20 09:28:52
4304,9,2,3827,521.23,2025-08-24 22:00:30
4305,10,2,3828,15289.08,2025-01-09 01:14:38
4306,6,2,3829,2250.59,2025-10-30 02:49:52
4307,2,2,3830,6836.93,2025-06-24 21:36:43
4308,5,2,3831,495.65,2025-10-25 10:20:38
4309,3,2,3832,1561.08,2025-08-17 15:55:36
4310,10,2,3833,2278.56,2025-02-02 19:52:34
4311,1,2,3834,429.46,2025-02-18 09:05:19
4312,6,2,3835,2052.68,2025-01-24 23:09:41
4313,7,2,3836,589.32,2025-09-10 04:03:50
4314,1,2,3837,2440.15,2025-11-03 08:26:54
4315,1,2,3838,392.57,2025-09-14 02:21:01
4316,9,2,3839,9321.29,2025-01-29 07:20:12
4317,7,2,3840,619.94,2025-02-21 10:40:46
4318,1,2,3841,6203.75,2025-03-20 20:01:08
4319,4,2,3842,6297.83,2025-07-03 14:31:04
4320,4,3,3843,1914.30,2025-12-26 21:24:14
4321,5,2,3843,1914.30,2025-12-26 21:28:14
4322,2,2,3844,2363.32,2025-01-12 10:14:15
4323,2,3,3845,1229.57,2025-12-22 04:32:57
4324,7,2,3845,1229.57,2025-12-22 04:36:57
4325,1,2,3846,655.96,2025-12-06 13:38:19
4326,4,2,3847,2003.44,2025-02-06 01:08:54
4327,7,2,3848,737.15,2025-02-01 17:10:33
4328,2,2,3849,10994.17,2025-10-28 15:30:21
4329,9,2,3850,1352.94,2025-04-16 01:32:46
4330,6,2,3851,1959.91,2025-12-29 09:29:33
4331,10,2,3852,855.03,2025-07-14 21:31:22
4332,2,2,3853,1359.71,2025-12-09 10:16:48
4333,7,2,3854,3350.93,2025-03-02 00:53:43
4334,8,2,3855,1211.85,2025-12-13 02:11:51
4335,5,2,3856,1487.52,2025-11-29 23:35:24
4336,2,2,3857,3393.57,2025-06-14 09:49:19
4337,10,2,3858,310.75,2025-04-29 06:22:53
4338,9,2,3859,573.65,2025-04-27 01:44:32
4339,3,2,3860,18866.20,2025-10-01 14:55:14
4340,8,2,3861,835.45,2025-07-13 12:43:31
4341,6,2,3862,638.15,2025-10-25 21:26:44
4342,9,2,3863,6703.14,2025-04-18 01:22:16
4343,1,2,3864,12218.35,2025-01-01 19:54:42
4344,10,2,3865,2823.50,2025-09-05 12:10:27
4345,6,3,3866,2137.33,2025-07-28 15:21:20
4346,10,2,3866,2137.33,2025-07-28 15:25:20
4347,9,2,3867,327.75,2025-01-07 05:57:30
4348,3,3,3868,2970.32,2025-02-23 00:11:21
4349,4,2,3868,2970.32,2025-02-23 00:15:21
4350,9,2,3869,1489.01,2025-05-15 04:19:03
4351,2,2,3870,843.54,2025-12-28 11:01:01
4352,5,2,3871,835.25,2025-07-03 07:43:15
4353,8,2,3872,663.23,2025-04-25 01:52:20
4354,8,2,3873,2490.07,2025-01-11 03:08:03
4355,1,2,3874,1737.14,2025-10-16 03:30:40
4356,9,2,3875,1328.81,2025-05-31 07:05:31
4357,6,2,3876,745.01,2025-11-27 11:47:58
4358,5,2,3877,1321.18,2025-02-08 22:43:48
4359,4,3,3878,2971.06,2025-11-04 08:37:25
4360,10,2,3878,2971.06,2025-11-04 08:41:25
4361,10,2,3879,744.20,2025-08-03 18:32:52
4362,9,2,3880,441.31,2025-03-27 16:46:51
4363,5,2,3881,735.05,2025-10-22 06:54:38
4364,7,2,3882,1274.06,2025-05-05 15:52:08
4365,9,2,3883,873.09,2025-03-13 03:05:35
4366,7,2,3884,1975.35,2025-06-30 01:26:19
4367,10,2,3885,15931.71,2025-10-06 01:25:57
4368,4,2,3886,3661.48,2025-06-19 19:45:24
4369,9,3,3887,316.76,2025-06-25 16:01:33
4370,9,2,3887,316.76,2025-06-25 16:05:33
4371,3,3,3888,3083.20,2025-01-14 10:58:05
4372,8,2,3888,3083.20,2025-01-14 11:02:05
4373,2,3,3889,1458.16,2025-02-17 11:25:39
4374,2,2,3889,1458.16,2025-02-17 11:29:39
4375,5,2,3890,426.26,2025-08-30 06:53:23
4376,9,3,3891,1179.43,2025-03-14 22:44:33
4377,7,2,3891,1179.43,2025-03-14 22:48:33
4378,10,2,3892,621.32,2025-04-16 04:28:19
4379,8,2,3893,2172.81,2025-06-09 01:35:12
4380,3,2,3894,465.13,2025-04-30 04:45:26
4381,3,2,3895,1526.59,2025-07-28 19:01:23
4382,5,2,3896,1766.03,2025-09-08 10:38:25
4383,9,2,3897,651.42,2025-05-03 02:11:22
4384,6,2,3898,901.06,2025-03-02 03:02:50
4385,9,2,3899,253.34,2025-01-01 19:38:44
4386,9,2,3900,10685.28,2025-05-20 18:42:43
4387,8,2,3901,1389.36,2025-04-15 18:36:10
4388,9,2,3902,4008.96,2025-07-21 11:42:54
4389,9,2,3903,10375.70,2025-10-23 12:59:37
4390,3,2,3904,436.41,2025-01-30 04:04:56
4391,8,2,3905,1469.85,2025-02-24 22:50:19
4392,2,3,3906,2001.68,2025-10-12 10:12:54
4393,1,2,3906,2001.68,2025-10-12 10:16:54
4394,3,2,3907,828.94,2025-01-06 18:34:43
4395,3,3,3908,466.72,2025-08-26 18:34:52
4396,4,2,3908,466.72,2025-08-26 18:38:52
4397,6,2,3909,949.62,2025-05-17 17:35:38
4398,1,2,3910,2289.44,2025-05-10 12:45:52
4399,1,2,3911,23990.96,2025-10-06 17:06:31
4400,8,2,3912,633.75,2025-03-12 03:42:57
4401,2,2,3913,504.62,2025-12-29 04:44:07
4402,2,2,3914,2203.14,2025-11-15 19:59:11
4403,8,2,3915,13232.84,2025-05-19 09:10:10
4404,6,2,3916,657.67,2025-03-10 12:38:21
4405,8,2,3917,532.29,2025-05-29 08:18:42
4406,8,2,3918,2047.78,2025-12-06 17:53:01
4407,1,2,3919,691.43,2025-03-08 21:11:02
4408,6,3,3920,361.99,2025-12-11 17:44:19
4409,7,2,3920,361.99,2025-12-11 17:48:19
4410,2,2,3921,1399.07,2025-11-18 17:41:33
4411,3,2,3922,737.67,2025-09-22 01:57:13
4412,9,3,3923,6728.60,2025-03-30 17:25:32
4413,5,2,3923,6728.60,2025-03-30 17:29:32
4414,6,3,3924,1395.57,2025-07-22 07:57:33
4415,4,2,3924,1395.57,2025-07-22 08:01:33
4416,2,2,3925,1840.85,2025-09-22 12:03:30
4417,1,2,3926,1798.48,2025-01-21 07:12:15
4418,3,2,3927,2229.49,2025-03-23 10:49:16
4419,1,2,3928,555.32,2025-09-19 11:21:36
4420,10,2,3929,6100.42,2025-03-03 01:42:36
4421,4,2,3930,1050.73,2025-02-15 08:23:58
4422,1,2,3931,1826.74,2025-02-23 12:07:05
4423,6,2,3932,1644.96,2025-05-27 04:44:55
4424,6,2,3933,1742.59,2025-11-26 02:54:07
4425,3,2,3934,3674.54,2025-06-21 01:39:27
4426,6,2,3935,392.99,2025-11-26 16:14:37
4427,4,2,3936,852.84,2025-07-26 20:48:20
4428,1,2,3937,623.26,2025-02-04 03:00:24
4429,3,3,3938,854.90,2025-10-24 18:19:03
4430,4,2,3938,854.90,2025-10-24 18:23:03
4431,3,3,3939,16579.81,2025-08-28 09:48:48
4432,10,2,3939,16579.81,2025-08-28 09:52:48
4433,5,2,3940,951.63,2025-02-18 11:12:04
4434,7,2,3941,1899.66,2025-11-26 20:48:24
4435,8,2,3942,697.56,2025-04-27 13:07:20
4436,2,2,3943,310.94,2025-11-17 18:57:53
4437,2,3,3944,2509.09,2025-12-17 15:52:54
4438,8,2,3944,2509.09,2025-12-17 15:56:54
4439,3,2,3945,2005.07,2025-06-30 10:58:45
4440,5,2,3946,993.03,2025-10-29 13:21:58
4441,4,3,3947,440.53,2025-03-12 20:41:55
4442,9,2,3947,440.53,2025-03-12 20:45:55
4443,4,2,3948,588.15,2025-11-03 22:54:45
4444,5,2,3949,2229.11,2025-05-22 17:17:38
4445,9,2,3950,2195.60,2025-01-23 10:54:37
4446,7,2,3951,609.07,2025-04-12 02:04:16
4447,10,3,3952,1501.36,2025-11-22 13:57:54
4448,1,2,3952,1501.36,2025-11-22 14:01:54
4449,5,2,3953,946.22,2025-04-09 18:58:32
4450,5,2,3954,692.65,2025-05-25 04:07:53
4451,6,3,3955,2111.95,2025-06-19 01:52:59
4452,8,2,3955,2111.95,2025-06-19 01:56:59
4453,9,2,3956,1370.92,2025-12-20 21:49:47
4454,8,2,3957,3472.14,2025-05-20 13:05:52
4455,4,2,3958,676.93,2025-06-18 01:35:50
4456,7,2,3959,1238.99,2025-04-10 00:48:25
4457,2,2,3960,584.08,2025-12-23 23:06:10
4458,3,3,3961,1743.04,2025-04-25 09:42:15
4459,2,2,3961,1743.04,2025-04-25 09:46:15
4460,5,2,3962,1567.09,2025-10-22 09:38:52
4461,7,2,3963,15642.40,2025-06-24 01:35:43
4462,1,3,3964,774.51,2025-11-29 09:19:14
4463,8,2,3964,774.51,2025-11-29 09:23:14
4464,6,2,3965,1653.93,2025-08-07 02:22:46
4465,1,3,3966,698.50,2025-04-07 06:02:22
4466,1,2,3966,698.50,2025-04-07 06:06:22
4467,8,2,3967,499.79,2025-05-10 08:58:31
4468,4,2,3968,10748.94,2025-11-23 19:18:44
4469,4,2,3969,449.88,2025-05-19 10:27:07
4470,1,2,3970,1829.73,2025-05-16 09:15:36
4471,7,2,3971,966.08,2025-12-29 05:08:18
4472,4,2,3972,1036.02,2025-10-01 18:06:45
4473,8,2,3973,625.35,2025-02-11 21:44:07
4474,6,2,3974,10015.21,2025-04-20 09:15:28
4475,9,2,3975,2271.48,2025-08-03 15:35:36
4476,4,2,3976,12146.74,2025-03-12 14:11:34
4477,2,2,3977,1910.53,2025-07-14 23:29:15
4478,6,2,3978,704.36,2025-08-12 01:00:28
4479,9,2,3979,1641.31,2025-12-04 05:10:30
4480,8,2,3980,1232.20,2025-04-06 22:03:53
4481,7,2,3981,974.68,2025-09-05 03:09:50
4482,9,2,3982,972.64,2025-12-25 19:03:59
4483,3,3,3983,202.49,2025-02-23 12:18:37
4484,8,2,3983,202.49,2025-02-23 12:22:37
4485,4,3,3984,8137.42,2025-05-12 08:12:10
4486,6,2,3984,8137.42,2025-05-12 08:16:10
4487,9,2,3985,2985.43,2025-01-31 16:44:43
4488,5,2,3986,20224.27,2025-05-13 20:09:15
4489,7,2,3987,2002.19,2025-10-23 20:29:46
4490,7,2,3988,772.11,2025-07-28 17:45:53
4491,2,2,3989,14667.01,2025-02-18 06:37:51
4492,1,2,3990,473.38,2025-01-11 10:42:14
4493,3,2,3991,1005.68,2025-07-22 11:33:37
4494,10,2,3992,853.11,2025-09-30 04:36:28
4495,2,3,3993,3206.70,2025-02-03 07:04:13
4496,1,2,3993,3206.70,2025-02-03 07:08:13
4497,9,3,3994,2752.70,2025-09-17 09:59:55
4498,10,2,3994,2752.70,2025-09-17 10:03:55
4499,1,2,3995,1092.78,2025-05-30 15:08:33
4500,3,2,3996,29426.94,2025-10-18 00:46:48
4501,3,2,3997,1041.82,2025-02-01 16:58:37
4502,7,2,3998,944.40,2025-09-18 15:29:24
4503,7,2,3999,1077.38,2025-03-25 19:19:10
4504,1,2,4000,649.68,2025-12-31 23:50:22
4505,4,3,4001,2353.74,2025-09-13 17:43:30
4506,2,2,4001,2353.74,2025-09-13 17:47:30
4507,1,2,4002,1240.54,2025-01-19 20:40:28
4508,7,2,4003,1584.75,2025-03-27 05:37:30
4509,7,2,4004,1335.01,2025-04-20 09:05:30
4510,10,2,4005,873.22,2025-08-29 03:13:59
4511,3,2,4006,1638.80,2025-12-08 08:32:21
4512,4,2,4007,540.97,2025-09-22 01:03:02
4513,8,2,4008,504.28,2025-07-18 06:49:44
4514,6,2,4009,1450.58,2025-12-25 05:15:44
4515,3,2,4010,1801.14,2025-08-31 01:26:35
4516,3,2,4011,913.40,2025-06-02 16:09:54
4517,2,3,4012,2146.15,2025-10-05 08:25:06
4518,2,2,4012,2146.15,2025-10-05 08:29:06
4519,8,2,4013,1131.46,2025-12-22 06:53:26
4520,1,2,4014,827.74,2025-12-08 02:20:36
4521,1,2,4015,13760.63,2025-11-26 07:24:24
4522,10,2,4016,11246.67,2025-05-22 22:43:53
4523,9,2,4017,593.67,2025-01-28 04:58:08
4524,10,2,4018,216.19,2025-01-25 23:05:43
4525,4,2,4019,6004.05,2025-02-24 15:19:33
4526,1,2,4020,342.91,2025-09-21 01:04:29
4527,7,2,4021,745.46,2025-07-18 05:24:05
4528,3,2,4022,1388.44,2025-06-01 23:19:15
4529,8,2,4023,5465.19,2025-10-31 13:19:09
4530,2,2,4024,3882.19,2025-12-10 01:47:03
4531,5,3,4025,434.82,2025-01-29 08:41:41
4532,8,2,4025,434.82,2025-01-29 08:45:41
4533,10,2,4026,1437.67,2025-04-09 14:27:08
4534,7,2,4027,1448.89,2025-03-30 12:41:00
4535,1,2,4028,2285.43,2025-02-03 06:32:27
4536,8,2,4029,14041.26,2025-01-29 19:34:44
4537,2,2,4030,1010.43,2025-09-13 00:26:58
4538,10,2,4031,3042.54,2025-11-06 07:45:48
4539,9,3,4032,1880.41,2025-07-16 00:24:40
4540,7,2,4032,1880.41,2025-07-16 00:28:40
4541,8,2,4033,352.92,2025-11-07 12:31:39
4542,7,2,4034,18445.41,2025-03-24 14:32:30
4543,10,2,4035,418.25,2025-08-29 15:45:59
4544,10,2,4036,2719.67,2025-02-05 11:26:18
4545,8,2,4037,1179.02,2025-01-23 10:58:36
4546,4,2,4038,1484.31,2025-10-03 12:21:31
4547,2,2,4039,3070.91,2025-10-03 01:47:15
4548,8,3,4040,1222.53,2025-11-07 11:16:25
4549,5,2,4040,1222.53,2025-11-07 11:20:25
4550,4,2,4041,695.96,2025-12-07 19:00:19
4551,2,2,4042,696.68,2025-02-27 00:51:35
4552,3,2,4043,1559.25,2025-06-20 09:44:28
4553,9,2,4044,1399.70,2025-09-11 09:11:26
4554,4,2,4045,21807.65,2025-08-09 14:16:39
4555,4,2,4046,1570.15,2025-06-26 16:43:07
4556,7,2,4047,1753.38,2025-01-10 06:37:24
4557,9,2,4048,2247.09,2025-02-21 21:05:12
4558,5,2,4049,1641.69,2025-09-21 22:35:16
4559,1,2,4050,2202.84,2025-02-27 07:38:41
4560,6,2,4051,2622.02,2025-11-04 14:18:18
4561,2,2,4052,849.08,2025-01-05 14:26:05
4562,3,2,4053,1439.79,2025-07-02 07:03:20
4563,8,2,4054,1265.36,2025-12-23 20:16:15
4564,3,2,4055,714.46,2025-11-19 12:44:22
4565,4,2,4056,824.62,2025-11-06 04:31:54
4566,6,2,4057,1337.88,2025-09-04 12:44:57
4567,5,2,4058,2014.36,2025-05-11 18:19:23
4568,2,2,4059,2272.73,2025-08-31 14:22:12
4569,1,2,4060,908.15,2025-02-16 14:41:05
4570,1,2,4061,2946.72,2025-01-08 22:38:38
4571,8,2,4062,2329.63,2025-10-13 12:47:03
4572,10,2,4063,406.41,2025-06-14 09:27:43
4573,6,2,4064,6931.84,2025-02-27 16:44:25
4574,5,2,4065,1087.69,2025-05-25 16:07:56
4575,5,2,4066,1341.39,2025-10-07 23:43:12
4576,1,3,4067,614.50,2025-06-14 16:13:04
4577,2,2,4067,614.50,2025-06-14 16:17:04
4578,3,2,4068,1395.97,2025-12-01 15:12:57
4579,6,2,4069,1316.18,2025-08-02 10:48:44
4580,1,2,4070,2643.38,2025-08-03 16:34:00
4581,3,2,4071,1425.48,2025-01-07 02:18:11
4582,5,2,4072,1830.63,2025-06-14 00:50:51
4583,2,3,4073,2768.08,2025-12-16 04:15:47
4584,4,2,4073,2768.08,2025-12-16 04:19:47
4585,4,2,4074,13871.87,2025-05-02 21:13:48
4586,1,2,4075,867.75,2025-07-30 23:12:51
4587,8,2,4076,959.22,2025-01-13 17:15:24
4588,3,2,4077,4026.24,2025-05-11 22:15:07
4589,9,2,4078,771.59,2025-05-24 20:03:30
4590,5,2,4079,8556.81,2025-10-01 17:19:35
4591,6,3,4080,710.85,2025-05-14 07:09:49
4592,7,2,4080,710.85,2025-05-14 07:13:49
4593,6,2,4081,5361.69,2025-10-28 18:24:44
4594,1,2,4082,2175.92,2025-10-26 18:04:39
4595,4,2,4083,3921.40,2025-11-20 17:37:05
4596,7,3,4084,634.06,2025-12-12 01:43:56
4597,7,2,4084,634.06,2025-12-12 01:47:56
4598,6,2,4085,2704.48,2025-12-29 19:16:24
4599,8,2,4086,784.00,2025-05-21 22:20:13
4600,5,2,4087,698.99,2025-09-21 15:48:17
4601,6,2,4088,548.95,2025-07-02 02:13:56
4602,5,2,4089,1630.84,2025-11-29 23:56:00
4603,2,2,4090,1836.28,2025-08-24 14:58:58
4604,2,2,4091,1500.31,2025-06-18 09:31:53
4605,5,2,4092,1662.98,2025-10-07 23:01:07
4606,1,2,4093,2365.96,2025-08-03 05:13:25
4607,10,2,4094,2032.97,2025-11-15 17:32:46
4608,1,2,4095,1173.71,2025-01-22 02:28:58
4609,4,2,4096,1652.00,2025-06-28 02:04:25
4610,10,3,4097,1491.84,2025-09-21 13:14:58
4611,5,2,4097,1491.84,2025-09-21 13:18:58
4612,10,2,4098,782.71,2025-10-05 21:12:05
4613,7,2,4099,1505.80,2025-09-30 02:52:50
4614,2,3,4100,1400.86,2025-04-25 10:57:41
4615,2,2,4100,1400.86,2025-04-25 11:01:41
4616,6,2,4101,3474.58,2025-06-14 23:33:26
4617,10,2,4102,558.32,2025-05-21 11:41:19
4618,9,3,4103,757.51,2025-05-06 04:19:46
4619,5,2,4103,757.51,2025-05-06 04:23:46
4620,3,2,4104,3024.76,2025-10-26 02:02:04
4621,2,2,4105,1275.85,2025-02-26 10:03:58
4622,10,2,4106,3136.02,2025-06-15 20:46:57
4623,10,2,4107,6001.21,2025-05-24 22:45:55
4624,10,2,4108,555.84,2025-09-22 04:47:00
4625,7,2,4109,2214.23,2025-03-26 12:25:22
4626,5,2,4110,587.50,2025-07-31 01:21:32
4627,9,2,4111,1209.86,2025-12-16 03:39:20
4628,7,2,4112,602.23,2025-12-17 15:19:47
4629,3,2,4113,10412.18,2025-12-19 23:34:59
4630,3,2,4114,181.71,2025-08-17 06:48:35
4631,3,2,4115,1452.89,2025-03-24 03:55:53
4632,7,2,4116,930.02,2025-03-10 20:51:06
4633,6,2,4117,564.80,2025-05-04 17:00:55
4634,10,2,4118,1956.26,2025-06-28 02:56:23
4635,10,2,4119,1302.31,2025-01-29 10:22:02
4636,2,2,4120,381.50,2025-07-05 17:34:22
4637,4,2,4121,995.14,2025-05-10 20:27:09
4638,6,2,4122,645.28,2025-09-23 00:13:01
4639,8,2,4123,1215.97,2025-05-21 20:24:45
4640,10,2,4124,2727.66,2025-02-20 20:07:35
4641,4,2,4125,968.28,2025-08-21 22:49:00
4642,7,2,4126,2669.68,2025-12-11 01:02:33
4643,5,2,4127,682.87,2025-05-18 12:38:29
4644,9,3,4128,8758.63,2025-11-06 11:12:47
4645,6,2,4128,8758.63,2025-11-06 11:16:47
4646,3,2,4129,291.00,2025-10-08 20:20:06
4647,5,3,4130,3601.76,2025-12-28 13:48:48
4648,4,2,4130,3601.76,2025-12-28 13:52:48
4649,4,2,4131,614.24,2025-02-19 02:20:19
4650,6,2,4132,40153.84,2025-12-21 13:49:58
4651,3,2,4133,750.23,2025-06-25 07:11:29
4652,7,2,4134,1090.53,2025-12-30 09:43:28
4653,4,3,4135,945.11,2025-05-25 23:08:38
4654,10,2,4135,945.11,2025-05-25 23:12:38
4655,1,2,4136,1586.34,2025-12-29 08:37:42
4656,5,2,4137,1292.02,2025-01-22 08:59:18
4657,7,2,4138,442.13,2025-10-22 15:27:51
4658,9,2,4139,1706.57,2025-05-31 03:03:08
4659,8,2,4140,821.30,2025-08-26 02:09:57
4660,4,2,4141,1952.95,2025-05-22 17:53:18
4661,8,2,4142,460.58,2025-09-06 02:30:59
4662,8,2,4143,499.90,2025-11-26 14:17:18
4663,7,2,4144,1017.84,2025-04-24 19:04:47
4664,7,2,4145,15986.45,2025-02-05 10:58:03
4665,9,2,4146,1736.79,2025-11-22 19:36:05
4666,8,2,4147,1092.45,2025-09-10 22:02:47
4667,5,2,4148,1365.87,2025-06-04 15:56:18
4668,5,2,4149,917.09,2025-06-27 04:43:23
4669,9,2,4150,758.79,2025-08-16 16:07:56
4670,4,2,4151,784.31,2025-10-23 04:53:18
4671,7,3,4152,1078.91,2025-01-05 22:11:52
4672,1,2,4152,1078.91,2025-01-05 22:15:52
4673,5,2,4153,3468.78,2025-04-08 17:37:07
4674,6,2,4154,751.91,2025-08-01 00:32:13
4675,10,2,4155,22309.74,2025-06-06 08:12:49
4676,5,2,4156,1614.72,2025-09-12 08:45:08
4677,4,2,4157,1671.57,2025-09-30 09:48:01
4678,4,2,4158,9120.37,2025-05-04 16:00:45
4679,10,2,4159,1241.84,2025-08-21 19:57:27
4680,3,2,4160,3459.11,2025-03-11 07:52:14
4681,1,2,4161,1651.98,2025-04-17 17:09:15
4682,3,2,4162,9033.96,2025-07-31 03:45:44
4683,2,2,4163,849.55,2025-09-23 11:30:04
4684,2,2,4164,655.94,2025-09-17 19:54:12
4685,5,2,4165,20987.14,2025-01-13 09:57:47
4686,3,2,4166,31385.05,2025-09-04 17:53:15
4687,7,2,4167,913.91,2025-09-11 10:08:30
4688,6,2,4168,1318.70,2025-01-23 23:24:11
4689,4,2,4169,930.95,2025-11-19 06:44:56
4690,2,2,4170,1850.38,2025-01-19 11:51:40
4691,8,3,4171,1121.88,2025-09-06 05:25:35
4692,10,2,4171,1121.88,2025-09-06 05:29:35
4693,2,3,4172,416.50,2025-11-12 17:12:16
4694,5,2,4172,416.50,2025-11-12 17:16:16
4695,2,2,4173,789.66,2025-11-04 17:09:12
4696,2,2,4174,1438.94,2025-05-20 20:45:25
4697,8,2,4175,931.15,2025-08-08 17:51:46
4698,8,2,4176,934.82,2025-11-16 15:27:24
4699,5,2,4177,23888.32,2025-08-09 21:04:34
4700,10,2,4178,939.28,2025-05-26 14:44:43
4701,3,3,4179,1553.83,2025-01-12 09:34:54
4702,10,2,4179,1553.83,2025-01-12 09:38:54
4703,3,2,4180,2401.64,2025-05-05 10:00:18
4704,3,2,4181,859.24,2025-12-18 02:49:16
4705,8,2,4182,1362.90,2025-03-15 22:22:40
4706,4,3,4183,746.43,2025-05-29 05:40:52
4707,10,2,4183,746.43,2025-05-29 05:44:52
4708,10,2,4184,838.78,2025-04-24 06:11:06
4709,2,2,4185,2128.18,2025-08-12 14:17:59
4710,4,2,4186,742.00,2025-12-26 00:43:06
4711,8,2,4187,2257.08,2025-07-15 08:19:20
4712,6,3,4188,2538.93,2025-04-13 21:41:37
4713,7,2,4188,2538.93,2025-04-13 21:45:37
4714,2,3,4189,1069.96,2025-05-16 12:49:25
4715,2,2,4189,1069.96,2025-05-16 12:53:25
4716,2,2,4190,2256.71,2025-06-29 11:04:48
4717,1,2,4191,948.47,2025-08-22 12:51:35
4718,2,2,4192,1536.50,2025-09-28 00:32:16
4719,3,2,4193,15599.82,2025-01-26 18:11:38
4720,9,3,4194,1296.72,2025-07-09 04:12:07
4721,6,2,4194,1296.72,2025-07-09 04:16:07
4722,2,2,4195,1040.54,2025-08-09 14:03:34
4723,5,2,4196,39461.24,2025-06-01 07:06:52
4724,7,2,4197,2615.49,2025-02-16 02:45:40
4725,2,2,4198,1402.02,2025-11-11 20:20:40
4726,4,2,4199,3296.17,2025-01-22 20:42:13
4727,7,2,4200,2907.04,2025-11-27 07:12:06
4728,10,2,4201,1824.42,2025-06-27 05:55:46
4729,2,2,4202,2510.20,2025-01-28 01:35:45
4730,2,3,4203,1046.78,2025-04-20 06:54:33
4731,4,2,4203,1046.78,2025-04-20 06:58:33
4732,4,3,4204,916.84,2025-07-26 03:35:13
4733,4,2,4204,916.84,2025-07-26 03:39:13
4734,5,2,4205,1474.33,2025-04-22 20:32:56
4735,7,2,4206,527.06,2025-10-06 12:46:09
4736,10,2,4207,1086.85,2025-10-06 15:47:21
4737,10,2,4208,251.87,2025-07-20 21:26:44
4738,3,2,4209,1280.20,2025-02-11 11:14:30
4739,5,2,4210,28819.08,2025-11-08 04:50:30
4740,7,2,4211,1022.99,2025-06-12 22:00:00
4741,3,2,4212,2030.37,2025-10-14 13:25:22
4742,5,2,4213,1894.27,2025-01-28 20:44:27
4743,9,2,4214,805.13,2025-02-12 16:07:50
4744,2,2,4215,9955.89,2025-12-08 11:31:32
4745,4,2,4216,633.18,2025-01-07 01:24:12
4746,4,2,4217,1110.02,2025-05-14 03:30:51
4747,6,2,4218,718.71,2025-01-08 12:00:48
4748,6,3,4219,20945.67,2025-11-02 20:38:03
4749,2,2,4219,20945.67,2025-11-02 20:42:03
4750,5,2,4220,447.56,2025-09-27 22:19:48
4751,6,2,4221,289.44,2025-07-29 01:32:14
4752,4,3,4222,5393.30,2025-04-17 03:06:12
4753,2,2,4222,5393.30,2025-04-17 03:10:12
4754,2,2,4223,10904.26,2025-09-17 05:13:13
4755,2,2,4224,378.00,2025-11-24 19:41:27
4756,1,2,4225,20522.78,2025-05-02 05:59:28
4757,10,2,4226,1413.43,2025-10-27 11:19:52
4758,3,2,4227,3413.07,2025-02-21 11:36:47
4759,10,2,4228,2498.28,2025-07-31 14:20:29
4760,1,3,4229,1169.24,2025-07-04 19:24:48
4761,6,2,4229,1169.24,2025-07-04 19:28:48
4762,2,3,4230,2077.70,2025-05-24 13:24:41
4763,2,2,4230,2077.70,2025-05-24 13:28:41
4764,9,2,4231,32203.00,2025-10-15 04:45:34
4765,1,2,4232,1366.50,2025-03-13 06:42:00
4766,6,2,4233,1242.40,2025-09-26 13:22:12
4767,4,3,4234,2313.66,2025-02-22 13:34:42
4768,6,2,4234,2313.66,2025-02-22 13:38:42
4769,5,2,4235,766.63,2025-04-21 00:40:39
4770,4,3,4236,685.53,2025-11-27 11:52:43
4771,3,2,4236,685.53,2025-11-27 11:56:43
4772,2,2,4237,445.37,2025-06-17 01:24:47
4773,10,2,4238,738.82,2025-04-23 18:54:33
4774,8,2,4239,700.36,2025-10-14 21:03:12
4775,1,2,4240,1160.17,2025-01-23 23:57:03
4776,7,3,4241,16361.55,2025-01-11 02:57:45
4777,8,2,4241,16361.55,2025-01-11 03:01:45
4778,9,2,4242,3091.22,2025-08-22 17:08:11
4779,6,2,4243,5449.64,2025-04-20 23:10:08
4780,10,2,4244,6544.74,2025-06-17 14:56:05
4781,7,2,4245,3530.74,2025-09-11 06:04:53
4782,4,2,4246,17192.26,2025-10-10 02:11:31
4783,5,2,4247,793.16,2025-02-04 08:32:23
4784,9,2,4248,26599.80,2025-07-15 12:30:13
4785,4,2,4249,751.23,2025-02-09 04:32:27
4786,1,2,4250,926.47,2025-07-08 05:08:40
4787,4,2,4251,22350.03,2025-12-25 05:34:25
4788,6,2,4252,648.32,2025-07-13 10:10:48
4789,8,2,4253,1650.51,2025-07-15 06:45:13
4790,2,3,4254,1434.22,2025-01-15 15:25:06
4791,7,2,4254,1434.22,2025-01-15 15:29:06
4792,9,2,4255,3711.37,2025-03-26 18:06:20
4793,1,2,4256,782.37,2025-01-21 04:11:57
4794,1,2,4257,585.22,2025-08-14 16:14:16
4795,8,2,4258,22923.96,2025-10-08 02:20:55
4796,8,2,4259,946.57,2025-12-10 07:30:12
4797,5,2,4260,1943.95,2025-10-04 21:46:47
4798,4,2,4261,4428.78,2025-07-22 15:46:49
4799,7,2,4262,1181.82,2025-05-09 20:23:12
4800,2,2,4263,1483.64,2025-09-21 20:06:34
4801,7,2,4264,1129.66,2025-09-18 15:46:59
4802,4,2,4265,2169.62,2025-10-10 08:53:26
4803,9,2,4266,603.34,2025-12-14 00:07:37
4804,4,2,4267,1526.32,2025-08-05 22:56:41
4805,6,2,4268,283.70,2025-11-22 20:08:55
4806,3,2,4269,301.05,2025-08-30 18:56:32
4807,1,2,4270,16649.13,2025-06-13 05:56:26
4808,1,2,4271,5079.50,2025-06-25 23:29:20
4809,9,2,4272,702.87,2025-03-19 04:43:07
4810,2,2,4273,274.21,2025-01-15 19:57:56
4811,2,2,4274,3181.61,2025-06-30 16:28:09
4812,1,2,4275,1670.66,2025-05-16 01:15:59
4813,3,3,4276,5315.80,2025-11-12 02:25:16
4814,7,2,4276,5315.80,2025-11-12 02:29:16
4815,10,2,4277,8186.80,2025-11-03 11:53:52
4816,7,2,4278,1048.97,2025-08-13 09:17:49
4817,4,2,4279,2440.20,2025-09-18 05:18:08
4818,4,3,4280,2273.11,2025-05-19 12:57:23
4819,4,2,4280,2273.11,2025-05-19 13:01:23
4820,1,2,4281,1821.63,2025-08-02 14:22:09
4821,2,3,4282,994.14,2025-10-18 06:10:32
4822,1,2,4282,994.14,2025-10-18 06:14:32
4823,9,2,4283,678.72,2025-04-22 11:16:24
4824,3,2,4284,453.28,2025-04-04 05:59:19
4825,7,2,4285,1057.85,2025-01-27 07:09:49
4826,7,2,4286,263.25,2025-02-28 15:17:34
4827,5,2,4287,1566.05,2025-12-09 22:55:21
4828,5,2,4288,2644.79,2025-07-20 17:52:39
4829,8,2,4289,1215.63,2025-12-12 09:49:43
4830,9,2,4290,2425.38,2025-02-05 11:47:42
4831,5,3,4291,3895.58,2025-01-14 04:25:14
4832,5,2,4291,3895.58,2025-01-14 04:29:14
4833,5,2,4292,661.71,2025-06-08 10:53:43
4834,9,2,4293,20385.48,2025-04-12 10:24:36
4835,10,2,4294,2380.04,2025-12-13 22:15:30
4836,1,2,4295,851.85,2025-06-25 20:25:07
4837,5,2,4296,599.39,2025-09-09 11:50:34
4838,3,2,4297,1275.30,2025-10-11 04:53:09
4839,1,2,4298,22770.20,2025-01-08 12:30:06
4840,7,2,4299,15628.58,2025-08-04 12:12:58
4841,10,2,4300,338.14,2025-02-20 23:38:24
4842,2,3,4301,890.84,2025-06-29 10:43:01
4843,8,2,4301,890.84,2025-06-29 10:47:01
4844,10,2,4302,1557.76,2025-08-24 23:20:02
4845,1,2,4303,1735.79,2025-07-28 22:35:21
4846,8,2,4304,938.57,2025-05-27 18:27:12
4847,5,2,4305,1298.40,2025-05-05 05:28:50
4848,4,2,4306,543.87,2025-02-26 20:34:20
4849,4,2,4307,415.96,2025-07-16 07:13:56
4850,6,3,4308,1212.93,2025-06-13 01:03:28
4851,2,2,4308,1212.93,2025-06-13 01:07:28
4852,7,2,4309,2133.92,2025-10-11 04:22:40
4853,3,2,4310,3831.00,2025-01-11 04:54:11
4854,10,3,4311,1548.40,2025-12-05 04:53:35
4855,5,2,4311,1548.40,2025-12-05 04:57:35
4856,2,2,4312,838.97,2025-07-11 15:24:17
4857,7,2,4313,628.24,2025-07-05 09:40:31
4858,9,2,4314,450.84,2025-12-16 10:08:10
4859,9,2,4315,276.82,2025-05-12 15:53:44
4860,2,2,4316,2183.04,2025-03-07 16:46:01
4861,8,2,4317,1661.39,2025-04-06 15:56:59
4862,1,2,4318,1148.64,2025-08-03 13:49:43
4863,7,2,4319,1348.13,2025-12-19 00:44:41
4864,8,2,4320,6383.81,2025-12-26 01:46:38
4865,4,2,4321,3475.69,2025-09-06 21:23:29
4866,5,2,4322,299.05,2025-07-25 02:42:58
4867,5,2,4323,931.34,2025-01-16 02:59:47
4868,2,2,4324,8513.65,2025-11-24 05:10:40
4869,6,2,4325,26633.69,2025-05-12 01:03:19
4870,2,2,4326,1171.45,2025-02-12 15:45:36
4871,6,2,4327,4471.95,2025-11-28 05:49:05
4872,3,2,4328,2174.00,2025-09-19 10:10:13
4873,5,2,4329,7639.77,2025-09-07 21:48:56
4874,2,2,4330,295.09,2025-01-17 07:20:02
4875,5,2,4331,424.66,2025-11-14 14:41:08
4876,8,2,4332,3093.33,2025-10-23 08:21:10
4877,6,3,4333,1290.90,2025-06-24 11:25:50
4878,5,2,4333,1290.90,2025-06-24 11:29:50
4879,1,2,4334,476.76,2025-05-01 07:53:16
4880,3,2,4335,1455.19,2025-09-04 06:10:39
4881,9,2,4336,1664.72,2025-01-03 06:07:18
4882,10,2,4337,1086.87,2025-11-04 15:40:40
4883,2,2,4338,898.88,2025-08-31 05:00:13
4884,7,2,4339,753.47,2025-10-16 19:48:46
4885,4,2,4340,4071.07,2025-05-21 09:04:11
4886,3,2,4341,952.21,2025-11-10 12:39:18
4887,8,2,4342,1051.62,2025-08-26 12:50:12
4888,7,2,4343,1564.14,2025-07-13 19:14:38
4889,9,2,4344,740.78,2025-04-30 14:00:37
4890,7,2,4345,1147.36,2025-07-19 01:29:28
4891,5,3,4346,3461.11,2025-12-14 00:48:51
4892,9,2,4346,3461.11,2025-12-14 00:52:51
4893,8,2,4347,1542.97,2025-08-06 03:42:03
4894,7,2,4348,1379.46,2025-02-06 11:39:43
4895,3,3,4349,5209.28,2025-12-28 15:45:15
4896,1,2,4349,5209.28,2025-12-28 15:49:15
4897,9,3,4350,439.29,2025-01-28 11:50:46
4898,6,2,4350,439.29,2025-01-28 11:54:46
4899,10,2,4351,630.38,2025-05-01 10:34:12
4900,1,2,4352,3074.16,2025-08-29 17:06:31
4901,7,2,4353,25752.58,2025-03-13 06:45:26
4902,4,2,4354,812.39,2025-04-29 04:34:41
4903,4,2,4355,727.77,2025-05-14 21:59:21
4904,6,2,4356,5218.06,2025-07-16 19:03:51
4905,4,3,4357,17390.52,2025-05-15 13:57:28
4906,7,2,4357,17390.52,2025-05-15 14:01:28
4907,10,2,4358,1779.29,2025-06-04 06:36:13
4908,6,2,4359,1622.87,2025-06-24 01:41:13
4909,4,2,4360,2391.28,2025-03-30 01:32:11
4910,7,2,4361,1939.40,2025-04-01 05:54:11
4911,4,2,4362,1063.96,2025-10-09 09:55:33
4912,1,2,4363,6275.97,2025-06-21 07:35:36
4913,4,2,4364,1441.33,2025-06-07 07:01:05
4914,9,2,4365,836.81,2025-09-23 00:12:28
4915,9,2,4366,930.73,2025-11-16 10:31:08
4916,1,3,4367,1183.10,2025-11-12 05:36:54
4917,7,2,4367,1183.10,2025-11-12 05:40:54
4918,5,2,4368,2640.22,2025-09-25 14:11:22
4919,5,2,4369,1572.47,2025-05-02 21:57:01
4920,8,2,4370,1942.40,2025-11-20 03:15:33
4921,8,3,4371,1099.60,2025-01-15 05:56:05
4922,5,2,4371,1099.60,2025-01-15 06:00:05
4923,5,2,4372,2568.71,2025-09-08 20:12:37
4924,4,2,4373,1804.41,2025-06-05 22:18:48
4925,4,2,4374,1024.72,2025-04-22 09:45:02
4926,3,3,4375,712.21,2025-02-12 20:28:25
4927,4,2,4375,712.21,2025-02-12 20:32:25
4928,1,3,4376,3298.92,2025-05-14 14:22:20
4929,5,2,4376,3298.92,2025-05-14 14:26:20
4930,6,2,4377,904.83,2025-12-28 02:44:19
4931,8,3,4378,1529.95,2025-03-26 01:31:03
4932,10,2,4378,1529.95,2025-03-26 01:35:03
4933,2,2,4379,716.00,2025-06-05 09:11:14
4934,1,2,4380,1829.21,2025-01-09 20:02:46
4935,5,2,4381,1809.77,2025-01-08 01:25:42
4936,10,2,4382,9364.41,2025-04-10 20:30:02
4937,10,2,4383,1152.99,2025-07-29 16:01:22
4938,6,2,4384,1662.00,2025-10-12 05:52:05
4939,8,2,4385,3028.69,2025-12-06 14:17:14
4940,6,3,4386,2863.16,2025-01-28 03:35:48
4941,4,2,4386,2863.16,2025-01-28 03:39:48
4942,1,2,4387,593.05,2025-01-26 06:57:43
4943,9,2,4388,2020.47,2025-11-08 04:27:39
4944,1,2,4389,1789.94,2025-02-28 12:56:48
4945,2,2,4390,718.37,2025-05-14 22:43:55
4946,2,3,4391,939.24,2025-03-22 17:29:42
4947,4,2,4391,939.24,2025-03-22 17:33:42
4948,9,2,4392,1074.30,2025-08-06 13:29:05
4949,6,2,4393,3825.03,2025-06-21 08:30:21
4950,5,2,4394,4903.95,2025-01-01 20:58:17
4951,3,3,4395,1547.46,2025-01-12 21:47:18
4952,3,2,4395,1547.46,2025-01-12 21:51:18
4953,5,2,4396,948.63,2025-01-22 03:37:00
4954,9,2,4397,2391.86,2025-01-21 20:58:26
4955,10,2,4398,826.28,2025-03-08 16:02:07
4956,6,2,4399,995.13,2025-01-23 23:50:42
4957,8,2,4400,874.58,2025-11-08 12:47:41
4958,6,2,4401,6642.63,2025-03-03 02:40:12
4959,6,2,4402,1690.43,2025-06-19 01:22:20
4960,4,2,4403,4107.92,2025-01-14 20:57:44
4961,10,2,4404,1797.12,2025-02-16 20:02:38
4962,9,2,4405,6024.23,2025-10-26 03:26:20
4963,6,3,4406,1456.08,2025-12-18 09:36:06
4964,5,2,4406,1456.08,2025-12-18 09:40:06
4965,4,2,4407,1673.14,2025-05-22 22:46:03
4966,4,2,4408,623.24,2025-12-14 12:57:46
4967,4,2,4409,1093.16,2025-11-06 23:47:33
4968,5,3,4410,527.37,2025-04-30 18:52:30
4969,2,2,4410,527.37,2025-04-30 18:56:30
4970,10,2,4411,4907.29,2025-02-22 15:00:11
4971,6,2,4412,1158.53,2025-05-19 09:38:47
4972,4,2,4413,3554.33,2025-09-03 09:09:43
4973,7,2,4414,1503.57,2025-06-02 15:35:11
4974,6,2,4415,4370.30,2025-05-06 10:53:35
4975,8,3,4416,1109.18,2025-08-16 21:43:56
4976,8,2,4416,1109.18,2025-08-16 21:47:56
4977,9,2,4417,815.86,2025-01-22 06:36:27
4978,6,2,4418,29857.39,2025-07-01 18:44:44
4979,10,2,4419,2608.56,2025-01-10 15:40:31
4980,5,3,4420,2189.58,2025-11-02 21:09:25
4981,1,2,4420,2189.58,2025-11-02 21:13:25
4982,7,3,4421,867.01,2025-05-12 09:57:44
4983,9,2,4421,867.01,2025-05-12 10:01:44
4984,5,2,4422,1022.26,2025-11-21 05:38:54
4985,7,2,4423,995.14,2025-01-26 04:33:13
4986,3,2,4424,808.33,2025-05-01 12:37:57
4987,5,2,4425,28065.66,2025-05-13 09:50:08
4988,4,2,4426,1277.72,2025-03-07 14:36:27
4989,6,2,4427,1040.66,2025-08-20 14:57:16
4990,1,2,4428,1107.92,2025-09-18 09:24:39
4991,8,2,4429,1484.68,2025-08-15 07:43:05
4992,3,2,4430,4369.34,2025-09-26 19:04:55
4993,7,2,4431,1994.66,2025-05-01 15:44:33
4994,1,2,4432,1241.72,2025-12-11 20:09:49
4995,1,3,4433,759.15,2025-06-18 16:13:35
4996,5,2,4433,759.15,2025-06-18 16:17:35
4997,10,2,4434,943.22,2025-09-22 20:09:10
4998,8,2,4435,3099.89,2025-06-07 17:27:46
4999,10,2,4436,16926.86,2025-07-22 14:21:14
5000,3,2,4437,5862.39,2025-02-18 13:35:15
5001,8,3,4438,941.91,2025-03-26 22:18:41
5002,1,2,4438,941.91,2025-03-26 22:22:41
5003,5,2,4439,1194.58,2025-12-30 22:39:18
5004,10,2,4440,927.79,2025-11-08 00:48:47
5005,2,2,4441,487.16,2025-09-11 01:35:01
5006,1,2,4442,926.97,2025-05-03 12:32:59
5007,9,2,4443,1369.49,2025-07-09 09:00:41
5008,9,3,4444,371.89,2025-02-23 20:26:11
5009,7,2,4444,371.89,2025-02-23 20:30:11
5010,9,3,4445,905.69,2025-10-26 23:13:11
5011,9,2,4445,905.69,2025-10-26 23:17:11
5012,5,2,4446,496.94,2025-09-22 17:21:25
5013,8,2,4447,2360.47,2025-10-01 15:49:50
5014,7,2,4448,3491.20,2025-03-29 22:51:42
5015,4,2,4449,1211.91,2025-02-23 05:21:16
5016,8,2,4450,3553.00,2025-10-30 11:57:22
5017,4,2,4451,2130.67,2025-11-21 23:12:19
5018,4,2,4452,900.81,2025-06-23 05:37:54
5019,4,2,4453,2407.92,2025-12-30 17:48:15
5020,1,2,4454,1358.62,2025-11-28 14:18:39
5021,5,2,4455,3883.47,2025-04-24 09:16:47
5022,2,2,4456,1061.21,2025-12-21 04:45:52
5023,9,2,4457,20677.73,2025-08-27 14:02:17
5024,5,2,4458,1496.07,2025-11-23 05:55:46
5025,9,2,4459,1671.77,2025-12-04 00:23:56
5026,10,2,4460,1305.42,2025-11-06 16:05:12
5027,2,2,4461,16580.93,2025-06-15 06:59:00
5028,10,3,4462,4239.81,2025-07-06 13:05:10
5029,8,2,4462,4239.81,2025-07-06 13:09:10
5030,5,2,4463,1463.50,2025-07-24 13:27:45
5031,9,2,4464,1920.11,2025-03-17 23:05:38
5032,9,2,4465,3490.39,2025-03-21 03:21:15
5033,8,2,4466,3648.00,2025-11-21 09:49:54
5034,1,2,4467,664.18,2025-08-24 13:58:20
5035,7,2,4468,1799.72,2025-07-16 21:09:07
5036,9,2,4469,4031.28,2025-02-09 22:09:30
5037,10,2,4470,6771.64,2025-11-22 07:36:17
5038,5,2,4471,18615.85,2025-01-31 12:10:33
5039,4,2,4472,2476.05,2025-07-07 04:31:32
5040,6,2,4473,1997.00,2025-11-10 23:33:34
5041,9,2,4474,1142.90,2025-03-17 06:45:51
5042,6,2,4475,925.51,2025-09-28 07:01:25
5043,2,2,4476,972.23,2025-12-09 15:03:40
5044,9,2,4477,2286.86,2025-03-09 10:58:04
5045,7,2,4478,693.27,2025-09-10 01:15:26
5046,5,2,4479,1860.84,2025-12-13 02:21:04
5047,10,2,4480,359.21,2025-04-16 18:27:09
5048,9,2,4481,1543.11,2025-05-04 03:21:24
5049,7,2,4482,3428.23,2025-07-15 02:56:44
5050,3,2,4483,9424.45,2025-10-01 15:41:07
5051,2,2,4484,657.88,2025-02-26 08:57:48
5052,9,2,4485,1644.58,2025-08-22 19:25:18
5053,10,2,4486,7412.45,2025-05-03 00:14:31
5054,9,2,4487,1226.37,2025-02-01 15:37:30
5055,9,3,4488,809.55,2025-07-11 00:30:48
5056,3,2,4488,809.55,2025-07-11 00:34:48
5057,10,2,4489,1005.37,2025-02-11 00:08:50
5058,3,2,4490,987.40,2025-07-02 11:29:31
5059,7,2,4491,1265.00,2025-08-19 20:11:38
5060,8,2,4492,4673.34,2025-01-17 07:48:40
5061,6,2,4493,2331.67,2025-01-17 22:28:50
5062,10,2,4494,595.56,2025-03-23 13:59:49
5063,8,2,4495,2277.50,2025-11-12 23:23:00
5064,3,2,4496,4247.46,2025-01-23 10:15:51
5065,7,2,4497,2318.91,2025-11-03 12:25:25
5066,2,2,4498,7553.62,2025-10-10 08:20:05
5067,4,2,4499,1237.09,2025-06-11 09:47:53
5068,6,2,4500,916.36,2025-04-18 16:22:32
5069,1,2,4501,2263.18,2025-08-22 10:05:40
5070,3,2,4502,1960.36,2025-10-12 04:10:04
5071,4,2,4503,1001.15,2025-05-14 00:31:38
5072,4,2,4504,861.99,2025-09-02 09:35:55
5073,1,2,4505,564.38,2025-07-14 19:56:45
5074,4,2,4506,6094.94,2025-06-17 17:02:56
5075,1,2,4507,1166.72,2025-08-22 20:53:43
5076,1,2,4508,3474.88,2025-03-07 03:00:59
5077,9,2,4509,850.94,2025-09-21 07:20:28
5078,6,2,4510,1788.09,2025-07-30 04:58:06
5079,2,2,4511,1004.04,2025-05-11 23:20:53
5080,7,2,4512,14714.34,2025-04-14 03:42:09
5081,4,2,4513,994.58,2025-03-21 14:29:15
5082,7,2,4514,8749.15,2025-09-15 23:59:29
5083,6,2,4515,5027.96,2025-11-26 13:44:34
5084,7,2,4516,799.09,2025-08-10 01:25:56
5085,3,2,4517,1853.24,2025-10-16 09:58:19
5086,1,2,4518,1781.90,2025-11-21 11:27:53
5087,10,2,4519,1064.24,2025-06-20 02:53:01
5088,5,2,4520,1751.59,2025-03-05 22:19:51
5089,9,2,4521,10104.42,2025-03-02 05:00:17
5090,4,2,4522,16500.56,2025-06-30 13:00:37
5091,6,2,4523,38462.48,2025-03-05 23:53:28
5092,6,2,4524,965.00,2025-04-23 04:13:04
5093,9,2,4525,2693.06,2025-04-14 15:50:31
5094,10,2,4526,681.23,2025-06-09 02:45:45
5095,4,2,4527,769.36,2025-02-25 09:35:49
5096,10,2,4528,1274.43,2025-12-17 12:41:28
5097,4,2,4529,2569.82,2025-07-15 08:20:07
5098,6,2,4530,5313.26,2025-02-04 09:02:46
5099,4,3,4531,1487.43,2025-04-13 01:34:13
5100,10,2,4531,1487.43,2025-04-13 01:38:13
5101,9,3,4532,4071.42,2025-09-05 05:47:24
5102,10,2,4532,4071.42,2025-09-05 05:51:24
5103,6,2,4533,22973.00,2025-06-09 22:58:28
5104,9,3,4534,3266.98,2025-06-09 02:57:16
5105,10,2,4534,3266.98,2025-06-09 03:01:16
5106,4,3,4535,9104.61,2025-09-11 05:15:12
5107,3,2,4535,9104.61,2025-09-11 05:19:12
5108,2,2,4536,1051.06,2025-08-27 21:27:26
5109,6,2,4537,816.79,2025-08-30 15:03:15
5110,4,2,4538,3235.40,2025-09-10 22:51:57
5111,8,2,4539,2510.75,2025-06-22 17:12:30
5112,6,2,4540,2004.26,2025-12-30 17:44:36
5113,10,2,4541,2590.99,2025-02-05 21:07:51
5114,3,2,4542,566.21,2025-01-23 23:53:58
5115,2,2,4543,1076.46,2025-01-16 00:19:42
5116,8,2,4544,849.74,2025-09-10 11:10:49
5117,2,2,4545,408.91,2025-07-26 20:17:34
5118,1,2,4546,15048.12,2025-07-28 21:48:50
5119,7,2,4547,450.82,2025-11-29 07:20:29
5120,4,2,4548,915.96,2025-02-15 03:02:21
5121,6,2,4549,21614.81,2025-10-24 13:12:38
5122,2,3,4550,1178.78,2025-01-28 21:15:59
5123,6,2,4550,1178.78,2025-01-28 21:19:59
5124,1,2,4551,3904.35,2025-09-10 15:59:21
5125,2,2,4552,1184.71,2025-09-08 12:21:41
5126,2,2,4553,1568.15,2025-10-04 14:02:55
5127,5,2,4554,15739.88,2025-10-25 21:47:56
5128,3,2,4555,1984.43,2025-03-04 19:00:07
5129,3,2,4556,980.75,2025-07-21 12:54:39
5130,1,2,4557,1264.18,2025-05-16 22:07:12
5131,8,2,4558,450.65,2025-05-29 03:13:01
5132,3,2,4559,805.50,2025-08-01 21:22:46
5133,10,2,4560,2176.16,2025-09-22 06:17:39
5134,1,2,4561,1642.31,2025-11-14 08:13:42
5135,6,2,4562,1375.35,2025-12-11 09:49:58
5136,3,2,4563,1638.75,2025-02-23 06:58:26
5137,6,2,4564,4174.61,2025-06-14 22:34:06
5138,4,2,4565,1147.82,2025-05-18 09:24:54
5139,6,2,4566,1266.91,2025-03-19 22:52:34
5140,3,2,4567,7066.77,2025-05-13 17:16:31
5141,3,3,4568,6875.78,2025-01-01 02:22:11
5142,10,2,4568,6875.78,2025-01-01 02:26:11
5143,9,2,4569,749.53,2025-08-30 21:57:39
5144,7,2,4570,275.27,2025-07-11 05:04:54
5145,6,2,4571,21907.95,2025-08-05 22:14:48
5146,4,2,4572,2493.31,2025-05-09 19:52:22
5147,7,2,4573,1043.90,2025-08-19 01:37:00
5148,6,2,4574,3201.56,2025-06-11 09:15:23
5149,9,2,4575,703.87,2025-12-17 10:08:43
5150,1,2,4576,13073.48,2025-03-19 00:52:23
5151,2,3,4577,1704.03,2025-02-28 18:22:58
5152,3,2,4577,1704.03,2025-02-28 18:26:58
5153,1,2,4578,2979.27,2025-09-29 10:55:18
5154,6,2,4579,1123.37,2025-03-15 01:15:02
5155,10,2,4580,614.13,2025-12-05 23:07:19
5156,8,2,4581,417.50,2025-05-07 05:11:06
5157,2,2,4582,2058.06,2025-05-03 17:01:41
5158,7,2,4583,1384.67,2025-02-16 13:06:02
5159,4,2,4584,1199.17,2025-11-20 03:53:00
5160,1,2,4585,15592.46,2025-03-07 01:14:13
5161,7,2,4586,7466.96,2025-08-24 05:12:13
5162,6,2,4587,15848.47,2025-03-10 17:14:33
5163,4,2,4588,551.82,2025-11-01 18:45:34
5164,2,3,4589,2203.59,2025-09-04 06:24:44
5165,8,2,4589,2203.59,2025-09-04 06:28:44
5166,6,3,4590,1045.48,2025-03-15 07:36:10
5167,4,2,4590,1045.48,2025-03-15 07:40:10
5168,4,2,4591,1647.52,2025-09-06 02:53:47
5169,2,2,4592,6336.26,2025-03-18 21:58:42
5170,2,2,4593,2080.60,2025-11-29 22:53:12
5171,10,2,4594,2073.74,2025-08-25 12:21:54
5172,7,2,4595,1541.36,2025-11-02 16:54:47
5173,3,3,4596,1639.24,2025-10-21 02:23:38
5174,6,2,4596,1639.24,2025-10-21 02:27:38
5175,1,2,4597,3079.85,2025-04-29 18:26:39
5176,5,2,4598,2441.74,2025-07-01 07:13:47
5177,6,2,4599,1588.19,2025-03-28 00:47:04
5178,1,2,4600,943.42,2025-06-16 03:08:19
5179,9,3,4601,386.50,2025-12-22 11:17:40
5180,4,2,4601,386.50,2025-12-22 11:21:40
5181,9,2,4602,4100.73,2025-02-14 17:38:59
5182,2,3,4603,4581.13,2025-12-15 22:20:19
5183,8,2,4603,4581.13,2025-12-15 22:24:19
5184,3,2,4604,1230.19,2025-07-14 15:26:22
5185,5,2,4605,1499.63,2025-08-09 04:50:01
5186,1,2,4606,1116.77,2025-09-26 10:10:08
5187,6,2,4607,2232.94,2025-01-26 19:46:14
5188,10,2,4608,3756.33,2025-06-03 15:01:44
5189,10,2,4609,5159.07,2025-02-28 06:47:14
5190,9,2,4610,3557.79,2025-12-07 21:01:37
5191,6,2,4611,1801.81,2025-09-19 21:21:33
5192,6,2,4612,2567.57,2025-03-17 06:16:42
5193,1,2,4613,1442.20,2025-01-30 18:06:20
5194,6,2,4614,4374.04,2025-05-02 06:09:06
5195,9,3,4615,6359.22,2025-02-09 13:06:06
5196,4,2,4615,6359.22,2025-02-09 13:10:06
5197,1,2,4616,688.97,2025-07-27 03:19:33
5198,9,2,4617,4920.33,2025-01-31 05:41:56
5199,9,2,4618,1027.18,2025-08-07 12:22:30
5200,2,2,4619,556.97,2025-02-15 08:10:23
5201,7,2,4620,20537.97,2025-06-04 15:22:21
5202,6,2,4621,490.89,2025-09-09 13:16:40
5203,4,2,4622,1949.68,2025-03-13 08:47:01
5204,7,2,4623,672.72,2025-02-09 00:19:01
5205,3,2,4624,624.69,2025-06-16 02:27:56
5206,4,2,4625,3568.80,2025-07-31 20:27:48
5207,3,2,4626,5677.02,2025-06-28 02:33:44
5208,10,2,4627,6351.49,2025-08-26 01:06:28
5209,1,2,4628,986.93,2025-08-12 18:04:53
5210,9,2,4629,9833.68,2025-05-21 07:34:26
5211,10,2,4630,675.54,2025-07-18 04:29:32
5212,10,2,4631,6851.22,2025-07-29 15:41:49
5213,4,2,4632,2927.60,2025-12-26 00:55:10
5214,4,2,4633,1078.65,2025-11-10 11:15:30
5215,8,2,4634,2001.24,2025-10-07 06:12:06
5216,10,2,4635,932.07,2025-12-13 19:53:22
5217,2,2,4636,526.87,2025-10-23 19:11:19
5218,6,2,4637,1581.51,2025-01-24 19:42:03
5219,9,2,4638,253.58,2025-02-22 14:35:18
5220,6,2,4639,3115.17,2025-10-11 07:39:41
5221,3,2,4640,1539.80,2025-07-02 11:38:17
5222,9,2,4641,18464.92,2025-06-05 02:20:26
5223,9,2,4642,1771.85,2025-06-26 09:05:55
5224,10,3,4643,949.04,2025-05-28 06:04:20
5225,3,2,4643,949.04,2025-05-28 06:08:20
5226,7,3,4644,2888.76,2025-11-04 12:52:19
5227,4,2,4644,2888.76,2025-11-04 12:56:19
5228,6,2,4645,1100.47,2025-12-20 12:02:28
5229,3,2,4646,2948.30,2025-04-13 08:40:17
5230,2,2,4647,19826.35,2025-12-07 23:22:33
5231,7,2,4648,20489.28,2025-09-30 03:39:43
5232,9,2,4649,854.26,2025-08-13 18:26:21
5233,2,2,4650,14953.60,2025-03-28 23:19:33
5234,2,3,4651,3310.32,2025-01-18 20:13:46
5235,4,2,4651,3310.32,2025-01-18 20:17:46
5236,4,2,4652,1247.59,2025-02-15 01:22:04
5237,7,2,4653,817.26,2025-12-16 07:14:33
5238,2,2,4654,1880.41,2025-06-02 11:17:22
5239,10,2,4655,4220.91,2025-04-01 01:00:25
5240,7,2,4656,1840.00,2025-12-12 17:53:55
5241,4,2,4657,773.17,2025-12-02 16:20:00
5242,10,3,4658,1237.57,2025-10-14 23:46:03
5243,5,2,4658,1237.57,2025-10-14 23:50:03
5244,9,2,4659,1318.03,2025-05-12 18:18:29
5245,10,2,4660,40231.76,2025-03-13 07:32:52
5246,7,2,4661,2497.83,2025-11-12 05:02:40
5247,6,2,4662,5865.52,2025-12-04 08:50:27
5248,2,2,4663,433.42,2025-01-21 08:38:51
5249,5,2,4664,3065.30,2025-03-31 07:26:23
5250,6,3,4665,1495.44,2025-01-29 20:52:47
5251,6,2,4665,1495.44,2025-01-29 20:56:47
5252,5,2,4666,2050.66,2025-08-01 15:47:33
5253,4,3,4667,13847.37,2025-04-10 13:37:15
5254,5,2,4667,13847.37,2025-04-10 13:41:15
5255,3,2,4668,831.40,2025-08-09 13:39:49
5256,5,2,4669,451.52,2025-10-16 12:37:34
5257,3,2,4670,2571.10,2025-05-08 05:12:36
5258,10,3,4671,698.53,2025-05-15 02:14:32
5259,9,2,4671,698.53,2025-05-15 02:18:32
5260,1,2,4672,636.91,2025-01-17 03:41:03
5261,10,2,4673,14758.14,2025-04-09 22:53:34
5262,2,2,4674,976.88,2025-09-20 08:57:22
5263,10,2,4675,3020.72,2025-01-25 02:54:26
5264,9,2,4676,1156.68,2025-12-12 16:01:02
5265,1,2,4677,715.76,2025-04-27 21:55:27
5266,5,3,4678,2601.35,2025-03-09 22:27:26
5267,3,2,4678,2601.35,2025-03-09 22:31:26
5268,6,2,4679,2457.69,2025-07-12 20:56:43
5269,4,2,4680,1122.45,2025-01-27 07:17:31
5270,8,2,4681,950.49,2025-11-04 21:04:04
5271,8,2,4682,582.04,2025-05-18 05:17:07
5272,8,2,4683,1626.34,2025-08-30 17:21:45
5273,4,3,4684,509.43,2025-01-21 09:10:39
5274,1,2,4684,509.43,2025-01-21 09:14:39
5275,9,2,4685,584.84,2025-10-16 10:37:32
5276,8,3,4686,1638.46,2025-06-21 12:07:41
5277,8,2,4686,1638.46,2025-06-21 12:11:41
5278,6,3,4687,998.31,2025-01-16 16:33:08
5279,5,2,4687,998.31,2025-01-16 16:37:08
5280,3,2,4688,1316.24,2025-09-16 06:01:39
5281,2,2,4689,940.91,2025-05-21 15:13:37
5282,1,2,4690,2127.40,2025-06-10 01:35:16
5283,10,2,4691,798.48,2025-05-16 01:38:45
5284,8,2,4692,7867.08,2025-10-24 18:04:56
5285,10,2,4693,6694.99,2025-05-30 16:37:49
5286,9,2,4694,561.42,2025-01-31 13:59:04
5287,2,2,4695,1017.81,2025-08-27 23:58:04
5288,4,2,4696,398.49,2025-08-05 18:33:05
5289,8,2,4697,3890.28,2025-05-04 02:44:32
5290,9,2,4698,1597.23,2025-08-18 12:25:53
5291,1,2,4699,800.88,2025-05-18 15:58:39
5292,4,2,4700,2243.05,2025-06-10 16:50:25
5293,7,2,4701,274.17,2025-12-07 12:09:41
5294,9,2,4702,2886.62,2025-04-07 15:57:47
5295,6,2,4703,511.61,2025-03-23 20:02:54
5296,5,2,4704,6304.61,2025-11-20 07:28:37
5297,5,2,4705,1160.02,2025-12-19 04:33:04
5298,8,2,4706,1144.37,2025-10-11 11:17:47
5299,8,2,4707,603.18,2025-01-09 00:36:57
5300,10,2,4708,786.37,2025-07-17 11:01:54
5301,4,2,4709,783.82,2025-11-17 05:08:05
5302,9,2,4710,686.02,2025-10-02 02:19:50
5303,7,2,4711,2059.85,2025-01-03 03:25:23
5304,2,2,4712,1598.66,2025-09-16 21:51:01
5305,3,2,4713,5238.58,2025-01-19 21:15:15
5306,4,2,4714,317.60,2025-02-10 03:21:32
5307,2,2,4715,505.07,2025-02-15 07:02:26
5308,8,2,4716,1419.37,2025-07-17 22:50:23
5309,10,2,4717,1959.08,2025-05-19 11:01:27
5310,4,2,4718,1036.49,2025-06-22 10:42:58
5311,8,3,4719,704.14,2025-11-03 19:47:16
5312,1,2,4719,704.14,2025-11-03 19:51:16
5313,9,2,4720,2564.85,2025-02-23 19:09:46
5314,10,2,4721,872.70,2025-08-23 02:20:11
5315,8,2,4722,787.25,2025-11-08 09:52:13
5316,5,2,4723,2723.64,2025-08-02 07:14:15
5317,7,2,4724,1821.72,2025-07-25 19:12:19
5318,1,2,4725,1421.87,2025-12-17 05:53:04
5319,5,2,4726,4831.35,2025-09-30 06:07:09
5320,2,2,4727,1311.88,2025-05-16 09:08:24
5321,6,2,4728,3282.14,2025-06-23 21:55:55
5322,1,2,4729,1015.72,2025-10-17 20:40:48
5323,10,2,4730,1296.39,2025-03-07 03:31:24
5324,4,2,4731,2025.30,2025-10-06 21:38:28
5325,4,2,4732,2140.37,2025-09-09 05:11:55
5326,3,2,4733,5305.87,2025-12-14 01:43:56
5327,4,2,4734,2731.63,2025-12-14 12:49:08
5328,4,2,4735,2007.03,2025-10-29 00:21:27
5329,1,2,4736,1909.18,2025-04-02 03:57:02
5330,5,2,4737,15379.47,2025-01-12 01:43:16
5331,8,2,4738,725.68,2025-11-24 18:55:57
5332,7,2,4739,1161.64,2025-05-02 12:27:04
5333,2,3,4740,1232.00,2025-07-03 18:56:17
5334,1,2,4740,1232.00,2025-07-03 19:00:17
5335,3,2,4741,2230.34,2025-04-29 01:42:21
5336,7,2,4742,2558.09,2025-02-12 15:24:09
5337,9,2,4743,5139.26,2025-06-30 04:39:23
5338,7,2,4744,1408.41,2025-07-07 02:58:22
5339,4,3,4745,1378.71,2025-01-14 15:21:46
5340,10,2,4745,1378.71,2025-01-14 15:25:46
5341,3,2,4746,540.05,2025-08-01 07:02:19
5342,3,2,4747,911.36,2025-10-04 12:14:03
5343,8,2,4748,797.46,2025-08-19 16:10:58
5344,4,2,4749,1348.72,2025-11-18 03:40:08
5345,1,2,4750,3734.28,2025-04-10 10:48:58
5346,5,2,4751,3749.96,2025-02-05 21:44:24
5347,1,3,4752,3605.18,2025-07-27 16:17:01
5348,3,2,4752,3605.18,2025-07-27 16:21:01
5349,9,3,4753,2025.80,2025-01-18 16:26:12
5350,4,2,4753,2025.80,2025-01-18 16:30:12
5351,8,2,4754,2496.66,2025-09-08 13:32:28
5352,6,2,4755,2029.68,2025-01-28 22:06:49
5353,7,2,4756,20969.36,2025-01-19 09:19:07
5354,2,3,4757,841.70,2025-12-18 11:21:59
5355,2,2,4757,841.70,2025-12-18 11:25:59
5356,4,2,4758,943.77,2025-04-17 17:38:55
5357,3,2,4759,2615.20,2025-02-14 16:21:42
5358,1,2,4760,954.44,2025-09-29 08:05:08
5359,2,2,4761,792.92,2025-10-26 02:11:26
5360,2,2,4762,5900.65,2025-10-21 00:50:42
5361,1,2,4763,404.36,2025-05-21 20:16:41
5362,10,3,4764,706.63,2025-07-23 22:59:27
5363,10,2,4764,706.63,2025-07-23 23:03:27
5364,9,2,4765,1521.85,2025-10-24 20:09:11
5365,7,2,4766,1099.91,2025-12-15 01:23:24
5366,6,2,4767,1025.51,2025-12-15 22:18:44
5367,9,2,4768,3053.22,2025-03-02 01:29:21
5368,7,2,4769,1125.56,2025-12-29 01:42:39
5369,1,2,4770,883.92,2025-03-23 14:58:01
5370,9,2,4771,4442.38,2025-06-27 01:45:19
5371,5,2,4772,1085.19,2025-08-19 11:16:50
5372,4,2,4773,3667.26,2025-03-09 09:54:00
5373,7,2,4774,2731.38,2025-12-30 21:48:04
5374,3,2,4775,4613.61,2025-05-24 16:35:04
5375,3,2,4776,2540.34,2025-10-11 15:51:37
5376,1,3,4777,2133.08,2025-12-03 21:51:49
5377,9,2,4777,2133.08,2025-12-03 21:55:49
5378,8,2,4778,709.74,2025-06-24 04:01:40
5379,1,2,4779,2035.46,2025-11-30 09:59:03
5380,5,2,4780,7246.10,2025-11-25 14:15:22
5381,4,2,4781,2198.35,2025-02-01 21:42:50
5382,1,2,4782,2035.47,2025-09-05 11:04:58
5383,4,2,4783,2127.36,2025-11-04 15:37:47
5384,1,2,4784,4453.85,2025-02-24 15:26:30
5385,4,2,4785,398.13,2025-04-03 22:05:27
5386,7,2,4786,894.36,2025-02-14 07:32:40
5387,8,2,4787,539.97,2025-08-14 04:16:40
5388,7,2,4788,4593.73,2025-02-10 00:18:28
5389,1,2,4789,1022.76,2025-04-02 07:18:55
5390,5,2,4790,1013.27,2025-02-01 21:20:49
5391,7,2,4791,867.41,2025-09-05 23:00:00
5392,10,2,4792,1975.00,2025-02-24 07:13:20
5393,7,2,4793,1165.62,2025-04-30 02:18:00
5394,9,3,4794,3996.85,2025-01-04 13:01:59
5395,8,2,4794,3996.85,2025-01-04 13:05:59
5396,9,2,4795,1085.96,2025-02-10 10:56:12
5397,8,2,4796,1176.70,2025-01-01 01:35:11
5398,9,2,4797,779.62,2025-04-29 14:12:00
5399,2,3,4798,2033.59,2025-02-25 20:47:54
5400,8,2,4798,2033.59,2025-02-25 20:51:54
5401,9,2,4799,12315.77,2025-11-23 10:36:21
5402,9,2,4800,840.13,2025-03-23 11:44:29
5403,1,2,4801,1887.17,2025-01-01 11:54:52
5404,4,2,4802,6082.52,2025-10-20 20:18:07
5405,9,2,4803,3077.55,2025-01-14 21:56:35
5406,7,2,4804,398.25,2025-12-23 17:01:35
5407,2,2,4805,3200.96,2025-02-04 06:33:12
5408,10,2,4806,940.26,2025-12-24 13:49:26
5409,3,2,4807,2438.68,2025-10-02 19:09:16
5410,9,2,4808,1479.65,2025-05-08 22:47:03
5411,8,2,4809,2127.46,2025-11-18 16:03:53
5412,5,2,4810,499.72,2025-07-09 09:33:40
5413,1,2,4811,1712.90,2025-11-19 04:34:34
5414,1,3,4812,1593.87,2025-06-03 23:39:29
5415,10,2,4812,1593.87,2025-06-03 23:43:29
5416,10,2,4813,1101.91,2025-07-02 12:05:44
5417,3,2,4814,325.40,2025-08-27 10:52:08
5418,6,2,4815,586.12,2025-11-07 23:06:08
5419,1,3,4816,937.93,2025-08-07 17:05:18
5420,3,2,4816,937.93,2025-08-07 17:09:18
5421,4,2,4817,16791.36,2025-12-11 04:23:35
5422,9,2,4818,9400.84,2025-04-29 02:52:57
5423,5,2,4819,5174.29,2025-02-15 12:24:49
5424,7,2,4820,2454.53,2025-06-11 06:25:08
5425,6,3,4821,3557.60,2025-09-21 15:39:50
5426,2,2,4821,3557.60,2025-09-21 15:43:50
5427,7,2,4822,3407.80,2025-10-12 18:19:49
5428,2,2,4823,1022.38,2025-03-29 01:31:48
5429,2,2,4824,968.34,2025-10-09 04:16:21
5430,2,2,4825,895.04,2025-01-06 03:36:36
5431,2,2,4826,913.38,2025-07-12 18:52:14
5432,10,2,4827,713.70,2025-04-26 10:25:10
5433,3,2,4828,1129.80,2025-04-17 22:52:16
5434,4,2,4829,7352.96,2025-03-14 10:17:20
5435,6,3,4830,688.71,2025-01-05 20:27:49
5436,2,2,4830,688.71,2025-01-05 20:31:49
5437,1,3,4831,1723.10,2025-01-01 14:34:07
5438,8,2,4831,1723.10,2025-01-01 14:38:07
5439,7,3,4832,1693.57,2025-05-26 16:39:33
5440,9,2,4832,1693.57,2025-05-26 16:43:33
5441,8,2,4833,1473.14,2025-02-10 07:30:55
5442,10,2,4834,19588.10,2025-11-01 19:44:18
5443,7,3,4835,719.60,2025-02-01 01:03:01
5444,6,2,4835,719.60,2025-02-01 01:07:01
5445,9,2,4836,6401.90,2025-08-10 03:00:14
5446,10,2,4837,313.15,2025-04-12 17:31:34
5447,1,2,4838,1539.26,2025-12-21 16:22:20
5448,1,2,4839,482.37,2025-04-10 10:52:03
5449,3,2,4840,1785.09,2025-05-31 12:36:52
5450,7,2,4841,828.81,2025-02-02 11:22:48
5451,3,3,4842,2197.22,2025-11-01 08:54:14
5452,6,2,4842,2197.22,2025-11-01 08:58:14
5453,9,2,4843,884.81,2025-02-12 23:05:21
5454,2,2,4844,1711.96,2025-10-02 03:01:31
5455,1,2,4845,1541.83,2025-12-25 10:01:00
5456,10,2,4846,1583.56,2025-06-04 13:16:14
5457,1,2,4847,2877.41,2025-07-05 09:37:17
5458,5,2,4848,3317.82,2025-12-30 13:01:14
5459,10,2,4849,11773.14,2025-02-24 06:43:40
5460,2,2,4850,2544.40,2025-08-20 16:10:16
5461,7,3,4851,3131.50,2025-05-26 09:58:24
5462,8,2,4851,3131.50,2025-05-26 10:02:24
5463,6,2,4852,1344.05,2025-09-16 10:23:34
5464,7,2,4853,676.71,2025-04-16 05:47:19
5465,4,2,4854,1035.37,2025-06-03 17:58:11
5466,8,2,4855,756.19,2025-12-12 18:00:27
5467,4,2,4856,12499.94,2025-12-27 15:32:01
5468,2,2,4857,376.27,2025-03-23 15:54:17
5469,2,2,4858,1158.50,2025-11-12 01:31:58
5470,4,2,4859,1850.39,2025-12-20 20:25:37
5471,7,2,4860,4883.77,2025-10-26 08:26:41
5472,9,2,4861,3007.89,2025-09-11 11:35:45
5473,4,2,4862,1911.50,2025-05-23 13:10:11
5474,8,2,4863,778.80,2025-01-13 17:17:21
5475,8,2,4864,648.84,2025-03-28 09:13:24
5476,8,2,4865,7439.70,2025-11-01 16:55:09
5477,2,2,4866,5316.16,2025-06-30 14:04:19
5478,3,2,4867,3336.78,2025-05-02 15:38:55
5479,2,2,4868,20583.48,2025-05-02 14:47:49
5480,7,2,4869,2498.25,2025-01-16 21:21:10
5481,7,2,4870,2105.30,2025-02-02 00:04:27
5482,8,2,4871,2705.72,2025-02-26 11:00:19
5483,4,3,4872,1322.40,2025-08-10 02:21:09
5484,5,2,4872,1322.40,2025-08-10 02:25:09
5485,8,2,4873,6708.76,2025-05-06 16:13:14
5486,3,2,4874,302.09,2025-07-23 03:26:16
5487,9,2,4875,2172.92,2025-12-17 09:20:04
5488,7,2,4876,2189.68,2025-07-14 03:16:59
5489,4,2,4877,1440.27,2025-03-30 20:52:14
5490,7,2,4878,21327.48,2025-09-29 14:19:17
5491,2,2,4879,39202.19,2025-04-10 20:24:35
5492,3,2,4880,38963.71,2025-03-06 14:32:37
5493,2,2,4881,2087.88,2025-09-08 03:28:35
5494,5,2,4882,3415.48,2025-11-13 07:44:38
5495,4,2,4883,566.88,2025-05-26 05:40:42
5496,8,2,4884,496.97,2025-01-19 20:05:53
5497,7,2,4885,10616.07,2025-01-24 03:19:47
5498,3,2,4886,1163.01,2025-11-06 09:12:54
5499,9,2,4887,1101.75,2025-03-17 19:00:38
5500,9,2,4888,7902.52,2025-11-09 01:29:41
5501,4,2,4889,589.65,2025-12-30 12:50:01
5502,7,2,4890,2003.27,2025-02-25 03:49:04
5503,9,2,4891,2336.94,2025-04-21 11:25:17
5504,7,3,4892,4328.18,2025-02-18 02:05:12
5505,4,2,4892,4328.18,2025-02-18 02:09:12
5506,7,2,4893,807.60,2025-07-07 03:56:14
5507,6,3,4894,3152.10,2025-07-06 01:07:16
5508,3,2,4894,3152.10,2025-07-06 01:11:16
5509,2,2,4895,730.63,2025-05-18 04:01:32
5510,7,2,4896,2589.29,2025-11-22 00:50:53
5511,7,2,4897,14816.29,2025-04-04 22:39:34
5512,10,2,4898,1734.98,2025-10-13 12:44:23
5513,10,3,4899,296.45,2025-03-29 12:19:02
5514,10,2,4899,296.45,2025-03-29 12:23:02
5515,6,2,4900,16245.96,2025-04-30 15:25:25
5516,6,2,4901,571.02,2025-02-11 22:30:55
5517,3,2,4902,10500.23,2025-11-20 22:42:31
5518,2,2,4903,1856.70,2025-11-18 06:45:49
5519,7,2,4904,3038.47,2025-10-11 22:31:05
5520,2,2,4905,586.25,2025-03-26 00:25:59
5521,8,3,4906,2012.37,2025-12-25 09:45:43
5522,8,2,4906,2012.37,2025-12-25 09:49:43
5523,7,2,4907,224.29,2025-11-07 08:05:24
5524,4,2,4908,359.06,2025-07-01 23:56:01
5525,4,2,4909,884.22,2025-02-27 07:07:47
5526,9,2,4910,935.04,2025-05-31 20:31:59
5527,4,2,4911,692.46,2025-08-28 07:38:56
5528,10,2,4912,4544.17,2025-05-01 03:07:47
5529,4,2,4913,1467.09,2025-04-06 19:14:37
5530,3,2,4914,723.75,2025-12-28 02:06:17
5531,7,2,4915,726.33,2025-05-30 05:42:08
5532,4,2,4916,724.40,2025-09-12 19:34:20
5533,2,2,4917,804.42,2025-02-09 02:28:08
5534,10,2,4918,1150.15,2025-04-27 01:24:31
5535,7,2,4919,657.56,2025-09-11 19:14:56
5536,9,3,4920,603.70,2025-07-18 04:44:17
5537,10,2,4920,603.70,2025-07-18 04:48:17
5538,8,2,4921,1965.93,2025-05-26 03:06:18
5539,1,2,4922,22760.57,2025-10-13 02:12:33
5540,3,2,4923,1076.86,2025-09-28 11:24:40
5541,4,2,4924,748.95,2025-11-16 17:05:23
5542,6,2,4925,22098.13,2025-01-07 02:48:31
5543,8,2,4926,548.70,2025-09-02 17:50:02
5544,2,3,4927,1224.81,2025-08-15 03:16:27
5545,6,2,4927,1224.81,2025-08-15 03:20:27
5546,2,2,4928,1291.57,2025-09-03 06:46:30
5547,2,2,4929,1133.83,2025-12-10 09:31:59
5548,10,2,4930,492.25,2025-12-01 16:38:07
5549,9,2,4931,727.64,2025-05-16 09:48:04
5550,4,2,4932,998.26,2025-05-29 13:00:32
5551,3,2,4933,729.61,2025-08-07 12:56:18
5552,4,2,4934,720.43,2025-03-09 07:46:30
5553,2,2,4935,29851.44,2025-06-23 01:41:45
5554,5,2,4936,1973.23,2025-08-08 06:56:13
5555,9,2,4937,2870.29,2025-11-01 12:29:32
5556,3,2,4938,1940.92,2025-05-10 03:48:41
5557,9,2,4939,1396.04,2025-08-07 14:45:46
5558,2,2,4940,1447.19,2025-11-07 05:47:19
5559,1,3,4941,2680.12,2025-11-26 16:27:17
5560,7,2,4941,2680.12,2025-11-26 16:31:17
5561,10,2,4942,640.22,2025-05-17 17:35:42
5562,6,2,4943,2864.82,2025-01-16 01:44:46
5563,6,2,4944,492.44,2025-04-09 18:27:34
5564,8,2,4945,4270.79,2025-09-21 04:28:58
5565,2,2,4946,885.82,2025-07-16 13:05:25
5566,1,2,4947,465.44,2025-02-21 21:16:17
5567,6,2,4948,6284.98,2025-12-23 06:17:49
5568,5,2,4949,1152.64,2025-11-21 00:57:04
5569,10,2,4950,4929.76,2025-08-11 09:18:53
5570,9,2,4951,1922.67,2025-10-02 17:27:06
5571,3,2,4952,872.64,2025-04-04 05:09:17
5572,4,2,4953,3180.14,2025-04-28 18:59:08
5573,3,2,4954,22348.03,2025-11-30 21:01:32
5574,5,2,4955,4180.29,2025-09-06 11:37:40
5575,3,2,4956,516.09,2025-09-19 01:01:12
5576,5,2,4957,709.68,2025-09-11 08:36:06
5577,5,2,4958,2012.96,2025-07-11 22:41:15
5578,10,2,4959,324.86,2025-08-09 14:11:28
5579,3,2,4960,2554.15,2025-10-26 00:27:23
5580,4,3,4961,29357.40,2025-09-10 08:59:10
5581,5,2,4961,29357.40,2025-09-10 09:03:10
5582,7,3,4962,1224.86,2025-10-26 05:29:32
5583,10,2,4962,1224.86,2025-10-26 05:33:32
5584,9,2,4963,2999.17,2025-07-29 20:10:51
5585,8,2,4964,653.12,2025-09-01 22:39:00
5586,4,2,4965,2557.62,2025-01-09 10:52:54
5587,1,2,4966,614.87,2025-10-01 08:35:06
5588,6,2,4967,1305.68,2025-11-09 05:04:53
5589,9,2,4968,5233.74,2025-05-11 05:43:12
5590,10,2,4969,1163.64,2025-05-24 20:25:50
5591,4,2,4970,2282.53,2025-02-01 07:44:08
5592,9,2,4971,1117.25,2025-11-30 22:28:03
5593,1,2,4972,1481.02,2025-10-17 14:49:42
5594,4,2,4973,1442.67,2025-12-18 09:01:16
5595,9,2,4974,19996.64,2025-08-11 18:56:30
5596,10,2,4975,404.71,2025-02-13 10:44:42
5597,7,2,4976,1121.18,2025-02-04 20:05:29
5598,10,2,4977,1347.20,2025-03-01 05:52:04
5599,7,2,4978,4690.76,2025-11-17 21:44:10
5600,4,2,4979,1132.96,2025-07-29 08:49:35
5601,5,2,4980,398.34,2025-03-10 23:22:42
5602,4,2,4981,2656.21,2025-06-22 23:38:29
5603,9,2,4982,978.49,2025-11-07 20:26:49
5604,4,2,4983,1388.22,2025-11-12 14:11:25
5605,6,2,4984,1291.45,2025-03-21 20:57:43
5606,8,2,4985,1120.14,2025-05-06 10:55:37
5607,4,2,4986,12537.97,2025-01-18 04:59:05
5608,4,2,4987,1432.98,2025-07-25 18:34:35
5609,6,3,4988,10126.99,2025-08-25 05:54:27
5610,9,2,4988,10126.99,2025-08-25 05:58:27
5611,1,2,4989,2571.33,2025-09-04 19:55:28
5612,5,2,4990,1051.08,2025-09-21 10:17:03
5613,8,2,4991,8140.77,2025-07-01 08:31:45
5614,5,2,4992,675.76,2025-01-10 07:04:28
5615,3,2,4993,4512.28,2025-07-25 14:01:00
5616,4,2,4994,865.05,2025-07-08 12:44:55
5617,9,2,4995,645.02,2025-08-20 02:09:36
5618,9,2,4996,1409.72,2025-08-02 13:33:34
5619,7,2,4997,659.24,2025-11-21 01:32:25
5620,2,2,4998,817.22,2025-11-10 18:04:52
5621,9,2,4999,1161.57,2025-01-19 05:42:16
5622,7,2,5000,12091.19,2025-09-21 14:31:27
5623,5,2,5001,792.80,2025-09-03 04:12:05
5624,2,2,5002,2752.88,2025-12-15 08:59:24
5625,8,2,5003,5787.64,2025-11-08 05:13:55
5626,1,2,5004,958.39,2025-08-11 07:43:32
5627,7,2,5005,374.93,2025-08-30 07:22:20
5628,5,2,5006,1500.07,2025-03-24 08:23:33
5629,10,3,5007,2798.29,2025-09-04 01:26:16
5630,5,2,5007,2798.29,2025-09-04 01:30:16
5631,9,2,5008,952.57,2025-04-15 00:42:05
5632,4,3,5009,725.06,2025-07-03 09:42:10
5633,3,2,5009,725.06,2025-07-03 09:46:10
5634,3,2,5010,690.05,2025-08-26 13:59:10
5635,3,2,5011,1308.11,2025-10-02 13:09:29
5636,5,2,5012,1651.16,2025-07-31 01:54:17
5637,9,2,5013,1106.89,2025-12-10 12:54:58
5638,7,3,5014,2553.58,2025-05-08 14:53:43
5639,6,2,5014,2553.58,2025-05-08 14:57:43
5640,2,2,5015,6155.16,2025-10-13 12:22:48
5641,9,2,5016,4189.84,2025-09-03 01:15:51
5642,10,2,5017,387.73,2025-06-09 19:32:36
5643,3,2,5018,4673.80,2025-06-28 02:05:09
5644,6,2,5019,1191.81,2025-08-24 05:45:42
5645,8,2,5020,1160.24,2025-12-24 11:24:19
5646,6,2,5021,1301.57,2025-03-12 07:05:15
5647,7,3,5022,2367.81,2025-05-31 08:08:04
5648,2,2,5022,2367.81,2025-05-31 08:12:04
5649,7,2,5023,478.18,2025-04-24 12:45:31
5650,2,2,5024,6992.99,2025-08-02 23:19:46
5651,7,2,5025,182.51,2025-02-18 19:13:54
5652,2,2,5026,2163.11,2025-09-02 10:27:32
5653,7,3,5027,656.38,2025-11-14 06:55:41
5654,4,2,5027,656.38,2025-11-14 06:59:41
5655,2,2,5028,2420.88,2025-10-30 05:23:49
5656,10,2,5029,1630.00,2025-08-03 11:40:16
5657,4,2,5030,2712.26,2025-07-15 00:35:44
5658,2,2,5031,783.05,2025-08-28 07:16:35
5659,7,2,5032,878.07,2025-11-01 18:01:30
5660,5,2,5033,4309.79,2025-06-15 10:35:21
5661,6,2,5034,1403.44,2025-01-26 01:34:55
5662,1,2,5035,655.02,2025-12-10 22:28:25
5663,4,2,5036,2513.88,2025-02-07 18:42:39
5664,1,3,5037,1530.94,2025-09-03 09:09:45
5665,3,2,5037,1530.94,2025-09-03 09:13:45
5666,5,2,5038,704.13,2025-03-15 23:25:43
5667,4,2,5039,186.29,2025-05-30 03:04:15
5668,7,2,5040,834.42,2025-02-23 08:28:30
5669,8,2,5041,16750.76,2025-06-10 14:00:46
5670,2,2,5042,2207.74,2025-08-11 22:53:36
5671,9,2,5043,7032.95,2025-09-18 06:21:56
5672,7,3,5044,6917.15,2025-01-24 13:02:27
5673,1,2,5044,6917.15,2025-01-24 13:06:27
5674,2,2,5045,10186.01,2025-03-08 21:34:39
5675,3,3,5046,3856.54,2025-02-28 13:37:33
5676,2,2,5046,3856.54,2025-02-28 13:41:33
5677,9,2,5047,1694.48,2025-08-20 20:28:55
5678,10,2,5048,1032.63,2025-06-13 22:38:03
5679,2,2,5049,1310.16,2025-01-16 08:55:20
5680,6,2,5050,7882.74,2025-02-05 08:13:34
5681,10,2,5051,2092.78,2025-12-13 04:49:19
5682,9,2,5052,363.60,2025-05-03 05:45:35
5683,10,2,5053,20546.44,2025-07-14 23:12:38
5684,4,2,5054,14680.08,2025-10-23 08:25:22
5685,6,3,5055,29866.01,2025-09-22 19:54:40
5686,2,2,5055,29866.01,2025-09-22 19:58:40
5687,8,3,5056,33006.94,2025-11-07 17:43:50
5688,5,2,5056,33006.94,2025-11-07 17:47:50
5689,10,3,5057,1184.71,2025-03-01 01:23:46
5690,7,2,5057,1184.71,2025-03-01 01:27:46
5691,2,3,5058,1133.36,2025-09-18 14:06:09
5692,8,2,5058,1133.36,2025-09-18 14:10:09
5693,10,2,5059,4813.84,2025-09-04 02:56:46
5694,7,2,5060,3309.75,2025-01-30 00:07:16
5695,1,2,5061,669.21,2025-01-19 16:29:01
5696,8,2,5062,717.16,2025-10-10 22:44:53
5697,7,2,5063,21560.80,2025-05-17 01:22:20
5698,6,2,5064,1632.16,2025-04-22 09:24:58
5699,4,2,5065,602.00,2025-02-24 15:57:03
5700,4,2,5066,2659.98,2025-01-29 00:54:55
5701,4,2,5067,1654.36,2025-11-19 14:29:47
5702,6,2,5068,1229.59,2025-07-15 03:21:07
5703,8,2,5069,1948.26,2025-12-07 23:57:39
5704,6,2,5070,1036.39,2025-12-12 07:07:35
5705,6,2,5071,1720.67,2025-02-27 19:10:17
5706,8,2,5072,641.68,2025-03-05 00:35:10
5707,8,2,5073,1133.42,2025-05-26 04:50:24
5708,7,2,5074,737.51,2025-07-31 13:13:26
5709,7,2,5075,740.88,2025-08-05 11:08:54
5710,1,2,5076,1841.82,2025-02-23 22:59:14
5711,10,2,5077,941.12,2025-09-09 01:59:23
5712,4,2,5078,3215.15,2025-03-12 17:41:12
5713,1,2,5079,5231.71,2025-08-07 05:39:22
5714,6,2,5080,774.28,2025-09-29 05:30:48
5715,7,2,5081,935.19,2025-07-28 09:22:18
5716,1,2,5082,841.62,2025-04-06 02:32:35
5717,4,2,5083,733.87,2025-09-05 23:17:42
5718,1,3,5084,1584.49,2025-10-24 22:31:10
5719,9,2,5084,1584.49,2025-10-24 22:35:10
5720,6,2,5085,20987.33,2025-02-22 12:20:14
5721,6,2,5086,1130.37,2025-04-16 13:55:09
5722,5,2,5087,1826.45,2025-08-07 05:12:10
5723,5,2,5088,493.54,2025-04-15 10:55:54
5724,9,2,5089,1091.23,2025-11-17 10:22:31
5725,3,2,5090,784.05,2025-12-04 10:54:12
5726,2,2,5091,3532.30,2025-11-22 09:34:25
5727,5,2,5092,2203.35,2025-01-08 09:05:26
5728,1,3,5093,11664.46,2025-09-27 10:37:02
5729,5,2,5093,11664.46,2025-09-27 10:41:02
5730,2,2,5094,1466.88,2025-08-05 03:09:46
5731,4,2,5095,934.52,2025-03-15 07:06:55
5732,4,2,5096,1895.11,2025-04-09 16:18:49
5733,5,2,5097,9309.00,2025-11-16 10:49:31
5734,7,3,5098,602.05,2025-05-31 11:52:13
5735,7,2,5098,602.05,2025-05-31 11:56:13
5736,1,2,5099,719.74,2025-04-13 15:38:32
5737,3,2,5100,1817.12,2025-01-24 00:37:08
5738,2,2,5101,18654.74,2025-09-01 19:19:18
5739,3,2,5102,1047.13,2025-03-14 09:11:05
5740,8,2,5103,18182.19,2025-01-01 20:37:28
5741,5,2,5104,1543.46,2025-04-05 19:44:12
5742,7,3,5105,2728.02,2025-06-03 15:28:33
5743,4,2,5105,2728.02,2025-06-03 15:32:33
5744,7,2,5106,1482.01,2025-07-03 16:31:11
5745,10,2,5107,546.20,2025-03-03 05:52:59
5746,4,2,5108,2382.40,2025-10-15 23:27:44
5747,3,2,5109,25505.73,2025-11-06 02:35:51
5748,2,2,5110,1382.51,2025-04-01 08:09:21
5749,1,3,5111,5937.04,2025-08-13 03:39:58
5750,1,2,5111,5937.04,2025-08-13 03:43:58
5751,3,3,5112,727.24,2025-05-02 09:29:15
5752,9,2,5112,727.24,2025-05-02 09:33:15
5753,1,2,5113,905.99,2025-11-01 23:22:22
5754,5,2,5114,1940.30,2025-10-29 19:01:06
5755,4,3,5115,10795.36,2025-05-18 23:19:29
5756,2,2,5115,10795.36,2025-05-18 23:23:29
5757,3,2,5116,7797.54,2025-07-19 00:53:50
5758,6,3,5117,2416.79,2025-08-22 01:34:11
5759,3,2,5117,2416.79,2025-08-22 01:38:11
5760,2,2,5118,782.55,2025-07-30 09:14:02
5761,4,2,5119,766.94,2025-05-02 14:21:30
5762,1,2,5120,1284.00,2025-02-13 11:43:40
5763,5,2,5121,2628.48,2025-06-27 19:39:44
5764,10,2,5122,736.33,2025-04-01 03:18:32
5765,10,2,5123,972.76,2025-02-20 20:31:21
5766,10,2,5124,11956.79,2025-03-17 21:55:30
5767,10,2,5125,948.09,2025-02-11 21:10:58
5768,1,2,5126,1331.98,2025-03-03 14:09:55
5769,8,2,5127,14632.71,2025-01-01 19:13:16
5770,1,2,5128,930.40,2025-07-19 16:49:54
5771,4,2,5129,818.98,2025-07-01 04:29:21
5772,4,2,5130,1592.37,2025-08-20 05:40:00
5773,10,2,5131,2931.38,2025-01-30 06:03:43
5774,1,3,5132,655.66,2025-08-30 06:57:52
5775,1,2,5132,655.66,2025-08-30 07:01:52
5776,4,2,5133,370.46,2025-01-12 17:19:57
5777,8,2,5134,997.06,2025-02-08 21:36:19
5778,6,2,5135,635.17,2025-01-19 08:20:08
5779,10,2,5136,979.43,2025-02-26 01:07:46
5780,2,2,5137,1211.72,2025-11-30 23:04:41
5781,5,2,5138,1009.59,2025-12-29 21:23:47
5782,8,2,5139,666.13,2025-05-13 18:14:44
5783,5,2,5140,4440.87,2025-10-31 09:10:53
5784,8,2,5141,1964.84,2025-04-16 04:04:44
5785,1,2,5142,8417.16,2025-07-31 18:00:00
5786,8,3,5143,6333.47,2025-03-20 04:37:55
5787,5,2,5143,6333.47,2025-03-20 04:41:55
5788,5,2,5144,873.56,2025-02-09 18:53:50
5789,7,2,5145,1147.29,2025-02-10 02:53:11
5790,6,2,5146,1928.33,2025-06-01 07:19:45
5791,9,2,5147,1241.57,2025-12-28 16:06:01
5792,4,2,5148,2866.74,2025-04-18 01:09:27
5793,1,2,5149,843.33,2025-09-12 18:49:11
5794,9,2,5150,758.50,2025-11-09 02:52:16
5795,7,2,5151,4712.21,2025-02-23 03:24:42
5796,10,2,5152,2476.06,2025-09-06 03:16:20
5797,3,3,5153,2264.02,2025-11-13 13:39:35
5798,4,2,5153,2264.02,2025-11-13 13:43:35
5799,7,2,5154,2411.53,2025-05-27 12:54:35
5800,9,2,5155,503.90,2025-06-10 23:33:26
5801,8,3,5156,560.83,2025-07-12 20:36:31
5802,2,2,5156,560.83,2025-07-12 20:40:31
5803,7,2,5157,421.44,2025-06-19 09:06:16
5804,10,3,5158,4335.73,2025-05-02 19:16:11
5805,3,2,5158,4335.73,2025-05-02 19:20:11
5806,8,2,5159,2219.76,2025-11-15 05:13:47
5807,9,2,5160,10005.38,2025-09-05 03:40:12
5808,2,2,5161,21292.25,2025-05-25 07:30:18
5809,10,2,5162,1071.88,2025-11-19 01:02:22
5810,5,2,5163,1421.12,2025-12-31 01:16:54
5811,3,2,5164,2471.20,2025-05-20 04:01:49
5812,4,2,5165,2969.26,2025-01-14 20:04:31
5813,4,2,5166,2175.94,2025-07-11 06:06:31
5814,10,2,5167,338.95,2025-07-17 00:19:21
5815,2,2,5168,937.87,2025-07-06 01:30:34
5816,9,2,5169,617.76,2025-12-08 23:02:28
5817,6,2,5170,853.32,2025-04-20 05:18:23
5818,1,3,5171,21078.56,2025-03-26 11:26:35
5819,2,2,5171,21078.56,2025-03-26 11:30:35
5820,5,2,5172,708.01,2025-10-16 13:15:33
5821,6,2,5173,983.44,2025-08-23 13:24:55
5822,8,3,5174,826.68,2025-11-29 22:47:12
5823,9,2,5174,826.68,2025-11-29 22:51:12
5824,4,2,5175,21447.18,2025-02-02 03:29:09
5825,8,2,5176,519.19,2025-02-24 17:54:10
5826,1,2,5177,1357.54,2025-09-13 04:01:47
5827,8,2,5178,808.83,2025-10-24 09:04:23
5828,5,2,5179,924.72,2025-07-30 23:26:28
5829,2,2,5180,24828.55,2025-07-09 03:33:16
5830,5,2,5181,511.28,2025-12-15 04:59:47
5831,8,2,5182,1661.98,2025-05-26 17:48:25
5832,9,3,5183,2303.38,2025-11-09 00:21:35
5833,2,2,5183,2303.38,2025-11-09 00:25:35
5834,5,2,5184,1953.06,2025-03-20 01:47:37
5835,1,2,5185,1266.87,2025-09-20 05:38:39
5836,10,2,5186,7342.69,2025-09-09 22:13:01
5837,6,3,5187,1648.43,2025-01-20 20:57:18
5838,4,2,5187,1648.43,2025-01-20 21:01:18
5839,6,2,5188,1685.02,2025-03-20 13:00:43
5840,7,2,5189,5451.97,2025-03-30 13:08:06
5841,10,3,5190,1496.63,2025-05-20 04:41:58
5842,2,2,5190,1496.63,2025-05-20 04:45:58
5843,5,2,5191,1153.35,2025-10-02 22:06:22
5844,7,2,5192,337.06,2025-02-23 04:29:24
5845,10,2,5193,4049.46,2025-07-10 11:14:40
5846,2,2,5194,2544.25,2025-03-04 06:14:50
5847,4,2,5195,1088.97,2025-06-17 19:23:00
5848,5,2,5196,1577.07,2025-03-18 19:27:37
5849,9,2,5197,1459.26,2025-09-27 21:14:46
5850,4,2,5198,1516.33,2025-09-18 12:47:47
5851,5,2,5199,720.13,2025-03-12 18:00:58
5852,2,2,5200,708.97,2025-03-11 13:25:07
5853,6,2,5201,298.96,2025-12-21 18:00:55
5854,8,2,5202,3138.93,2025-06-05 20:05:02
5855,6,2,5203,29093.88,2025-12-12 03:07:25
5856,4,2,5204,1353.46,2025-04-10 10:24:56
5857,5,2,5205,1046.02,2025-07-23 14:26:58
5858,4,2,5206,7823.42,2025-02-07 15:42:51
5859,7,2,5207,4124.66,2025-06-17 12:09:47
5860,8,2,5208,3235.49,2025-02-10 20:53:03
5861,6,2,5209,970.84,2025-01-29 11:40:44
5862,10,2,5210,621.50,2025-05-01 00:21:16
5863,4,2,5211,16767.07,2025-01-21 04:58:34
5864,3,2,5212,406.50,2025-06-16 20:25:48
5865,2,2,5213,3820.12,2025-02-18 05:46:01
5866,3,2,5214,791.17,2025-10-23 10:30:26
5867,9,2,5215,1512.26,2025-11-15 13:13:11
5868,4,2,5216,2349.31,2025-03-16 13:27:47
5869,1,2,5217,804.23,2025-03-05 15:30:54
5870,1,2,5218,5339.54,2025-10-18 21:26:27
5871,5,2,5219,680.55,2025-11-09 06:07:21
5872,8,2,5220,993.95,2025-01-06 13:28:33
5873,2,3,5221,15567.65,2025-04-15 05:32:42
5874,1,2,5221,15567.65,2025-04-15 05:36:42
5875,8,2,5222,18285.61,2025-08-24 10:49:00
5876,4,2,5223,751.78,2025-06-06 10:09:25
5877,8,2,5224,1066.42,2025-07-30 10:59:12
5878,10,2,5225,3024.66,2025-08-20 08:26:19
5879,10,2,5226,749.79,2025-11-25 00:08:08
5880,1,2,5227,4336.74,2025-08-05 03:45:54
5881,6,2,5228,2075.33,2025-09-30 01:14:10
5882,2,2,5229,3425.80,2025-05-24 22:56:39
5883,7,2,5230,3188.01,2025-08-16 19:59:25
5884,4,2,5231,1816.02,2025-05-05 07:08:43
5885,8,2,5232,960.72,2025-03-20 00:55:17
5886,6,2,5233,2140.70,2025-08-26 15:41:44
5887,1,2,5234,1662.89,2025-11-06 03:53:32
5888,10,2,5235,2119.61,2025-07-01 12:19:12
5889,10,2,5236,2405.95,2025-08-30 23:26:31
5890,10,3,5237,3985.97,2025-03-24 12:10:04
5891,5,2,5237,3985.97,2025-03-24 12:14:04
5892,5,2,5238,1205.64,2025-04-15 03:01:13
5893,1,2,5239,1840.60,2025-09-10 11:28:14
5894,10,2,5240,1612.80,2025-12-07 23:12:30
5895,10,2,5241,1522.40,2025-04-13 08:27:32
5896,10,2,5242,17821.72,2025-07-08 05:30:28
5897,10,2,5243,1005.69,2025-11-13 23:23:20
5898,8,2,5244,876.00,2025-12-26 19:54:35
5899,9,3,5245,967.43,2025-12-15 19:46:25
5900,2,2,5245,967.43,2025-12-15 19:50:25
5901,9,2,5246,4939.74,2025-05-12 12:04:52
5902,9,2,5247,1748.86,2025-08-03 11:25:54
5903,5,2,5248,2741.88,2025-06-17 07:04:40
5904,2,2,5249,723.31,2025-04-08 03:59:18
5905,10,2,5250,550.50,2025-05-23 20:32:40
5906,8,2,5251,5536.74,2025-12-10 00:41:58
5907,8,2,5252,4089.96,2025-02-16 17:14:59
5908,5,2,5253,1014.38,2025-02-27 13:57:52
5909,8,2,5254,291.13,2025-04-04 17:06:23
5910,2,3,5255,1220.33,2025-08-25 18:59:51
5911,10,2,5255,1220.33,2025-08-25 19:03:51
5912,5,2,5256,1264.79,2025-08-30 14:40:15
5913,2,2,5257,2347.14,2025-10-11 04:50:36
5914,6,2,5258,3286.21,2025-08-09 05:48:03
5915,8,2,5259,782.11,2025-03-08 03:55:53
5916,4,2,5260,1040.15,2025-07-08 12:21:48
5917,7,2,5261,1414.66,2025-06-30 04:25:12
5918,8,2,5262,600.50,2025-08-24 12:48:26
5919,1,2,5263,1364.84,2025-01-18 01:10:13
5920,2,3,5264,954.71,2025-07-21 14:21:48
5921,9,2,5264,954.71,2025-07-21 14:25:48
5922,5,2,5265,12395.18,2025-06-23 19:52:21
5923,8,2,5266,366.05,2025-11-29 05:48:35
5924,8,2,5267,2316.86,2025-03-03 11:17:40
5925,10,2,5268,8418.86,2025-06-10 08:21:21
5926,6,2,5269,5384.22,2025-08-16 09:58:07
5927,3,2,5270,1746.34,2025-02-01 11:02:49
5928,1,2,5271,1735.25,2025-07-03 14:19:27
5929,1,2,5272,1847.68,2025-01-12 06:48:49
5930,9,2,5273,1320.20,2025-01-31 03:42:11
5931,1,2,5274,15512.49,2025-10-20 09:56:30
5932,7,2,5275,1168.38,2025-07-28 11:13:59
5933,2,2,5276,476.88,2025-03-07 21:55:43
5934,8,3,5277,3767.52,2025-11-12 13:03:06
5935,10,2,5277,3767.52,2025-11-12 13:07:06
5936,5,3,5278,1677.69,2025-01-08 22:21:39
5937,10,2,5278,1677.69,2025-01-08 22:25:39
5938,1,2,5279,2177.95,2025-07-08 17:33:04
5939,6,3,5280,1776.99,2025-10-14 01:35:56
5940,7,2,5280,1776.99,2025-10-14 01:39:56
5941,10,2,5281,2498.46,2025-02-11 14:33:01
5942,6,2,5282,1960.32,2025-01-20 23:36:52
5943,4,2,5283,4765.14,2025-03-20 18:20:44
5944,2,2,5284,463.08,2025-10-27 06:20:56
5945,8,2,5285,2239.60,2025-10-12 19:23:58
5946,3,3,5286,880.95,2025-08-22 17:10:28
5947,3,2,5286,880.95,2025-08-22 17:14:28
5948,10,2,5287,1324.57,2025-04-19 07:47:34
5949,1,2,5288,3031.86,2025-11-03 12:08:28
5950,4,2,5289,5777.76,2025-07-28 07:08:00
5951,8,2,5290,771.56,2025-01-23 12:26:20
5952,1,3,5291,277.85,2025-11-23 07:27:11
5953,3,2,5291,277.85,2025-11-23 07:31:11
5954,8,2,5292,4301.03,2025-10-18 09:03:45
5955,4,2,5293,4248.29,2025-05-29 15:45:01
5956,5,2,5294,1920.91,2025-12-08 03:26:51
5957,4,2,5295,3004.89,2025-12-05 02:00:09
5958,7,2,5296,4382.25,2025-03-07 14:29:59
5959,4,2,5297,1192.78,2025-08-23 02:29:49
5960,2,2,5298,19137.60,2025-10-25 15:43:12
5961,7,2,5299,2367.15,2025-05-27 06:24:57
5962,6,2,5300,769.85,2025-08-10 08:18:24
5963,5,2,5301,2941.85,2025-01-02 03:47:36
5964,2,3,5302,3677.01,2025-02-02 16:16:26
5965,9,2,5302,3677.01,2025-02-02 16:20:26
5966,3,2,5303,1170.81,2025-05-08 09:46:18
5967,4,2,5304,1058.86,2025-12-04 19:12:15
5968,3,2,5305,859.90,2025-11-20 11:27:21
5969,8,2,5306,737.83,2025-02-15 21:23:41
5970,10,2,5307,1989.23,2025-12-12 04:01:16
5971,10,2,5308,7134.77,2025-04-07 17:53:34
5972,3,2,5309,356.57,2025-10-23 14:24:34
5973,3,2,5310,680.42,2025-11-26 08:10:40
5974,5,2,5311,925.10,2025-09-23 07:09:07
5975,4,2,5312,1483.54,2025-06-11 22:21:42
5976,9,2,5313,2038.88,2025-07-12 07:59:25
5977,2,2,5314,2300.59,2025-02-01 01:17:43
5978,9,2,5315,9868.34,2025-01-22 12:28:17
5979,10,2,5316,1252.85,2025-07-28 13:55:07
5980,1,2,5317,753.10,2025-10-31 10:08:43
5981,4,2,5318,4115.79,2025-09-18 15:29:36
5982,8,2,5319,5809.63,2025-08-25 03:26:33
5983,4,2,5320,1127.19,2025-08-22 22:26:54
5984,10,2,5321,538.99,2025-09-11 03:10:34
5985,7,2,5322,2369.26,2025-09-08 03:13:02
5986,10,2,5323,678.51,2025-01-04 10:23:31
5987,1,2,5324,1529.51,2025-03-05 09:04:14
5988,7,2,5325,1015.19,2025-05-17 02:49:10
5989,7,2,5326,2278.15,2025-02-10 02:22:18
5990,6,2,5327,881.06,2025-05-31 15:35:20
5991,7,2,5328,1619.23,2025-03-25 16:55:23
5992,6,2,5329,1160.90,2025-02-17 07:54:12
5993,2,2,5330,2766.86,2025-03-04 05:06:37
5994,6,2,5331,814.46,2025-12-27 00:15:46
5995,3,2,5332,1492.13,2025-12-16 11:49:52
5996,2,2,5333,1180.44,2025-02-10 09:24:11
5997,2,2,5334,1769.38,2025-04-27 12:04:45
5998,8,2,5335,3273.23,2025-05-23 08:50:29
5999,7,2,5336,6127.34,2025-11-30 04:54:27
6000,3,3,5337,7435.67,2025-03-29 14:54:23
6001,1,2,5337,7435.67,2025-03-29 14:58:23
6002,8,2,5338,801.39,2025-01-11 23:25:47
6003,2,2,5339,356.78,2025-05-12 16:56:52
6004,8,2,5340,920.49,2025-08-03 03:56:15
6005,10,2,5341,341.28,2025-10-08 07:59:49
6006,1,2,5342,1540.67,2025-10-14 11:12:36
6007,10,2,5343,3967.13,2025-02-24 22:52:13
6008,4,2,5344,2052.34,2025-05-27 02:00:43
6009,1,3,5345,1205.08,2025-03-23 02:24:09
6010,5,2,5345,1205.08,2025-03-23 02:28:09
6011,4,2,5346,24987.88,2025-08-26 17:37:32
6012,1,2,5347,208.15,2025-03-27 04:02:11
6013,3,2,5348,1736.88,2025-10-06 18:26:17
6014,7,2,5349,669.87,2025-06-07 11:40:27
6015,8,2,5350,666.31,2025-02-13 01:42:22
6016,3,2,5351,3168.42,2025-10-28 01:21:35
6017,4,2,5352,1453.92,2025-12-31 10:44:07
6018,1,2,5353,2007.27,2025-03-14 06:58:00
6019,5,2,5354,1097.00,2025-07-19 08:17:36
6020,1,2,5355,3175.65,2025-08-02 12:43:29
6021,4,2,5356,622.09,2025-10-19 12:32:25
6022,3,2,5357,550.92,2025-10-06 08:42:45
6023,4,2,5358,631.55,2025-06-23 16:30:05
6024,9,2,5359,1236.30,2025-07-14 22:20:01
6025,6,2,5360,738.26,2025-09-16 04:20:19
6026,5,2,5361,2447.27,2025-12-29 17:00:53
6027,2,2,5362,2444.09,2025-06-12 12:53:17
6028,1,2,5363,2214.43,2025-10-20 14:35:18
6029,8,2,5364,12975.61,2025-09-07 12:05:42
6030,10,2,5365,2360.46,2025-06-06 18:28:31
6031,9,2,5366,1088.06,2025-10-26 08:16:25
6032,10,2,5367,2131.07,2025-11-13 21:41:07
6033,1,2,5368,697.96,2025-10-09 03:12:15
6034,6,2,5369,1068.14,2025-10-30 22:40:06
6035,3,2,5370,610.98,2025-11-29 11:28:46
6036,5,2,5371,577.45,2025-12-30 14:23:47
6037,5,3,5372,2439.72,2025-11-04 08:11:15
6038,4,2,5372,2439.72,2025-11-04 08:15:15
6039,2,2,5373,1810.25,2025-03-16 12:48:45
6040,4,2,5374,695.88,2025-11-21 16:48:48
6041,1,2,5375,13706.07,2025-03-14 16:03:11
6042,10,2,5376,2133.35,2025-10-06 08:33:43
6043,1,2,5377,1527.76,2025-03-04 00:24:15
6044,2,2,5378,1921.27,2025-06-11 17:05:54
6045,5,2,5379,10456.86,2025-01-26 19:14:18
6046,6,2,5380,4815.80,2025-02-16 13:34:34
6047,4,2,5381,1053.89,2025-09-19 12:57:20
6048,3,3,5382,989.09,2025-03-18 03:09:36
6049,6,2,5382,989.09,2025-03-18 03:13:36
6050,4,2,5383,21114.00,2025-08-24 22:10:34
6051,5,2,5384,2992.30,2025-01-29 02:40:04
6052,2,2,5385,1070.89,2025-01-23 10:44:49
6053,9,2,5386,2796.64,2025-11-14 10:34:04
6054,6,2,5387,6527.07,2025-01-14 12:51:27
6055,2,2,5388,385.37,2025-11-29 21:26:58
6056,6,2,5389,6154.09,2025-08-13 05:08:24
6057,3,2,5390,1714.73,2025-09-21 22:01:28
6058,6,2,5391,15834.74,2025-08-23 06:28:02
6059,3,2,5392,569.19,2025-05-02 17:36:45
6060,10,2,5393,4156.91,2025-11-14 21:51:33
6061,9,2,5394,792.04,2025-10-14 19:06:37
6062,8,2,5395,2608.44,2025-12-13 11:37:39
6063,4,2,5396,2423.64,2025-02-22 10:03:59
6064,4,2,5397,739.42,2025-04-27 22:51:15
6065,3,3,5398,1739.77,2025-08-25 10:05:18
6066,8,2,5398,1739.77,2025-08-25 10:09:18
6067,9,2,5399,1915.52,2025-07-24 10:51:51
6068,5,2,5400,1695.66,2025-03-31 04:28:38
6069,3,2,5401,594.66,2025-05-06 19:05:50
6070,6,2,5402,960.49,2025-10-12 05:17:03
6071,4,2,5403,1736.76,2025-11-15 14:12:26
6072,8,2,5404,2207.84,2025-04-05 23:47:49
6073,2,2,5405,1831.72,2025-12-10 18:32:09
6074,5,2,5406,1705.22,2025-02-02 20:27:12
6075,2,2,5407,896.17,2025-07-20 21:35:02
6076,4,2,5408,2512.80,2025-09-29 01:06:08
6077,9,2,5409,1920.74,2025-11-09 01:40:31
6078,3,2,5410,2503.54,2025-12-23 20:23:32
6079,10,2,5411,7073.62,2025-03-22 01:22:30
6080,5,2,5412,560.74,2025-06-16 10:38:35
6081,3,2,5413,518.40,2025-10-11 23:48:11
6082,8,2,5414,1946.67,2025-11-21 14:24:55
6083,8,2,5415,1068.30,2025-07-16 09:24:48
6084,5,2,5416,3376.56,2025-12-22 13:44:45
6085,3,2,5417,922.53,2025-09-13 10:01:29
6086,7,2,5418,13726.34,2025-05-10 18:47:39
6087,4,2,5419,275.55,2025-05-30 06:44:44
6088,6,3,5420,5368.10,2025-05-13 08:15:03
6089,4,2,5420,5368.10,2025-05-13 08:19:03
6090,6,2,5421,409.28,2025-03-09 13:10:56
6091,7,3,5422,1051.11,2025-01-17 14:01:07
6092,4,2,5422,1051.11,2025-01-17 14:05:07
6093,3,2,5423,1657.45,2025-09-24 20:05:22
6094,7,2,5424,989.44,2025-09-15 18:46:06
6095,1,2,5425,2141.39,2025-07-17 14:11:15
6096,7,2,5426,4345.78,2025-01-24 04:18:04
6097,5,2,5427,884.65,2025-11-11 19:19:59
6098,1,2,5428,2724.92,2025-11-10 09:18:35
6099,8,2,5429,538.76,2025-01-01 08:14:27
6100,7,2,5430,1522.91,2025-07-24 22:59:34
6101,3,2,5431,1858.02,2025-04-18 12:41:59
6102,9,2,5432,3791.64,2025-12-31 20:14:05
6103,2,2,5433,1875.10,2025-11-03 19:32:35
6104,8,2,5434,1694.28,2025-11-05 01:55:39
6105,3,2,5435,6106.45,2025-07-04 20:41:49
6106,1,2,5436,463.09,2025-04-29 23:40:17
6107,2,2,5437,474.04,2025-04-27 03:05:46
6108,5,2,5438,1571.94,2025-01-23 00:03:26
6109,4,2,5439,37359.54,2025-08-07 22:33:42
6110,8,2,5440,12838.08,2025-04-25 19:45:15
6111,3,2,5441,11432.03,2025-07-08 18:03:20
6112,5,2,5442,702.31,2025-08-31 12:13:52
6113,9,2,5443,2200.37,2025-09-08 17:33:47
6114,10,2,5444,10075.37,2025-09-16 07:46:46
6115,8,2,5445,705.80,2025-06-11 15:59:07
6116,1,2,5446,1456.52,2025-12-29 14:20:05
6117,5,2,5447,891.05,2025-08-03 09:15:24
6118,10,2,5448,39152.66,2025-09-07 11:04:13
6119,5,2,5449,4776.10,2025-12-06 23:18:04
6120,3,2,5450,1486.13,2025-03-06 02:33:07
6121,5,2,5451,985.94,2025-04-13 09:21:36
6122,5,2,5452,543.71,2025-09-12 18:29:22
6123,10,2,5453,1378.89,2025-09-28 14:34:17
6124,10,2,5454,909.89,2025-09-23 12:05:32
6125,4,2,5455,2007.19,2025-06-05 22:06:02
6126,2,2,5456,3091.98,2025-12-05 08:15:57
6127,8,2,5457,2566.56,2025-06-15 09:37:25
6128,4,3,5458,561.69,2025-07-23 01:35:21
6129,7,2,5458,561.69,2025-07-23 01:39:21
6130,6,2,5459,924.32,2025-02-07 03:21:11
6131,10,2,5460,1866.68,2025-03-07 23:16:09
6132,9,3,5461,873.91,2025-03-13 22:59:13
6133,9,2,5461,873.91,2025-03-13 23:03:13
6134,10,2,5462,626.49,2025-08-22 20:42:24
6135,6,2,5463,903.55,2025-03-15 14:54:59
6136,2,2,5464,3912.18,2025-01-24 19:37:09
6137,3,2,5465,1747.09,2025-08-28 13:04:34
6138,7,2,5466,17997.68,2025-05-01 14:21:39
6139,1,2,5467,1714.24,2025-02-07 15:50:50
6140,2,2,5468,682.35,2025-09-02 19:32:33
6141,10,2,5469,645.04,2025-03-23 08:58:37
6142,2,2,5470,40418.27,2025-09-20 17:50:10
6143,3,2,5471,10547.13,2025-12-10 19:26:17
6144,8,2,5472,1452.24,2025-01-07 09:04:20
6145,8,2,5473,1323.94,2025-12-08 22:59:31
6146,4,2,5474,2340.76,2025-01-09 09:29:13
6147,10,2,5475,1325.13,2025-01-19 07:30:27
6148,10,2,5476,4769.03,2025-09-08 08:38:17
6149,2,2,5477,1286.32,2025-07-27 15:43:08
6150,3,3,5478,1029.62,2025-02-14 20:43:30
6151,2,2,5478,1029.62,2025-02-14 20:47:30
6152,6,2,5479,1484.70,2025-07-11 14:38:17
6153,4,2,5480,27296.49,2025-10-29 04:20:59
6154,9,2,5481,1768.10,2025-07-03 23:27:08
6155,8,2,5482,1356.06,2025-12-13 17:00:13
6156,4,2,5483,455.09,2025-09-20 03:44:00
6157,9,2,5484,1262.98,2025-06-20 21:38:54
6158,3,3,5485,2643.02,2025-01-22 06:06:18
6159,8,2,5485,2643.02,2025-01-22 06:10:18
6160,6,2,5486,6274.62,2025-05-13 00:57:24
6161,7,2,5487,2326.49,2025-01-23 07:02:08
6162,7,2,5488,1888.29,2025-10-26 17:12:15
6163,5,2,5489,274.32,2025-03-28 23:57:14
6164,4,2,5490,2084.30,2025-06-23 10:47:03
6165,3,3,5491,1528.27,2025-01-16 12:22:29
6166,5,2,5491,1528.27,2025-01-16 12:26:29
6167,1,2,5492,1258.73,2025-05-18 03:11:05
6168,9,2,5493,839.24,2025-06-23 20:36:00
6169,9,2,5494,1193.32,2025-03-20 17:53:03
6170,8,2,5495,19994.81,2025-03-28 21:01:06
6171,10,2,5496,872.30,2025-05-08 20:54:34
6172,2,2,5497,17171.54,2025-07-14 13:17:39
6173,1,2,5498,398.79,2025-11-06 12:01:59
6174,8,2,5499,1662.64,2025-09-07 06:36:01
6175,6,2,5500,2328.24,2025-09-12 10:39:16
6176,1,3,5501,1070.43,2025-03-21 15:17:43
6177,8,2,5501,1070.43,2025-03-21 15:21:43
6178,8,2,5502,30309.70,2025-08-28 11:04:57
6179,10,2,5503,552.08,2025-12-09 14:49:40
6180,9,2,5504,1232.88,2025-06-07 14:46:49
6181,2,2,5505,789.38,2025-03-12 11:36:05
6182,10,2,5506,1972.31,2025-06-18 00:50:01
6183,3,2,5507,2795.96,2025-01-08 00:46:14
6184,5,2,5508,582.23,2025-03-19 09:46:48
6185,3,3,5509,1339.78,2025-03-13 01:21:09
6186,3,2,5509,1339.78,2025-03-13 01:25:09
6187,10,2,5510,7349.85,2025-07-02 15:56:52
6188,7,2,5511,928.84,2025-06-22 22:27:14
6189,10,3,5512,1561.84,2025-01-01 06:22:36
6190,5,2,5512,1561.84,2025-01-01 06:26:36
6191,5,3,5513,1944.14,2025-01-03 21:28:54
6192,2,2,5513,1944.14,2025-01-03 21:32:54
6193,10,2,5514,1372.26,2025-02-01 19:57:05
6194,7,2,5515,2635.10,2025-01-18 23:27:35
6195,5,2,5516,1962.20,2025-12-21 01:17:16
6196,8,2,5517,494.08,2025-03-04 09:55:16
6197,9,2,5518,449.71,2025-12-30 23:27:59
6198,4,2,5519,1053.54,2025-02-08 19:37:29
6199,2,2,5520,1228.64,2025-05-28 14:38:51
6200,10,3,5521,753.12,2025-08-14 14:49:01
6201,9,2,5521,753.12,2025-08-14 14:53:01
6202,10,2,5522,712.36,2025-05-23 11:43:22
6203,3,2,5523,3923.02,2025-04-10 16:56:10
6204,7,2,5524,4855.79,2025-07-01 13:37:42
6205,1,3,5525,877.95,2025-03-11 04:58:21
6206,5,2,5525,877.95,2025-03-11 05:02:21
6207,1,2,5526,4099.83,2025-02-08 02:43:37
6208,4,2,5527,778.79,2025-06-02 19:27:08
6209,5,2,5528,1658.15,2025-10-04 10:29:01
6210,10,2,5529,374.16,2025-05-03 12:19:43
6211,2,3,5530,1841.80,2025-01-25 03:09:20
6212,3,2,5530,1841.80,2025-01-25 03:13:20
6213,7,2,5531,22233.54,2025-03-27 03:28:09
6214,6,2,5532,4275.53,2025-08-11 02:49:41
6215,7,2,5533,8292.62,2025-11-10 16:45:49
6216,6,2,5534,2817.68,2025-02-08 12:38:51
6217,1,2,5535,4145.92,2025-11-07 06:58:17
6218,9,3,5536,2403.68,2025-07-22 21:47:25
6219,2,2,5536,2403.68,2025-07-22 21:51:25
6220,2,2,5537,17029.74,2025-04-15 03:57:01
6221,2,2,5538,2471.04,2025-08-04 00:02:52
6222,5,2,5539,3052.26,2025-10-10 15:48:28
6223,3,2,5540,792.92,2025-03-26 10:46:26
6224,2,2,5541,7846.04,2025-01-10 11:55:52
6225,10,2,5542,1462.32,2025-01-20 12:45:28
6226,5,2,5543,3355.25,2025-03-10 11:56:21
6227,6,3,5544,4424.69,2025-03-07 12:23:51
6228,9,2,5544,4424.69,2025-03-07 12:27:51
6229,6,2,5545,910.26,2025-01-27 09:59:09
6230,4,2,5546,9112.80,2025-10-01 17:31:53
6231,6,2,5547,1161.46,2025-04-05 03:36:25
6232,8,2,5548,6960.63,2025-09-18 04:05:46
6233,8,2,5549,737.05,2025-01-24 01:22:39
6234,1,2,5550,2317.42,2025-05-04 07:03:56
6235,5,2,5551,738.61,2025-05-30 14:09:04
6236,5,2,5552,911.62,2025-05-15 01:13:15
6237,3,2,5553,3730.09,2025-09-09 00:47:59
6238,5,2,5554,1009.29,2025-10-17 04:26:14
6239,4,3,5555,1791.98,2025-02-12 10:45:46
6240,4,2,5555,1791.98,2025-02-12 10:49:46
6241,3,2,5556,1819.28,2025-02-22 23:10:35
6242,2,2,5557,4910.57,2025-11-18 06:40:26
6243,6,2,5558,627.14,2025-07-25 03:28:46
6244,4,2,5559,1748.88,2025-06-01 15:58:33
6245,6,2,5560,3910.36,2025-03-18 13:45:24
6246,2,2,5561,2005.00,2025-06-02 13:51:07
6247,10,2,5562,955.63,2025-02-25 09:03:27
6248,8,3,5563,13076.26,2025-11-01 12:15:26
6249,2,2,5563,13076.26,2025-11-01 12:19:26
6250,10,3,5564,340.08,2025-01-16 20:46:21
6251,9,2,5564,340.08,2025-01-16 20:50:21
6252,4,2,5565,38960.55,2025-09-21 23:55:19
6253,1,2,5566,584.31,2025-02-02 10:24:23
6254,6,2,5567,626.07,2025-05-23 20:49:31
6255,1,2,5568,585.67,2025-10-10 15:07:37
6256,6,2,5569,3924.18,2025-10-30 05:51:56
6257,2,3,5570,13486.62,2025-10-18 10:03:38
6258,2,2,5570,13486.62,2025-10-18 10:07:38
6259,3,2,5571,1697.31,2025-03-11 01:56:15
6260,10,2,5572,1895.18,2025-05-23 18:34:21
6261,10,2,5573,1232.50,2025-08-28 18:34:27
6262,5,2,5574,844.25,2025-01-21 06:31:30
6263,9,2,5575,922.37,2025-12-13 18:56:20
6264,7,2,5576,733.21,2025-08-04 00:21:37
6265,4,2,5577,1242.16,2025-07-26 10:25:50
6266,7,2,5578,3005.02,2025-12-04 08:46:27
6267,8,2,5579,577.95,2025-01-01 00:28:31
6268,10,2,5580,1195.52,2025-02-18 06:36:32
6269,2,2,5581,552.90,2025-09-13 22:37:54
6270,8,2,5582,745.09,2025-12-18 10:18:19
6271,8,3,5583,2512.67,2025-12-10 19:03:33
6272,1,2,5583,2512.67,2025-12-10 19:07:33
6273,3,2,5584,1293.36,2025-08-08 23:22:11
6274,3,2,5585,2109.94,2025-02-11 03:59:03
6275,6,2,5586,1365.60,2025-07-04 04:37:29
6276,10,2,5587,2123.85,2025-12-29 12:33:42
6277,2,2,5588,568.54,2025-04-17 19:31:22
6278,5,2,5589,1997.79,2025-08-03 20:37:23
6279,10,2,5590,1402.97,2025-09-28 05:05:49
6280,7,2,5591,2207.25,2025-09-03 21:23:21
6281,2,3,5592,1114.65,2025-03-18 14:16:07
6282,8,2,5592,1114.65,2025-03-18 14:20:07
6283,9,2,5593,1154.68,2025-10-31 13:08:41
6284,6,2,5594,15995.49,2025-10-19 16:35:09
6285,7,2,5595,2446.59,2025-03-20 10:33:34
6286,9,2,5596,2418.36,2025-01-12 08:50:13
6287,8,2,5597,11210.21,2025-06-22 15:19:17
6288,9,2,5598,1618.22,2025-02-03 06:12:38
6289,6,2,5599,4686.15,2025-04-02 18:17:03
6290,5,2,5600,1196.71,2025-11-27 01:06:47
6291,5,3,5601,2869.53,2025-07-17 02:04:10
6292,6,2,5601,2869.53,2025-07-17 02:08:10
6293,3,3,5602,1246.20,2025-04-29 19:06:31
6294,5,2,5602,1246.20,2025-04-29 19:10:31
6295,2,2,5603,460.57,2025-02-28 16:58:03
6296,8,3,5604,1741.41,2025-01-20 08:49:58
6297,5,2,5604,1741.41,2025-01-20 08:53:58
6298,10,2,5605,2435.62,2025-12-15 10:34:26
6299,10,2,5606,764.31,2025-02-28 18:35:09
6300,1,3,5607,1764.09,2025-07-05 16:03:36
6301,8,2,5607,1764.09,2025-07-05 16:07:36
6302,10,2,5608,1996.58,2025-03-06 00:57:39
6303,2,3,5609,1827.79,2025-12-04 05:54:26
6304,9,2,5609,1827.79,2025-12-04 05:58:26
6305,2,2,5610,335.67,2025-06-03 17:16:54
6306,9,2,5611,962.72,2025-06-16 19:13:32
6307,7,2,5612,1306.63,2025-08-16 17:09:20
6308,2,2,5613,1198.37,2025-05-03 11:38:55
6309,5,3,5614,1013.02,2025-03-30 07:45:10
6310,2,2,5614,1013.02,2025-03-30 07:49:10
6311,7,2,5615,2668.43,2025-08-13 21:44:11
6312,7,3,5616,1656.48,2025-05-08 02:59:53
6313,7,2,5616,1656.48,2025-05-08 03:03:53
6314,7,2,5617,2835.62,2025-06-15 17:38:54
6315,5,2,5618,21940.27,2025-06-04 21:01:20
6316,8,2,5619,273.73,2025-07-26 09:00:43
6317,6,2,5620,691.20,2025-09-25 16:36:41
6318,8,2,5621,2695.88,2025-12-25 15:59:39
6319,9,2,5622,1280.75,2025-03-19 07:12:36
6320,2,3,5623,1016.80,2025-12-09 07:55:18
6321,4,2,5623,1016.80,2025-12-09 07:59:18
6322,9,2,5624,1309.30,2025-04-23 00:53:25
6323,7,2,5625,19030.61,2025-05-25 17:17:16
6324,5,2,5626,2714.93,2025-01-29 19:14:40
6325,9,3,5627,15373.01,2025-05-13 19:44:58
6326,10,2,5627,15373.01,2025-05-13 19:48:58
6327,1,3,5628,3176.63,2025-08-28 21:25:51
6328,4,2,5628,3176.63,2025-08-28 21:29:51
6329,9,2,5629,975.13,2025-07-30 05:51:20
6330,3,2,5630,3772.86,2025-07-13 22:08:10
6331,7,2,5631,4961.96,2025-07-21 19:15:44
6332,5,2,5632,1153.91,2025-11-03 21:11:32
6333,4,2,5633,1167.23,2025-01-07 06:02:17
6334,2,2,5634,780.37,2025-01-21 10:47:57
6335,4,2,5635,537.65,2025-07-22 21:38:40
6336,10,2,5636,1066.81,2025-01-03 14:23:29
6337,5,2,5637,1633.17,2025-08-16 07:54:02
6338,2,2,5638,995.84,2025-01-08 02:29:32
6339,4,2,5639,695.12,2025-07-22 15:57:46
6340,8,2,5640,3111.53,2025-08-22 06:33:44
6341,1,2,5641,1326.33,2025-08-23 04:23:57
6342,10,2,5642,1061.20,2025-01-26 02:58:33
6343,4,2,5643,1014.08,2025-09-15 01:40:02
6344,1,2,5644,2032.70,2025-01-17 19:56:10
6345,5,2,5645,2166.00,2025-12-06 14:49:40
6346,3,2,5646,5697.72,2025-05-09 11:15:45
6347,2,2,5647,553.04,2025-04-23 01:51:08
6348,3,2,5648,2309.44,2025-05-02 09:33:03
6349,8,2,5649,1123.95,2025-05-26 20:21:51
6350,1,2,5650,1560.33,2025-11-20 03:31:36
6351,6,2,5651,3431.06,2025-04-16 16:08:37
6352,9,2,5652,18525.92,2025-05-01 21:07:24
6353,1,2,5653,638.70,2025-11-03 06:58:53
6354,3,2,5654,2749.54,2025-10-31 13:59:37
6355,10,2,5655,672.25,2025-05-16 10:23:36
6356,8,2,5656,1290.14,2025-06-05 09:39:47
6357,1,2,5657,1268.92,2025-06-11 13:43:52
6358,5,2,5658,503.62,2025-10-12 09:43:27
6359,1,2,5659,875.30,2025-05-29 07:42:07
6360,4,2,5660,2493.29,2025-11-10 16:17:35
6361,2,2,5661,1830.05,2025-07-08 21:46:11
6362,3,2,5662,22397.12,2025-10-19 18:24:11
6363,6,2,5663,4786.77,2025-06-02 11:33:31
6364,6,2,5664,4538.46,2025-07-26 23:55:06
6365,4,2,5665,3815.24,2025-11-13 10:07:27
6366,3,2,5666,2389.68,2025-03-02 07:58:19
6367,6,2,5667,786.16,2025-08-11 11:56:25
6368,2,2,5668,574.28,2025-07-22 12:56:46
6369,7,2,5669,956.18,2025-11-04 11:34:16
6370,7,2,5670,1039.85,2025-06-17 01:16:45
6371,2,2,5671,3229.12,2025-04-05 10:01:53
6372,8,2,5672,877.65,2025-01-22 14:24:41
6373,5,2,5673,1825.99,2025-05-13 13:04:02
6374,1,2,5674,791.24,2025-10-29 20:20:04
6375,5,2,5675,4030.81,2025-02-06 10:23:46
6376,6,2,5676,846.38,2025-07-20 18:16:05
6377,9,2,5677,706.14,2025-09-18 15:14:29
6378,10,2,5678,6530.17,2025-04-09 04:06:16
6379,7,2,5679,478.18,2025-01-06 07:40:51
6380,3,2,5680,2885.61,2025-07-23 03:23:41
6381,2,2,5681,1359.74,2025-06-05 19:05:04
6382,2,2,5682,2256.26,2025-10-22 17:09:14
6383,1,2,5683,1556.60,2025-04-06 18:19:13
6384,9,3,5684,2328.72,2025-09-19 20:39:33
6385,7,2,5684,2328.72,2025-09-19 20:43:33
6386,1,3,5685,448.41,2025-02-17 12:53:30
6387,1,2,5685,448.41,2025-02-17 12:57:30
6388,6,2,5686,1144.73,2025-12-18 07:30:47
6389,9,2,5687,1091.56,2025-11-27 20:45:46
6390,2,2,5688,5934.21,2025-04-27 17:36:01
6391,8,2,5689,1217.44,2025-05-09 04:30:40
6392,6,2,5690,738.96,2025-01-03 18:23:52
6393,1,2,5691,1459.41,2025-06-12 15:06:01
6394,3,2,5692,2520.00,2025-03-04 12:23:58
6395,1,2,5693,898.76,2025-06-13 20:29:46
6396,4,2,5694,908.92,2025-06-25 00:19:41
6397,6,2,5695,2321.96,2025-09-15 11:58:28
6398,2,2,5696,1756.69,2025-03-09 02:19:05
6399,7,2,5697,2319.31,2025-02-04 22:33:24
6400,1,2,5698,793.12,2025-02-19 15:45:18
6401,6,2,5699,3117.86,2025-06-26 15:22:54
6402,10,2,5700,1946.19,2025-10-24 21:28:43
6403,1,2,5701,17182.64,2025-10-25 16:08:02
6404,7,3,5702,282.98,2025-09-12 14:56:03
6405,9,2,5702,282.98,2025-09-12 15:00:03
6406,6,2,5703,2431.18,2025-10-06 18:14:24
6407,4,2,5704,475.17,2025-08-27 11:04:26
6408,1,2,5705,804.24,2025-08-19 05:26:03
6409,9,2,5706,1372.22,2025-07-14 21:21:37
6410,9,2,5707,1549.67,2025-03-30 05:42:35
6411,3,2,5708,5392.78,2025-04-08 23:45:57
6412,4,2,5709,1061.00,2025-12-05 16:41:38
6413,8,2,5710,770.14,2025-04-01 14:28:31
6414,10,2,5711,1212.01,2025-05-31 16:35:47
6415,3,3,5712,3393.03,2025-03-21 07:22:26
6416,7,2,5712,3393.03,2025-03-21 07:26:26
6417,4,2,5713,2195.66,2025-11-01 20:22:31
6418,8,2,5714,1012.77,2025-02-16 09:23:18
6419,9,2,5715,543.04,2025-07-31 16:18:38
6420,9,2,5716,505.69,2025-02-05 05:35:07
6421,9,2,5717,1535.86,2025-01-20 08:28:48
6422,5,2,5718,814.54,2025-08-09 07:16:52
6423,6,2,5719,675.20,2025-10-02 12:06:13
6424,1,2,5720,713.81,2025-06-18 17:23:34
6425,9,3,5721,1648.38,2025-01-14 12:17:43
6426,6,2,5721,1648.38,2025-01-14 12:21:43
6427,9,2,5722,14171.91,2025-06-24 08:40:39
6428,10,2,5723,1529.56,2025-02-06 06:48:22
6429,9,2,5724,449.10,2025-05-09 11:34:26
6430,2,2,5725,789.08,2025-09-26 09:33:55
6431,1,2,5726,668.67,2025-02-03 03:10:17
6432,7,2,5727,2053.38,2025-01-08 08:55:29
6433,3,2,5728,1682.42,2025-04-11 15:19:14
6434,9,2,5729,1402.35,2025-10-05 23:35:27
6435,6,2,5730,1058.98,2025-09-06 00:18:43
6436,4,2,5731,548.02,2025-01-10 15:32:14
6437,7,2,5732,2534.76,2025-03-22 07:05:55
6438,9,2,5733,1084.41,2025-02-18 20:14:49
6439,10,2,5734,4090.10,2025-09-26 06:43:13
6440,6,3,5735,30000.94,2025-01-08 18:21:53
6441,2,2,5735,30000.94,2025-01-08 18:25:53
6442,4,2,5736,1404.11,2025-12-16 20:08:16
6443,2,2,5737,19883.92,2025-08-24 05:41:53
6444,6,2,5738,6514.41,2025-07-08 00:30:55
6445,2,3,5739,1494.66,2025-04-26 08:35:59
6446,9,2,5739,1494.66,2025-04-26 08:39:59
6447,7,2,5740,2113.24,2025-12-15 08:43:30
6448,7,2,5741,1276.95,2025-08-10 15:56:27
6449,10,2,5742,8006.29,2025-08-20 04:32:44
6450,8,2,5743,3055.76,2025-10-20 10:19:03
6451,4,2,5744,11264.26,2025-08-21 09:24:18
6452,4,2,5745,2114.19,2025-12-29 13:54:55
6453,5,2,5746,2036.86,2025-12-28 00:14:11
6454,7,2,5747,10853.48,2025-03-27 11:39:24
6455,7,2,5748,643.01,2025-11-04 21:59:51
6456,9,2,5749,1585.43,2025-04-13 17:39:30
6457,7,2,5750,3023.92,2025-05-21 02:16:29
6458,9,3,5751,812.09,2025-06-08 03:08:04
6459,8,2,5751,812.09,2025-06-08 03:12:04
6460,4,2,5752,1357.20,2025-05-23 23:40:14
6461,8,2,5753,2585.27,2025-09-11 03:40:06
6462,7,2,5754,613.09,2025-03-10 15:06:43
6463,6,3,5755,1838.94,2025-12-13 20:30:18
6464,8,2,5755,1838.94,2025-12-13 20:34:18
6465,4,2,5756,4757.42,2025-01-24 15:13:18
6466,5,3,5757,15701.11,2025-01-09 13:14:29
6467,5,2,5757,15701.11,2025-01-09 13:18:29
6468,5,2,5758,1888.65,2025-06-20 14:40:28
6469,5,2,5759,461.91,2025-07-14 06:28:34
6470,2,2,5760,1931.91,2025-12-22 13:38:13
6471,4,2,5761,799.76,2025-12-31 02:22:44
6472,9,2,5762,2468.16,2025-02-05 22:06:56
6473,3,2,5763,7236.74,2025-01-25 03:01:44
6474,9,3,5764,1309.52,2025-10-21 19:45:48
6475,5,2,5764,1309.52,2025-10-21 19:49:48
6476,2,2,5765,4164.53,2025-08-27 20:12:22
6477,10,2,5766,4587.94,2025-11-07 16:42:51
6478,9,2,5767,3428.72,2025-02-15 02:49:33
6479,7,2,5768,2572.39,2025-05-31 23:28:28
6480,7,2,5769,1920.98,2025-11-21 00:19:00
6481,1,2,5770,242.40,2025-04-13 07:29:49
6482,9,2,5771,2941.18,2025-12-15 15:33:20
6483,7,2,5772,2033.15,2025-11-22 19:57:56
6484,10,3,5773,2115.07,2025-05-14 01:53:57
6485,2,2,5773,2115.07,2025-05-14 01:57:57
6486,9,3,5774,1729.79,2025-07-24 04:02:50
6487,3,2,5774,1729.79,2025-07-24 04:06:50
6488,1,3,5775,18622.68,2025-05-14 18:34:43
6489,3,2,5775,18622.68,2025-05-14 18:38:43
6490,2,2,5776,672.41,2025-01-17 04:09:00
6491,6,2,5777,499.52,2025-10-25 16:30:56
6492,5,2,5778,786.36,2025-09-22 03:49:41
6493,4,3,5779,797.51,2025-06-07 11:42:33
6494,9,2,5779,797.51,2025-06-07 11:46:33
6495,9,2,5780,618.26,2025-03-09 19:06:47
6496,1,2,5781,740.34,2025-06-28 09:20:31
6497,9,3,5782,282.72,2025-01-30 01:08:52
6498,4,2,5782,282.72,2025-01-30 01:12:52
6499,10,2,5783,1285.81,2025-01-15 07:16:23
6500,7,2,5784,1092.04,2025-04-14 05:10:40
6501,1,2,5785,2643.38,2025-04-28 03:42:08
6502,6,2,5786,868.02,2025-06-10 19:04:02
6503,8,2,5787,4936.64,2025-09-21 00:33:27
6504,6,2,5788,645.19,2025-07-19 13:57:19
6505,2,2,5789,300.34,2025-12-29 08:15:11
6506,7,2,5790,2794.90,2025-05-17 06:47:45
6507,1,2,5791,3189.61,2025-04-29 08:38:20
6508,8,2,5792,700.07,2025-05-17 09:02:26
6509,9,2,5793,668.90,2025-01-29 15:00:10
6510,2,2,5794,4657.92,2025-11-16 11:31:33
6511,3,2,5795,1102.44,2025-05-20 12:07:11
6512,9,2,5796,2927.46,2025-12-22 17:41:46
6513,4,2,5797,8141.83,2025-09-12 23:13:41
6514,6,2,5798,2495.07,2025-01-23 21:53:28
6515,4,2,5799,1363.39,2025-02-06 06:54:09
6516,5,2,5800,1662.56,2025-05-27 21:36:34
6517,8,2,5801,1153.31,2025-11-16 02:36:15
6518,5,2,5802,1047.65,2025-12-19 01:15:38
6519,10,2,5803,15337.70,2025-07-13 04:19:48
6520,2,2,5804,6854.81,2025-07-21 15:10:33
6521,9,2,5805,654.40,2025-07-21 20:20:02
6522,1,2,5806,4277.77,2025-10-09 09:34:27
6523,1,2,5807,1756.78,2025-08-14 15:22:35
6524,7,2,5808,816.85,2025-05-31 11:59:08
6525,4,2,5809,438.94,2025-05-03 14:38:15
6526,3,2,5810,719.41,2025-02-27 17:08:48
6527,3,2,5811,2688.77,2025-12-12 14:02:24
6528,7,2,5812,1355.06,2025-12-15 02:13:14
6529,7,3,5813,8101.74,2025-06-11 17:27:06
6530,1,2,5813,8101.74,2025-06-11 17:31:06
6531,1,2,5814,26591.52,2025-02-16 06:48:24
6532,3,2,5815,548.55,2025-06-08 10:37:55
6533,2,2,5816,1623.35,2025-03-25 07:15:03
6534,5,2,5817,716.39,2025-11-11 07:59:04
6535,1,2,5818,2934.68,2025-08-14 18:49:30
6536,5,2,5819,1695.20,2025-03-29 04:52:24
6537,4,2,5820,11426.63,2025-02-15 21:42:39
6538,10,2,5821,648.30,2025-08-15 08:20:55
6539,4,2,5822,728.77,2025-04-01 17:41:43
6540,7,2,5823,1108.77,2025-03-15 21:17:26
6541,6,2,5824,1084.10,2025-03-29 06:58:01
6542,2,3,5825,2203.37,2025-06-29 15:42:57
6543,6,2,5825,2203.37,2025-06-29 15:46:57
6544,1,2,5826,1569.80,2025-04-04 08:02:32
6545,8,3,5827,6484.94,2025-09-15 06:10:55
6546,9,2,5827,6484.94,2025-09-15 06:14:55
6547,4,2,5828,2979.35,2025-10-09 13:25:02
6548,8,2,5829,407.17,2025-06-04 17:16:10
6549,1,3,5830,862.28,2025-11-25 15:23:24
6550,5,2,5830,862.28,2025-11-25 15:27:24
6551,6,2,5831,1011.51,2025-04-04 09:13:31
6552,7,2,5832,633.43,2025-10-14 10:07:40
6553,9,2,5833,1436.27,2025-02-26 09:12:00
6554,10,2,5834,493.64,2025-04-18 01:01:28
6555,10,2,5835,552.95,2025-08-30 02:55:03
6556,2,2,5836,2433.54,2025-05-06 05:14:29
6557,7,2,5837,1312.58,2025-02-01 20:40:11
6558,3,3,5838,882.51,2025-12-13 00:34:45
6559,6,2,5838,882.51,2025-12-13 00:38:45
6560,10,2,5839,992.79,2025-12-10 09:25:57
6561,7,2,5840,2046.09,2025-02-14 12:22:32
6562,9,2,5841,1244.44,2025-09-13 10:18:40
6563,6,2,5842,2717.93,2025-01-01 12:44:00
6564,7,2,5843,9071.23,2025-10-04 12:52:31
6565,10,2,5844,825.67,2025-06-09 03:25:19
6566,2,2,5845,1045.22,2025-01-24 23:27:37
6567,1,2,5846,22271.69,2025-10-27 21:54:18
6568,2,2,5847,551.13,2025-03-24 11:47:43
6569,1,2,5848,4958.13,2025-08-29 20:53:50
6570,3,2,5849,2210.30,2025-10-30 19:45:44
6571,2,2,5850,587.94,2025-01-23 18:10:36
6572,10,3,5851,481.62,2025-10-01 03:19:49
6573,7,2,5851,481.62,2025-10-01 03:23:49
6574,10,2,5852,595.70,2025-10-20 23:31:42
6575,1,3,5853,2801.87,2025-01-21 19:16:32
6576,2,2,5853,2801.87,2025-01-21 19:20:32
6577,4,3,5854,4917.26,2025-11-29 04:17:18
6578,2,2,5854,4917.26,2025-11-29 04:21:18
6579,2,2,5855,866.37,2025-11-15 16:35:37
6580,6,2,5856,1936.56,2025-06-23 13:39:52
6581,7,2,5857,609.50,2025-10-31 07:47:38
6582,8,2,5858,19419.49,2025-12-24 04:58:08
6583,5,2,5859,652.60,2025-10-11 10:56:47
6584,4,2,5860,730.56,2025-02-10 21:31:08
6585,2,2,5861,2082.09,2025-09-19 12:11:08
6586,6,2,5862,792.86,2025-12-01 01:12:12
6587,4,2,5863,39746.21,2025-06-20 15:27:35
6588,7,2,5864,481.85,2025-10-14 16:57:14
6589,4,2,5865,2985.79,2025-06-12 10:14:28
6590,7,2,5866,22374.04,2025-03-22 13:57:04
6591,6,2,5867,3522.10,2025-01-14 17:23:05
6592,6,2,5868,1872.62,2025-02-07 18:37:58
6593,6,2,5869,1782.03,2025-05-05 18:38:10
6594,9,2,5870,1146.05,2025-05-08 02:27:55
6595,9,2,5871,5652.76,2025-05-26 07:36:08
6596,8,2,5872,905.98,2025-09-06 08:08:19
6597,7,2,5873,3048.81,2025-09-28 08:39:26
6598,7,2,5874,1834.59,2025-03-05 15:18:50
6599,7,2,5875,906.45,2025-09-10 05:12:14
6600,5,2,5876,1737.59,2025-05-28 14:44:05
6601,5,3,5877,949.21,2025-10-08 17:37:20
6602,5,2,5877,949.21,2025-10-08 17:41:20
6603,4,2,5878,4095.67,2025-11-19 15:24:37
6604,2,2,5879,38425.28,2025-12-10 01:39:56
6605,6,2,5880,454.53,2025-12-21 14:57:51
6606,4,2,5881,1984.19,2025-05-20 13:29:17
6607,10,2,5882,1244.24,2025-11-01 23:56:19
6608,4,2,5883,9634.95,2025-12-01 16:02:08
6609,6,2,5884,997.19,2025-09-28 13:49:27
6610,5,2,5885,1858.80,2025-08-28 02:52:56
6611,10,2,5886,18611.96,2025-08-19 19:17:53
6612,3,2,5887,6833.21,2025-07-19 05:42:16
6613,2,2,5888,1974.21,2025-06-24 19:50:20
6614,3,2,5889,1758.02,2025-07-11 19:00:27
6615,1,2,5890,652.87,2025-04-27 13:20:47
6616,3,2,5891,3677.90,2025-04-19 06:25:14
6617,10,2,5892,3363.08,2025-12-20 12:38:47
6618,4,2,5893,2702.32,2025-02-18 04:30:56
6619,5,2,5894,946.25,2025-09-10 02:01:49
6620,5,2,5895,1102.78,2025-12-28 10:38:01
6621,6,2,5896,985.43,2025-12-05 07:48:50
6622,8,2,5897,17438.94,2025-07-18 05:13:32
6623,4,3,5898,1431.34,2025-11-06 15:26:50
6624,8,2,5898,1431.34,2025-11-06 15:30:50
6625,6,2,5899,1501.02,2025-04-13 07:06:33
6626,6,2,5900,1467.79,2025-04-14 17:10:18
6627,5,2,5901,1086.49,2025-02-11 02:30:58
6628,3,2,5902,2032.17,2025-03-28 15:09:23
6629,4,2,5903,1740.62,2025-04-24 19:15:18
6630,8,2,5904,1504.64,2025-12-31 02:35:49
6631,7,2,5905,1043.96,2025-11-10 03:13:55
6632,7,2,5906,3684.90,2025-11-20 07:47:32
6633,5,2,5907,4794.25,2025-08-25 19:26:31
6634,4,3,5908,4047.67,2025-05-09 21:31:32
6635,9,2,5908,4047.67,2025-05-09 21:35:32
6636,10,2,5909,571.88,2025-02-12 11:15:48
6637,9,2,5910,1819.60,2025-09-11 00:44:09
6638,3,2,5911,13336.37,2025-01-11 17:18:29
6639,2,2,5912,115.69,2025-10-19 17:37:14
6640,7,2,5913,657.66,2025-05-15 10:02:51
6641,6,3,5914,890.08,2025-10-16 10:06:57
6642,3,2,5914,890.08,2025-10-16 10:10:57
6643,6,2,5915,1781.18,2025-09-04 15:05:01
6644,4,2,5916,2351.59,2025-05-21 21:48:53
6645,9,2,5917,2479.31,2025-12-30 01:31:03
6646,3,2,5918,834.01,2025-11-12 21:34:25
6647,9,2,5919,683.84,2025-10-07 22:49:16
6648,9,2,5920,2824.78,2025-05-09 14:34:12
6649,10,2,5921,863.97,2025-01-16 13:26:03
6650,8,2,5922,2348.36,2025-03-06 07:39:53
6651,9,3,5923,16044.67,2025-01-06 19:53:13
6652,6,2,5923,16044.67,2025-01-06 19:57:13
6653,10,2,5924,1391.26,2025-07-10 13:30:36
6654,8,2,5925,6024.28,2025-12-13 18:36:25
6655,2,2,5926,3327.58,2025-07-07 06:37:16
6656,1,3,5927,2433.93,2025-05-08 06:38:56
6657,3,2,5927,2433.93,2025-05-08 06:42:56
6658,1,2,5928,1116.95,2025-05-17 11:23:13
6659,5,3,5929,635.81,2025-03-02 16:49:10
6660,9,2,5929,635.81,2025-03-02 16:53:10
6661,5,2,5930,1402.49,2025-06-13 09:22:10
6662,9,2,5931,2151.38,2025-06-23 05:43:52
6663,5,2,5932,2218.76,2025-12-02 05:36:19
6664,6,2,5933,17291.50,2025-06-19 04:04:20
6665,5,2,5934,917.76,2025-11-07 22:52:29
6666,4,2,5935,9408.65,2025-06-18 16:05:04
6667,6,2,5936,536.50,2025-04-19 12:42:35
6668,8,2,5937,11736.94,2025-09-30 10:11:32
6669,3,2,5938,1595.36,2025-12-25 18:27:28
6670,2,2,5939,5104.94,2025-05-02 11:21:06
6671,2,2,5940,3284.04,2025-03-27 10:11:57
6672,4,2,5941,685.52,2025-12-08 21:36:02
6673,10,2,5942,5114.69,2025-05-08 18:44:55
6674,10,2,5943,3216.21,2025-08-02 07:49:37
6675,8,2,5944,2709.92,2025-08-27 12:20:42
6676,6,2,5945,870.76,2025-08-13 00:49:11
6677,2,2,5946,460.58,2025-05-31 07:53:49
6678,3,2,5947,2889.55,2025-01-04 20:20:36
6679,9,2,5948,2574.62,2025-07-23 19:38:21
6680,4,2,5949,1743.04,2025-10-27 06:04:25
6681,2,2,5950,1007.92,2025-10-20 09:12:37
6682,7,2,5951,1329.92,2025-11-09 12:52:56
6683,3,2,5952,1562.85,2025-09-25 22:03:56
6684,8,2,5953,1209.16,2025-12-30 07:13:16
6685,3,3,5954,292.46,2025-04-09 16:12:15
6686,10,2,5954,292.46,2025-04-09 16:16:15
6687,4,2,5955,39589.39,2025-07-03 15:03:29
6688,5,2,5956,392.75,2025-01-12 16:37:59
6689,7,2,5957,1316.01,2025-06-17 04:19:56
6690,6,2,5958,1345.69,2025-05-24 10:16:11
6691,1,2,5959,1753.45,2025-11-02 07:12:04
6692,5,2,5960,1102.77,2025-05-09 23:45:08
6693,3,2,5961,595.87,2025-03-05 01:26:56
6694,5,2,5962,1012.42,2025-07-15 12:53:06
6695,9,3,5963,1742.64,2025-02-09 04:36:16
6696,2,2,5963,1742.64,2025-02-09 04:40:16
6697,7,2,5964,432.80,2025-12-20 11:41:46
6698,9,2,5965,2447.32,2025-06-10 00:48:31
6699,10,2,5966,924.70,2025-09-16 11:24:08
6700,8,2,5967,1075.32,2025-05-03 22:13:16
6701,9,3,5968,8827.65,2025-03-28 07:28:01
6702,9,2,5968,8827.65,2025-03-28 07:32:01
6703,3,2,5969,625.64,2025-07-16 16:04:02
6704,6,2,5970,1366.70,2025-09-23 12:17:47
6705,3,2,5971,1418.18,2025-03-05 01:53:29
6706,6,2,5972,3041.02,2025-09-11 10:10:17
6707,4,2,5973,1341.90,2025-05-08 16:02:44
6708,10,2,5974,938.63,2025-09-30 01:34:56
6709,1,2,5975,2118.70,2025-06-23 13:26:06
6710,6,2,5976,1702.16,2025-09-16 16:17:01
6711,6,2,5977,17748.90,2025-02-20 18:33:06
6712,1,2,5978,6298.63,2025-06-26 05:07:29
6713,10,2,5979,4579.92,2025-08-22 20:37:57
6714,4,2,5980,1005.12,2025-09-26 03:00:01
6715,6,2,5981,2719.08,2025-01-01 14:03:17
6716,2,2,5982,878.14,2025-09-12 04:41:28
6717,10,2,5983,18010.90,2025-03-15 22:55:27
6718,10,2,5984,4278.88,2025-12-01 09:50:14
6719,7,2,5985,318.19,2025-04-12 15:15:16
6720,9,2,5986,859.20,2025-07-19 14:53:19
6721,7,2,5987,1024.54,2025-03-05 17:33:31
6722,5,2,5988,1005.27,2025-01-11 14:27:39
6723,3,2,5989,586.92,2025-12-30 18:47:54
6724,2,2,5990,717.39,2025-10-11 20:26:27
6725,9,2,5991,2384.43,2025-02-04 21:58:06
6726,7,2,5992,3806.11,2025-08-27 06:28:39
6727,8,2,5993,1003.53,2025-01-28 08:57:04
6728,3,2,5994,2615.56,2025-01-04 15:23:28
6729,2,3,5995,1221.71,2025-01-19 08:10:39
6730,3,2,5995,1221.71,2025-01-19 08:14:39
6731,5,2,5996,1640.88,2025-04-19 19:26:05
6732,9,2,5997,10296.37,2025-10-13 02:03:30
6733,10,2,5998,1092.87,2025-03-13 08:58:44
6734,2,2,5999,1871.45,2025-06-20 06:55:54
6735,7,3,6000,530.36,2025-09-27 16:57:23
6736,7,2,6000,530.36,2025-09-27 17:01:23
6737,1,2,6001,2534.24,2025-12-11 10:28:42
6738,10,3,6002,2260.61,2025-06-15 14:27:42
6739,4,2,6002,2260.61,2025-06-15 14:31:42
6740,3,2,6003,1548.43,2025-01-16 22:34:18
6741,9,2,6004,733.10,2025-03-23 09:52:38
6742,10,2,6005,1187.76,2025-01-09 10:21:51
6743,6,2,6006,1575.16,2025-03-28 09:08:56
6744,2,3,6007,869.71,2025-05-28 19:01:09
6745,5,2,6007,869.71,2025-05-28 19:05:09
6746,10,2,6008,1628.84,2025-01-04 23:44:39
6747,10,2,6009,2263.82,2025-06-04 02:06:15
6748,5,2,6010,2064.46,2025-03-22 06:33:56
6749,9,2,6011,487.11,2025-10-15 07:37:27
6750,1,2,6012,692.59,2025-10-08 07:15:59
6751,6,2,6013,34057.46,2025-08-30 19:24:30
6752,6,2,6014,2029.05,2025-06-19 03:23:01
6753,9,2,6015,1501.88,2025-01-12 01:12:27
6754,8,2,6016,671.73,2025-10-10 12:43:44
6755,6,2,6017,1391.91,2025-01-21 05:24:50
6756,9,3,6018,572.62,2025-12-15 17:32:59
6757,4,2,6018,572.62,2025-12-15 17:36:59
6758,6,2,6019,1185.61,2025-04-27 01:13:40
6759,3,2,6020,1442.16,2025-07-16 09:56:49
6760,2,2,6021,863.28,2025-11-24 21:33:39
6761,3,2,6022,680.62,2025-07-06 10:28:07
6762,7,2,6023,677.13,2025-07-07 08:23:15
6763,1,2,6024,3504.94,2025-12-11 07:36:04
6764,1,2,6025,1550.46,2025-03-27 01:27:45
6765,5,2,6026,680.30,2025-02-13 01:06:50
6766,7,2,6027,1727.74,2025-04-05 01:23:40
6767,1,2,6028,4835.06,2025-05-25 03:08:37
6768,3,2,6029,7616.93,2025-06-03 23:47:21
6769,9,3,6030,19789.57,2025-03-12 01:29:51
6770,3,2,6030,19789.57,2025-03-12 01:33:51
6771,3,2,6031,4528.41,2025-05-26 08:20:23
6772,7,2,6032,1124.45,2025-02-12 20:10:22
6773,5,2,6033,9619.01,2025-07-02 23:54:17
6774,1,2,6034,387.29,2025-05-19 23:40:22
6775,8,2,6035,806.52,2025-10-25 01:21:57
6776,8,2,6036,3343.38,2025-03-22 12:53:52
6777,5,2,6037,9052.50,2025-03-11 04:46:31
6778,1,2,6038,2527.09,2025-11-23 13:14:00
6779,5,2,6039,1359.76,2025-06-10 12:05:00
6780,6,2,6040,1601.62,2025-06-11 06:47:43
6781,1,2,6041,988.09,2025-07-11 20:22:58
6782,9,2,6042,13265.66,2025-05-22 20:25:52
6783,7,2,6043,1493.86,2025-11-16 16:45:28
6784,10,2,6044,7232.94,2025-11-22 12:42:35
6785,4,2,6045,626.50,2025-01-09 21:19:20
6786,4,2,6046,1891.33,2025-07-20 13:06:59
6787,5,3,6047,1193.03,2025-11-14 22:52:02
6788,5,2,6047,1193.03,2025-11-14 22:56:02
6789,3,3,6048,1369.71,2025-05-12 00:20:31
6790,6,2,6048,1369.71,2025-05-12 00:24:31
6791,6,2,6049,2276.64,2025-04-01 12:52:23
6792,1,2,6050,2257.12,2025-05-26 22:38:05
6793,10,2,6051,1996.09,2025-08-12 21:52:59
6794,5,2,6052,844.47,2025-08-03 19:36:47
6795,2,2,6053,1124.59,2025-04-13 15:12:20
6796,10,2,6054,1299.42,2025-02-02 16:31:15
6797,3,2,6055,1357.01,2025-04-09 06:52:10
6798,8,2,6056,470.46,2025-01-08 21:52:11
6799,8,2,6057,328.70,2025-09-28 23:50:16
6800,3,2,6058,551.67,2025-03-15 21:37:12
6801,7,2,6059,950.39,2025-03-23 06:30:15
6802,6,2,6060,927.30,2025-03-12 04:19:38
6803,1,2,6061,652.72,2025-10-12 18:55:23
6804,10,2,6062,835.71,2025-01-04 19:43:36
6805,4,2,6063,1157.02,2025-12-26 23:25:54
6806,5,3,6064,1946.51,2025-01-24 04:25:12
6807,3,2,6064,1946.51,2025-01-24 04:29:12
6808,4,2,6065,717.33,2025-06-07 15:26:38
6809,1,2,6066,872.93,2025-12-25 09:31:09
6810,7,2,6067,2537.93,2025-08-01 14:06:51
6811,4,2,6068,425.38,2025-04-12 05:47:10
6812,7,2,6069,4638.67,2025-07-05 20:46:12
6813,7,2,6070,2494.38,2025-09-01 12:16:57
6814,3,2,6071,3267.93,2025-02-23 21:37:08
6815,8,3,6072,1087.52,2025-11-25 14:22:00
6816,9,2,6072,1087.52,2025-11-25 14:26:00
6817,2,2,6073,950.93,2025-05-07 13:40:08
6818,9,2,6074,2678.00,2025-09-08 18:46:02
6819,10,2,6075,980.78,2025-05-21 19:46:03
6820,3,2,6076,1122.62,2025-06-30 10:07:59
6821,5,2,6077,1669.32,2025-11-15 14:07:44
6822,8,3,6078,962.19,2025-12-28 03:10:48
6823,9,2,6078,962.19,2025-12-28 03:14:48
6824,2,2,6079,1584.73,2025-04-29 03:42:59
6825,7,2,6080,1493.69,2025-12-28 18:48:16
6826,5,3,6081,1151.48,2025-12-16 06:33:03
6827,1,2,6081,1151.48,2025-12-16 06:37:03
6828,10,2,6082,2877.38,2025-01-02 20:25:54
6829,6,2,6083,1018.56,2025-08-04 21:51:04
6830,1,2,6084,858.33,2025-12-20 16:50:06
6831,8,3,6085,1813.96,2025-11-21 16:58:42
6832,1,2,6085,1813.96,2025-11-21 17:02:42
6833,3,2,6086,1034.32,2025-05-18 06:31:37
6834,5,3,6087,1014.04,2025-11-01 04:21:40
6835,8,2,6087,1014.04,2025-11-01 04:25:40
6836,2,2,6088,648.00,2025-10-01 12:58:45
6837,9,2,6089,621.95,2025-10-02 05:32:59
6838,2,2,6090,1412.98,2025-10-21 02:56:08
6839,8,3,6091,2139.00,2025-05-16 15:41:35
6840,7,2,6091,2139.00,2025-05-16 15:45:35
6841,2,2,6092,6081.00,2025-01-12 03:31:05
6842,5,3,6093,15638.56,2025-06-07 04:01:33
6843,7,2,6093,15638.56,2025-06-07 04:05:33
6844,9,2,6094,3563.48,2025-04-27 08:53:00
6845,5,2,6095,785.48,2025-01-05 07:07:15
6846,2,2,6096,5228.85,2025-10-11 16:52:08
6847,5,2,6097,3462.18,2025-03-16 10:25:17
6848,5,2,6098,1885.03,2025-09-28 14:55:23
6849,10,2,6099,2734.96,2025-11-03 11:27:11
6850,1,2,6100,1703.33,2025-08-23 19:06:49
6851,4,2,6101,1784.71,2025-09-24 06:31:50
6852,7,2,6102,560.61,2025-07-29 14:06:24
6853,10,3,6103,639.22,2025-04-13 20:19:23
6854,9,2,6103,639.22,2025-04-13 20:23:23
6855,9,2,6104,1241.67,2025-12-29 15:40:35
6856,3,2,6105,846.32,2025-07-28 06:55:42
6857,2,2,6106,3385.65,2025-12-03 05:39:19
6858,6,3,6107,10998.74,2025-08-25 11:58:24
6859,6,2,6107,10998.74,2025-08-25 12:02:24
6860,2,2,6108,327.43,2025-05-21 10:10:51
6861,8,2,6109,1102.89,2025-05-25 10:39:11
6862,4,3,6110,10477.26,2025-01-20 04:24:27
6863,5,2,6110,10477.26,2025-01-20 04:28:27
6864,7,2,6111,1478.17,2025-05-19 06:09:46
6865,7,2,6112,480.80,2025-08-11 18:00:53
6866,6,2,6113,1118.72,2025-10-27 13:34:48
6867,7,3,6114,6190.56,2025-03-15 05:31:28
6868,3,2,6114,6190.56,2025-03-15 05:35:28
6869,1,2,6115,1073.43,2025-02-16 07:26:36
6870,9,2,6116,906.88,2025-06-14 23:00:13
6871,5,2,6117,320.14,2025-05-19 01:54:02
6872,5,2,6118,1493.58,2025-06-25 04:42:12
6873,8,2,6119,25845.93,2025-06-20 04:00:35
6874,1,2,6120,699.07,2025-06-04 07:29:32
6875,10,2,6121,639.68,2025-08-20 14:25:00
6876,3,2,6122,992.34,2025-06-16 17:34:41
6877,9,2,6123,301.65,2025-10-04 13:51:56
6878,1,3,6124,2782.82,2025-02-11 07:19:34
6879,2,2,6124,2782.82,2025-02-11 07:23:34
6880,7,2,6125,1810.96,2025-08-03 08:24:15
6881,10,2,6126,960.48,2025-10-06 04:29:28
6882,5,2,6127,394.02,2025-06-29 01:37:23
6883,6,2,6128,3341.09,2025-10-31 01:20:11
6884,9,2,6129,1783.18,2025-09-19 20:59:09
6885,9,3,6130,1349.06,2025-03-25 10:46:33
6886,1,2,6130,1349.06,2025-03-25 10:50:33
6887,8,3,6131,5903.34,2025-11-14 03:29:17
6888,1,2,6131,5903.34,2025-11-14 03:33:17
6889,9,2,6132,2321.39,2025-12-17 07:31:51
6890,10,2,6133,243.44,2025-02-25 06:18:52
6891,10,2,6134,819.29,2025-03-08 09:53:04
6892,10,2,6135,29524.55,2025-03-14 19:00:04
6893,6,2,6136,735.78,2025-08-25 11:13:20
6894,3,2,6137,19143.75,2025-06-09 11:51:08
6895,2,2,6138,654.08,2025-03-06 01:29:37
6896,2,2,6139,2298.34,2025-10-10 18:45:56
6897,5,2,6140,1601.11,2025-02-19 01:22:13
6898,10,2,6141,771.92,2025-12-20 07:53:51
6899,5,3,6142,1444.82,2025-10-01 12:01:00
6900,6,2,6142,1444.82,2025-10-01 12:05:00
6901,7,2,6143,551.88,2025-04-05 00:03:07
6902,8,2,6144,2341.63,2025-05-23 13:33:12
6903,1,3,6145,1814.87,2025-04-05 10:11:02
6904,1,2,6145,1814.87,2025-04-05 10:15:02
6905,6,2,6146,775.53,2025-02-26 13:53:24
6906,7,2,6147,13683.54,2025-01-01 23:00:28
6907,2,2,6148,16104.95,2025-09-16 03:57:16
6908,6,2,6149,5237.69,2025-02-10 23:30:35
6909,9,2,6150,1579.49,2025-02-18 14:48:07
6910,1,2,6151,431.34,2025-01-30 01:21:56
6911,3,2,6152,1654.97,2025-03-05 17:23:48
6912,6,2,6153,868.90,2025-07-03 02:27:46
6913,9,2,6154,4081.16,2025-01-03 16:29:55
6914,10,2,6155,7518.36,2025-03-22 06:02:28
6915,1,2,6156,1422.79,2025-11-29 18:19:06
6916,2,2,6157,860.95,2025-08-05 23:38:16
6917,2,2,6158,2441.25,2025-09-08 13:54:25
6918,6,2,6159,1077.24,2025-09-01 21:35:33
6919,9,2,6160,1536.15,2025-08-21 08:21:51
6920,4,2,6161,579.94,2025-01-02 04:32:14
6921,10,3,6162,472.77,2025-12-10 16:54:46
6922,7,2,6162,472.77,2025-12-10 16:58:46
6923,7,2,6163,18431.73,2025-11-18 18:10:24
6924,8,2,6164,539.46,2025-11-01 09:39:28
6925,10,2,6165,2188.14,2025-02-18 09:13:17
6926,10,3,6166,3628.07,2025-02-21 20:41:23
6927,9,2,6166,3628.07,2025-02-21 20:45:23
6928,7,2,6167,22896.56,2025-01-11 06:27:05
6929,9,2,6168,481.82,2025-10-07 06:42:14
6930,8,2,6169,1086.54,2025-03-15 03:33:39
6931,9,3,6170,4142.99,2025-08-08 12:43:42
6932,6,2,6170,4142.99,2025-08-08 12:47:42
6933,7,2,6171,1782.44,2025-04-04 12:30:23
6934,1,3,6172,379.58,2025-03-13 18:52:38
6935,7,2,6172,379.58,2025-03-13 18:56:38
6936,10,2,6173,2434.88,2025-05-13 05:16:13
6937,6,2,6174,6960.32,2025-04-07 18:56:13
6938,9,2,6175,1169.82,2025-01-29 21:28:03
6939,4,2,6176,448.10,2025-02-01 10:20:06
6940,9,2,6177,2450.19,2025-01-02 15:43:11
6941,5,2,6178,2412.58,2025-11-17 02:41:50
6942,10,2,6179,320.32,2025-12-17 00:04:43
6943,5,2,6180,21081.50,2025-06-28 16:41:13
6944,5,3,6181,827.66,2025-11-20 05:12:42
6945,10,2,6181,827.66,2025-11-20 05:16:42
6946,1,2,6182,2973.25,2025-08-18 05:16:40
6947,2,2,6183,562.04,2025-09-16 03:02:11
6948,7,2,6184,1958.86,2025-01-15 06:08:12
6949,3,2,6185,1462.58,2025-02-02 21:45:36
6950,4,2,6186,871.09,2025-09-21 12:02:11
6951,2,2,6187,1625.18,2025-06-15 14:17:49
6952,3,2,6188,2993.79,2025-10-27 01:11:04
6953,8,2,6189,2366.09,2025-11-04 05:46:13
6954,1,2,6190,750.72,2025-11-30 03:59:16
6955,3,2,6191,750.25,2025-02-20 04:11:41
6956,9,2,6192,520.82,2025-06-19 10:35:32
6957,4,2,6193,4132.51,2025-05-05 12:05:32
6958,9,2,6194,5273.38,2025-04-19 17:01:23
6959,4,2,6195,808.67,2025-02-21 06:24:15
6960,8,2,6196,1191.40,2025-04-02 02:51:56
6961,10,2,6197,5830.42,2025-08-01 07:24:23
6962,4,2,6198,1439.44,2025-05-23 21:42:47
6963,10,2,6199,1607.75,2025-02-20 02:13:27
6964,4,2,6200,2808.31,2025-10-30 18:06:12
6965,7,2,6201,5401.88,2025-12-04 00:21:46
6966,5,2,6202,1787.96,2025-03-14 10:39:53
6967,4,2,6203,2331.96,2025-06-22 14:16:57
6968,9,2,6204,497.95,2025-10-31 13:28:16
6969,5,2,6205,883.48,2025-10-17 18:45:07
6970,7,2,6206,1758.86,2025-08-26 16:44:51
6971,9,2,6207,5988.32,2025-02-17 09:41:25
6972,4,2,6208,15336.87,2025-08-30 15:19:34
6973,9,2,6209,3692.45,2025-04-22 13:03:38
6974,10,2,6210,5769.84,2025-04-03 18:35:22
6975,8,3,6211,1354.71,2025-10-30 17:49:48
6976,5,2,6211,1354.71,2025-10-30 17:53:48
6977,1,2,6212,2597.72,2025-11-27 05:27:09
6978,5,2,6213,1522.63,2025-07-16 02:15:07
6979,8,3,6214,11314.92,2025-05-09 18:59:26
6980,3,2,6214,11314.92,2025-05-09 19:03:26
6981,4,2,6215,460.87,2025-01-25 07:30:05
6982,2,2,6216,1500.81,2025-07-31 04:06:05
6983,1,2,6217,577.44,2025-08-02 19:01:46
6984,1,2,6218,1027.07,2025-06-13 17:00:47
6985,9,2,6219,474.36,2025-08-08 01:02:47
6986,2,2,6220,1624.99,2025-03-14 17:38:03
6987,6,2,6221,4430.53,2025-03-14 10:51:38
6988,5,2,6222,6155.90,2025-06-20 03:57:57
6989,8,3,6223,1194.78,2025-12-04 14:37:11
6990,5,2,6223,1194.78,2025-12-04 14:41:11
6991,4,2,6224,39149.18,2025-02-28 00:13:24
6992,7,2,6225,616.27,2025-08-29 18:22:30
6993,4,3,6226,3574.64,2025-06-30 06:38:31
6994,1,2,6226,3574.64,2025-06-30 06:42:31
6995,9,3,6227,970.50,2025-03-02 16:42:40
6996,9,2,6227,970.50,2025-03-02 16:46:40
6997,8,3,6228,2875.75,2025-09-10 07:30:37
6998,3,2,6228,2875.75,2025-09-10 07:34:37
6999,2,2,6229,400.50,2025-09-16 04:16:15
7000,6,2,6230,1728.01,2025-01-20 10:08:42
7001,9,2,6231,1597.65,2025-11-03 11:29:22
7002,6,2,6232,1659.74,2025-05-10 12:51:39
7003,8,2,6233,1550.16,2025-04-12 09:44:24
7004,6,2,6234,799.71,2025-06-03 19:31:49
7005,5,2,6235,3402.84,2025-07-31 12:13:09
7006,6,3,6236,5156.41,2025-08-25 18:13:16
7007,1,2,6236,5156.41,2025-08-25 18:17:16
7008,6,3,6237,1361.27,2025-09-01 00:19:59
7009,5,2,6237,1361.27,2025-09-01 00:23:59
7010,10,2,6238,513.21,2025-06-05 10:16:59
7011,3,2,6239,6556.11,2025-08-24 19:13:13
7012,2,2,6240,895.26,2025-11-18 20:44:42
7013,5,2,6241,636.07,2025-08-02 21:12:05
7014,3,2,6242,944.58,2025-07-13 01:02:18
7015,9,3,6243,3472.27,2025-01-09 21:22:05
7016,7,2,6243,3472.27,2025-01-09 21:26:05
7017,1,2,6244,1328.42,2025-02-20 18:08:40
7018,9,2,6245,3110.89,2025-01-27 15:06:34
7019,8,2,6246,15515.09,2025-10-29 06:01:36
7020,9,2,6247,306.35,2025-02-26 11:40:03
7021,8,2,6248,27905.25,2025-08-02 08:03:27
7022,9,2,6249,2405.43,2025-04-11 06:47:00
7023,9,2,6250,317.80,2025-10-25 04:23:54
7024,9,3,6251,475.62,2025-02-14 21:09:04
7025,5,2,6251,475.62,2025-02-14 21:13:04
7026,7,3,6252,10996.39,2025-08-24 00:27:16
7027,1,2,6252,10996.39,2025-08-24 00:31:16
7028,5,2,6253,1419.42,2025-03-05 10:37:29
7029,10,2,6254,1104.56,2025-03-06 20:48:31
7030,6,2,6255,13291.81,2025-03-13 07:46:41
7031,8,2,6256,15837.18,2025-02-11 19:46:27
7032,9,3,6257,14969.53,2025-07-29 00:28:00
7033,1,2,6257,14969.53,2025-07-29 00:32:00
7034,5,2,6258,1601.20,2025-02-12 23:26:14
7035,8,2,6259,1822.27,2025-10-03 14:14:07
7036,3,2,6260,1460.96,2025-01-21 14:51:15
7037,4,2,6261,883.59,2025-12-24 08:13:26
7038,9,2,6262,2173.05,2025-08-13 15:16:02
7039,4,2,6263,948.55,2025-05-07 17:17:06
7040,10,3,6264,1601.74,2025-04-06 00:59:56
7041,9,2,6264,1601.74,2025-04-06 01:03:56
7042,7,2,6265,4434.52,2025-07-27 16:42:17
7043,3,2,6266,5279.64,2025-10-19 17:05:42
7044,7,2,6267,1018.24,2025-04-03 10:05:59
7045,8,2,6268,938.69,2025-06-26 09:21:05
7046,10,2,6269,4385.74,2025-07-06 18:38:06
7047,10,2,6270,1684.92,2025-10-17 10:17:58
7048,5,2,6271,461.44,2025-06-20 13:56:13
7049,10,2,6272,2004.75,2025-12-31 05:22:34
7050,10,2,6273,1600.52,2025-08-02 17:35:25
7051,6,2,6274,1129.91,2025-11-30 17:15:08
7052,1,2,6275,1882.95,2025-09-23 07:43:28
7053,9,2,6276,1813.09,2025-02-01 10:41:29
7054,4,2,6277,1232.12,2025-06-18 21:37:21
7055,5,2,6278,1219.39,2025-06-27 18:51:33
7056,3,2,6279,3403.28,2025-03-08 03:03:29
7057,3,2,6280,928.32,2025-04-08 03:21:01
7058,2,2,6281,1814.57,2025-08-31 20:08:27
7059,5,2,6282,843.02,2025-11-04 20:29:57
7060,4,2,6283,7992.86,2025-08-25 13:31:04
7061,3,2,6284,803.09,2025-12-19 12:11:19
7062,10,2,6285,2933.59,2025-09-29 03:29:23
7063,9,2,6286,2684.67,2025-06-06 11:42:36
7064,2,2,6287,2983.34,2025-02-05 22:58:04
7065,4,2,6288,616.02,2025-01-27 14:11:48
7066,8,2,6289,1998.77,2025-04-28 12:59:42
7067,4,2,6290,1116.61,2025-03-27 11:11:59
7068,10,2,6291,3131.56,2025-06-06 11:16:29
7069,7,2,6292,15056.87,2025-10-05 14:33:34
7070,3,2,6293,916.19,2025-12-16 12:44:54
7071,9,2,6294,1587.53,2025-09-15 22:08:03
7072,7,2,6295,1167.47,2025-02-23 23:28:39
7073,3,2,6296,986.44,2025-11-09 12:37:53
7074,9,2,6297,2288.54,2025-07-13 13:38:53
7075,10,3,6298,4940.39,2025-03-25 22:37:17
7076,4,2,6298,4940.39,2025-03-25 22:41:17
7077,1,2,6299,2628.84,2025-06-14 20:11:56
7078,4,2,6300,11889.82,2025-01-16 01:06:40
7079,9,3,6301,578.33,2025-05-17 20:56:58
7080,1,2,6301,578.33,2025-05-17 21:00:58
7081,9,2,6302,826.79,2025-03-29 05:29:11
7082,6,3,6303,1362.31,2025-01-27 00:34:49
7083,10,2,6303,1362.31,2025-01-27 00:38:49
7084,8,2,6304,3359.62,2025-09-11 19:58:23
7085,10,2,6305,888.22,2025-01-14 23:17:14
7086,5,2,6306,1005.07,2025-01-11 01:07:45
7087,8,2,6307,1552.58,2025-12-13 21:18:16
7088,9,2,6308,1241.66,2025-04-24 18:04:31
7089,7,2,6309,2587.34,2025-03-17 09:18:02
7090,6,3,6310,1487.70,2025-02-22 19:19:39
7091,5,2,6310,1487.70,2025-02-22 19:23:39
7092,9,2,6311,860.22,2025-01-24 11:00:33
7093,9,2,6312,957.13,2025-10-07 10:17:12
7094,7,2,6313,887.95,2025-12-10 21:20:06
7095,8,2,6314,478.74,2025-04-14 00:19:45
7096,4,2,6315,594.42,2025-11-29 10:20:10
7097,6,2,6316,2868.98,2025-10-11 17:56:30
7098,4,2,6317,1835.59,2025-04-05 11:36:31
7099,6,2,6318,1456.74,2025-02-05 16:57:02
7100,5,2,6319,1903.30,2025-04-05 00:55:58
7101,2,2,6320,853.78,2025-08-18 00:23:26
7102,1,2,6321,3801.93,2025-12-02 10:33:17
7103,10,2,6322,649.96,2025-05-10 07:26:56
7104,6,2,6323,2034.99,2025-08-05 19:53:36
7105,2,2,6324,1781.22,2025-12-10 04:45:45
7106,9,2,6325,3111.48,2025-11-08 17:16:08
7107,1,2,6326,2457.60,2025-12-15 13:20:00
7108,10,2,6327,2655.69,2025-08-12 05:28:12
7109,9,2,6328,642.35,2025-05-28 22:19:19
7110,6,2,6329,945.26,2025-04-18 00:24:18
7111,4,3,6330,750.37,2025-11-08 16:59:47
7112,7,2,6330,750.37,2025-11-08 17:03:47
7113,9,2,6331,532.01,2025-11-23 15:12:50
7114,7,2,6332,1447.60,2025-02-24 21:23:18
7115,5,3,6333,2417.46,2025-10-24 06:48:26
7116,6,2,6333,2417.46,2025-10-24 06:52:26
7117,3,2,6334,936.28,2025-12-09 02:36:27
7118,7,2,6335,429.10,2025-11-29 12:20:18
7119,10,2,6336,452.83,2025-12-01 19:05:22
7120,9,2,6337,5411.97,2025-02-24 17:17:15
7121,2,2,6338,457.40,2025-07-27 22:58:12
7122,4,3,6339,3885.49,2025-08-08 02:08:20
7123,8,2,6339,3885.49,2025-08-08 02:12:20
7124,10,2,6340,2086.82,2025-04-27 10:29:37
7125,6,2,6341,1655.21,2025-04-13 19:53:48
7126,5,2,6342,1077.93,2025-05-24 23:46:33
7127,3,2,6343,1880.34,2025-12-19 13:01:51
7128,7,2,6344,569.21,2025-09-30 08:16:40
7129,6,3,6345,515.90,2025-06-25 06:16:35
7130,10,2,6345,515.90,2025-06-25 06:20:35
7131,4,3,6346,975.28,2025-04-23 02:30:20
7132,7,2,6346,975.28,2025-04-23 02:34:20
7133,10,2,6347,735.96,2025-03-31 08:09:20
7134,9,2,6348,16054.62,2025-11-16 08:23:55
7135,6,3,6349,2791.20,2025-07-31 20:49:13
7136,4,2,6349,2791.20,2025-07-31 20:53:13
7137,2,2,6350,21847.17,2025-05-31 08:57:41
7138,8,2,6351,1126.15,2025-08-19 04:36:32
7139,8,2,6352,20755.28,2025-11-06 23:13:25
7140,5,2,6353,1245.68,2025-07-13 08:12:49
7141,8,2,6354,538.68,2025-09-17 09:59:56
7142,7,2,6355,1330.43,2025-09-12 09:21:16
7143,3,2,6356,900.56,2025-12-26 03:17:33
7144,4,2,6357,1307.81,2025-09-30 19:00:06
7145,5,2,6358,27837.23,2025-06-08 18:04:14
7146,2,2,6359,5193.16,2025-09-07 21:49:12
7147,9,2,6360,3602.06,2025-08-20 02:21:49
7148,3,2,6361,1473.34,2025-09-29 05:34:12
7149,3,3,6362,1124.32,2025-10-18 06:00:25
7150,8,2,6362,1124.32,2025-10-18 06:04:25
7151,8,2,6363,740.18,2025-04-19 07:18:28
7152,4,2,6364,953.21,2025-10-27 18:24:50
7153,4,2,6365,314.22,2025-07-27 13:44:17
7154,7,2,6366,5073.86,2025-05-06 21:59:21
7155,3,2,6367,2616.73,2025-06-30 22:18:34
7156,2,2,6368,2184.56,2025-03-26 14:19:06
7157,9,2,6369,929.46,2025-02-11 02:39:45
7158,3,2,6370,1130.97,2025-11-07 22:30:20
7159,2,2,6371,2151.44,2025-06-21 14:34:25
7160,6,2,6372,1496.92,2025-09-14 19:20:01
7161,4,2,6373,2293.15,2025-12-18 22:05:41
7162,5,2,6374,1239.97,2025-09-03 15:55:21
7163,10,3,6375,213.73,2025-04-21 02:28:36
7164,8,2,6375,213.73,2025-04-21 02:32:36
7165,8,2,6376,1892.77,2025-02-14 06:06:25
7166,10,3,6377,1497.62,2025-11-14 02:56:13
7167,5,2,6377,1497.62,2025-11-14 03:00:13
7168,1,2,6378,29648.06,2025-04-07 06:55:33
7169,9,2,6379,399.81,2025-02-16 14:29:33
7170,6,2,6380,1456.69,2025-09-16 19:58:39
7171,2,3,6381,1301.88,2025-09-22 01:42:28
7172,3,2,6381,1301.88,2025-09-22 01:46:28
7173,7,2,6382,972.67,2025-06-10 03:28:47
7174,7,2,6383,833.82,2025-10-14 15:00:53
7175,8,3,6384,850.04,2025-12-23 17:44:11
7176,2,2,6384,850.04,2025-12-23 17:48:11
7177,3,2,6385,1605.52,2025-09-22 11:20:03
7178,8,2,6386,4014.86,2025-01-30 21:09:17
7179,8,3,6387,851.88,2025-10-12 00:31:25
7180,3,2,6387,851.88,2025-10-12 00:35:25
7181,4,2,6388,3300.03,2025-06-06 20:43:16
7182,1,2,6389,1179.94,2025-10-25 13:54:27
7183,6,2,6390,1692.29,2025-10-30 23:23:49
7184,9,2,6391,945.94,2025-12-03 11:57:27
7185,8,2,6392,708.62,2025-05-28 09:35:03
7186,7,2,6393,1056.62,2025-07-31 15:33:15
7187,4,2,6394,1000.99,2025-09-05 09:43:03
7188,6,2,6395,2875.24,2025-05-23 23:53:14
7189,3,2,6396,948.59,2025-05-24 07:22:08
7190,3,2,6397,1431.95,2025-02-09 03:49:21
7191,4,2,6398,872.53,2025-03-18 21:32:40
7192,8,2,6399,810.98,2025-11-21 03:19:50
7193,6,2,6400,661.70,2025-07-19 02:39:26
7194,5,2,6401,942.80,2025-01-23 21:02:55
7195,2,2,6402,2751.71,2025-11-01 22:29:02
7196,7,2,6403,1761.49,2025-02-01 09:38:25
7197,8,2,6404,1599.97,2025-11-18 04:31:53
7198,6,2,6405,16002.98,2025-06-11 18:42:21
7199,6,2,6406,5956.09,2025-06-23 15:30:06
7200,8,2,6407,2450.45,2025-03-31 22:27:51
7201,5,3,6408,475.69,2025-08-29 02:25:25
7202,6,2,6408,475.69,2025-08-29 02:29:25
7203,8,2,6409,1240.63,2025-05-02 07:04:59
7204,5,2,6410,912.70,2025-06-07 03:49:18
7205,9,2,6411,6603.49,2025-12-31 10:43:35
7206,1,2,6412,39678.80,2025-05-20 11:55:52
7207,1,3,6413,745.40,2025-03-27 17:27:44
7208,3,2,6413,745.40,2025-03-27 17:31:44
7209,2,2,6414,2219.71,2025-03-12 22:07:23
7210,2,2,6415,2079.53,2025-06-23 09:21:49
7211,1,2,6416,5494.70,2025-05-14 12:26:28
7212,4,2,6417,1395.61,2025-05-29 14:31:14
7213,4,2,6418,8476.02,2025-08-09 07:12:02
7214,6,2,6419,2540.78,2025-06-19 19:49:42
7215,8,2,6420,831.58,2025-12-19 10:43:33
7216,5,3,6421,3352.53,2025-01-18 20:26:00
7217,4,2,6421,3352.53,2025-01-18 20:30:00
7218,8,2,6422,3102.48,2025-03-12 10:11:21
7219,2,2,6423,2028.78,2025-12-27 12:21:04
7220,3,2,6424,3294.28,2025-10-07 20:54:18
7221,1,2,6425,1041.89,2025-05-09 00:38:21
7222,1,2,6426,1543.14,2025-09-23 00:08:25
7223,10,2,6427,1093.54,2025-01-22 07:03:59
7224,5,2,6428,2402.42,2025-08-16 16:49:19
7225,8,2,6429,1289.73,2025-10-01 03:07:05
7226,1,2,6430,1659.93,2025-01-16 14:38:50
7227,1,2,6431,815.30,2025-05-18 23:56:18
7228,1,2,6432,709.91,2025-09-15 11:55:48
7229,9,2,6433,1037.72,2025-01-16 18:39:31
7230,4,2,6434,975.41,2025-04-08 00:51:34
7231,1,2,6435,3238.22,2025-01-08 22:01:10
7232,5,2,6436,5129.66,2025-04-07 05:45:03
7233,4,2,6437,671.21,2025-05-12 11:27:21
7234,1,2,6438,961.33,2025-09-15 23:51:14
7235,7,2,6439,3459.21,2025-05-29 12:53:47
7236,4,3,6440,4598.10,2025-03-17 11:26:15
7237,7,2,6440,4598.10,2025-03-17 11:30:15
7238,2,3,6441,959.36,2025-10-16 14:22:17
7239,8,2,6441,959.36,2025-10-16 14:26:17
7240,7,2,6442,933.28,2025-03-08 23:16:30
7241,10,2,6443,10545.64,2025-08-24 06:05:42
7242,7,2,6444,1478.30,2025-05-22 14:41:21
7243,6,2,6445,341.18,2025-03-31 20:55:49
7244,9,2,6446,323.18,2025-02-17 21:11:11
7245,9,2,6447,1671.20,2025-07-15 00:01:57
7246,7,2,6448,3363.86,2025-01-08 14:50:42
7247,10,2,6449,2609.25,2025-11-05 06:15:57
7248,9,2,6450,1277.29,2025-04-23 19:26:48
7249,6,2,6451,3115.57,2025-01-22 06:36:37
7250,3,2,6452,452.09,2025-10-14 14:18:13
7251,7,2,6453,2472.23,2025-12-15 08:27:15
7252,5,2,6454,609.28,2025-05-02 10:38:17
7253,5,2,6455,452.66,2025-03-02 12:20:05
7254,1,2,6456,718.59,2025-11-12 18:46:04
7255,1,2,6457,3191.03,2025-01-18 05:00:51
7256,3,2,6458,5348.14,2025-06-29 13:42:35
7257,7,2,6459,5578.35,2025-04-07 18:26:32
7258,5,2,6460,4991.04,2025-12-08 11:43:58
7259,3,2,6461,1195.34,2025-07-12 15:11:09
7260,3,2,6462,1617.68,2025-12-04 13:35:09
7261,6,2,6463,2111.38,2025-10-14 13:48:53
7262,9,2,6464,1365.08,2025-11-16 05:15:25
7263,9,2,6465,1143.77,2025-08-19 21:34:46
7264,2,2,6466,1428.76,2025-08-15 22:05:05
7265,7,2,6467,1390.11,2025-12-29 20:14:49
7266,9,2,6468,831.61,2025-01-12 22:47:37
7267,2,2,6469,38891.43,2025-11-26 02:20:09
7268,5,2,6470,1902.96,2025-09-10 17:28:14
7269,6,2,6471,337.51,2025-09-08 14:35:48
7270,6,2,6472,10165.45,2025-03-21 08:13:15
7271,6,2,6473,1395.05,2025-09-24 04:37:54
7272,6,2,6474,926.95,2025-04-24 22:00:09
7273,2,2,6475,2327.07,2025-03-03 10:04:51
7274,6,2,6476,11892.69,2025-07-12 21:09:01
7275,5,2,6477,741.84,2025-09-09 17:55:50
7276,3,3,6478,752.90,2025-05-08 07:17:24
7277,1,2,6478,752.90,2025-05-08 07:21:24
7278,6,3,6479,3848.78,2025-12-05 00:55:22
7279,5,2,6479,3848.78,2025-12-05 00:59:22
7280,2,2,6480,2776.21,2025-10-25 11:51:37
7281,5,2,6481,709.82,2025-10-30 13:48:48
7282,1,2,6482,1063.38,2025-01-01 20:45:09
7283,3,2,6483,11168.01,2025-04-22 18:33:19
7284,3,2,6484,7128.14,2025-11-04 09:02:54
7285,9,2,6485,1443.21,2025-01-30 01:10:32
7286,8,2,6486,429.03,2025-09-22 06:42:44
7287,7,3,6487,824.30,2025-08-28 01:37:11
7288,9,2,6487,824.30,2025-08-28 01:41:11
7289,8,2,6488,668.79,2025-05-22 05:23:30
7290,10,2,6489,6730.22,2025-08-09 14:54:19
7291,10,2,6490,458.55,2025-07-21 11:43:12
7292,2,2,6491,1660.77,2025-09-15 15:05:53
7293,1,2,6492,38739.98,2025-02-25 10:52:57
7294,10,2,6493,1048.26,2025-02-07 05:34:11
7295,2,2,6494,3072.08,2025-10-18 03:37:03
7296,4,2,6495,5543.95,2025-10-20 14:15:28
7297,1,3,6496,399.06,2025-06-16 14:24:21
7298,10,2,6496,399.06,2025-06-16 14:28:21
7299,8,2,6497,30465.14,2025-07-10 19:48:28
7300,1,2,6498,801.73,2025-05-23 06:03:03
7301,4,2,6499,20043.53,2025-05-22 04:11:37
7302,5,2,6500,1174.47,2025-12-30 02:04:06
7303,2,2,6501,937.83,2025-08-29 16:30:37
7304,7,3,6502,1533.61,2025-01-29 06:19:34
7305,5,2,6502,1533.61,2025-01-29 06:23:34
7306,9,2,6503,3968.81,2025-06-07 14:00:56
7307,8,2,6504,1144.74,2025-10-15 04:11:08
7308,10,2,6505,2373.22,2025-03-22 15:11:25
7309,3,2,6506,21940.86,2025-01-19 11:32:20
7310,9,2,6507,2861.41,2025-06-17 21:23:13
7311,4,2,6508,864.74,2025-12-11 06:58:09
7312,7,2,6509,1995.06,2025-05-30 05:45:40
7313,1,2,6510,1328.81,2025-10-17 23:35:48
7314,3,2,6511,1160.54,2025-06-10 09:07:53
7315,1,3,6512,1586.72,2025-08-28 02:06:41
7316,8,2,6512,1586.72,2025-08-28 02:10:41
7317,9,2,6513,1894.22,2025-10-22 06:41:51
7318,1,2,6514,2980.88,2025-05-27 13:11:31
7319,4,2,6515,1014.99,2025-12-05 11:37:43
7320,1,2,6516,14838.34,2025-08-01 09:45:48
7321,2,2,6517,814.62,2025-06-09 10:48:33
7322,5,2,6518,8783.25,2025-11-20 19:21:44
7323,5,2,6519,613.01,2025-08-25 16:00:21
7324,4,2,6520,527.91,2025-10-24 11:20:09
7325,4,2,6521,2966.98,2025-04-04 15:12:50
7326,10,2,6522,694.87,2025-10-18 12:33:11
7327,10,3,6523,1400.58,2025-06-10 18:47:11
7328,6,2,6523,1400.58,2025-06-10 18:51:11
7329,6,2,6524,1040.84,2025-04-02 13:27:22
7330,8,2,6525,1857.30,2025-08-03 01:27:32
7331,4,2,6526,1572.52,2025-12-31 21:04:50
7332,7,2,6527,4337.12,2025-07-19 03:36:08
7333,4,2,6528,244.01,2025-06-21 13:40:06
7334,10,2,6529,3391.59,2025-12-22 05:06:46
7335,7,2,6530,3632.47,2025-12-17 09:05:49
7336,2,2,6531,1549.25,2025-10-29 02:18:12
7337,5,2,6532,15597.41,2025-02-20 13:46:18
7338,1,2,6533,5770.68,2025-07-05 00:58:40
7339,9,2,6534,869.34,2025-07-01 05:29:36
7340,2,2,6535,2122.51,2025-10-05 20:31:36
7341,7,2,6536,25007.38,2025-04-29 00:55:28
7342,2,2,6537,466.50,2025-12-27 01:02:55
7343,6,2,6538,902.56,2025-08-19 02:56:52
7344,4,2,6539,50823.86,2025-02-09 03:27:22
7345,9,3,6540,3101.47,2025-09-07 14:23:06
7346,9,2,6540,3101.47,2025-09-07 14:27:06
7347,8,2,6541,17418.72,2025-09-19 21:08:59
7348,1,2,6542,352.28,2025-08-26 12:40:40
7349,4,2,6543,409.21,2025-12-03 17:45:01
7350,7,2,6544,2541.80,2025-05-18 14:01:36
7351,5,2,6545,1628.25,2025-03-27 14:24:53
7352,9,2,6546,1549.12,2025-11-11 23:12:22
7353,6,2,6547,1994.78,2025-07-31 01:13:37
7354,3,2,6548,14523.32,2025-01-20 10:46:25
7355,1,2,6549,1072.02,2025-07-10 00:18:50
7356,3,2,6550,5558.00,2025-01-02 17:12:49
7357,4,3,6551,1138.83,2025-06-07 22:09:05
7358,2,2,6551,1138.83,2025-06-07 22:13:05
7359,6,2,6552,671.82,2025-05-18 02:53:47
7360,2,2,6553,1157.41,2025-04-01 06:03:43
7361,7,2,6554,2596.96,2025-10-23 16:02:26
7362,6,2,6555,2513.32,2025-01-07 08:10:42
7363,5,2,6556,1234.22,2025-02-22 17:20:55
7364,7,2,6557,3079.22,2025-11-15 12:23:59
7365,2,2,6558,1100.80,2025-07-01 13:42:32
7366,4,2,6559,439.95,2025-09-19 10:35:04
7367,7,2,6560,1116.70,2025-02-10 04:16:26
7368,8,2,6561,2127.28,2025-03-20 20:36:38
7369,10,2,6562,605.70,2025-01-11 05:36:56
7370,1,2,6563,2220.98,2025-07-16 14:21:04
7371,4,2,6564,854.84,2025-11-14 04:45:33
7372,1,2,6565,5357.43,2025-11-17 19:08:55
7373,9,2,6566,2209.08,2025-03-08 20:17:39
7374,5,2,6567,2205.31,2025-08-09 04:34:13
7375,9,2,6568,3047.15,2025-03-10 09:23:51
7376,3,2,6569,3005.72,2025-08-25 19:40:06
7377,3,2,6570,1731.09,2025-12-18 18:17:30
7378,7,2,6571,4979.26,2025-11-03 05:55:51
7379,9,2,6572,1293.67,2025-11-23 07:32:46
7380,5,2,6573,1670.72,2025-10-17 00:27:12
7381,2,3,6574,9314.16,2025-03-05 15:44:36
7382,1,2,6574,9314.16,2025-03-05 15:48:36
7383,6,2,6575,727.71,2025-01-06 19:01:18
7384,9,2,6576,1891.23,2025-01-29 22:37:03
7385,1,2,6577,3041.27,2025-05-15 09:51:50
7386,1,2,6578,1957.39,2025-04-15 20:25:34
7387,2,2,6579,511.57,2025-09-30 10:05:36
7388,5,2,6580,1448.95,2025-04-01 05:49:33
7389,4,2,6581,11538.12,2025-09-18 00:42:00
7390,6,2,6582,2107.80,2025-05-02 14:34:25
7391,4,2,6583,1076.36,2025-09-16 17:54:19
7392,7,2,6584,1722.12,2025-06-25 10:43:40
7393,9,2,6585,1313.12,2025-09-03 12:31:57
7394,7,2,6586,3410.88,2025-08-10 14:03:46
7395,3,2,6587,1607.53,2025-12-04 04:04:48
7396,10,2,6588,462.20,2025-07-23 16:08:30
7397,10,2,6589,385.58,2025-12-02 17:45:57
7398,3,2,6590,12396.00,2025-09-13 07:52:26
7399,2,2,6591,19456.12,2025-08-09 00:38:01
7400,5,3,6592,16967.24,2025-06-06 15:42:50
7401,2,2,6592,16967.24,2025-06-06 15:46:50
7402,6,2,6593,20777.91,2025-04-19 19:34:10
7403,3,2,6594,1431.45,2025-02-28 10:43:30
7404,6,2,6595,938.11,2025-03-15 23:12:09
7405,8,2,6596,3805.68,2025-03-06 02:44:05
7406,1,3,6597,2554.24,2025-04-01 17:50:07
7407,2,2,6597,2554.24,2025-04-01 17:54:07
7408,1,2,6598,1650.17,2025-08-06 15:07:24
7409,9,2,6599,3589.47,2025-01-04 06:17:31
7410,8,2,6600,1597.60,2025-08-28 07:32:10
7411,2,2,6601,5493.54,2025-03-22 06:43:52
7412,6,2,6602,1188.61,2025-02-28 21:54:00
7413,9,2,6603,3974.15,2025-07-20 03:38:48
7414,2,2,6604,559.38,2025-11-02 22:01:39
7415,9,2,6605,3151.33,2025-06-25 10:47:56
7416,5,2,6606,3676.57,2025-01-06 19:05:32
7417,9,3,6607,1148.45,2025-02-10 00:36:42
7418,9,2,6607,1148.45,2025-02-10 00:40:42
7419,4,2,6608,956.82,2025-06-18 22:41:01
7420,2,2,6609,1778.08,2025-07-31 03:08:44
7421,9,2,6610,3309.93,2025-10-09 05:21:39
7422,6,3,6611,4444.46,2025-06-11 16:51:43
7423,7,2,6611,4444.46,2025-06-11 16:55:43
7424,3,2,6612,518.61,2025-04-16 22:34:23
7425,10,2,6613,489.56,2025-05-03 23:05:22
7426,4,2,6614,3439.48,2025-11-30 15:33:28
7427,3,2,6615,4556.44,2025-09-19 14:30:38
7428,10,2,6616,1633.44,2025-04-11 14:38:16
7429,5,2,6617,1964.16,2025-04-26 08:48:55
7430,5,2,6618,1347.61,2025-09-30 04:27:34
7431,9,2,6619,4542.48,2025-11-09 05:00:57
7432,9,3,6620,496.92,2025-07-17 00:46:02
7433,9,2,6620,496.92,2025-07-17 00:50:02
7434,6,2,6621,2964.68,2025-11-11 23:49:10
7435,10,2,6622,379.71,2025-04-21 19:58:00
7436,2,2,6623,14179.64,2025-12-20 10:53:10
7437,4,2,6624,1026.83,2025-08-27 03:01:37
7438,10,2,6625,913.18,2025-07-30 04:29:42
7439,7,2,6626,546.74,2025-01-04 09:07:11
7440,9,2,6627,15745.13,2025-06-14 15:00:48
7441,5,2,6628,14702.44,2025-08-17 19:26:56
7442,9,2,6629,508.40,2025-09-06 17:34:23
7443,2,2,6630,1358.28,2025-12-17 19:12:48
7444,9,2,6631,5001.35,2025-06-23 16:33:42
7445,7,2,6632,761.53,2025-05-05 01:01:23
7446,9,2,6633,15998.42,2025-11-23 20:46:50
7447,4,2,6634,27977.65,2025-11-24 09:06:32
7448,6,2,6635,1087.85,2025-02-22 05:12:58
7449,7,2,6636,689.54,2025-07-18 02:05:15
7450,1,2,6637,16395.83,2025-09-08 19:41:39
7451,6,2,6638,1457.86,2025-11-19 19:03:27
7452,3,2,6639,513.55,2025-11-06 04:35:28
7453,1,2,6640,1832.16,2025-05-15 14:10:25
7454,4,3,6641,2222.32,2025-05-07 15:53:10
7455,1,2,6641,2222.32,2025-05-07 15:57:10
7456,7,2,6642,743.53,2025-08-21 01:21:52
7457,10,2,6643,1129.88,2025-03-03 09:42:46
7458,7,2,6644,1807.94,2025-04-23 15:25:23
7459,2,2,6645,1405.71,2025-08-11 20:30:08
7460,10,2,6646,22145.08,2025-05-11 00:37:57
7461,4,2,6647,3739.53,2025-12-08 08:32:03
7462,4,3,6648,1560.08,2025-01-23 12:41:27
7463,4,2,6648,1560.08,2025-01-23 12:45:27
7464,5,3,6649,162.32,2025-07-02 02:27:39
7465,2,2,6649,162.32,2025-07-02 02:31:39
7466,3,2,6650,848.42,2025-02-03 04:21:49
7467,9,2,6651,2277.01,2025-12-23 21:15:10
7468,6,2,6652,421.25,2025-06-30 00:29:53
7469,3,2,6653,12178.06,2025-07-22 09:41:07
7470,1,2,6654,942.22,2025-03-07 20:13:19
7471,10,2,6655,1213.35,2025-05-16 20:04:21
7472,8,2,6656,2772.39,2025-02-05 04:50:59
7473,1,2,6657,1727.90,2025-12-17 11:05:01
7474,9,2,6658,2634.86,2025-07-21 21:07:30
7475,10,3,6659,920.42,2025-01-31 14:08:44
7476,1,2,6659,920.42,2025-01-31 14:12:44
7477,7,2,6660,1176.05,2025-06-16 17:45:42
7478,6,2,6661,962.98,2025-09-12 07:54:50
7479,1,2,6662,802.76,2025-11-13 18:08:01
7480,2,2,6663,3388.73,2025-03-02 01:11:21
7481,7,3,6664,1080.82,2025-12-03 13:12:34
7482,9,2,6664,1080.82,2025-12-03 13:16:34
7483,9,2,6665,27875.12,2025-07-16 02:31:36
7484,10,2,6666,2649.59,2025-06-06 03:20:20
7485,4,2,6667,11474.44,2025-04-29 13:49:49
7486,7,2,6668,961.69,2025-01-02 03:28:40
7487,10,2,6669,690.46,2025-03-16 01:36:13
7488,1,3,6670,2043.53,2025-05-02 15:14:53
7489,4,2,6670,2043.53,2025-05-02 15:18:53
7490,3,2,6671,1805.76,2025-10-06 18:33:28
7491,6,2,6672,629.46,2025-07-06 12:18:57
7492,1,2,6673,4353.56,2025-05-25 16:37:08
7493,8,2,6674,5150.29,2025-04-20 03:17:04
7494,5,2,6675,592.64,2025-05-01 16:16:53
7495,10,2,6676,3619.36,2025-11-09 07:47:53
7496,8,2,6677,1188.61,2025-06-01 13:30:58
7497,1,2,6678,1437.58,2025-10-26 04:08:51
7498,1,2,6679,8966.58,2025-05-30 18:23:50
7499,9,3,6680,1167.80,2025-04-04 15:36:37
7500,2,2,6680,1167.80,2025-04-04 15:40:37
7501,5,2,6681,6692.36,2025-12-11 21:26:56
7502,9,2,6682,620.91,2025-02-21 09:45:20
7503,9,2,6683,634.95,2025-04-07 00:37:54
7504,10,2,6684,2365.87,2025-12-25 14:09:15
7505,1,2,6685,2054.64,2025-02-18 08:41:57
7506,6,2,6686,2578.15,2025-02-18 07:28:36
7507,8,2,6687,1824.17,2025-02-20 13:56:23
7508,6,2,6688,3960.95,2025-10-10 10:37:14
7509,5,2,6689,3330.72,2025-11-01 11:59:38
7510,7,2,6690,592.89,2025-05-21 10:34:38
7511,5,2,6691,599.23,2025-09-24 04:17:18
7512,6,2,6692,1492.66,2025-08-03 05:43:14
7513,10,3,6693,2620.45,2025-09-27 13:29:08
7514,9,2,6693,2620.45,2025-09-27 13:33:08
7515,6,2,6694,933.23,2025-06-11 00:30:38
7516,1,3,6695,293.09,2025-05-03 08:48:55
7517,3,2,6695,293.09,2025-05-03 08:52:55
7518,6,2,6696,641.52,2025-10-16 17:33:29
7519,2,2,6697,765.90,2025-07-19 11:03:28
7520,2,2,6698,2135.68,2025-06-19 06:05:44
7521,3,2,6699,1041.47,2025-10-29 03:28:02
7522,10,3,6700,474.41,2025-05-03 11:20:05
7523,5,2,6700,474.41,2025-05-03 11:24:05
7524,3,2,6701,952.96,2025-11-05 18:40:58
7525,6,2,6702,5814.41,2025-01-20 19:34:28
7526,6,2,6703,9539.06,2025-07-06 19:44:08
7527,7,2,6704,2628.24,2025-02-27 08:28:56
7528,9,2,6705,680.56,2025-12-06 07:56:00
7529,6,2,6706,18271.36,2025-11-04 07:20:35
7530,2,2,6707,1474.80,2025-04-08 22:01:02
7531,5,2,6708,1725.86,2025-05-20 02:06:09
7532,8,2,6709,5185.78,2025-07-06 06:48:11
7533,5,2,6710,442.87,2025-08-02 17:57:57
7534,8,2,6711,4807.34,2025-09-13 14:31:08
7535,10,2,6712,2851.04,2025-10-26 15:26:54
7536,9,2,6713,1529.41,2025-01-09 10:02:09
7537,7,2,6714,693.76,2025-07-05 12:10:18
7538,6,2,6715,1475.73,2025-02-09 21:50:26
7539,1,2,6716,1536.70,2025-12-06 21:26:59
7540,6,2,6717,1355.93,2025-02-09 06:29:42
7541,7,2,6718,2748.41,2025-10-30 07:26:02
7542,6,2,6719,1843.58,2025-02-22 18:19:33
7543,9,2,6720,1082.90,2025-05-31 14:08:17
7544,10,2,6721,2913.94,2025-01-01 09:44:12
7545,4,2,6722,638.80,2025-05-04 12:36:11
7546,7,2,6723,453.20,2025-02-11 00:51:15
7547,7,2,6724,735.24,2025-07-10 00:58:09
7548,1,3,6725,967.90,2025-06-16 02:52:26
7549,10,2,6725,967.90,2025-06-16 02:56:26
7550,6,2,6726,2668.92,2025-04-03 12:05:26
7551,3,2,6727,2642.43,2025-04-25 19:32:28
7552,10,2,6728,2237.49,2025-04-21 01:45:51
7553,8,2,6729,247.65,2025-10-08 07:19:02
7554,5,2,6730,10391.52,2025-03-09 13:57:14
7555,2,2,6731,2133.93,2025-07-16 03:45:15
7556,3,2,6732,471.81,2025-06-10 13:48:43
7557,9,2,6733,4795.45,2025-03-12 01:48:07
7558,1,2,6734,768.29,2025-08-03 05:36:53
7559,7,2,6735,800.56,2025-08-06 00:11:21
7560,10,2,6736,1876.01,2025-08-16 18:04:01
7561,9,2,6737,2398.36,2025-07-09 23:16:08
7562,2,2,6738,1168.34,2025-02-23 03:18:13
7563,7,2,6739,1619.83,2025-06-09 03:47:15
7564,10,2,6740,2473.84,2025-01-09 12:41:06
7565,10,2,6741,11152.56,2025-09-18 22:06:27
7566,7,2,6742,464.78,2025-09-16 05:21:39
7567,8,2,6743,448.39,2025-01-21 18:12:54
7568,3,3,6744,1329.24,2025-02-18 23:08:29
7569,8,2,6744,1329.24,2025-02-18 23:12:29
7570,3,2,6745,973.85,2025-03-22 16:18:51
7571,4,2,6746,2704.49,2025-03-08 22:40:34
7572,4,2,6747,786.73,2025-10-25 12:34:37
7573,9,2,6748,1368.84,2025-06-25 15:34:40
7574,9,2,6749,230.67,2025-09-01 17:59:49
7575,7,2,6750,1210.89,2025-05-18 14:45:53
7576,9,2,6751,710.56,2025-03-14 05:58:03
7577,8,2,6752,1618.23,2025-01-30 20:41:09
7578,8,2,6753,1844.30,2025-04-21 20:19:10
7579,9,2,6754,534.83,2025-09-02 01:13:58
7580,6,2,6755,601.18,2025-04-26 12:01:16
7581,8,2,6756,8150.28,2025-08-13 08:48:22
7582,6,2,6757,15814.21,2025-03-15 23:12:40
7583,3,3,6758,4555.62,2025-06-19 13:24:46
7584,8,2,6758,4555.62,2025-06-19 13:28:46
7585,7,2,6759,888.84,2025-07-23 11:27:47
7586,8,2,6760,1476.46,2025-06-12 12:12:20
7587,3,2,6761,18047.03,2025-12-30 15:15:17
7588,4,2,6762,1669.24,2025-11-26 05:24:56
7589,10,2,6763,627.00,2025-03-04 09:09:32
7590,5,2,6764,10858.70,2025-08-07 22:08:14
7591,6,2,6765,1205.58,2025-03-24 17:10:15
7592,7,2,6766,1741.38,2025-11-06 20:03:35
7593,8,2,6767,624.39,2025-07-07 02:52:07
7594,2,2,6768,393.02,2025-04-12 15:26:24
7595,9,2,6769,29178.27,2025-06-07 10:30:18
7596,7,2,6770,1404.50,2025-05-07 21:55:23
7597,3,2,6771,965.91,2025-04-10 06:58:50
7598,2,2,6772,1954.99,2025-06-24 21:39:56
7599,8,2,6773,1316.29,2025-04-28 20:35:18
7600,6,2,6774,1135.95,2025-06-17 06:23:29
7601,9,2,6775,3036.82,2025-04-16 22:25:19
7602,7,2,6776,2166.00,2025-02-13 20:09:10
7603,2,2,6777,2520.29,2025-11-27 09:17:52
7604,8,2,6778,1415.98,2025-01-12 16:17:25
7605,8,2,6779,1261.09,2025-12-14 18:09:01
7606,3,2,6780,3066.46,2025-07-01 01:03:39
7607,10,3,6781,1702.43,2025-10-24 00:33:58
7608,3,2,6781,1702.43,2025-10-24 00:37:58
7609,9,3,6782,3489.61,2025-04-20 18:25:07
7610,3,2,6782,3489.61,2025-04-20 18:29:07
7611,10,2,6783,560.89,2025-05-18 17:59:37
7612,7,2,6784,275.46,2025-09-05 19:40:10
7613,9,2,6785,5497.26,2025-02-22 09:01:47
7614,10,2,6786,419.26,2025-09-14 18:11:48
7615,6,2,6787,1419.26,2025-07-15 02:22:30
7616,4,2,6788,5426.06,2025-06-22 11:25:07
7617,6,3,6789,1688.93,2025-07-31 18:23:15
7618,10,2,6789,1688.93,2025-07-31 18:27:15
7619,10,2,6790,814.72,2025-01-04 18:22:45
7620,2,2,6791,13365.93,2025-06-23 01:12:30
7621,8,2,6792,21275.01,2025-05-14 22:15:52
7622,7,2,6793,2226.18,2025-04-06 06:36:36
7623,8,2,6794,4230.75,2025-01-05 07:24:59
7624,7,2,6795,856.98,2025-05-10 05:27:12
7625,7,2,6796,721.54,2025-04-26 04:06:19
7626,8,2,6797,1967.50,2025-06-24 20:34:28
7627,3,2,6798,2107.70,2025-12-19 15:00:54
7628,5,2,6799,2147.14,2025-05-14 00:29:38
7629,8,2,6800,2205.88,2025-11-28 02:22:59
7630,1,2,6801,1951.89,2025-11-12 14:14:05
7631,10,2,6802,599.34,2025-07-21 15:04:48
7632,8,2,6803,1035.02,2025-07-19 12:22:47
7633,6,2,6804,1438.38,2025-03-03 12:53:45
7634,1,2,6805,581.69,2025-07-16 14:33:52
7635,5,2,6806,2290.21,2025-05-16 09:53:16
7636,6,2,6807,2302.79,2025-06-26 12:27:38
7637,5,2,6808,1177.17,2025-05-17 21:37:55
7638,8,2,6809,597.62,2025-05-01 09:24:45
7639,2,2,6810,408.49,2025-04-16 11:17:52
7640,2,2,6811,2593.80,2025-02-09 15:14:42
7641,7,2,6812,875.02,2025-01-25 15:33:45
7642,3,2,6813,2709.66,2025-01-09 13:45:00
7643,5,2,6814,1711.31,2025-01-29 06:40:54
7644,7,2,6815,7411.58,2025-07-25 12:02:36
7645,8,3,6816,771.84,2025-12-18 00:32:57
7646,10,2,6816,771.84,2025-12-18 00:36:57
7647,10,2,6817,2388.33,2025-11-05 12:07:10
7648,2,2,6818,1177.43,2025-03-31 16:34:13
7649,8,2,6819,263.17,2025-09-18 22:50:17
7650,8,3,6820,2303.11,2025-02-18 14:15:31
7651,7,2,6820,2303.11,2025-02-18 14:19:31
7652,1,3,6821,1784.27,2025-12-07 22:44:36
7653,10,2,6821,1784.27,2025-12-07 22:48:36
7654,10,3,6822,2898.61,2025-02-26 23:53:04
7655,9,2,6822,2898.61,2025-02-26 23:57:04
7656,7,2,6823,315.24,2025-10-09 16:59:08
7657,1,2,6824,1529.16,2025-08-13 21:44:21
7658,3,2,6825,2078.75,2025-08-15 17:53:14
7659,1,2,6826,3044.08,2025-05-31 20:49:21
7660,9,3,6827,1180.08,2025-12-11 04:25:14
7661,5,2,6827,1180.08,2025-12-11 04:29:14
7662,5,2,6828,325.63,2025-10-11 09:54:34
7663,2,2,6829,19118.84,2025-03-29 03:41:03
7664,3,2,6830,740.62,2025-03-14 08:11:24
7665,4,2,6831,4430.85,2025-10-19 09:52:26
7666,4,2,6832,797.95,2025-08-25 19:24:40
7667,2,2,6833,633.98,2025-07-09 11:25:33
7668,7,2,6834,1155.77,2025-12-11 16:40:13
7669,3,3,6835,663.15,2025-09-28 07:44:31
7670,6,2,6835,663.15,2025-09-28 07:48:31
7671,1,2,6836,1633.50,2025-05-19 21:36:16
7672,6,2,6837,717.36,2025-05-15 00:23:23
7673,8,2,6838,3207.12,2025-07-18 15:36:36
7674,9,2,6839,18626.04,2025-05-12 22:54:18
7675,5,2,6840,924.32,2025-10-03 17:10:12
7676,8,2,6841,834.68,2025-03-21 17:28:54
7677,9,2,6842,1938.42,2025-02-14 19:54:48
7678,1,2,6843,952.94,2025-01-18 01:26:19
7679,3,2,6844,2048.69,2025-03-06 18:28:05
7680,5,2,6845,954.24,2025-12-19 22:04:21
7681,9,2,6846,20041.24,2025-04-21 22:29:47
7682,8,2,6847,2270.83,2025-12-08 00:56:59
7683,6,2,6848,1051.42,2025-09-19 09:32:11
7684,1,2,6849,1050.33,2025-11-12 00:00:42
7685,7,2,6850,1696.70,2025-01-07 03:34:35
7686,8,2,6851,470.91,2025-04-02 07:10:33
7687,2,2,6852,2815.14,2025-02-23 11:07:47
7688,7,2,6853,2044.25,2025-06-05 01:38:36
7689,5,2,6854,27902.44,2025-02-15 11:44:04
7690,4,2,6855,7294.34,2025-05-08 11:07:41
7691,9,2,6856,1553.32,2025-11-10 01:37:10
7692,1,2,6857,1460.62,2025-08-22 03:04:32
7693,2,2,6858,3718.40,2025-03-27 17:34:38
7694,5,2,6859,421.43,2025-11-23 22:19:39
7695,7,3,6860,536.65,2025-07-05 00:25:57
7696,6,2,6860,536.65,2025-07-05 00:29:57
7697,9,2,6861,4249.71,2025-12-12 19:21:45
7698,3,2,6862,1486.30,2025-11-14 18:07:49
7699,6,2,6863,2905.58,2025-05-28 15:04:36
7700,2,2,6864,709.02,2025-12-07 19:13:28
7701,10,2,6865,1079.65,2025-04-18 07:06:14
7702,1,2,6866,9582.60,2025-07-14 19:49:58
7703,1,2,6867,730.85,2025-03-01 04:28:05
7704,4,2,6868,1147.47,2025-03-06 07:54:33
7705,7,3,6869,968.41,2025-12-19 08:29:49
7706,4,2,6869,968.41,2025-12-19 08:33:49
7707,9,2,6870,1563.33,2025-12-17 20:18:52
7708,7,2,6871,3160.56,2025-06-10 14:35:08
7709,6,2,6872,21142.35,2025-12-10 01:56:58
7710,3,3,6873,2212.45,2025-08-25 12:41:48
7711,9,2,6873,2212.45,2025-08-25 12:45:48
7712,8,2,6874,1731.35,2025-06-02 16:35:43
7713,5,2,6875,701.35,2025-08-27 17:01:10
7714,7,2,6876,4727.88,2025-12-09 01:36:55
7715,5,2,6877,1027.86,2025-03-28 14:18:13
7716,5,2,6878,1105.60,2025-06-15 10:12:57
7717,6,2,6879,19837.71,2025-11-10 18:00:44
7718,10,2,6880,1992.35,2025-12-16 21:03:44
7719,1,2,6881,1565.39,2025-06-16 20:29:00
7720,3,2,6882,2090.92,2025-07-18 14:53:38
7721,7,2,6883,633.31,2025-11-10 04:40:57
7722,6,2,6884,1557.39,2025-06-24 23:27:33
7723,2,2,6885,1293.98,2025-05-25 18:53:45
7724,3,2,6886,968.43,2025-09-24 18:47:38
7725,9,2,6887,1008.52,2025-10-26 17:43:34
7726,1,2,6888,1107.70,2025-02-20 04:21:04
7727,8,2,6889,4205.15,2025-01-11 20:37:17
7728,5,2,6890,9438.73,2025-01-03 03:43:06
7729,8,2,6891,1265.74,2025-07-01 09:57:05
7730,5,2,6892,1489.46,2025-09-03 06:55:15
7731,2,2,6893,2299.40,2025-05-28 16:55:08
7732,5,2,6894,2915.88,2025-01-08 20:17:15
7733,8,2,6895,1228.23,2025-10-30 17:40:57
7734,9,2,6896,3792.70,2025-06-13 23:47:10
7735,5,3,6897,1867.78,2025-11-28 22:23:20
7736,1,2,6897,1867.78,2025-11-28 22:27:20
7737,10,2,6898,1748.49,2025-08-05 12:30:38
7738,2,3,6899,802.84,2025-02-18 13:57:22
7739,3,2,6899,802.84,2025-02-18 14:01:22
7740,7,2,6900,1672.50,2025-11-28 05:22:44
7741,3,2,6901,16182.02,2025-01-05 04:11:17
7742,5,3,6902,618.76,2025-01-23 21:11:47
7743,9,2,6902,618.76,2025-01-23 21:15:47
7744,4,2,6903,9775.61,2025-04-07 03:10:18
7745,10,2,6904,586.94,2025-07-03 17:28:57
7746,1,2,6905,1018.06,2025-06-27 11:45:48
7747,6,2,6906,923.08,2025-10-16 03:22:31
7748,5,2,6907,16298.25,2025-08-19 18:44:19
7749,7,2,6908,6579.12,2025-04-05 08:24:33
7750,4,2,6909,3225.02,2025-06-21 09:30:54
7751,10,2,6910,898.80,2025-07-10 10:56:04
7752,6,2,6911,1534.09,2025-02-20 18:23:16
7753,7,2,6912,1226.41,2025-02-27 15:19:51
7754,2,3,6913,1631.17,2025-09-17 16:37:27
7755,5,2,6913,1631.17,2025-09-17 16:41:27
7756,9,3,6914,623.43,2025-11-27 01:45:50
7757,6,2,6914,623.43,2025-11-27 01:49:50
7758,4,2,6915,1692.32,2025-12-09 21:23:06
7759,2,3,6916,766.72,2025-09-20 16:20:18
7760,10,2,6916,766.72,2025-09-20 16:24:18
7761,1,2,6917,2634.80,2025-08-24 04:56:58
7762,8,3,6918,1126.27,2025-01-10 18:46:40
7763,5,2,6918,1126.27,2025-01-10 18:50:40
7764,8,2,6919,2488.35,2025-10-23 06:25:08
7765,8,2,6920,575.04,2025-01-12 06:40:51
7766,8,2,6921,4969.41,2025-07-29 20:11:35
7767,2,2,6922,20079.25,2025-02-08 13:24:55
7768,3,2,6923,591.72,2025-05-09 12:38:48
7769,6,2,6924,625.34,2025-08-17 15:05:53
7770,6,2,6925,3803.16,2025-07-08 23:04:20
7771,1,2,6926,383.21,2025-11-21 23:46:19
7772,2,2,6927,2252.26,2025-11-06 20:56:16
7773,6,2,6928,892.52,2025-01-04 10:36:25
7774,6,2,6929,350.91,2025-06-06 09:59:25
7775,6,3,6930,387.85,2025-08-25 06:54:54
7776,3,2,6930,387.85,2025-08-25 06:58:54
7777,3,2,6931,839.04,2025-09-09 10:01:48
7778,9,2,6932,1041.80,2025-12-21 07:01:50
7779,2,2,6933,1069.60,2025-03-03 07:34:17
7780,10,2,6934,27911.31,2025-10-11 21:57:31
7781,1,2,6935,801.87,2025-10-02 17:28:22
7782,3,2,6936,591.63,2025-04-18 14:51:58
7783,9,2,6937,947.47,2025-04-10 14:52:19
7784,9,2,6938,993.20,2025-08-09 04:25:04
7785,1,2,6939,2029.08,2025-09-01 19:08:46
7786,2,2,6940,1713.25,2025-09-03 05:03:10
7787,4,2,6941,3411.94,2025-06-24 00:15:52
7788,6,2,6942,2282.14,2025-04-27 00:18:14
7789,7,2,6943,5144.30,2025-12-01 21:14:22
7790,3,2,6944,1011.60,2025-08-07 00:07:10
7791,3,3,6945,1097.04,2025-01-21 03:25:17
7792,7,2,6945,1097.04,2025-01-21 03:29:17
7793,8,2,6946,399.10,2025-05-21 17:03:39
7794,10,2,6947,1530.16,2025-06-17 07:15:10
7795,5,2,6948,1029.34,2025-08-06 22:13:24
7796,3,2,6949,1159.88,2025-02-27 13:50:30
7797,1,2,6950,2400.71,2025-05-08 22:55:17
7798,2,2,6951,843.62,2025-02-28 14:15:20
7799,9,2,6952,1776.71,2025-10-25 22:57:56
7800,3,2,6953,1500.16,2025-05-28 15:59:01
7801,9,3,6954,1589.25,2025-05-04 18:04:25
7802,6,2,6954,1589.25,2025-05-04 18:08:25
7803,7,2,6955,658.86,2025-05-19 22:38:41
7804,2,2,6956,10701.84,2025-06-09 20:26:36
7805,6,2,6957,13491.68,2025-09-07 06:54:51
7806,3,2,6958,986.40,2025-01-10 05:09:54
7807,4,2,6959,419.09,2025-11-24 21:19:22
7808,9,2,6960,14295.53,2025-09-29 22:36:21
7809,2,2,6961,2206.49,2025-03-04 13:21:04
7810,2,2,6962,200.21,2025-12-12 03:15:48
7811,4,2,6963,1139.61,2025-04-06 15:41:04
7812,1,2,6964,396.53,2025-04-29 13:12:18
7813,2,2,6965,1465.51,2025-02-09 15:35:09
7814,1,2,6966,5750.67,2025-03-11 11:36:58
7815,7,2,6967,626.91,2025-01-09 03:56:19
7816,2,2,6968,1764.87,2025-04-16 12:37:13
7817,8,2,6969,1417.63,2025-08-03 01:57:27
7818,6,2,6970,2054.86,2025-09-02 18:48:46
7819,5,2,6971,1072.35,2025-09-17 06:17:15
7820,9,2,6972,20889.11,2025-10-06 00:45:34
7821,9,2,6973,914.68,2025-04-13 09:07:21
7822,9,2,6974,1283.61,2025-12-27 21:34:42
7823,4,2,6975,1677.68,2025-02-14 08:30:41
7824,6,2,6976,1543.66,2025-01-16 07:44:10
7825,1,2,6977,718.72,2025-01-15 05:05:40
7826,6,3,6978,1304.40,2025-08-13 00:38:43
7827,1,2,6978,1304.40,2025-08-13 00:42:43
7828,10,2,6979,829.62,2025-06-14 12:48:30
7829,3,2,6980,2028.69,2025-03-02 18:33:05
7830,6,2,6981,942.59,2025-02-02 18:36:46
7831,2,2,6982,482.94,2025-02-26 12:42:44
7832,5,2,6983,2810.41,2025-09-16 06:26:33
7833,6,3,6984,783.13,2025-05-02 12:45:38
7834,1,2,6984,783.13,2025-05-02 12:49:38
7835,8,3,6985,835.52,2025-03-10 14:58:01
7836,6,2,6985,835.52,2025-03-10 15:02:01
7837,5,2,6986,1051.08,2025-10-01 15:35:27
7838,3,2,6987,1347.83,2025-01-19 18:48:13
7839,9,2,6988,1347.90,2025-09-24 23:35:19
7840,7,2,6989,893.22,2025-01-29 02:21:39
7841,1,3,6990,2079.63,2025-02-21 02:23:34
7842,1,2,6990,2079.63,2025-02-21 02:27:34
7843,8,2,6991,915.39,2025-06-17 21:03:14
7844,9,2,6992,2775.90,2025-09-04 23:52:27
7845,8,2,6993,2467.36,2025-01-04 14:40:59
7846,3,2,6994,1134.44,2025-10-05 09:50:12
7847,4,2,6995,1528.76,2025-05-03 09:21:09
7848,4,2,6996,748.56,2025-03-21 19:50:50
7849,9,2,6997,335.62,2025-03-12 13:17:16
7850,9,2,6998,1612.32,2025-04-26 20:32:32
7851,10,2,6999,1924.92,2025-01-27 18:38:40
7852,6,3,7000,1715.54,2025-05-30 19:54:25
7853,3,2,7000,1715.54,2025-05-30 19:58:25
7854,1,2,7001,731.96,2025-06-20 09:01:19
7855,4,2,7002,1084.14,2025-01-03 00:00:53
7856,2,2,7003,1210.45,2025-12-12 13:28:32
7857,10,3,7004,1824.65,2025-06-03 00:00:27
7858,4,2,7004,1824.65,2025-06-03 00:04:27
7859,6,2,7005,1197.02,2025-12-13 07:44:35
7860,9,2,7006,2480.33,2025-12-19 06:40:19
7861,9,2,7007,2513.84,2025-09-29 18:07:58
7862,9,2,7008,678.87,2025-07-18 07:14:36
7863,6,2,7009,9936.42,2025-11-09 10:04:14
7864,7,2,7010,14077.64,2025-10-22 16:58:40
7865,9,2,7011,435.10,2025-01-28 05:24:45
7866,2,2,7012,800.88,2025-11-24 20:52:08
7867,3,2,7013,648.14,2025-06-18 10:52:45
7868,7,2,7014,1431.86,2025-04-15 21:17:24
7869,9,2,7015,655.75,2025-07-26 23:31:38
7870,3,2,7016,2006.23,2025-01-18 12:37:58
7871,10,2,7017,3821.38,2025-10-27 19:22:23
7872,4,2,7018,6525.64,2025-08-06 12:21:37
7873,9,2,7019,525.62,2025-07-29 09:38:21
7874,7,3,7020,1174.88,2025-08-19 16:01:53
7875,5,2,7020,1174.88,2025-08-19 16:05:53
7876,10,3,7021,9356.51,2025-08-31 02:47:34
7877,10,2,7021,9356.51,2025-08-31 02:51:34
7878,6,2,7022,1146.77,2025-12-08 15:32:17
7879,6,2,7023,2568.66,2025-01-05 01:39:56
7880,9,2,7024,1602.40,2025-04-29 05:34:09
7881,8,2,7025,1240.67,2025-03-03 23:13:18
7882,1,2,7026,645.47,2025-08-03 15:16:11
7883,6,2,7027,1658.53,2025-10-26 23:43:53
7884,7,2,7028,294.54,2025-08-21 15:49:02
7885,8,2,7029,2882.06,2025-10-03 14:57:53
7886,7,2,7030,18119.76,2025-01-10 02:42:49
7887,9,2,7031,761.72,2025-11-11 05:18:16
7888,4,2,7032,1308.89,2025-06-30 09:26:42
7889,6,2,7033,1538.11,2025-01-09 11:34:32
7890,7,2,7034,876.50,2025-02-24 14:14:36
7891,8,2,7035,679.62,2025-04-12 04:40:56
7892,6,3,7036,705.60,2025-05-14 15:48:04
7893,4,2,7036,705.60,2025-05-14 15:52:04
7894,4,2,7037,15573.79,2025-07-16 23:59:16
7895,7,2,7038,3844.78,2025-07-15 06:00:29
7896,5,2,7039,2541.78,2025-03-16 08:44:43
7897,7,2,7040,385.77,2025-06-14 04:17:03
7898,8,2,7041,633.78,2025-09-06 17:54:37
7899,8,2,7042,813.50,2025-06-08 09:04:52
7900,4,2,7043,2326.00,2025-03-22 19:51:39
7901,9,2,7044,828.04,2025-08-10 19:01:49
7902,1,2,7045,1807.42,2025-09-05 09:24:16
7903,1,2,7046,588.85,2025-04-23 12:44:03
7904,1,2,7047,482.39,2025-05-04 04:03:56
7905,6,2,7048,4598.62,2025-01-12 11:57:36
7906,5,2,7049,1423.24,2025-03-20 20:15:20
7907,2,2,7050,1855.45,2025-05-07 08:42:02
7908,3,2,7051,831.60,2025-11-01 17:38:36
7909,1,2,7052,1242.83,2025-05-12 15:02:18
7910,8,2,7053,4497.36,2025-08-01 04:45:54
7911,2,2,7054,4744.57,2025-11-03 01:42:20
7912,8,2,7055,1194.66,2025-07-26 02:23:24
7913,4,3,7056,2839.89,2025-05-05 23:52:44
7914,6,2,7056,2839.89,2025-05-05 23:56:44
7915,7,2,7057,1283.09,2025-10-31 11:51:54
7916,6,2,7058,630.94,2025-11-09 10:23:34
7917,5,3,7059,945.06,2025-05-05 00:19:17
7918,4,2,7059,945.06,2025-05-05 00:23:17
7919,9,2,7060,498.52,2025-03-19 14:17:27
7920,10,3,7061,17238.73,2025-11-10 05:13:43
7921,7,2,7061,17238.73,2025-11-10 05:17:43
7922,10,3,7062,1569.28,2025-08-09 09:34:18
7923,1,2,7062,1569.28,2025-08-09 09:38:18
7924,4,3,7063,1756.31,2025-08-27 23:07:41
7925,7,2,7063,1756.31,2025-08-27 23:11:41
7926,7,2,7064,1653.14,2025-12-12 09:36:09
7927,5,2,7065,2816.82,2025-03-23 12:53:06
7928,5,2,7066,1256.82,2025-09-20 18:32:58
7929,6,2,7067,1585.96,2025-07-03 10:05:14
7930,8,2,7068,769.46,2025-01-08 07:34:27
7931,6,2,7069,1222.85,2025-10-11 02:08:05
7932,4,2,7070,509.02,2025-05-24 15:54:22
7933,5,3,7071,984.36,2025-05-04 17:16:50
7934,3,2,7071,984.36,2025-05-04 17:20:50
7935,4,2,7072,756.33,2025-05-20 05:40:29
7936,6,2,7073,2542.02,2025-10-17 11:49:56
7937,5,2,7074,960.25,2025-04-27 01:28:46
7938,6,2,7075,711.17,2025-04-01 13:26:05
7939,2,2,7076,2562.26,2025-07-20 06:45:33
7940,10,2,7077,5227.60,2025-02-07 01:58:26
7941,9,2,7078,2108.74,2025-01-20 20:43:27
7942,5,2,7079,2860.17,2025-07-22 04:03:41
7943,5,2,7080,1677.17,2025-06-15 15:44:58
7944,4,2,7081,1684.77,2025-09-06 22:07:08
7945,2,2,7082,3082.16,2025-07-23 16:55:31
7946,8,3,7083,1634.10,2025-06-19 13:06:50
7947,7,2,7083,1634.10,2025-06-19 13:10:50
7948,4,3,7084,1853.41,2025-04-14 14:58:48
7949,6,2,7084,1853.41,2025-04-14 15:02:48
7950,10,2,7085,1371.53,2025-06-22 11:41:55
7951,1,2,7086,358.64,2025-02-22 16:46:53
7952,6,2,7087,816.54,2025-05-08 22:58:57
7953,9,2,7088,710.15,2025-06-25 15:29:59
7954,9,3,7089,1293.44,2025-08-27 10:41:05
7955,2,2,7089,1293.44,2025-08-27 10:45:05
7956,5,2,7090,3398.32,2025-02-25 14:28:45
7957,7,2,7091,2894.20,2025-01-03 04:54:35
7958,6,2,7092,4124.57,2025-10-17 15:34:34
7959,5,2,7093,3350.28,2025-04-16 03:36:38
7960,10,2,7094,516.66,2025-10-29 01:51:51
7961,8,2,7095,2596.24,2025-12-21 06:08:06
7962,2,2,7096,2675.36,2025-08-07 05:54:31
7963,1,2,7097,3464.18,2025-11-05 01:12:45
7964,9,2,7098,3123.48,2025-10-22 04:32:29
7965,4,2,7099,40589.48,2025-11-02 08:51:28
7966,8,2,7100,1934.03,2025-12-27 19:30:29
7967,3,2,7101,1512.58,2025-04-29 00:24:30
7968,5,2,7102,696.65,2025-12-15 05:24:06
7969,8,3,7103,5151.63,2025-06-04 11:16:02
7970,8,2,7103,5151.63,2025-06-04 11:20:02
7971,9,2,7104,1309.83,2025-11-01 11:34:59
7972,2,2,7105,852.77,2025-04-05 19:10:12
7973,3,2,7106,1761.65,2025-08-22 03:04:01
7974,7,2,7107,662.28,2025-01-18 11:25:10
7975,1,2,7108,4885.77,2025-02-05 09:56:03
7976,2,2,7109,1808.60,2025-10-24 21:58:19
7977,7,2,7110,941.41,2025-03-31 13:12:42
7978,10,2,7111,4382.38,2025-12-13 00:41:37
7979,8,2,7112,2755.50,2025-06-15 13:02:30
7980,2,2,7113,1207.36,2025-10-21 15:58:02
7981,9,2,7114,376.78,2025-02-10 17:58:13
7982,2,3,7115,11678.21,2025-03-08 09:49:56
7983,4,2,7115,11678.21,2025-03-08 09:53:56
7984,7,2,7116,1171.73,2025-12-02 07:35:41
7985,8,2,7117,20236.92,2025-07-21 05:57:06
7986,2,2,7118,790.20,2025-10-24 14:50:36
7987,6,2,7119,921.72,2025-02-05 20:59:38
7988,5,2,7120,225.53,2025-04-01 04:19:17
7989,8,2,7121,2540.96,2025-09-09 20:08:26
7990,1,2,7122,4178.58,2025-11-12 15:18:34
7991,9,2,7123,1880.06,2025-07-17 13:43:26
7992,9,2,7124,17828.96,2025-09-21 19:14:23
7993,10,2,7125,2814.64,2025-07-18 04:55:35
7994,4,2,7126,647.08,2025-04-28 23:12:15
7995,10,2,7127,1130.10,2025-01-22 15:20:40
7996,5,2,7128,1142.51,2025-05-10 14:09:32
7997,1,2,7129,1447.11,2025-08-06 15:13:23
7998,5,2,7130,2918.10,2025-08-15 21:35:57
7999,10,3,7131,2577.02,2025-07-31 06:20:15
8000,8,2,7131,2577.02,2025-07-31 06:24:15
8001,3,2,7132,520.45,2025-07-06 17:40:43
8002,9,2,7133,4800.50,2025-10-09 07:01:00
8003,9,3,7134,524.90,2025-03-09 09:03:19
8004,3,2,7134,524.90,2025-03-09 09:07:19
8005,9,2,7135,2096.53,2025-07-22 10:33:11
8006,2,2,7136,1294.80,2025-03-12 10:18:52
8007,10,2,7137,1179.52,2025-12-28 00:50:02
8008,3,2,7138,410.28,2025-01-28 14:07:44
8009,9,3,7139,1979.54,2025-09-02 00:58:00
8010,5,2,7139,1979.54,2025-09-02 01:02:00
8011,3,3,7140,6801.48,2025-05-23 08:20:22
8012,5,2,7140,6801.48,2025-05-23 08:24:22
8013,1,2,7141,953.28,2025-03-20 09:38:10
8014,4,2,7142,1714.50,2025-04-29 01:07:40
8015,8,2,7143,3377.16,2025-06-05 07:54:00
8016,8,2,7144,1101.49,2025-04-08 04:39:34
8017,5,2,7145,1523.64,2025-05-03 00:40:45
8018,1,2,7146,809.07,2025-06-11 00:17:14
8019,8,2,7147,21372.19,2025-04-19 03:13:55
8020,1,2,7148,2725.41,2025-06-29 14:05:44
8021,2,2,7149,14038.33,2025-03-07 11:06:16
8022,9,2,7150,1357.77,2025-12-10 06:33:16
8023,9,2,7151,2080.21,2025-12-02 06:13:37
8024,5,2,7152,7915.10,2025-08-11 00:44:07
8025,9,3,7153,868.57,2025-01-20 08:31:27
8026,10,2,7153,868.57,2025-01-20 08:35:27
8027,9,2,7154,12154.84,2025-01-02 21:02:24
8028,1,2,7155,1316.72,2025-01-29 14:22:17
8029,1,2,7156,897.44,2025-11-10 02:42:41
8030,5,3,7157,2907.26,2025-12-08 06:54:36
8031,10,2,7157,2907.26,2025-12-08 06:58:36
8032,4,2,7158,434.66,2025-06-10 10:43:43
8033,5,2,7159,2622.33,2025-02-27 07:47:48
8034,4,2,7160,1359.54,2025-09-02 11:03:32
8035,9,2,7161,1077.82,2025-07-21 10:20:20
8036,9,3,7162,716.06,2025-12-10 21:42:25
8037,7,2,7162,716.06,2025-12-10 21:46:25
8038,10,2,7163,2226.25,2025-01-10 10:38:47
8039,6,2,7164,827.11,2025-04-15 16:42:01
8040,7,2,7165,411.41,2025-11-19 23:53:49
8041,5,2,7166,1498.50,2025-07-12 16:56:47
8042,9,2,7167,713.98,2025-05-06 13:42:23
8043,9,2,7168,2325.52,2025-04-27 07:07:56
8044,9,2,7169,684.34,2025-03-25 01:56:05
8045,9,2,7170,1036.16,2025-10-31 08:34:27
8046,8,2,7171,1532.67,2025-10-19 21:42:25
8047,7,2,7172,459.41,2025-08-08 08:39:28
8048,4,3,7173,927.40,2025-07-08 14:13:09
8049,1,2,7173,927.40,2025-07-08 14:17:09
8050,8,2,7174,685.79,2025-06-13 09:16:02
8051,3,2,7175,15800.17,2025-02-25 22:57:22
8052,2,2,7176,775.79,2025-06-30 23:43:28
8053,4,2,7177,1893.69,2025-10-24 11:53:23
8054,1,2,7178,1708.82,2025-08-27 10:31:26
8055,10,2,7179,1128.96,2025-08-26 06:19:08
8056,8,2,7180,2422.81,2025-04-03 05:26:14
8057,10,2,7181,9717.24,2025-01-03 13:06:52
8058,5,2,7182,1218.21,2025-06-16 22:21:40
8059,6,2,7183,1364.69,2025-01-23 09:52:24
8060,4,2,7184,917.13,2025-09-07 10:22:59
8061,3,3,7185,901.13,2025-04-23 23:38:05
8062,2,2,7185,901.13,2025-04-23 23:42:05
8063,6,2,7186,1236.07,2025-10-02 18:45:30
8064,9,2,7187,7142.97,2025-09-08 03:03:38
8065,5,2,7188,444.54,2025-11-11 02:10:30
8066,8,2,7189,10530.10,2025-07-29 05:11:28
8067,1,2,7190,1641.33,2025-11-03 04:04:35
8068,4,2,7191,29658.11,2025-07-21 01:39:10
8069,4,2,7192,3869.99,2025-07-24 22:19:53
8070,4,2,7193,313.53,2025-03-28 01:14:01
8071,2,2,7194,536.94,2025-04-24 18:39:01
8072,9,2,7195,758.40,2025-05-12 13:05:38
8073,5,2,7196,1070.72,2025-03-29 23:49:11
8074,1,2,7197,2689.12,2025-01-01 06:12:46
8075,2,2,7198,1398.07,2025-02-28 02:03:40
8076,8,2,7199,1099.20,2025-11-06 21:21:31
8077,2,2,7200,10832.68,2025-01-29 00:10:49
8078,5,2,7201,525.15,2025-08-29 19:25:43
8079,7,2,7202,873.51,2025-07-12 14:27:07
8080,10,2,7203,3003.37,2025-05-15 17:01:40
8081,7,2,7204,616.35,2025-05-31 12:55:57
8082,2,2,7205,2090.46,2025-09-15 14:23:29
8083,9,2,7206,874.49,2025-04-02 13:13:53
8084,7,2,7207,2436.40,2025-11-19 00:09:04
8085,8,3,7208,2925.77,2025-12-24 22:40:53
8086,6,2,7208,2925.77,2025-12-24 22:44:53
8087,4,2,7209,908.94,2025-08-20 16:00:41
8088,9,2,7210,1161.12,2025-11-18 06:10:26
8089,8,2,7211,1502.54,2025-07-19 05:29:07
8090,1,2,7212,450.74,2025-11-01 16:40:44
8091,7,2,7213,2612.55,2025-03-16 10:24:49
8092,7,2,7214,1647.88,2025-12-17 18:50:17
8093,7,2,7215,2711.35,2025-09-20 02:33:55
8094,10,3,7216,19159.97,2025-02-21 01:40:01
8095,7,2,7216,19159.97,2025-02-21 01:44:01
8096,9,2,7217,424.09,2025-09-27 16:28:16
8097,10,2,7218,1918.45,2025-11-28 19:19:37
8098,3,2,7219,876.64,2025-09-02 07:50:19
8099,1,3,7220,2496.26,2025-03-05 20:26:20
8100,9,2,7220,2496.26,2025-03-05 20:30:20
8101,1,2,7221,500.01,2025-04-26 07:56:56
8102,1,2,7222,4287.57,2025-02-03 18:06:32
8103,4,2,7223,14074.63,2025-11-08 11:47:31
8104,5,2,7224,1146.85,2025-07-27 17:32:04
8105,6,2,7225,1840.44,2025-04-02 03:30:34
8106,9,3,7226,538.93,2025-07-18 16:12:34
8107,3,2,7226,538.93,2025-07-18 16:16:34
8108,10,2,7227,916.85,2025-04-26 09:27:12
8109,4,2,7228,410.10,2025-03-04 01:05:11
8110,6,2,7229,1411.98,2025-10-03 09:24:59
8111,5,2,7230,1924.57,2025-01-16 15:31:34
8112,2,2,7231,2414.48,2025-05-15 19:58:36
8113,4,3,7232,539.41,2025-11-10 03:13:29
8114,6,2,7232,539.41,2025-11-10 03:17:29
8115,8,2,7233,1306.03,2025-02-28 00:29:17
8116,6,2,7234,964.97,2025-12-15 22:47:44
8117,7,2,7235,6681.82,2025-10-31 23:26:58
8118,6,2,7236,1139.83,2025-08-20 11:25:39
8119,9,2,7237,666.82,2025-02-08 13:27:03
8120,9,2,7238,2146.24,2025-04-24 11:59:37
8121,10,2,7239,837.84,2025-10-08 08:42:16
8122,5,2,7240,2322.73,2025-06-11 06:28:52
8123,6,2,7241,27090.55,2025-08-27 16:20:32
8124,2,3,7242,931.74,2025-04-09 13:28:11
8125,5,2,7242,931.74,2025-04-09 13:32:11
8126,4,2,7243,1332.03,2025-08-02 04:43:13
8127,1,3,7244,755.99,2025-09-08 18:54:28
8128,10,2,7244,755.99,2025-09-08 18:58:28
8129,8,2,7245,8207.74,2025-07-06 04:53:41
8130,8,2,7246,1166.28,2025-09-07 16:07:20
8131,7,2,7247,798.10,2025-06-21 10:01:22
8132,4,2,7248,3965.28,2025-10-01 13:50:04
8133,6,2,7249,661.48,2025-01-13 18:48:00
8134,8,2,7250,712.07,2025-05-25 06:27:16
8135,10,3,7251,1851.82,2025-12-27 06:01:21
8136,1,2,7251,1851.82,2025-12-27 06:05:21
8137,5,2,7252,360.30,2025-10-27 09:51:38
8138,7,2,7253,3855.23,2025-07-01 04:32:40
8139,1,2,7254,948.28,2025-07-18 18:02:16
8140,2,2,7255,11275.51,2025-08-01 22:41:32
8141,9,2,7256,1846.98,2025-02-01 13:56:40
8142,3,2,7257,2406.20,2025-11-22 00:26:53
8143,2,2,7258,5951.20,2025-04-28 23:55:49
8144,10,2,7259,3076.95,2025-10-01 07:37:34
8145,1,2,7260,682.26,2025-12-22 08:36:39
8146,5,2,7261,4843.76,2025-02-24 13:00:35
8147,10,2,7262,1414.05,2025-10-14 00:40:57
8148,9,2,7263,1745.72,2025-07-11 12:18:49
8149,8,2,7264,370.24,2025-08-14 18:36:15
8150,3,2,7265,1869.35,2025-02-27 18:41:40
8151,9,2,7266,963.96,2025-10-25 19:05:08
8152,9,2,7267,2163.00,2025-04-21 11:16:51
8153,10,2,7268,1522.85,2025-12-14 07:33:16
8154,4,2,7269,911.00,2025-01-15 00:05:03
8155,2,2,7270,1220.10,2025-01-24 14:30:57
8156,4,2,7271,1804.12,2025-08-29 14:53:48
8157,1,2,7272,3484.65,2025-04-03 11:21:29
8158,1,2,7273,1843.29,2025-04-09 00:19:27
8159,7,3,7274,2158.38,2025-06-15 13:39:59
8160,3,2,7274,2158.38,2025-06-15 13:43:59
8161,7,3,7275,2736.45,2025-02-08 06:56:39
8162,7,2,7275,2736.45,2025-02-08 07:00:39
8163,4,2,7276,186.21,2025-01-03 13:36:10
8164,5,2,7277,1107.37,2025-12-30 08:32:24
8165,7,2,7278,1274.91,2025-03-15 02:57:42
8166,3,2,7279,20468.95,2025-07-15 21:23:26
8167,8,2,7280,2671.30,2025-04-05 21:32:48
8168,1,2,7281,3475.66,2025-11-09 03:09:48
8169,3,3,7282,1993.97,2025-12-13 21:48:26
8170,3,2,7282,1993.97,2025-12-13 21:52:26
8171,10,2,7283,1482.71,2025-12-25 05:52:30
8172,2,2,7284,2551.98,2025-01-12 00:39:35
8173,9,2,7285,988.99,2025-05-03 18:28:49
8174,1,2,7286,841.63,2025-09-02 03:29:20
8175,10,2,7287,566.82,2025-03-20 19:21:43
8176,1,2,7288,4208.72,2025-06-24 17:51:43
8177,4,2,7289,1868.79,2025-12-28 05:27:45
8178,7,2,7290,4323.73,2025-11-17 08:26:01
8179,9,2,7291,884.75,2025-03-12 09:51:20
8180,5,2,7292,1013.30,2025-05-12 15:14:59
8181,9,2,7293,860.90,2025-04-19 07:54:43
8182,4,2,7294,793.77,2025-11-14 11:59:25
8183,1,2,7295,369.00,2025-01-12 18:14:39
8184,1,2,7296,1632.05,2025-05-02 00:47:46
8185,5,2,7297,1559.62,2025-05-12 21:18:55
8186,6,2,7298,2647.78,2025-09-19 20:59:27
8187,3,3,7299,4243.74,2025-04-30 15:06:10
8188,3,2,7299,4243.74,2025-04-30 15:10:10
8189,4,2,7300,20671.49,2025-02-19 16:40:01
8190,4,2,7301,10405.66,2025-10-31 14:41:20
8191,4,2,7302,2074.12,2025-08-31 12:43:57
8192,1,2,7303,521.79,2025-12-24 10:00:56
8193,10,3,7304,2791.85,2025-05-29 13:35:52
8194,6,2,7304,2791.85,2025-05-29 13:39:52
8195,3,2,7305,1780.42,2025-09-23 10:52:17
8196,6,2,7306,545.35,2025-09-03 12:44:43
8197,3,2,7307,1053.05,2025-02-16 04:04:14
8198,7,2,7308,1196.66,2025-03-30 23:46:58
8199,6,2,7309,1576.10,2025-08-17 09:24:37
8200,9,2,7310,2826.21,2025-04-28 02:12:09
8201,2,2,7311,2993.81,2025-08-04 10:50:45
8202,5,2,7312,24627.95,2025-12-02 17:34:39
8203,6,2,7313,730.47,2025-12-23 07:59:56
8204,10,2,7314,704.47,2025-04-21 13:13:07
8205,3,2,7315,2125.76,2025-08-31 12:59:59
8206,6,2,7316,1753.56,2025-06-26 05:57:02
8207,3,2,7317,3393.52,2025-04-08 01:52:48
8208,1,2,7318,5196.97,2025-11-11 05:14:49
8209,5,2,7319,2687.57,2025-07-22 08:40:59
8210,1,2,7320,1276.60,2025-12-11 20:59:29
8211,9,2,7321,2019.24,2025-04-11 15:03:48
8212,10,2,7322,1465.26,2025-07-03 19:46:45
8213,10,2,7323,2414.97,2025-06-04 03:35:32
8214,8,3,7324,3106.08,2025-03-09 06:57:36
8215,5,2,7324,3106.08,2025-03-09 07:01:36
8216,2,2,7325,2412.84,2025-10-17 10:50:35
8217,1,2,7326,1398.66,2025-05-09 23:21:00
8218,9,2,7327,1912.54,2025-01-31 19:41:06
8219,9,2,7328,1414.32,2025-09-13 06:46:15
8220,8,2,7329,16432.30,2025-03-25 21:53:00
8221,5,2,7330,761.00,2025-10-09 21:45:14
8222,2,2,7331,1117.28,2025-09-17 04:49:44
8223,6,2,7332,533.60,2025-12-29 11:18:52
8224,6,2,7333,4161.06,2025-09-21 23:15:13
8225,3,2,7334,2280.37,2025-12-29 13:41:12
8226,5,2,7335,576.43,2025-01-27 03:58:01
8227,3,3,7336,6306.29,2025-12-04 20:09:42
8228,2,2,7336,6306.29,2025-12-04 20:13:42
8229,7,2,7337,21363.84,2025-08-17 21:23:46
8230,1,2,7338,1226.63,2025-11-11 05:56:15
8231,7,2,7339,770.72,2025-03-01 14:27:26
8232,7,2,7340,1668.58,2025-12-27 05:47:22
8233,8,2,7341,1109.24,2025-06-11 10:15:40
8234,7,3,7342,7179.42,2025-09-15 16:23:26
8235,3,2,7342,7179.42,2025-09-15 16:27:26
8236,4,2,7343,815.61,2025-04-11 22:02:04
8237,10,2,7344,2800.55,2025-05-24 23:42:14
8238,6,2,7345,8109.22,2025-02-10 07:49:07
8239,7,2,7346,1713.48,2025-04-03 06:39:28
8240,4,2,7347,746.87,2025-01-16 16:59:23
8241,8,2,7348,1952.31,2025-04-02 16:24:56
8242,7,2,7349,448.88,2025-05-15 17:22:24
8243,9,2,7350,2668.60,2025-05-27 22:02:10
8244,7,2,7351,1111.05,2025-12-15 16:11:18
8245,6,2,7352,373.64,2025-11-11 05:48:38
8246,10,2,7353,10034.44,2025-01-01 13:37:54
8247,10,2,7354,2023.65,2025-10-14 22:52:06
8248,8,2,7355,1613.03,2025-01-07 22:35:31
8249,7,2,7356,321.75,2025-10-28 18:47:39
8250,1,2,7357,578.40,2025-11-11 18:04:07
8251,6,2,7358,1444.70,2025-10-23 10:15:01
8252,6,2,7359,5085.74,2025-07-09 08:22:01
8253,2,2,7360,2172.96,2025-01-08 12:38:31
8254,2,2,7361,877.44,2025-08-13 10:33:59
8255,3,2,7362,674.41,2025-09-11 11:36:17
8256,4,2,7363,3236.28,2025-10-08 02:41:44
8257,9,2,7364,1660.87,2025-09-30 02:52:13
8258,2,2,7365,4940.88,2025-06-10 10:07:05
8259,9,2,7366,1374.28,2025-07-18 20:45:49
8260,6,2,7367,4354.65,2025-12-15 20:53:55
8261,3,3,7368,2917.21,2025-03-05 01:55:25
8262,3,2,7368,2917.21,2025-03-05 01:59:25
8263,10,2,7369,785.98,2025-07-28 04:09:11
8264,1,2,7370,12530.88,2025-03-18 09:09:34
8265,9,2,7371,798.88,2025-03-25 16:48:10
8266,10,2,7372,834.74,2025-07-29 17:32:34
8267,8,2,7373,1402.32,2025-06-17 17:51:28
8268,7,3,7374,5671.12,2025-08-29 20:55:28
8269,1,2,7374,5671.12,2025-08-29 20:59:28
8270,6,2,7375,6474.58,2025-01-28 17:28:18
8271,4,2,7376,2896.44,2025-03-10 21:43:54
8272,9,2,7377,1850.45,2025-03-02 20:18:33
8273,7,2,7378,3959.26,2025-11-23 08:05:37
8274,7,2,7379,605.81,2025-11-25 08:37:47
8275,1,2,7380,557.07,2025-09-30 12:14:54
8276,4,3,7381,1305.70,2025-04-30 01:15:10
8277,3,2,7381,1305.70,2025-04-30 01:19:10
8278,8,2,7382,499.17,2025-11-20 01:24:11
8279,9,2,7383,1355.00,2025-02-06 12:35:02
8280,10,2,7384,1236.60,2025-06-03 06:39:21
8281,3,2,7385,730.52,2025-11-29 06:23:04
8282,10,2,7386,991.89,2025-08-25 09:06:41
8283,10,2,7387,978.60,2025-04-06 18:37:07
8284,1,3,7388,1431.65,2025-08-26 13:55:55
8285,1,2,7388,1431.65,2025-08-26 13:59:55
8286,3,2,7389,868.28,2025-03-09 18:22:21
8287,4,2,7390,739.69,2025-04-05 00:58:46
8288,5,2,7391,3467.15,2025-08-27 09:56:13
8289,7,2,7392,1501.55,2025-09-02 04:04:05
8290,7,2,7393,2038.79,2025-02-04 02:54:33
8291,5,2,7394,18445.56,2025-05-07 02:16:18
8292,7,2,7395,654.31,2025-05-03 23:52:20
8293,10,3,7396,10487.09,2025-07-31 11:59:10
8294,8,2,7396,10487.09,2025-07-31 12:03:10
8295,9,2,7397,2781.31,2025-11-07 20:59:54
8296,6,2,7398,315.33,2025-08-03 18:56:50
8297,3,2,7399,4469.90,2025-05-28 09:35:52
8298,10,3,7400,1780.42,2025-11-26 08:29:10
8299,1,2,7400,1780.42,2025-11-26 08:33:10
8300,1,2,7401,673.21,2025-08-06 05:27:16
8301,8,2,7402,810.43,2025-03-04 15:31:44
8302,2,3,7403,967.47,2025-01-21 05:27:22
8303,7,2,7403,967.47,2025-01-21 05:31:22
8304,6,3,7404,1193.78,2025-10-27 20:01:29
8305,6,2,7404,1193.78,2025-10-27 20:05:29
8306,8,2,7405,1233.20,2025-03-20 10:26:25
8307,8,2,7406,3080.22,2025-03-28 17:05:16
8308,8,2,7407,3382.15,2025-11-30 13:07:49
8309,4,2,7408,2324.87,2025-05-23 18:31:15
8310,1,2,7409,582.46,2025-07-24 03:31:45
8311,9,2,7410,923.73,2025-10-07 18:05:37
8312,8,2,7411,2175.89,2025-02-18 19:25:37
8313,6,2,7412,1433.88,2025-10-09 07:59:53
8314,2,2,7413,4810.39,2025-04-19 02:42:43
8315,9,2,7414,5240.38,2025-01-04 10:01:17
8316,3,2,7415,1138.37,2025-07-02 10:50:20
8317,9,2,7416,1252.73,2025-05-18 11:24:15
8318,7,2,7417,1949.25,2025-06-29 18:02:18
8319,2,2,7418,1112.16,2025-03-16 02:54:48
8320,4,2,7419,3263.63,2025-12-22 07:17:18
8321,2,2,7420,634.76,2025-08-24 16:47:21
8322,4,2,7421,1257.58,2025-03-10 06:22:29
8323,1,2,7422,6425.26,2025-08-10 20:29:52
8324,2,2,7423,437.82,2025-02-27 14:25:36
8325,7,2,7424,2730.32,2025-02-27 21:35:50
8326,5,2,7425,3073.96,2025-02-02 09:41:48
8327,6,2,7426,10008.81,2025-06-14 02:07:22
8328,4,2,7427,1699.13,2025-02-20 03:54:49
8329,1,2,7428,20654.64,2025-01-23 11:47:35
8330,7,2,7429,1364.55,2025-12-26 05:45:26
8331,6,2,7430,587.61,2025-09-23 11:05:05
8332,9,2,7431,15695.79,2025-07-01 10:49:40
8333,9,3,7432,18717.10,2025-10-27 12:08:49
8334,9,2,7432,18717.10,2025-10-27 12:12:49
8335,9,3,7433,2914.21,2025-01-10 14:50:38
8336,5,2,7433,2914.21,2025-01-10 14:54:38
8337,10,2,7434,984.63,2025-12-14 10:07:05
8338,5,3,7435,1010.58,2025-12-29 14:30:07
8339,9,2,7435,1010.58,2025-12-29 14:34:07
8340,3,2,7436,2947.65,2025-10-29 21:55:00
8341,8,2,7437,5406.74,2025-07-09 07:09:31
8342,9,2,7438,2106.74,2025-02-04 00:05:21
8343,8,2,7439,1101.97,2025-01-13 04:12:43
8344,7,2,7440,10130.50,2025-11-29 18:18:52
8345,1,2,7441,29583.97,2025-04-05 07:04:02
8346,10,2,7442,9611.25,2025-04-21 20:53:11
8347,6,2,7443,1025.27,2025-07-19 06:17:48
8348,4,2,7444,2704.21,2025-03-24 01:40:38
8349,5,2,7445,2663.80,2025-10-23 18:17:45
8350,6,2,7446,3503.69,2025-06-29 05:31:25
8351,7,2,7447,1068.57,2025-06-19 10:04:36
8352,8,2,7448,711.08,2025-12-20 20:23:28
8353,3,2,7449,663.10,2025-07-13 07:55:47
8354,10,2,7450,1975.68,2025-04-21 22:24:21
8355,7,2,7451,15564.66,2025-10-17 05:53:10
8356,5,3,7452,790.58,2025-07-24 12:41:24
8357,8,2,7452,790.58,2025-07-24 12:45:24
8358,1,2,7453,2101.34,2025-09-28 17:06:15
8359,6,2,7454,1655.18,2025-06-02 07:06:42
8360,10,2,7455,3832.64,2025-12-24 12:34:23
8361,9,2,7456,3407.64,2025-10-23 02:53:55
8362,3,2,7457,1669.10,2025-12-04 00:48:39
8363,7,2,7458,10717.50,2025-11-28 06:00:49
8364,10,3,7459,1256.68,2025-10-15 23:48:27
8365,7,2,7459,1256.68,2025-10-15 23:52:27
8366,6,2,7460,9709.60,2025-03-08 09:09:33
8367,2,3,7461,2995.76,2025-05-30 16:06:06
8368,4,2,7461,2995.76,2025-05-30 16:10:06
8369,8,2,7462,644.85,2025-02-05 00:30:10
8370,8,2,7463,3779.46,2025-07-16 12:02:21
8371,9,2,7464,12688.47,2025-01-25 02:30:42
8372,6,2,7465,1214.79,2025-08-18 07:50:31
8373,6,2,7466,4589.76,2025-05-19 01:52:11
8374,7,2,7467,2669.65,2025-10-25 08:44:33
8375,8,2,7468,2922.67,2025-10-28 08:40:00
8376,10,2,7469,1135.89,2025-12-21 08:36:29
8377,3,2,7470,3401.00,2025-06-10 23:34:50
8378,2,2,7471,16795.38,2025-12-07 20:38:27
8379,1,3,7472,1391.77,2025-12-16 08:06:34
8380,3,2,7472,1391.77,2025-12-16 08:10:34
8381,3,2,7473,1082.32,2025-07-01 23:23:21
8382,7,2,7474,2857.81,2025-07-31 17:09:21
8383,7,2,7475,9748.94,2025-01-25 13:59:31
8384,10,2,7476,437.06,2025-07-30 10:01:36
8385,2,2,7477,929.03,2025-05-08 08:56:26
8386,3,2,7478,2925.09,2025-02-03 01:50:34
8387,2,2,7479,697.23,2025-11-21 03:10:06
8388,5,3,7480,1937.12,2025-04-13 10:34:32
8389,7,2,7480,1937.12,2025-04-13 10:38:32
8390,5,2,7481,5838.40,2025-05-02 18:44:14
8391,9,2,7482,165.91,2025-10-21 10:25:09
8392,3,2,7483,894.07,2025-09-10 14:52:15
8393,10,3,7484,3136.54,2025-10-28 03:54:02
8394,3,2,7484,3136.54,2025-10-28 03:58:02
8395,6,2,7485,692.32,2025-08-11 16:39:55
8396,3,2,7486,4036.17,2025-12-30 17:40:48
8397,3,2,7487,959.81,2025-12-15 15:43:20
8398,8,2,7488,1003.15,2025-11-18 06:14:49
8399,6,2,7489,2850.68,2025-03-02 17:51:08
8400,3,3,7490,2773.54,2025-10-24 21:18:04
8401,9,2,7490,2773.54,2025-10-24 21:22:04
8402,6,2,7491,4088.67,2025-04-17 06:05:26
8403,10,2,7492,3239.92,2025-06-08 08:18:42
8404,10,2,7493,29916.23,2025-03-21 06:13:30
8405,8,2,7494,1011.60,2025-02-11 14:42:48
8406,8,2,7495,1052.07,2025-04-10 03:35:03
8407,3,3,7496,303.56,2025-01-15 13:17:09
8408,6,2,7496,303.56,2025-01-15 13:21:09
8409,6,2,7497,12171.64,2025-03-16 08:33:56
8410,4,2,7498,464.48,2025-07-25 02:02:50
8411,6,2,7499,13808.76,2025-12-31 13:42:44
8412,9,2,7500,1174.86,2025-10-13 10:54:33
8413,4,3,7501,5355.84,2025-10-13 03:36:39
8414,4,2,7501,5355.84,2025-10-13 03:40:39
8415,10,2,7502,991.70,2025-04-25 09:53:52
8416,9,2,7503,1142.93,2025-01-17 08:02:55
8417,10,2,7504,3324.35,2025-06-03 12:00:06
8418,4,2,7505,529.26,2025-01-18 23:47:12
8419,6,2,7506,4012.96,2025-12-10 08:24:14
8420,5,2,7507,1444.06,2025-01-14 08:19:04
8421,7,3,7508,2383.91,2025-06-02 05:26:01
8422,4,2,7508,2383.91,2025-06-02 05:30:01
8423,2,2,7509,1137.45,2025-06-30 06:04:33
8424,7,3,7510,877.86,2025-04-28 14:12:26
8425,1,2,7510,877.86,2025-04-28 14:16:26
8426,8,2,7511,1488.96,2025-07-04 14:02:19
8427,8,2,7512,1669.21,2025-05-21 23:46:39
8428,9,2,7513,2702.93,2025-09-25 07:20:10
8429,10,2,7514,2260.45,2025-10-29 09:24:16
8430,7,2,7515,1046.64,2025-11-11 18:52:26
8431,6,2,7516,4829.24,2025-03-10 14:00:14
8432,4,2,7517,1087.77,2025-10-21 16:02:28
8433,6,2,7518,22028.15,2025-03-29 17:02:13
8434,10,2,7519,2696.87,2025-12-18 15:53:49
8435,7,2,7520,1451.98,2025-12-27 01:44:01
8436,8,2,7521,1324.16,2025-08-18 05:25:23
8437,3,2,7522,1610.57,2025-05-25 20:59:36
8438,9,2,7523,29584.91,2025-11-06 07:32:37
8439,2,3,7524,1232.60,2025-05-08 06:57:48
8440,2,2,7524,1232.60,2025-05-08 07:01:48
8441,4,2,7525,13670.11,2025-08-16 08:16:41
8442,6,2,7526,2097.30,2025-05-02 13:54:29
8443,1,2,7527,2990.44,2025-03-23 21:05:42
8444,10,2,7528,4235.57,2025-01-21 15:54:02
8445,2,2,7529,4453.18,2025-12-11 13:44:12
8446,8,2,7530,1255.22,2025-04-21 17:14:08
8447,8,2,7531,949.44,2025-02-06 05:52:56
8448,3,2,7532,7747.24,2025-01-07 07:34:47
8449,5,2,7533,12472.80,2025-04-10 04:46:37
8450,2,2,7534,4414.10,2025-11-29 10:27:54
8451,9,2,7535,2062.06,2025-06-21 08:56:24
8452,8,2,7536,1276.60,2025-01-23 15:32:43
8453,6,2,7537,605.41,2025-01-26 06:12:48
8454,4,2,7538,5066.44,2025-10-12 22:28:25
8455,2,3,7539,2358.20,2025-12-22 05:20:41
8456,4,2,7539,2358.20,2025-12-22 05:24:41
8457,6,2,7540,981.01,2025-01-31 04:18:53
8458,8,2,7541,3057.32,2025-06-23 13:18:58
8459,8,2,7542,2213.56,2025-12-27 21:06:07
8460,3,2,7543,2395.64,2025-11-13 08:34:57
8461,8,3,7544,790.13,2025-03-08 23:10:46
8462,8,2,7544,790.13,2025-03-08 23:14:46
8463,7,2,7545,1383.13,2025-07-20 01:18:25
8464,1,2,7546,4378.48,2025-05-22 17:05:41
8465,5,2,7547,1151.94,2025-11-14 15:27:11
8466,4,2,7548,848.14,2025-08-05 06:57:14
8467,2,2,7549,1096.34,2025-08-13 08:28:44
8468,7,2,7550,1736.93,2025-11-23 13:51:45
8469,1,2,7551,565.09,2025-01-23 14:34:43
8470,1,2,7552,3264.86,2025-12-30 05:50:45
8471,8,2,7553,1101.04,2025-12-03 03:56:49
8472,5,2,7554,1351.00,2025-02-11 15:04:09
8473,10,2,7555,1215.82,2025-05-19 06:59:04
8474,7,2,7556,1406.99,2025-01-02 17:35:18
8475,4,2,7557,3486.74,2025-06-17 21:49:57
8476,1,2,7558,1281.45,2025-05-22 17:33:51
8477,3,2,7559,20605.80,2025-08-30 20:31:33
8478,1,2,7560,1563.75,2025-04-30 08:45:01
8479,6,2,7561,1454.13,2025-10-10 22:00:42
8480,1,2,7562,1245.57,2025-11-27 17:55:23
8481,8,2,7563,1180.12,2025-06-28 17:18:55
8482,8,2,7564,7077.08,2025-04-22 18:03:19
8483,4,3,7565,264.41,2025-02-03 22:08:43
8484,5,2,7565,264.41,2025-02-03 22:12:43
8485,1,2,7566,642.63,2025-10-02 09:26:35
8486,3,2,7567,1368.36,2025-11-09 22:04:53
8487,9,2,7568,4899.40,2025-05-31 14:14:04
8488,1,2,7569,1775.52,2025-08-14 21:23:22
8489,7,2,7570,4671.39,2025-11-16 08:41:37
8490,10,2,7571,2895.53,2025-07-29 03:19:25
8491,5,3,7572,7548.94,2025-08-14 15:51:24
8492,1,2,7572,7548.94,2025-08-14 15:55:24
8493,5,2,7573,5981.81,2025-05-07 08:26:46
8494,10,2,7574,576.59,2025-04-26 04:24:22
8495,9,2,7575,609.83,2025-11-15 09:15:38
8496,7,2,7576,4676.84,2025-03-09 05:54:36
8497,7,2,7577,905.53,2025-06-15 09:12:14
8498,1,2,7578,1495.90,2025-07-09 21:13:29
8499,2,2,7579,611.46,2025-05-19 09:10:07
8500,5,2,7580,935.94,2025-03-19 06:57:03
8501,6,2,7581,3389.62,2025-08-12 01:12:35
8502,1,2,7582,526.14,2025-04-20 10:25:11
8503,6,2,7583,4838.30,2025-01-02 00:00:58
8504,10,2,7584,773.34,2025-08-18 09:03:27
8505,10,2,7585,1041.45,2025-04-03 09:29:32
8506,3,2,7586,2518.19,2025-12-09 14:27:15
8507,1,2,7587,3447.09,2025-07-23 00:17:39
8508,6,2,7588,2188.86,2025-01-06 10:39:59
8509,3,2,7589,982.74,2025-09-07 22:44:37
8510,9,2,7590,3519.77,2025-01-14 22:01:19
8511,4,2,7591,1736.54,2025-01-09 19:31:58
8512,9,2,7592,3593.50,2025-03-01 00:17:46
8513,4,2,7593,1824.14,2025-09-15 09:18:11
8514,4,2,7594,3411.04,2025-05-25 11:30:44
8515,1,2,7595,843.68,2025-12-19 09:58:35
8516,10,3,7596,9146.35,2025-08-02 14:58:18
8517,1,2,7596,9146.35,2025-08-02 15:02:18
8518,1,2,7597,345.99,2025-07-12 12:01:55
8519,4,2,7598,1482.74,2025-05-02 17:59:26
8520,4,2,7599,2938.70,2025-10-30 08:04:09
8521,4,2,7600,991.70,2025-10-18 12:37:19
8522,1,2,7601,3184.55,2025-04-10 02:02:51
8523,10,2,7602,15393.80,2025-09-05 14:39:43
8524,5,2,7603,1733.65,2025-06-04 07:23:24
8525,4,2,7604,707.45,2025-07-11 16:00:21
8526,3,2,7605,929.64,2025-11-20 17:42:23
8527,4,2,7606,2403.80,2025-01-20 00:50:42
8528,1,2,7607,18296.48,2025-11-01 07:21:33
8529,6,2,7608,763.41,2025-04-30 09:59:36
8530,1,2,7609,2146.92,2025-05-02 09:33:04
8531,2,2,7610,1289.94,2025-10-09 16:35:01
8532,9,2,7611,818.23,2025-05-12 01:16:16
8533,8,2,7612,302.40,2025-05-04 04:45:20
8534,8,2,7613,1806.61,2025-09-26 06:03:09
8535,9,2,7614,1515.68,2025-02-24 11:40:56
8536,3,2,7615,1209.69,2025-06-01 15:13:43
8537,6,2,7616,1480.98,2025-04-06 18:17:16
8538,9,2,7617,2630.21,2025-06-13 03:17:36
8539,3,2,7618,7003.62,2025-07-29 04:51:12
8540,2,2,7619,706.90,2025-01-06 23:45:11
8541,2,2,7620,1131.90,2025-09-25 01:37:49
8542,6,2,7621,1187.71,2025-09-24 04:00:06
8543,8,2,7622,4925.24,2025-10-18 03:43:40
8544,3,2,7623,1490.70,2025-02-10 17:14:50
8545,6,3,7624,1030.82,2025-11-11 06:20:12
8546,4,2,7624,1030.82,2025-11-11 06:24:12
8547,7,2,7625,26032.43,2025-12-08 00:12:20
8548,6,2,7626,9073.64,2025-11-25 14:09:48
8549,8,2,7627,2596.31,2025-05-02 12:00:34
8550,8,2,7628,1135.78,2025-11-18 00:04:51
8551,2,2,7629,305.94,2025-03-23 12:30:49
8552,8,2,7630,1939.08,2025-03-02 02:56:53
8553,4,2,7631,1353.57,2025-07-01 01:00:17
8554,6,2,7632,3504.83,2025-04-02 20:44:33
8555,7,2,7633,3652.56,2025-08-06 00:14:33
8556,10,2,7634,429.42,2025-04-24 07:46:41
8557,4,2,7635,765.34,2025-06-05 13:55:36
8558,3,2,7636,2880.36,2025-02-23 04:56:20
8559,2,2,7637,27344.16,2025-07-09 22:04:19
8560,1,2,7638,762.44,2025-09-22 03:47:08
8561,10,3,7639,6377.99,2025-02-08 10:20:19
8562,9,2,7639,6377.99,2025-02-08 10:24:19
8563,10,2,7640,1209.49,2025-12-10 08:00:15
8564,7,2,7641,20836.70,2025-10-30 14:56:28
8565,4,2,7642,823.81,2025-05-05 08:57:19
8566,3,2,7643,808.89,2025-04-23 12:43:54
8567,8,2,7644,2170.18,2025-06-28 13:53:40
8568,3,2,7645,476.84,2025-09-13 18:21:41
8569,1,2,7646,1081.74,2025-06-30 02:53:20
8570,8,2,7647,4668.27,2025-06-20 06:10:22
8571,2,3,7648,1158.48,2025-12-12 11:42:30
8572,9,2,7648,1158.48,2025-12-12 11:46:30
8573,8,2,7649,1884.14,2025-03-06 14:41:24
8574,6,2,7650,1665.76,2025-01-18 13:05:29
8575,6,2,7651,1954.92,2025-06-23 23:28:21
8576,2,2,7652,973.02,2025-11-07 14:23:42
8577,8,2,7653,1845.54,2025-10-02 15:52:05
8578,9,2,7654,2060.66,2025-04-04 23:30:42
8579,4,2,7655,1786.59,2025-12-15 15:37:30
8580,9,2,7656,807.77,2025-12-05 10:05:56
8581,5,2,7657,1237.25,2025-10-11 00:42:13
8582,5,3,7658,432.55,2025-05-15 08:20:35
8583,4,2,7658,432.55,2025-05-15 08:24:35
8584,4,2,7659,1005.79,2025-01-30 10:05:36
8585,3,2,7660,2838.00,2025-12-15 19:07:31
8586,7,2,7661,2105.17,2025-05-24 20:56:42
8587,4,2,7662,528.72,2025-12-23 10:41:36
8588,5,3,7663,564.10,2025-09-29 03:05:28
8589,10,2,7663,564.10,2025-09-29 03:09:28
8590,5,2,7664,2019.18,2025-10-31 02:10:42
8591,1,2,7665,632.50,2025-01-24 02:52:35
8592,6,2,7666,793.33,2025-11-25 16:49:40
8593,3,2,7667,1616.39,2025-08-28 08:04:25
8594,8,2,7668,15028.94,2025-02-26 01:11:38
8595,2,2,7669,1093.91,2025-12-06 14:31:35
8596,10,3,7670,1983.72,2025-10-02 03:50:52
8597,4,2,7670,1983.72,2025-10-02 03:54:52
8598,8,2,7671,14248.02,2025-08-19 21:57:10
8599,9,2,7672,517.95,2025-11-28 16:13:38
8600,6,2,7673,6022.94,2025-11-20 19:06:07
8601,2,2,7674,1088.60,2025-02-11 04:15:10
8602,10,2,7675,860.51,2025-04-27 04:21:29
8603,7,2,7676,6758.50,2025-08-01 15:35:29
8604,6,2,7677,1446.48,2025-03-06 00:41:38
8605,6,2,7678,1672.42,2025-01-27 05:21:14
8606,9,3,7679,839.04,2025-07-23 04:45:14
8607,5,2,7679,839.04,2025-07-23 04:49:14
8608,2,2,7680,1963.46,2025-07-10 01:55:10
8609,10,2,7681,1879.20,2025-04-22 17:16:35
8610,7,2,7682,10525.07,2025-07-22 16:02:10
8611,6,2,7683,3411.06,2025-04-30 10:14:09
8612,6,2,7684,2893.97,2025-03-14 14:13:54
8613,8,2,7685,857.01,2025-03-19 01:41:55
8614,7,2,7686,617.03,2025-08-09 09:11:19
8615,3,2,7687,720.18,2025-07-04 00:35:40
8616,10,2,7688,809.65,2025-12-20 01:48:59
8617,10,2,7689,642.11,2025-04-23 14:24:11
8618,7,2,7690,4085.94,2025-11-21 21:43:50
8619,9,2,7691,810.46,2025-03-11 00:35:37
8620,3,2,7692,569.40,2025-04-04 12:18:36
8621,1,2,7693,536.94,2025-12-11 02:34:15
8622,10,2,7694,311.34,2025-08-31 03:39:29
8623,5,2,7695,658.72,2025-11-18 04:25:36
8624,10,2,7696,605.57,2025-05-24 08:06:11
8625,10,2,7697,27666.47,2025-12-12 00:29:37
8626,2,2,7698,1853.82,2025-09-12 06:29:29
8627,5,2,7699,231.88,2025-08-11 19:05:28
8628,2,3,7700,2081.17,2025-07-12 15:54:46
8629,1,2,7700,2081.17,2025-07-12 15:58:46
8630,5,2,7701,1294.71,2025-06-18 17:45:41
8631,5,2,7702,1079.42,2025-09-21 18:31:19
8632,5,2,7703,715.40,2025-12-18 01:45:53
8633,6,2,7704,1173.57,2025-05-14 02:14:36
8634,4,2,7705,482.48,2025-03-04 10:49:48
8635,2,3,7706,1391.12,2025-05-25 13:51:17
8636,9,2,7706,1391.12,2025-05-25 13:55:17
8637,1,3,7707,1114.69,2025-05-29 19:54:50
8638,3,2,7707,1114.69,2025-05-29 19:58:50
8639,2,2,7708,786.68,2025-11-04 17:29:57
8640,10,2,7709,865.10,2025-05-16 19:55:25
8641,5,2,7710,1594.12,2025-03-14 12:02:59
8642,8,2,7711,1733.16,2025-03-09 05:24:57
8643,4,2,7712,37816.64,2025-05-24 07:19:11
8644,9,2,7713,5583.42,2025-07-08 14:00:16
8645,1,2,7714,475.05,2025-10-31 05:02:35
8646,3,2,7715,1401.71,2025-06-21 00:37:18
8647,3,2,7716,702.34,2025-10-30 18:13:17
8648,3,2,7717,2172.97,2025-08-15 04:16:37
8649,1,2,7718,1163.84,2025-04-11 17:52:16
8650,7,2,7719,2857.06,2025-03-31 03:24:09
8651,6,3,7720,407.64,2025-01-02 08:30:51
8652,3,2,7720,407.64,2025-01-02 08:34:51
8653,8,2,7721,810.44,2025-07-12 15:51:02
8654,9,3,7722,447.48,2025-03-22 06:18:39
8655,5,2,7722,447.48,2025-03-22 06:22:39
8656,7,2,7723,1213.90,2025-10-05 13:10:35
8657,6,2,7724,2659.75,2025-03-24 04:10:18
8658,4,2,7725,1286.43,2025-06-30 14:23:42
8659,4,2,7726,1217.40,2025-01-11 19:21:19
8660,3,3,7727,1091.19,2025-11-26 14:36:01
8661,3,2,7727,1091.19,2025-11-26 14:40:01
8662,9,2,7728,1324.80,2025-04-17 03:28:15
8663,8,2,7729,1446.00,2025-11-05 06:51:46
8664,4,2,7730,1349.81,2025-01-27 14:16:19
8665,3,2,7731,495.23,2025-04-30 03:47:27
8666,3,2,7732,8875.42,2025-07-25 16:28:16
8667,4,2,7733,403.28,2025-06-23 10:01:09
8668,4,2,7734,6101.90,2025-03-16 23:18:50
8669,2,2,7735,573.59,2025-03-24 13:15:34
8670,1,2,7736,3496.15,2025-08-02 07:06:03
8671,3,2,7737,1417.98,2025-03-12 22:06:12
8672,10,2,7738,379.99,2025-11-13 06:01:35
8673,10,2,7739,654.71,2025-09-08 00:21:41
8674,1,2,7740,1095.13,2025-10-26 14:00:57
8675,2,3,7741,6168.23,2025-12-09 09:45:32
8676,10,2,7741,6168.23,2025-12-09 09:49:32
8677,10,2,7742,1469.64,2025-08-31 04:32:20
8678,2,2,7743,896.86,2025-01-05 00:17:51
8679,1,2,7744,7262.46,2025-10-15 16:14:12
8680,6,3,7745,469.31,2025-01-22 08:13:58
8681,7,2,7745,469.31,2025-01-22 08:17:58
8682,1,2,7746,1172.48,2025-05-03 11:17:21
8683,2,3,7747,3654.70,2025-12-03 17:54:17
8684,8,2,7747,3654.70,2025-12-03 17:58:17
8685,10,3,7748,2602.85,2025-06-15 01:54:09
8686,3,2,7748,2602.85,2025-06-15 01:58:09
8687,6,3,7749,2690.48,2025-12-09 14:33:06
8688,5,2,7749,2690.48,2025-12-09 14:37:06
8689,4,2,7750,982.23,2025-09-14 22:37:02
8690,4,2,7751,1307.05,2025-07-18 05:38:50
8691,7,2,7752,10496.91,2025-08-15 23:50:29
8692,2,3,7753,1346.65,2025-09-09 14:32:53
8693,6,2,7753,1346.65,2025-09-09 14:36:53
8694,7,2,7754,2793.29,2025-07-20 08:15:19
8695,2,2,7755,856.92,2025-08-22 10:30:06
8696,10,2,7756,992.86,2025-10-15 23:52:22
8697,7,2,7757,2606.40,2025-02-18 13:56:51
8698,7,2,7758,795.78,2025-11-02 00:04:56
8699,5,2,7759,356.49,2025-01-18 08:42:08
8700,9,2,7760,1752.87,2025-09-07 06:20:58
8701,9,2,7761,2356.78,2025-02-04 16:16:48
8702,6,2,7762,2114.99,2025-05-06 21:33:57
8703,8,2,7763,1343.49,2025-09-01 07:12:54
8704,9,2,7764,824.95,2025-09-21 20:20:31
8705,9,2,7765,1752.40,2025-06-27 09:09:05
8706,10,3,7766,672.22,2025-08-09 06:12:34
8707,5,2,7766,672.22,2025-08-09 06:16:34
8708,10,2,7767,1010.50,2025-04-30 13:16:29
8709,6,2,7768,3299.79,2025-02-18 06:36:45
8710,5,2,7769,1491.25,2025-10-12 10:04:40
8711,5,2,7770,2779.37,2025-06-22 00:03:52
8712,7,2,7771,726.27,2025-10-28 16:12:25
8713,10,2,7772,824.16,2025-08-28 20:58:24
8714,3,2,7773,2945.94,2025-07-18 02:36:04
8715,5,2,7774,2638.18,2025-01-22 18:09:29
8716,2,3,7775,3683.02,2025-07-02 03:10:40
8717,5,2,7775,3683.02,2025-07-02 03:14:40
8718,8,2,7776,3150.69,2025-02-23 09:55:56
8719,3,2,7777,922.59,2025-10-10 23:11:51
8720,8,2,7778,1859.39,2025-02-23 02:29:08
8721,3,2,7779,958.00,2025-01-02 12:13:50
8722,8,2,7780,3740.40,2025-07-28 02:30:13
8723,8,2,7781,1210.10,2025-10-08 10:52:57
8724,8,3,7782,4183.95,2025-05-07 02:41:05
8725,9,2,7782,4183.95,2025-05-07 02:45:05
8726,7,2,7783,1046.72,2025-05-30 18:53:11
8727,6,2,7784,3468.04,2025-06-27 15:49:17
8728,1,2,7785,3511.46,2025-01-29 13:45:10
8729,5,2,7786,648.53,2025-07-18 20:34:01
8730,10,2,7787,5197.32,2025-10-17 07:00:45
8731,8,2,7788,2075.40,2025-09-03 12:49:38
8732,4,2,7789,3708.78,2025-11-05 17:36:59
8733,4,3,7790,2011.44,2025-02-23 04:43:32
8734,9,2,7790,2011.44,2025-02-23 04:47:32
8735,1,2,7791,3918.53,2025-12-27 16:59:02
8736,6,3,7792,793.22,2025-09-02 15:13:39
8737,2,2,7792,793.22,2025-09-02 15:17:39
8738,7,2,7793,489.94,2025-09-19 07:35:23
8739,5,2,7794,221.11,2025-11-09 18:51:08
8740,9,2,7795,2722.64,2025-12-04 03:08:58
8741,5,2,7796,2705.36,2025-06-17 02:25:41
8742,8,2,7797,2756.69,2025-01-07 21:56:46
8743,3,2,7798,916.63,2025-12-10 10:59:25
8744,4,3,7799,605.11,2025-07-25 10:38:02
8745,7,2,7799,605.11,2025-07-25 10:42:02
8746,7,2,7800,644.80,2025-05-09 20:44:28
8747,6,2,7801,1001.17,2025-02-17 11:21:34
8748,4,2,7802,1090.58,2025-09-03 05:16:36
8749,7,2,7803,1630.99,2025-06-08 10:21:10
8750,2,2,7804,17676.31,2025-01-02 10:56:27
8751,5,3,7805,17391.82,2025-12-08 20:31:24
8752,2,2,7805,17391.82,2025-12-08 20:35:24
8753,7,3,7806,865.95,2025-06-27 08:26:26
8754,2,2,7806,865.95,2025-06-27 08:30:26
8755,2,2,7807,993.12,2025-01-02 11:50:23
8756,6,2,7808,24060.98,2025-08-08 01:17:05
8757,4,2,7809,2804.24,2025-12-15 23:19:53
8758,5,2,7810,1116.67,2025-05-06 17:14:55
8759,5,2,7811,990.14,2025-04-24 05:01:59
8760,2,3,7812,5645.21,2025-02-23 04:42:23
8761,8,2,7812,5645.21,2025-02-23 04:46:23
8762,9,2,7813,1814.94,2025-03-17 14:47:15
8763,9,2,7814,23616.14,2025-11-25 10:04:06
8764,3,2,7815,2113.09,2025-10-13 08:31:48
8765,4,2,7816,1234.37,2025-10-09 11:54:14
8766,8,2,7817,965.93,2025-03-03 15:56:37
8767,1,2,7818,1585.77,2025-11-01 06:42:58
8768,5,2,7819,1060.38,2025-09-20 00:55:55
8769,3,2,7820,4575.18,2025-08-05 11:47:15
8770,3,2,7821,1101.63,2025-10-05 10:07:18
8771,1,2,7822,930.05,2025-10-09 15:45:51
8772,4,2,7823,2869.04,2025-09-24 09:56:58
8773,4,2,7824,7975.99,2025-01-18 20:06:40
8774,9,2,7825,1403.34,2025-12-11 15:22:56
8775,5,2,7826,1821.81,2025-10-19 22:41:28
8776,2,2,7827,1089.76,2025-02-02 14:09:56
8777,4,2,7828,1431.49,2025-04-15 19:02:02
8778,10,2,7829,3121.33,2025-11-24 05:52:02
8779,9,2,7830,229.05,2025-04-12 04:07:50
8780,3,2,7831,10667.80,2025-07-22 09:03:45
8781,1,2,7832,16003.22,2025-07-12 03:20:09
8782,9,3,7833,2583.85,2025-07-22 16:26:56
8783,1,2,7833,2583.85,2025-07-22 16:30:56
8784,7,3,7834,1052.14,2025-07-02 21:58:20
8785,8,2,7834,1052.14,2025-07-02 22:02:20
8786,6,2,7835,1450.72,2025-12-06 01:05:57
8787,2,2,7836,2419.91,2025-10-12 09:35:40
8788,10,2,7837,1829.37,2025-04-17 12:00:17
8789,4,2,7838,1018.16,2025-08-16 14:58:19
8790,4,2,7839,16800.56,2025-05-30 10:05:14
8791,4,2,7840,3762.87,2025-08-11 00:24:43
8792,1,2,7841,3685.71,2025-06-16 16:05:22
8793,4,3,7842,3136.32,2025-12-20 02:52:29
8794,10,2,7842,3136.32,2025-12-20 02:56:29
8795,2,2,7843,5653.46,2025-06-11 18:15:47
8796,4,2,7844,564.32,2025-02-14 03:06:28
8797,8,2,7845,2399.60,2025-08-24 15:25:40
8798,4,2,7846,1543.12,2025-01-01 08:56:23
8799,6,2,7847,1860.71,2025-06-25 21:55:57
8800,9,2,7848,1030.78,2025-03-03 16:39:58
8801,7,2,7849,1137.99,2025-10-03 14:02:07
8802,5,2,7850,11538.00,2025-02-03 01:56:18
8803,10,2,7851,307.88,2025-06-24 13:41:56
8804,1,2,7852,6557.97,2025-04-20 08:30:07
8805,10,2,7853,2266.88,2025-07-23 14:19:41
8806,4,2,7854,1973.34,2025-06-16 08:29:29
8807,10,2,7855,1300.64,2025-06-15 19:45:23
8808,4,2,7856,943.48,2025-02-06 15:13:20
8809,1,2,7857,1598.88,2025-04-14 23:48:41
8810,2,2,7858,1947.21,2025-12-03 19:07:59
8811,4,2,7859,1552.15,2025-03-20 18:03:36
8812,3,2,7860,45347.56,2025-07-31 05:33:33
8813,5,2,7861,2592.93,2025-08-08 16:17:11
8814,6,2,7862,1144.23,2025-05-10 03:05:24
8815,3,2,7863,1487.59,2025-08-13 02:16:36
8816,8,2,7864,1475.88,2025-03-17 05:47:59
8817,1,2,7865,742.35,2025-10-03 20:52:40
8818,7,2,7866,2639.64,2025-02-08 09:24:22
8819,10,2,7867,1127.58,2025-03-14 02:25:51
8820,7,2,7868,2077.63,2025-11-18 16:13:38
8821,2,2,7869,1502.30,2025-10-21 09:34:45
8822,1,2,7870,10615.22,2025-04-21 12:32:12
8823,4,2,7871,389.71,2025-11-15 19:00:17
8824,2,3,7872,1445.55,2025-06-10 07:58:44
8825,10,2,7872,1445.55,2025-06-10 08:02:44
8826,5,2,7873,5684.22,2025-08-09 05:56:55
8827,10,2,7874,511.38,2025-07-29 11:27:59
8828,10,2,7875,2075.94,2025-04-23 19:51:42
8829,4,2,7876,1701.05,2025-05-19 12:51:28
8830,1,3,7877,999.97,2025-08-05 18:37:33
8831,9,2,7877,999.97,2025-08-05 18:41:33
8832,4,2,7878,1647.12,2025-06-14 13:17:12
8833,7,2,7879,792.48,2025-11-09 14:48:41
8834,2,2,7880,951.78,2025-10-29 00:43:07
8835,6,2,7881,4057.42,2025-07-18 20:46:14
8836,9,3,7882,1136.25,2025-07-22 15:16:02
8837,1,2,7882,1136.25,2025-07-22 15:20:02
8838,9,3,7883,2514.03,2025-01-16 22:22:02
8839,6,2,7883,2514.03,2025-01-16 22:26:02
8840,9,2,7884,17313.84,2025-05-24 13:50:51
8841,9,2,7885,27608.12,2025-06-01 16:03:07
8842,3,2,7886,1097.49,2025-03-07 19:08:33
8843,5,2,7887,1091.66,2025-10-17 18:13:59
8844,5,2,7888,1449.58,2025-06-15 03:46:11
8845,6,2,7889,556.72,2025-11-23 12:03:25
8846,4,2,7890,8676.37,2025-09-14 14:22:47
8847,9,2,7891,1048.07,2025-03-11 18:44:08
8848,4,2,7892,1957.49,2025-08-30 04:55:08
8849,6,2,7893,2318.90,2025-10-14 11:13:04
8850,6,2,7894,1586.92,2025-10-07 11:29:33
8851,7,2,7895,1377.19,2025-02-05 14:45:41
8852,6,2,7896,820.27,2025-12-16 09:52:49
8853,1,2,7897,1221.78,2025-01-02 20:29:11
8854,9,2,7898,4022.61,2025-10-03 08:58:18
8855,5,2,7899,736.88,2025-03-08 18:24:46
8856,9,2,7900,1355.89,2025-05-10 00:30:05
8857,4,2,7901,1251.70,2025-08-24 02:49:40
8858,5,2,7902,1131.90,2025-12-09 16:51:52
8859,6,2,7903,668.66,2025-12-07 22:23:09
8860,1,2,7904,1124.97,2025-04-14 17:47:35
8861,2,2,7905,388.43,2025-03-30 16:52:45
8862,9,2,7906,2744.78,2025-08-26 10:01:06
8863,2,3,7907,13444.06,2025-04-08 19:58:58
8864,9,2,7907,13444.06,2025-04-08 20:02:58
8865,5,3,7908,4852.86,2025-01-20 06:20:14
8866,7,2,7908,4852.86,2025-01-20 06:24:14
8867,5,2,7909,1520.11,2025-10-16 14:28:44
8868,7,2,7910,850.90,2025-10-21 06:41:20
8869,4,2,7911,4884.31,2025-08-10 09:18:32
8870,1,3,7912,1644.64,2025-10-22 11:25:51
8871,3,2,7912,1644.64,2025-10-22 11:29:51
8872,2,2,7913,4825.50,2025-04-09 14:02:34
8873,7,2,7914,932.52,2025-04-22 07:24:42
8874,1,2,7915,3491.43,2025-03-07 02:56:50
8875,10,2,7916,541.30,2025-12-18 11:18:46
8876,6,2,7917,5115.49,2025-11-17 02:56:20
8877,9,2,7918,1838.51,2025-06-17 10:50:40
8878,3,2,7919,1138.14,2025-03-21 05:58:49
8879,3,2,7920,2927.52,2025-12-24 06:42:50
8880,6,3,7921,1032.11,2025-09-19 17:32:50
8881,6,2,7921,1032.11,2025-09-19 17:36:50
8882,9,3,7922,2294.79,2025-09-18 01:50:45
8883,1,2,7922,2294.79,2025-09-18 01:54:45
8884,6,2,7923,1004.18,2025-03-11 03:34:52
8885,3,2,7924,1331.35,2025-05-25 08:20:36
8886,2,2,7925,668.66,2025-04-29 12:36:54
8887,1,2,7926,1636.94,2025-12-18 08:16:05
8888,7,2,7927,1592.81,2025-05-19 21:27:31
8889,6,2,7928,428.25,2025-12-19 04:34:01
8890,1,2,7929,5243.52,2025-01-07 19:37:18
8891,2,2,7930,6209.65,2025-01-24 19:49:53
8892,8,2,7931,381.27,2025-03-27 08:59:04
8893,10,2,7932,2864.16,2025-05-25 21:03:01
8894,4,2,7933,10353.22,2025-12-10 17:21:40
8895,9,2,7934,5224.44,2025-08-23 20:51:54
8896,3,2,7935,933.46,2025-03-15 23:02:17
8897,4,2,7936,8253.42,2025-01-27 21:11:01
8898,2,2,7937,1952.00,2025-03-26 20:45:34
8899,6,2,7938,1376.63,2025-07-11 06:57:23
8900,9,2,7939,417.62,2025-02-17 23:28:41
8901,7,2,7940,2808.78,2025-06-29 15:51:14
8902,1,2,7941,1871.48,2025-03-19 14:30:42
8903,9,2,7942,2082.75,2025-05-07 08:46:48
8904,7,2,7943,444.93,2025-03-02 01:11:37
8905,9,2,7944,21132.98,2025-12-12 13:05:00
8906,9,2,7945,3636.93,2025-11-20 14:39:51
8907,9,2,7946,1796.55,2025-01-17 06:53:53
8908,5,2,7947,1606.94,2025-12-07 00:20:32
8909,3,2,7948,2339.12,2025-01-17 03:49:54
8910,8,2,7949,1267.24,2025-05-09 19:25:43
8911,8,2,7950,381.62,2025-08-14 10:52:55
8912,3,3,7951,1734.16,2025-05-21 15:15:23
8913,8,2,7951,1734.16,2025-05-21 15:19:23
8914,9,2,7952,1085.10,2025-02-10 00:26:57
8915,3,2,7953,1292.76,2025-01-21 10:11:45
8916,2,2,7954,584.51,2025-03-18 01:01:39
8917,1,2,7955,465.47,2025-06-28 14:22:29
8918,7,2,7956,3734.74,2025-01-03 04:03:47
8919,4,2,7957,27039.33,2025-03-29 18:02:00
8920,7,2,7958,8370.39,2025-12-21 17:23:31
8921,9,2,7959,6791.41,2025-12-15 15:49:41
8922,7,2,7960,813.38,2025-09-16 00:49:20
8923,9,2,7961,865.73,2025-04-30 03:53:59
8924,10,2,7962,1343.69,2025-04-01 04:14:36
8925,8,2,7963,1717.20,2025-07-18 01:01:02
8926,8,2,7964,695.58,2025-09-18 01:14:57
8927,1,2,7965,648.77,2025-05-02 20:53:32
8928,6,2,7966,2737.86,2025-09-25 07:31:29
8929,1,2,7967,15779.60,2025-09-17 11:59:06
8930,2,2,7968,1992.14,2025-06-17 00:46:21
8931,10,3,7969,796.97,2025-03-28 13:02:27
8932,8,2,7969,796.97,2025-03-28 13:06:27
8933,9,2,7970,31431.30,2025-08-14 11:28:03
8934,9,2,7971,1123.81,2025-06-09 02:20:39
8935,7,2,7972,790.45,2025-10-11 14:59:41
8936,3,2,7973,7860.29,2025-08-09 21:15:34
8937,3,2,7974,617.53,2025-05-27 22:38:19
8938,5,2,7975,917.04,2025-06-12 05:40:44
8939,7,2,7976,6009.42,2025-09-30 08:41:02
8940,7,2,7977,2223.62,2025-06-24 14:14:28
8941,4,2,7978,2072.72,2025-01-23 01:04:34
8942,4,2,7979,1877.47,2025-08-06 00:31:09
8943,5,2,7980,2542.74,2025-11-21 12:55:40
8944,10,2,7981,15009.47,2025-05-16 16:19:38
8945,5,2,7982,1479.48,2025-03-14 20:27:19
8946,2,2,7983,1291.65,2025-01-13 14:21:31
8947,7,2,7984,2977.50,2025-05-31 21:20:57
8948,1,2,7985,1896.56,2025-09-22 02:16:08
8949,9,2,7986,5603.94,2025-11-18 02:02:27
8950,4,2,7987,331.27,2025-02-01 03:45:35
8951,9,2,7988,884.50,2025-08-23 00:43:03
8952,9,2,7989,1283.17,2025-04-18 02:39:47
8953,2,3,7990,1602.51,2025-05-19 16:43:47
8954,8,2,7990,1602.51,2025-05-19 16:47:47
8955,7,2,7991,5653.78,2025-11-20 21:23:15
8956,1,2,7992,587.48,2025-12-03 02:53:16
8957,7,3,7993,6098.96,2025-06-16 14:22:17
8958,4,2,7993,6098.96,2025-06-16 14:26:17
8959,3,2,7994,2955.55,2025-05-11 11:10:23
8960,10,2,7995,976.89,2025-07-03 00:08:10
8961,8,2,7996,2765.28,2025-10-20 22:15:52
8962,2,3,7997,4210.85,2025-11-14 20:35:24
8963,7,2,7997,4210.85,2025-11-14 20:39:24
8964,5,2,7998,745.37,2025-10-02 20:02:15
8965,10,2,7999,803.40,2025-02-22 17:41:50
8966,4,3,8000,1638.10,2025-06-29 07:43:20
8967,7,2,8000,1638.10,2025-06-29 07:47:20
8968,2,2,8001,1709.64,2025-08-20 02:16:51
8969,2,2,8002,716.25,2025-10-26 16:53:37
8970,8,2,8003,702.26,2025-07-17 20:17:31
8971,7,2,8004,2214.24,2025-09-09 19:01:31
8972,5,2,8005,2710.38,2025-09-08 04:10:14
8973,5,2,8006,600.48,2025-06-08 14:45:31
8974,8,2,8007,951.25,2025-09-20 13:24:25
8975,3,2,8008,1057.11,2025-06-22 03:04:36
8976,8,2,8009,1827.73,2025-07-29 04:25:47
8977,7,2,8010,1937.96,2025-07-04 11:05:46
8978,9,2,8011,7757.21,2025-06-16 23:25:30
8979,3,2,8012,2268.12,2025-10-07 17:45:59
8980,4,3,8013,1288.15,2025-09-15 04:11:15
8981,5,2,8013,1288.15,2025-09-15 04:15:15
8982,10,2,8014,2985.58,2025-11-02 00:53:45
8983,8,2,8015,784.77,2025-08-07 11:52:25
8984,4,2,8016,1068.44,2025-06-13 14:56:48
8985,6,2,8017,6068.96,2025-12-20 04:00:57
8986,9,3,8018,1366.84,2025-06-11 00:07:40
8987,7,2,8018,1366.84,2025-06-11 00:11:40
8988,6,2,8019,1297.08,2025-11-10 05:34:24
8989,1,2,8020,2147.75,2025-06-09 21:47:51
8990,6,2,8021,4014.00,2025-12-15 16:45:49
8991,6,2,8022,3814.76,2025-06-26 05:27:19
8992,1,2,8023,1669.84,2025-06-14 06:57:59
8993,9,2,8024,4673.86,2025-01-23 20:22:26
8994,2,3,8025,1701.33,2025-02-03 18:43:32
8995,7,2,8025,1701.33,2025-02-03 18:47:32
8996,1,2,8026,498.41,2025-03-20 16:16:54
8997,4,3,8027,21410.02,2025-12-07 01:54:04
8998,6,2,8027,21410.02,2025-12-07 01:58:04
8999,5,3,8028,1619.56,2025-02-17 05:50:42
9000,9,2,8028,1619.56,2025-02-17 05:54:42
9001,3,2,8029,460.52,2025-11-26 00:14:37
9002,1,2,8030,1141.84,2025-08-25 16:18:05
9003,10,2,8031,1002.31,2025-08-15 05:17:26
9004,1,2,8032,1328.70,2025-11-08 20:56:23
9005,10,2,8033,961.03,2025-10-18 06:39:15
9006,5,2,8034,401.41,2025-07-31 15:38:27
9007,2,2,8035,2145.41,2025-03-04 03:40:49
9008,2,2,8036,2211.40,2025-04-25 05:00:26
9009,10,2,8037,914.23,2025-03-31 15:53:45
9010,3,2,8038,869.74,2025-07-04 22:00:19
9011,10,3,8039,1635.08,2025-02-24 22:30:05
9012,6,2,8039,1635.08,2025-02-24 22:34:05
9013,4,2,8040,355.20,2025-11-14 01:35:27
9014,10,2,8041,2005.14,2025-03-28 09:25:00
9015,1,2,8042,1256.40,2025-04-03 06:04:30
9016,2,2,8043,8018.18,2025-03-15 20:14:05
9017,1,2,8044,3236.97,2025-02-12 10:41:16
9018,4,2,8045,2934.38,2025-04-01 22:33:23
9019,3,2,8046,424.07,2025-07-27 07:11:51
9020,7,2,8047,679.11,2025-08-06 10:42:19
9021,3,2,8048,2610.69,2025-06-21 06:20:46
9022,2,2,8049,1008.93,2025-07-13 22:02:29
9023,6,3,8050,1199.51,2025-10-17 08:59:21
9024,2,2,8050,1199.51,2025-10-17 09:03:21
9025,10,2,8051,701.39,2025-07-22 08:15:02
9026,6,2,8052,1259.66,2025-10-10 18:30:52
9027,7,2,8053,1853.43,2025-09-27 08:57:06
9028,1,2,8054,3793.33,2025-12-25 03:35:18
9029,8,2,8055,711.61,2025-09-16 10:22:11
9030,3,2,8056,3631.64,2025-11-04 21:09:46
9031,6,2,8057,2490.46,2025-01-15 21:50:41
9032,4,2,8058,836.54,2025-10-09 00:11:40
9033,5,2,8059,29002.66,2025-08-18 10:47:20
9034,2,2,8060,717.40,2025-11-13 10:45:46
9035,1,2,8061,1990.62,2025-11-16 04:07:37
9036,9,2,8062,21423.84,2025-04-30 15:17:53
9037,8,2,8063,2343.55,2025-10-06 09:47:39
9038,8,2,8064,904.61,2025-12-08 05:21:06
9039,4,3,8065,1050.62,2025-05-23 10:58:48
9040,7,2,8065,1050.62,2025-05-23 11:02:48
9041,3,2,8066,1404.41,2025-03-29 07:17:47
9042,10,3,8067,4410.58,2025-03-26 00:56:43
9043,6,2,8067,4410.58,2025-03-26 01:00:43
9044,5,2,8068,995.12,2025-12-03 10:43:03
9045,9,2,8069,386.06,2025-11-08 14:36:34
9046,5,2,8070,3996.09,2025-03-30 09:44:55
9047,4,2,8071,355.81,2025-03-22 19:45:48
9048,10,2,8072,1211.05,2025-08-23 23:48:54
9049,6,2,8073,2216.23,2025-10-16 23:17:29
9050,1,2,8074,536.50,2025-02-21 07:57:14
9051,4,2,8075,2276.01,2025-04-05 08:07:00
9052,7,2,8076,1323.86,2025-04-28 13:31:08
9053,2,3,8077,1791.10,2025-03-08 05:30:31
9054,2,2,8077,1791.10,2025-03-08 05:34:31
9055,9,2,8078,2050.77,2025-10-23 20:52:52
9056,1,2,8079,1623.85,2025-08-01 06:24:05
9057,6,2,8080,1244.82,2025-07-30 14:28:10
9058,10,2,8081,1058.72,2025-08-05 11:20:53
9059,2,2,8082,416.54,2025-06-24 17:13:33
9060,4,2,8083,692.86,2025-06-17 00:25:00
9061,5,3,8084,681.14,2025-05-04 22:11:30
9062,9,2,8084,681.14,2025-05-04 22:15:30
9063,3,2,8085,1360.72,2025-06-23 01:51:10
9064,9,2,8086,4066.84,2025-02-20 12:26:16
9065,6,2,8087,1178.48,2025-02-05 00:51:26
9066,4,2,8088,1648.62,2025-04-23 06:10:45
9067,2,3,8089,755.38,2025-10-03 12:05:13
9068,4,2,8089,755.38,2025-10-03 12:09:13
9069,7,3,8090,1697.94,2025-07-13 16:11:35
9070,7,2,8090,1697.94,2025-07-13 16:15:35
9071,4,2,8091,811.07,2025-06-10 11:00:14
9072,9,2,8092,2127.53,2025-11-07 11:32:39
9073,8,2,8093,10301.26,2025-03-13 10:55:00
9074,4,2,8094,1222.36,2025-03-02 04:40:38
9075,10,2,8095,1520.11,2025-01-10 22:21:12
9076,2,2,8096,618.43,2025-04-08 03:39:53
9077,6,2,8097,10697.51,2025-09-11 09:53:07
9078,4,2,8098,2734.85,2025-03-18 00:25:21
9079,4,2,8099,4335.65,2025-07-13 07:57:51
9080,9,2,8100,1674.03,2025-10-03 16:55:56
9081,5,3,8101,800.41,2025-04-10 03:27:43
9082,5,2,8101,800.41,2025-04-10 03:31:43
9083,2,2,8102,2836.91,2025-02-19 17:00:46
9084,3,3,8103,2213.15,2025-06-24 21:36:51
9085,8,2,8103,2213.15,2025-06-24 21:40:51
9086,1,3,8104,1841.43,2025-07-21 03:38:14
9087,9,2,8104,1841.43,2025-07-21 03:42:14
9088,5,2,8105,2848.69,2025-02-17 17:53:02
9089,6,2,8106,337.03,2025-05-18 19:47:21
9090,4,3,8107,1834.55,2025-01-06 20:09:55
9091,6,2,8107,1834.55,2025-01-06 20:13:55
9092,10,2,8108,1325.22,2025-01-27 18:17:26
9093,1,2,8109,424.58,2025-09-17 09:11:44
9094,3,2,8110,623.68,2025-02-01 07:14:46
9095,4,2,8111,399.49,2025-12-20 23:38:32
9096,4,2,8112,579.46,2025-07-09 13:04:35
9097,2,3,8113,1295.93,2025-02-28 10:22:43
9098,8,2,8113,1295.93,2025-02-28 10:26:43
9099,4,2,8114,603.64,2025-02-17 00:57:58
9100,3,2,8115,11271.81,2025-12-01 11:37:29
9101,1,2,8116,2766.98,2025-06-20 17:43:37
9102,6,2,8117,5948.06,2025-03-14 18:50:31
9103,3,2,8118,344.42,2025-10-08 17:05:34
9104,6,2,8119,2605.39,2025-03-25 12:17:03
9105,2,3,8120,2175.98,2025-01-15 11:34:58
9106,9,2,8120,2175.98,2025-01-15 11:38:58
9107,9,2,8121,518.25,2025-11-19 14:35:30
9108,5,3,8122,1835.77,2025-12-11 17:16:58
9109,10,2,8122,1835.77,2025-12-11 17:20:58
9110,3,2,8123,985.69,2025-06-19 05:11:57
9111,6,2,8124,3759.98,2025-12-26 05:39:50
9112,5,2,8125,742.46,2025-08-05 15:15:26
9113,2,3,8126,892.21,2025-02-21 02:59:11
9114,8,2,8126,892.21,2025-02-21 03:03:11
9115,8,2,8127,3567.23,2025-10-10 13:46:01
9116,2,2,8128,744.68,2025-12-17 22:10:20
9117,5,2,8129,470.04,2025-08-16 12:14:02
9118,4,2,8130,2749.89,2025-04-14 16:02:20
9119,4,2,8131,16757.46,2025-10-18 05:11:43
9120,3,2,8132,5658.56,2025-06-21 16:23:59
9121,6,2,8133,2229.21,2025-06-16 11:19:14
9122,10,2,8134,848.72,2025-08-01 19:00:38
9123,8,2,8135,1119.05,2025-01-05 22:16:53
9124,10,2,8136,531.94,2025-01-08 18:08:16
9125,8,2,8137,491.54,2025-06-03 21:03:13
9126,4,2,8138,2869.40,2025-12-26 07:22:30
9127,4,2,8139,17231.00,2025-12-05 07:47:53
9128,4,2,8140,1398.51,2025-01-10 11:34:55
9129,1,2,8141,823.52,2025-02-22 02:18:23
9130,9,2,8142,330.44,2025-08-26 08:54:16
9131,6,2,8143,20057.83,2025-05-05 11:16:42
9132,1,2,8144,3005.54,2025-06-30 06:48:27
9133,1,2,8145,634.71,2025-05-15 23:55:48
9134,3,2,8146,3991.04,2025-10-01 15:45:53
9135,6,2,8147,3220.12,2025-08-31 02:39:06
9136,1,2,8148,2599.24,2025-05-05 08:31:42
9137,10,2,8149,898.13,2025-04-16 23:01:33
9138,3,3,8150,836.53,2025-08-16 14:49:02
9139,5,2,8150,836.53,2025-08-16 14:53:02
9140,10,2,8151,1774.59,2025-10-10 01:56:43
9141,5,3,8152,13162.22,2025-05-22 12:42:02
9142,3,2,8152,13162.22,2025-05-22 12:46:02
9143,1,2,8153,2418.62,2025-01-02 19:20:42
9144,8,2,8154,19829.97,2025-03-21 23:24:57
9145,5,2,8155,1693.69,2025-06-28 02:31:58
9146,5,2,8156,1387.07,2025-08-25 18:02:24
9147,5,2,8157,6106.35,2025-10-01 21:56:15
9148,3,2,8158,730.40,2025-11-15 23:45:19
9149,2,2,8159,3409.84,2025-03-13 22:01:15
9150,1,2,8160,1395.33,2025-10-30 14:18:05
9151,1,2,8161,1468.32,2025-08-02 01:04:46
9152,10,2,8162,1777.15,2025-04-01 16:54:17
9153,6,3,8163,455.49,2025-09-24 13:15:44
9154,6,2,8163,455.49,2025-09-24 13:19:44
9155,7,2,8164,2537.11,2025-09-24 11:26:18
9156,7,2,8165,783.68,2025-02-07 06:42:30
9157,5,2,8166,536.37,2025-07-17 07:22:38
9158,4,3,8167,540.59,2025-08-27 01:30:41
9159,6,2,8167,540.59,2025-08-27 01:34:41
9160,5,2,8168,14240.32,2025-01-25 06:29:39
9161,3,2,8169,1778.28,2025-12-11 15:19:41
9162,3,2,8170,1161.78,2025-10-06 00:32:43
9163,6,2,8171,2876.90,2025-09-19 06:14:53
9164,4,3,8172,2178.25,2025-12-20 11:32:06
9165,3,2,8172,2178.25,2025-12-20 11:36:06
9166,1,2,8173,1255.45,2025-04-13 15:39:59
9167,3,2,8174,2310.58,2025-10-08 14:39:36
9168,6,2,8175,856.86,2025-11-30 13:40:42
9169,8,2,8176,1296.60,2025-01-03 09:41:14
9170,1,3,8177,5404.16,2025-05-24 01:15:26
9171,10,2,8177,5404.16,2025-05-24 01:19:26
9172,5,3,8178,2448.72,2025-07-20 22:20:24
9173,5,2,8178,2448.72,2025-07-20 22:24:24
9174,2,2,8179,1098.61,2025-07-25 03:20:06
9175,3,2,8180,1332.17,2025-02-27 06:39:06
9176,4,2,8181,916.63,2025-09-16 01:48:43
9177,8,2,8182,1126.05,2025-06-09 08:43:44
9178,7,2,8183,2714.44,2025-07-07 07:37:41
9179,7,2,8184,2564.91,2025-10-17 07:38:21
9180,3,2,8185,1414.91,2025-12-21 00:21:52
9181,7,2,8186,661.30,2025-08-14 23:10:34
9182,3,2,8187,764.55,2025-07-27 08:49:48
9183,5,2,8188,1722.05,2025-10-20 01:26:17
9184,5,2,8189,666.73,2025-10-03 14:22:24
9185,3,2,8190,493.48,2025-04-25 16:30:52
9186,4,2,8191,914.58,2025-01-18 14:25:35
9187,2,2,8192,1760.67,2025-04-05 13:01:00
9188,5,3,8193,3308.04,2025-06-13 21:18:14
9189,9,2,8193,3308.04,2025-06-13 21:22:14
9190,6,3,8194,3221.69,2025-10-22 11:32:00
9191,6,2,8194,3221.69,2025-10-22 11:36:00
9192,1,2,8195,4465.38,2025-03-10 16:36:15
9193,1,2,8196,1793.55,2025-12-30 17:03:48
9194,3,2,8197,1738.27,2025-07-21 07:44:06
9195,5,2,8198,1091.79,2025-02-07 20:54:46
9196,5,2,8199,12939.40,2025-09-08 06:05:56
9197,2,2,8200,44706.15,2025-02-02 06:58:43
9198,4,2,8201,20386.04,2025-04-11 02:45:56
9199,10,2,8202,2578.30,2025-08-17 21:52:30
9200,8,2,8203,1448.15,2025-11-29 00:31:00
9201,3,2,8204,1553.33,2025-06-13 09:33:09
9202,2,2,8205,5436.57,2025-03-21 23:01:02
9203,2,2,8206,3015.51,2025-11-08 11:51:55
9204,2,2,8207,747.86,2025-04-10 11:17:50
9205,6,2,8208,299.78,2025-09-05 10:44:06
9206,1,2,8209,1698.80,2025-02-01 04:41:59
9207,7,2,8210,4596.43,2025-06-26 12:12:30
9208,9,2,8211,507.20,2025-01-30 01:05:39
9209,10,2,8212,811.00,2025-03-30 18:41:30
9210,5,2,8213,1324.46,2025-01-12 01:13:46
9211,2,2,8214,2070.85,2025-07-28 15:27:46
9212,1,2,8215,1203.57,2025-05-28 08:44:59
9213,6,2,8216,13658.14,2025-12-20 05:39:41
9214,4,2,8217,1627.89,2025-12-01 23:10:35
9215,7,2,8218,3644.30,2025-04-27 13:10:48
9216,2,3,8219,1094.25,2025-08-30 23:43:29
9217,3,2,8219,1094.25,2025-08-30 23:47:29
9218,9,2,8220,1813.64,2025-04-20 05:27:31
9219,5,2,8221,637.74,2025-04-16 14:30:40
9220,9,2,8222,8852.44,2025-05-26 04:56:16
9221,6,2,8223,2710.33,2025-10-10 10:49:16
9222,4,2,8224,370.73,2025-06-07 17:29:39
9223,6,2,8225,2076.24,2025-10-15 20:44:30
9224,4,2,8226,687.64,2025-04-17 00:34:27
9225,2,2,8227,643.15,2025-05-13 09:12:54
9226,2,2,8228,895.17,2025-07-19 09:16:28
9227,3,2,8229,1887.55,2025-08-29 05:52:29
9228,6,2,8230,987.81,2025-07-19 19:06:59
9229,6,2,8231,468.77,2025-12-20 20:22:02
9230,8,2,8232,1411.80,2025-08-25 16:03:34
9231,1,2,8233,392.21,2025-08-06 06:09:22
9232,3,3,8234,1926.76,2025-10-22 22:54:19
9233,3,2,8234,1926.76,2025-10-22 22:58:19
9234,4,2,8235,463.88,2025-04-21 22:57:35
9235,7,2,8236,688.79,2025-05-28 04:17:48
9236,6,2,8237,895.08,2025-05-25 19:30:58
9237,1,2,8238,1352.56,2025-11-20 16:33:31
9238,2,2,8239,1468.78,2025-05-30 16:26:08
9239,5,2,8240,1245.87,2025-03-08 17:33:13
9240,8,2,8241,2052.83,2025-04-02 20:05:13
9241,3,2,8242,12385.31,2025-07-01 20:35:28
9242,8,2,8243,719.10,2025-08-01 20:55:13
9243,9,2,8244,608.06,2025-07-22 07:06:23
9244,2,2,8245,1445.21,2025-02-25 06:22:17
9245,3,2,8246,961.32,2025-01-07 12:15:00
9246,10,2,8247,2813.85,2025-12-02 18:03:41
9247,5,2,8248,1708.39,2025-03-02 00:51:50
9248,5,2,8249,1297.51,2025-08-29 23:58:12
9249,7,2,8250,850.70,2025-12-02 09:06:03
9250,10,2,8251,5755.97,2025-07-23 06:21:37
9251,4,2,8252,784.43,2025-01-16 18:32:45
9252,6,2,8253,2876.80,2025-04-30 20:37:49
9253,6,2,8254,661.67,2025-05-05 21:54:57
9254,3,2,8255,2615.44,2025-07-16 16:01:43
9255,5,2,8256,1747.46,2025-06-05 17:10:29
9256,10,2,8257,1187.84,2025-06-20 18:12:02
9257,5,2,8258,948.28,2025-01-26 16:00:39
9258,9,2,8259,1503.56,2025-12-14 21:21:04
9259,5,3,8260,1221.32,2025-02-15 07:04:02
9260,8,2,8260,1221.32,2025-02-15 07:08:02
9261,4,2,8261,2839.98,2025-03-18 06:35:35
9262,7,2,8262,695.41,2025-04-02 23:49:12
9263,5,2,8263,1123.51,2025-03-27 05:41:44
9264,1,2,8264,9320.65,2025-07-07 19:39:12
9265,5,2,8265,8050.36,2025-10-26 07:45:23
9266,3,2,8266,10719.00,2025-05-29 00:43:50
9267,7,2,8267,560.80,2025-10-11 22:20:13
9268,7,2,8268,2191.89,2025-02-02 03:47:43
9269,4,3,8269,1725.76,2025-04-19 18:24:53
9270,1,2,8269,1725.76,2025-04-19 18:28:53
9271,10,2,8270,1511.14,2025-06-13 10:34:21
9272,8,2,8271,1421.14,2025-03-23 03:17:43
9273,9,2,8272,4579.84,2025-10-28 16:39:26
9274,2,2,8273,649.50,2025-12-08 03:54:08
9275,8,3,8274,18040.60,2025-10-25 11:48:16
9276,2,2,8274,18040.60,2025-10-25 11:52:16
9277,8,2,8275,10017.05,2025-09-27 22:07:57
9278,1,2,8276,3138.48,2025-06-19 15:24:29
9279,9,2,8277,866.78,2025-01-06 06:09:00
9280,6,2,8278,1392.70,2025-12-14 19:46:26
9281,7,2,8279,1632.28,2025-10-20 08:21:13
9282,8,2,8280,1144.86,2025-06-15 10:07:18
9283,8,2,8281,15413.98,2025-10-25 17:20:10
9284,7,3,8282,692.27,2025-01-10 05:20:27
9285,4,2,8282,692.27,2025-01-10 05:24:27
9286,1,3,8283,1547.33,2025-06-06 21:18:26
9287,7,2,8283,1547.33,2025-06-06 21:22:26
9288,10,2,8284,439.36,2025-02-11 01:10:56
9289,8,2,8285,11339.75,2025-10-27 14:21:45
9290,3,2,8286,945.41,2025-04-14 19:25:56
9291,10,2,8287,2163.08,2025-02-15 07:05:38
9292,6,2,8288,2502.52,2025-04-24 11:14:15
9293,8,2,8289,1115.22,2025-07-07 15:49:43
9294,6,2,8290,2838.74,2025-10-04 01:34:12
9295,4,3,8291,926.68,2025-03-25 20:56:34
9296,1,2,8291,926.68,2025-03-25 21:00:34
9297,7,2,8292,1039.18,2025-03-06 17:26:50
9298,3,2,8293,2400.06,2025-06-21 08:11:38
9299,9,2,8294,2076.69,2025-05-27 11:29:22
9300,8,2,8295,2655.99,2025-11-27 06:57:04
9301,2,2,8296,1476.52,2025-04-27 23:45:25
9302,7,3,8297,1101.64,2025-01-10 00:11:34
9303,6,2,8297,1101.64,2025-01-10 00:15:34
9304,3,2,8298,531.64,2025-05-18 04:46:48
9305,3,2,8299,1180.57,2025-05-05 20:35:40
9306,3,2,8300,3867.74,2025-05-04 08:04:03
9307,3,2,8301,5990.50,2025-08-28 21:40:48
9308,8,2,8302,39488.84,2025-03-24 13:24:22
9309,10,2,8303,709.63,2025-08-22 10:33:12
9310,3,2,8304,452.39,2025-01-23 19:27:08
9311,10,2,8305,960.76,2025-07-22 02:39:21
9312,3,2,8306,1329.28,2025-09-15 09:37:23
9313,7,2,8307,1645.96,2025-06-24 05:41:50
9314,3,2,8308,1088.25,2025-02-16 23:23:10
9315,1,3,8309,15872.49,2025-04-29 13:42:53
9316,5,2,8309,15872.49,2025-04-29 13:46:53
9317,8,2,8310,2578.78,2025-12-18 21:38:02
9318,3,2,8311,1834.09,2025-10-15 11:44:48
9319,7,2,8312,1130.72,2025-10-08 19:12:47
9320,2,3,8313,756.98,2025-08-26 06:43:22
9321,3,2,8313,756.98,2025-08-26 06:47:22
9322,1,2,8314,466.71,2025-07-06 09:50:12
9323,6,2,8315,724.35,2025-08-04 04:59:24
9324,5,2,8316,2011.10,2025-07-09 17:29:02
9325,8,2,8317,1233.37,2025-11-16 21:59:54
9326,1,2,8318,1268.84,2025-05-09 10:41:31
9327,3,2,8319,2113.73,2025-07-19 23:00:31
9328,10,3,8320,895.67,2025-08-29 12:26:00
9329,2,2,8320,895.67,2025-08-29 12:30:00
9330,3,2,8321,4420.09,2025-02-20 18:22:51
9331,6,2,8322,547.98,2025-10-21 05:48:04
9332,1,2,8323,445.52,2025-09-15 08:29:44
9333,1,2,8324,213.47,2025-08-08 18:12:44
9334,6,2,8325,757.89,2025-01-17 20:16:18
9335,10,2,8326,476.69,2025-09-16 20:03:14
9336,3,2,8327,596.80,2025-07-01 20:28:25
9337,5,2,8328,6479.72,2025-05-11 19:28:31
9338,3,2,8329,24515.04,2025-10-15 01:11:34
9339,7,3,8330,2396.45,2025-12-24 22:35:17
9340,8,2,8330,2396.45,2025-12-24 22:39:17
9341,7,2,8331,27157.92,2025-05-04 02:03:37
9342,1,2,8332,29232.72,2025-08-18 10:49:16
9343,5,2,8333,1052.14,2025-07-05 19:24:41
9344,5,2,8334,1097.98,2025-05-31 02:44:05
9345,2,2,8335,557.52,2025-09-11 11:16:06
9346,2,2,8336,774.70,2025-02-04 23:25:56
9347,4,2,8337,459.04,2025-03-31 14:11:02
9348,3,2,8338,1098.37,2025-11-08 09:58:09
9349,7,2,8339,474.55,2025-10-31 21:07:29
9350,7,2,8340,2333.49,2025-03-04 15:35:04
9351,3,2,8341,962.63,2025-06-08 14:20:53
9352,3,2,8342,1712.00,2025-06-15 23:56:14
9353,2,2,8343,7244.38,2025-01-23 23:46:27
9354,6,2,8344,3400.44,2025-05-29 10:37:12
9355,8,2,8345,509.41,2025-04-03 05:27:38
9356,4,2,8346,1685.70,2025-05-01 06:45:38
9357,3,2,8347,2479.65,2025-06-13 01:09:34
9358,10,2,8348,498.88,2025-02-10 11:02:53
9359,4,2,8349,2502.75,2025-11-10 18:06:02
9360,7,2,8350,2846.54,2025-10-07 15:02:39
9361,7,2,8351,878.14,2025-08-11 07:29:12
9362,6,2,8352,1068.55,2025-02-08 17:36:43
9363,10,2,8353,1940.48,2025-09-22 10:13:34
9364,3,2,8354,1699.03,2025-06-27 19:05:02
9365,5,3,8355,300.85,2025-03-16 15:08:36
9366,1,2,8355,300.85,2025-03-16 15:12:36
9367,9,2,8356,4108.16,2025-01-21 14:15:36
9368,4,2,8357,807.67,2025-11-15 02:45:26
9369,10,2,8358,1495.34,2025-01-17 18:07:37
9370,10,2,8359,987.83,2025-01-10 17:12:57
9371,10,3,8360,780.11,2025-03-06 10:18:36
9372,10,2,8360,780.11,2025-03-06 10:22:36
9373,3,2,8361,1045.76,2025-12-20 17:31:21
9374,1,2,8362,1932.39,2025-02-05 10:13:41
9375,7,3,8363,383.15,2025-11-08 12:28:07
9376,3,2,8363,383.15,2025-11-08 12:32:07
9377,7,2,8364,2296.20,2025-08-29 21:04:15
9378,2,2,8365,2565.52,2025-09-02 17:22:46
9379,2,2,8366,10080.72,2025-04-02 16:33:08
9380,3,2,8367,2105.07,2025-07-28 21:43:37
9381,3,2,8368,3541.10,2025-01-07 01:01:32
9382,2,2,8369,3816.08,2025-04-20 16:40:15
9383,2,2,8370,5253.30,2025-10-14 02:40:25
9384,1,2,8371,10505.04,2025-11-12 00:50:14
9385,5,2,8372,811.01,2025-04-26 12:01:49
9386,1,2,8373,4170.56,2025-07-14 12:10:57
9387,10,2,8374,1469.12,2025-11-27 13:02:57
9388,5,2,8375,1072.51,2025-03-04 23:48:28
9389,7,2,8376,3709.06,2025-10-06 06:34:50
9390,9,2,8377,724.85,2025-09-25 17:43:25
9391,6,2,8378,2028.00,2025-05-09 09:44:23
9392,6,2,8379,1184.49,2025-01-21 03:57:35
9393,3,2,8380,804.94,2025-01-20 03:58:34
9394,9,2,8381,526.90,2025-01-09 09:53:45
9395,6,2,8382,747.83,2025-07-26 08:15:00
9396,5,2,8383,651.39,2025-04-25 08:08:54
9397,10,2,8384,710.84,2025-09-27 08:18:03
9398,8,2,8385,2921.69,2025-03-16 03:46:25
9399,4,2,8386,2567.32,2025-09-01 19:26:40
9400,6,2,8387,2603.90,2025-03-15 10:47:33
9401,9,3,8388,1094.75,2025-11-27 05:32:04
9402,5,2,8388,1094.75,2025-11-27 05:36:04
9403,4,2,8389,928.06,2025-04-06 16:15:24
9404,3,3,8390,18420.08,2025-05-22 13:27:21
9405,6,2,8390,18420.08,2025-05-22 13:31:21
9406,9,2,8391,2394.90,2025-09-30 17:22:02
9407,9,2,8392,979.92,2025-09-15 01:47:27
9408,3,2,8393,4886.34,2025-10-17 10:44:34
9409,3,2,8394,1157.63,2025-07-09 17:52:26
9410,8,2,8395,27660.14,2025-03-13 21:20:00
9411,10,2,8396,11448.93,2025-01-02 13:43:05
9412,9,2,8397,5373.43,2025-05-01 14:43:59
9413,3,2,8398,20972.31,2025-04-18 00:12:01
9414,5,3,8399,922.27,2025-11-13 13:47:02
9415,2,2,8399,922.27,2025-11-13 13:51:02
9416,3,2,8400,1544.26,2025-07-25 09:10:42
9417,1,2,8401,1623.72,2025-04-18 11:49:29
9418,8,2,8402,3437.31,2025-02-09 13:16:56
9419,7,2,8403,3591.56,2025-08-18 03:54:05
9420,3,2,8404,1695.29,2025-09-08 13:45:20
9421,1,2,8405,1434.84,2025-08-03 06:45:27
9422,6,2,8406,1103.38,2025-04-16 12:00:06
9423,3,2,8407,6192.12,2025-03-19 07:51:00
9424,3,2,8408,1032.26,2025-10-31 10:03:53
9425,9,3,8409,579.09,2025-02-14 06:59:47
9426,6,2,8409,579.09,2025-02-14 07:03:47
9427,10,2,8410,1817.24,2025-05-04 04:53:55
9428,5,2,8411,1018.08,2025-09-08 09:16:41
9429,5,2,8412,1900.70,2025-04-12 13:07:20
9430,9,2,8413,1964.74,2025-01-28 09:00:09
9431,5,3,8414,1236.07,2025-08-27 21:35:03
9432,5,2,8414,1236.07,2025-08-27 21:39:03
9433,6,2,8415,871.42,2025-09-11 06:23:03
9434,5,2,8416,538.87,2025-11-24 18:30:04
9435,10,2,8417,1807.05,2025-01-28 09:48:44
9436,4,2,8418,1413.10,2025-06-25 01:42:37
9437,6,2,8419,27966.86,2025-02-20 23:10:21
9438,8,2,8420,1657.24,2025-03-24 20:59:57
9439,2,2,8421,665.78,2025-11-25 17:38:21
9440,6,2,8422,22675.94,2025-06-22 16:52:09
9441,5,2,8423,719.73,2025-10-12 17:30:57
9442,2,2,8424,2618.75,2025-05-12 10:54:03
9443,9,2,8425,964.24,2025-12-16 20:12:22
9444,5,2,8426,8788.35,2025-07-08 12:59:53
9445,2,2,8427,660.22,2025-01-01 11:02:58
9446,5,2,8428,1259.31,2025-06-15 13:05:28
9447,2,2,8429,2579.56,2025-08-02 19:36:12
9448,5,3,8430,2815.02,2025-04-24 20:54:35
9449,10,2,8430,2815.02,2025-04-24 20:58:35
9450,5,2,8431,1211.25,2025-01-16 02:37:36
9451,8,2,8432,348.84,2025-08-25 09:49:25
9452,10,3,8433,945.61,2025-03-05 07:22:01
9453,10,2,8433,945.61,2025-03-05 07:26:01
9454,9,2,8434,6418.62,2025-10-28 17:21:13
9455,1,2,8435,1077.19,2025-06-20 02:33:32
9456,10,2,8436,1544.29,2025-03-24 15:12:05
9457,5,2,8437,1401.02,2025-01-03 19:17:20
9458,5,2,8438,2422.42,2025-10-03 23:55:05
9459,4,2,8439,2172.50,2025-11-08 14:33:45
9460,9,2,8440,1256.21,2025-06-06 02:54:43
9461,6,2,8441,1385.14,2025-04-09 10:20:32
9462,10,2,8442,1373.30,2025-12-21 22:21:53
9463,4,2,8443,3611.88,2025-02-17 16:29:39
9464,4,2,8444,1416.13,2025-08-08 14:27:55
9465,6,2,8445,990.60,2025-10-30 16:55:46
9466,8,3,8446,422.08,2025-05-02 22:42:55
9467,3,2,8446,422.08,2025-05-02 22:46:55
9468,7,2,8447,1567.47,2025-07-07 02:50:11
9469,5,2,8448,2401.98,2025-09-15 02:01:28
9470,2,2,8449,496.67,2025-05-06 14:15:25
9471,6,2,8450,348.59,2025-07-31 02:59:20
9472,9,2,8451,4519.84,2025-07-14 18:40:20
9473,3,2,8452,2538.81,2025-04-01 07:16:52
9474,9,2,8453,886.16,2025-04-29 06:54:46
9475,6,2,8454,1072.24,2025-03-17 08:35:55
9476,8,2,8455,1009.27,2025-06-17 14:02:50
9477,3,2,8456,11603.64,2025-02-19 03:16:26
9478,10,2,8457,451.03,2025-11-09 19:04:25
9479,2,3,8458,684.67,2025-02-12 21:33:11
9480,8,2,8458,684.67,2025-02-12 21:37:11
9481,3,2,8459,1263.73,2025-07-18 09:56:05
9482,10,2,8460,1986.77,2025-11-07 03:43:18
9483,5,2,8461,299.95,2025-07-20 00:17:38
9484,6,2,8462,2675.01,2025-09-21 21:07:24
9485,7,2,8463,5448.70,2025-09-13 07:40:32
9486,2,2,8464,1105.57,2025-10-28 20:29:00
9487,3,2,8465,504.19,2025-07-17 07:11:48
9488,3,2,8466,669.67,2025-10-07 10:47:51
9489,5,2,8467,695.79,2025-04-09 14:39:30
9490,5,3,8468,6233.90,2025-01-06 14:26:54
9491,2,2,8468,6233.90,2025-01-06 14:30:54
9492,10,3,8469,2800.04,2025-10-27 04:31:32
9493,9,2,8469,2800.04,2025-10-27 04:35:32
9494,8,2,8470,9840.31,2025-09-21 06:32:23
9495,1,3,8471,19695.36,2025-01-20 09:36:28
9496,10,2,8471,19695.36,2025-01-20 09:40:28
9497,4,2,8472,19993.91,2025-02-27 08:55:53
9498,4,3,8473,1019.83,2025-02-01 10:36:32
9499,6,2,8473,1019.83,2025-02-01 10:40:32
9500,6,2,8474,1122.06,2025-02-15 22:35:36
9501,7,2,8475,3587.24,2025-06-11 05:16:00
9502,2,2,8476,4794.43,2025-06-19 18:30:20
9503,7,2,8477,2104.83,2025-12-28 20:57:46
9504,5,2,8478,447.87,2025-06-11 12:37:47
9505,6,2,8479,928.89,2025-06-30 13:27:31
9506,1,2,8480,1370.79,2025-08-17 10:36:58
9507,7,2,8481,2214.41,2025-09-12 13:05:28
9508,2,2,8482,626.08,2025-01-17 14:37:57
9509,8,2,8483,2936.86,2025-05-31 05:04:00
9510,5,2,8484,1125.30,2025-01-19 06:47:41
9511,7,2,8485,465.01,2025-12-30 03:08:10
9512,1,2,8486,1630.32,2025-12-17 01:48:36
9513,7,3,8487,1464.63,2025-06-22 08:30:35
9514,3,2,8487,1464.63,2025-06-22 08:34:35
9515,3,3,8488,1523.68,2025-06-01 11:31:52
9516,10,2,8488,1523.68,2025-06-01 11:35:52
9517,6,2,8489,1038.13,2025-01-28 16:34:13
9518,3,2,8490,856.56,2025-07-03 12:23:56
9519,2,2,8491,1195.85,2025-08-23 21:52:10
9520,6,2,8492,379.54,2025-04-17 16:25:43
9521,8,2,8493,719.58,2025-03-09 20:29:34
9522,7,2,8494,4915.52,2025-05-30 17:35:27
9523,6,2,8495,19891.58,2025-03-06 09:45:29
9524,6,2,8496,2111.77,2025-07-21 16:50:17
9525,4,2,8497,2049.84,2025-11-16 10:28:12
9526,2,2,8498,5299.33,2025-05-11 12:31:22
9527,2,2,8499,1141.32,2025-03-16 19:01:16
9528,1,2,8500,440.14,2025-03-03 22:38:38
9529,4,2,8501,10287.96,2025-02-22 13:54:39
9530,1,2,8502,1390.20,2025-03-31 23:07:45
9531,5,2,8503,1763.10,2025-11-12 01:33:24
9532,10,2,8504,401.50,2025-02-23 02:48:10
9533,6,2,8505,492.98,2025-12-30 04:54:01
9534,8,2,8506,589.32,2025-11-02 04:13:13
9535,10,2,8507,11057.90,2025-12-13 18:25:48
9536,10,2,8508,839.70,2025-10-16 06:45:44
9537,2,2,8509,946.56,2025-07-21 20:52:56
9538,7,2,8510,425.84,2025-10-15 18:12:36
9539,9,2,8511,804.19,2025-02-25 16:16:30
9540,3,2,8512,1425.52,2025-07-08 07:44:25
9541,6,2,8513,10760.52,2025-08-05 17:21:39
9542,2,2,8514,7431.99,2025-11-11 05:40:06
9543,1,2,8515,22687.94,2025-01-24 17:31:18
9544,5,2,8516,1617.33,2025-04-07 20:50:28
9545,10,2,8517,2053.53,2025-03-21 08:33:02
9546,4,3,8518,2370.62,2025-02-25 21:01:33
9547,7,2,8518,2370.62,2025-02-25 21:05:33
9548,7,2,8519,2754.91,2025-12-10 06:35:20
9549,10,2,8520,1606.99,2025-01-12 04:13:06
9550,2,3,8521,39185.10,2025-04-08 13:05:27
9551,9,2,8521,39185.10,2025-04-08 13:09:27
9552,9,2,8522,2080.25,2025-10-28 12:32:53
9553,4,2,8523,1334.04,2025-01-19 07:29:41
9554,4,2,8524,18512.62,2025-11-15 18:27:12
9555,9,3,8525,1702.89,2025-01-10 13:37:41
9556,1,2,8525,1702.89,2025-01-10 13:41:41
9557,9,2,8526,548.87,2025-03-24 21:37:53
9558,5,2,8527,274.64,2025-07-04 02:54:06
9559,4,2,8528,487.24,2025-08-01 15:01:54
9560,9,2,8529,1055.98,2025-08-20 20:19:58
9561,1,2,8530,1391.42,2025-04-06 16:08:58
9562,1,3,8531,956.90,2025-11-08 09:15:36
9563,8,2,8531,956.90,2025-11-08 09:19:36
9564,9,2,8532,715.27,2025-01-03 17:55:12
9565,2,2,8533,3239.64,2025-10-22 20:59:32
9566,4,2,8534,1596.68,2025-04-25 18:12:22
9567,4,2,8535,1018.36,2025-03-28 21:56:43
9568,7,2,8536,1125.66,2025-07-24 03:11:52
9569,2,2,8537,1006.62,2025-12-06 07:21:40
9570,6,3,8538,1659.10,2025-08-29 14:51:03
9571,8,2,8538,1659.10,2025-08-29 14:55:03
9572,3,2,8539,2432.78,2025-06-28 05:22:22
9573,9,2,8540,516.89,2025-03-16 22:25:56
9574,8,2,8541,957.76,2025-08-05 08:23:33
9575,10,2,8542,30383.07,2025-09-03 23:26:18
9576,4,2,8543,4785.11,2025-03-04 12:25:53
9577,6,2,8544,1163.04,2025-07-25 14:31:18
9578,2,3,8545,990.74,2025-11-04 10:18:52
9579,2,2,8545,990.74,2025-11-04 10:22:52
9580,10,2,8546,1332.46,2025-12-09 12:12:28
9581,10,2,8547,774.79,2025-01-05 19:13:18
9582,8,2,8548,1432.56,2025-01-15 09:42:58
9583,9,2,8549,1030.35,2025-04-21 16:17:18
9584,9,2,8550,1386.72,2025-07-15 11:00:42
9585,2,2,8551,12579.64,2025-08-16 04:23:19
9586,9,2,8552,1839.60,2025-10-16 07:06:44
9587,9,2,8553,2037.66,2025-08-30 23:16:47
9588,2,2,8554,1196.44,2025-03-19 05:01:57
9589,2,2,8555,1368.23,2025-06-03 23:00:57
9590,4,2,8556,1265.92,2025-04-12 21:25:40
9591,5,2,8557,512.94,2025-04-23 00:34:28
9592,8,2,8558,1515.26,2025-06-01 10:09:24
9593,1,2,8559,1083.08,2025-07-19 23:35:57
9594,4,2,8560,673.78,2025-03-08 08:32:36
9595,3,2,8561,695.72,2025-03-02 05:33:04
9596,6,3,8562,2412.96,2025-04-26 01:16:40
9597,3,2,8562,2412.96,2025-04-26 01:20:40
9598,6,2,8563,3666.11,2025-04-02 06:23:24
9599,5,3,8564,869.41,2025-09-24 05:41:07
9600,2,2,8564,869.41,2025-09-24 05:45:07
9601,3,2,8565,17969.72,2025-06-07 08:37:39
9602,6,2,8566,6786.61,2025-09-28 15:37:53
9603,9,2,8567,4565.26,2025-03-13 14:09:17
9604,1,2,8568,1017.43,2025-06-16 05:28:27
9605,8,2,8569,3811.49,2025-10-19 14:41:23
9606,2,2,8570,1611.06,2025-12-21 02:22:46
9607,2,3,8571,1755.07,2025-05-06 04:21:15
9608,5,2,8571,1755.07,2025-05-06 04:25:15
9609,1,2,8572,852.47,2025-08-27 20:10:47
9610,10,2,8573,956.37,2025-02-24 12:21:08
9611,3,3,8574,572.44,2025-05-02 14:11:23
9612,6,2,8574,572.44,2025-05-02 14:15:23
9613,8,3,8575,2695.43,2025-11-19 08:21:39
9614,9,2,8575,2695.43,2025-11-19 08:25:39
9615,6,2,8576,2298.91,2025-10-17 23:30:39
9616,2,2,8577,614.45,2025-11-13 07:14:38
9617,7,3,8578,1623.72,2025-11-07 16:35:53
9618,2,2,8578,1623.72,2025-11-07 16:39:53
9619,5,3,8579,549.46,2025-03-04 16:31:22
9620,10,2,8579,549.46,2025-03-04 16:35:22
9621,5,2,8580,12307.02,2025-05-08 11:31:24
9622,3,3,8581,1564.80,2025-11-05 15:09:53
9623,7,2,8581,1564.80,2025-11-05 15:13:53
9624,7,2,8582,895.83,2025-05-05 01:03:12
9625,2,2,8583,1113.41,2025-02-28 00:25:04
9626,4,2,8584,11119.60,2025-04-11 16:01:47
9627,9,2,8585,928.07,2025-07-08 00:18:56
9628,3,2,8586,4288.53,2025-01-23 19:05:48
9629,8,2,8587,1727.55,2025-02-19 04:40:04
9630,6,2,8588,394.92,2025-07-26 10:59:15
9631,8,2,8589,13559.47,2025-08-22 19:00:53
9632,2,2,8590,1960.05,2025-04-09 04:52:52
9633,3,2,8591,960.99,2025-03-18 13:42:12
9634,1,2,8592,8673.51,2025-07-20 16:53:17
9635,10,2,8593,260.66,2025-05-02 04:07:01
9636,6,2,8594,1250.99,2025-01-21 23:44:23
9637,5,3,8595,697.18,2025-01-23 12:14:34
9638,5,2,8595,697.18,2025-01-23 12:18:34
9639,5,2,8596,2077.13,2025-12-24 04:53:25
9640,4,3,8597,3480.10,2025-08-29 07:56:37
9641,4,2,8597,3480.10,2025-08-29 08:00:37
9642,9,2,8598,5461.86,2025-08-27 19:42:20
9643,2,2,8599,7466.54,2025-10-30 16:32:33
9644,2,2,8600,3695.86,2025-02-20 08:14:05
9645,9,2,8601,1342.95,2025-12-31 00:29:23
9646,1,2,8602,565.04,2025-01-27 09:12:04
9647,7,2,8603,1950.94,2025-03-15 03:32:05
9648,7,2,8604,3675.04,2025-12-23 20:01:00
9649,2,2,8605,540.54,2025-06-11 21:25:02
9650,5,2,8606,814.09,2025-12-27 20:54:54
9651,4,2,8607,382.91,2025-01-10 10:21:43
9652,3,2,8608,3311.52,2025-07-24 21:58:20
9653,4,2,8609,715.34,2025-12-20 14:06:30
9654,9,2,8610,10686.23,2025-01-29 06:25:50
9655,2,3,8611,877.74,2025-07-06 12:57:22
9656,10,2,8611,877.74,2025-07-06 13:01:22
9657,2,2,8612,1945.74,2025-06-30 12:42:47
9658,8,2,8613,809.37,2025-04-03 06:47:45
9659,3,3,8614,5454.96,2025-07-03 03:09:16
9660,10,2,8614,5454.96,2025-07-03 03:13:16
9661,6,2,8615,769.40,2025-04-26 22:31:56
9662,4,2,8616,1966.69,2025-08-08 17:20:19
9663,7,2,8617,1636.80,2025-12-03 17:42:12
9664,4,2,8618,1375.02,2025-11-11 21:40:02
9665,1,2,8619,2237.72,2025-06-02 05:46:55
9666,10,3,8620,3932.84,2025-06-17 23:38:38
9667,9,2,8620,3932.84,2025-06-17 23:42:38
9668,2,2,8621,1737.46,2025-05-26 19:08:20
9669,6,2,8622,307.27,2025-06-03 16:04:32
9670,3,2,8623,305.75,2025-07-31 19:34:21
9671,8,2,8624,460.95,2025-10-31 01:03:55
9672,1,2,8625,2360.78,2025-04-11 21:09:14
9673,5,2,8626,1720.70,2025-02-24 11:58:03
9674,10,2,8627,2352.58,2025-09-04 10:04:20
9675,9,2,8628,4747.33,2025-02-19 13:02:27
9676,5,3,8629,1891.57,2025-12-22 00:53:12
9677,3,2,8629,1891.57,2025-12-22 00:57:12
9678,6,2,8630,2414.14,2025-01-22 18:58:04
9679,5,2,8631,2224.24,2025-04-18 01:48:19
9680,10,2,8632,9079.96,2025-05-22 03:02:31
9681,7,2,8633,1286.12,2025-05-14 15:45:09
9682,1,2,8634,1096.97,2025-11-11 22:59:27
9683,1,2,8635,1762.64,2025-03-23 04:21:40
9684,5,2,8636,921.00,2025-10-13 17:19:43
9685,7,2,8637,2058.46,2025-03-19 16:28:55
9686,4,2,8638,2507.35,2025-03-19 20:42:43
9687,7,2,8639,874.19,2025-04-14 21:34:21
9688,9,2,8640,40148.66,2025-03-18 18:17:25
9689,1,2,8641,16108.13,2025-04-24 21:23:43
9690,9,2,8642,2308.93,2025-01-28 12:57:52
9691,2,2,8643,1295.46,2025-11-12 08:15:54
9692,4,2,8644,1660.95,2025-10-16 09:56:42
9693,2,2,8645,1724.75,2025-04-26 12:38:57
9694,1,2,8646,4448.28,2025-08-05 05:30:08
9695,1,2,8647,2799.01,2025-12-29 03:45:06
9696,4,2,8648,1197.50,2025-01-15 11:03:34
9697,5,3,8649,1272.42,2025-12-28 12:49:37
9698,1,2,8649,1272.42,2025-12-28 12:53:37
9699,5,2,8650,1180.83,2025-11-12 17:57:41
9700,1,2,8651,1756.09,2025-09-10 12:55:39
9701,8,2,8652,669.06,2025-09-07 18:29:51
9702,4,2,8653,3998.01,2025-04-21 11:52:20
9703,7,2,8654,1645.20,2025-07-02 16:22:01
9704,7,2,8655,856.54,2025-06-27 09:49:29
9705,1,2,8656,560.61,2025-12-31 08:03:36
9706,8,2,8657,1207.42,2025-02-02 02:06:25
9707,8,2,8658,1295.45,2025-04-14 18:58:43
9708,2,2,8659,6166.89,2025-05-10 18:52:38
9709,5,2,8660,954.26,2025-11-14 09:13:42
9710,1,2,8661,1600.39,2025-04-22 05:10:35
9711,9,2,8662,1352.33,2025-07-20 21:09:22
9712,3,2,8663,895.18,2025-07-22 17:19:25
9713,10,2,8664,5691.59,2025-12-18 08:53:15
9714,3,2,8665,624.38,2025-06-28 16:55:49
9715,3,2,8666,10870.28,2025-10-02 14:30:10
9716,1,2,8667,611.25,2025-01-08 18:44:06
9717,5,2,8668,1689.90,2025-04-04 17:05:58
9718,5,2,8669,2377.32,2025-02-10 04:42:56
9719,4,3,8670,536.10,2025-08-12 13:04:27
9720,3,2,8670,536.10,2025-08-12 13:08:27
9721,1,2,8671,6275.14,2025-05-25 06:51:37
9722,9,3,8672,5208.17,2025-04-21 14:43:27
9723,6,2,8672,5208.17,2025-04-21 14:47:27
9724,1,2,8673,3695.20,2025-10-03 13:31:08
9725,2,2,8674,1288.46,2025-07-11 08:24:25
9726,6,2,8675,1153.10,2025-02-21 15:36:11
9727,7,2,8676,10729.53,2025-04-15 08:03:58
9728,4,2,8677,1920.89,2025-07-09 07:12:09
9729,4,2,8678,5300.22,2025-09-10 16:53:25
9730,3,2,8679,6122.59,2025-08-15 07:41:15
9731,9,2,8680,2083.62,2025-12-06 14:10:25
9732,2,2,8681,364.28,2025-07-05 17:41:16
9733,6,2,8682,1011.10,2025-01-09 17:49:15
9734,2,2,8683,673.36,2025-04-11 04:18:54
9735,1,2,8684,1917.24,2025-08-25 16:35:31
9736,5,2,8685,1862.71,2025-01-02 22:01:54
9737,5,3,8686,1595.62,2025-11-21 08:47:21
9738,1,2,8686,1595.62,2025-11-21 08:51:21
9739,6,3,8687,823.92,2025-07-30 00:52:08
9740,1,2,8687,823.92,2025-07-30 00:56:08
9741,10,2,8688,567.48,2025-11-24 05:37:48
9742,4,2,8689,788.43,2025-02-04 01:25:12
9743,6,2,8690,2711.93,2025-04-20 18:42:51
9744,7,2,8691,4243.38,2025-09-05 20:54:44
9745,3,2,8692,4019.12,2025-11-29 17:12:21
9746,7,2,8693,1391.30,2025-04-03 05:49:30
9747,7,2,8694,530.08,2025-08-19 22:33:30
9748,6,2,8695,2919.36,2025-02-02 01:40:58
9749,1,2,8696,10256.33,2025-05-26 01:44:22
9750,9,2,8697,4475.52,2025-05-14 18:06:33
9751,2,2,8698,2695.84,2025-10-02 01:51:57
9752,10,2,8699,2369.20,2025-03-14 12:18:21
9753,4,2,8700,644.43,2025-09-17 03:45:56
9754,3,2,8701,1534.09,2025-10-22 16:31:53
9755,3,2,8702,1196.29,2025-10-04 02:25:59
9756,5,2,8703,779.13,2025-02-24 05:19:16
9757,8,2,8704,856.55,2025-08-28 06:47:15
9758,9,2,8705,2534.90,2025-12-25 14:13:04
9759,9,2,8706,1041.52,2025-08-26 06:14:51
9760,7,2,8707,776.63,2025-12-08 14:31:24
9761,8,2,8708,566.19,2025-06-20 01:58:55
9762,3,2,8709,6681.48,2025-01-03 07:54:12
9763,1,2,8710,1498.76,2025-03-06 21:56:05
9764,4,2,8711,8201.52,2025-05-20 16:11:12
9765,9,2,8712,3213.56,2025-12-14 14:00:13
9766,3,2,8713,3076.39,2025-08-06 00:59:10
9767,4,3,8714,1106.98,2025-12-11 18:20:26
9768,8,2,8714,1106.98,2025-12-11 18:24:26
9769,7,2,8715,789.25,2025-05-31 05:17:09
9770,10,2,8716,1155.11,2025-06-22 13:30:43
9771,1,2,8717,2752.80,2025-11-23 17:22:39
9772,4,2,8718,1038.00,2025-05-19 03:58:48
9773,1,2,8719,1462.10,2025-12-28 21:23:15
9774,8,3,8720,473.14,2025-05-20 13:53:02
9775,10,2,8720,473.14,2025-05-20 13:57:02
9776,9,2,8721,9843.73,2025-08-24 09:21:40
9777,6,2,8722,505.34,2025-06-04 01:06:49
9778,10,2,8723,21292.59,2025-05-05 04:03:13
9779,3,2,8724,2067.60,2025-07-05 00:41:08
9780,6,2,8725,937.49,2025-05-17 12:24:27
9781,6,2,8726,1982.37,2025-08-06 20:44:12
9782,7,3,8727,1571.27,2025-08-06 15:12:42
9783,5,2,8727,1571.27,2025-08-06 15:16:42
9784,10,2,8728,708.91,2025-10-02 08:35:49
9785,2,2,8729,621.84,2025-09-10 10:01:56
9786,8,2,8730,3182.04,2025-11-06 09:20:51
9787,3,2,8731,1121.52,2025-11-21 16:23:28
9788,6,2,8732,6632.10,2025-01-22 22:40:24
9789,3,2,8733,8635.73,2025-05-25 07:49:35
9790,9,2,8734,291.53,2025-02-04 00:06:18
9791,4,2,8735,1466.82,2025-08-18 17:06:41
9792,9,2,8736,572.13,2025-03-05 03:24:45
9793,8,3,8737,3100.22,2025-10-19 11:04:47
9794,5,2,8737,3100.22,2025-10-19 11:08:47
9795,9,2,8738,11325.88,2025-04-27 02:23:38
9796,9,3,8739,1478.90,2025-06-01 15:05:26
9797,10,2,8739,1478.90,2025-06-01 15:09:26
9798,2,2,8740,329.28,2025-03-24 08:58:33
9799,1,2,8741,5087.59,2025-05-15 17:37:08
9800,10,3,8742,1142.05,2025-01-15 21:11:10
9801,7,2,8742,1142.05,2025-01-15 21:15:10
9802,6,2,8743,5423.41,2025-08-16 21:07:06
9803,9,2,8744,2558.72,2025-02-24 22:21:15
9804,4,2,8745,1097.54,2025-06-09 01:42:10
9805,9,2,8746,971.18,2025-03-18 23:09:55
9806,6,2,8747,1049.16,2025-09-16 09:02:39
9807,9,2,8748,539.50,2025-12-27 12:58:37
9808,9,2,8749,3143.83,2025-03-30 22:30:39
9809,5,2,8750,651.07,2025-07-29 06:22:14
9810,1,2,8751,616.00,2025-10-30 15:12:04
9811,8,2,8752,704.08,2025-08-27 22:17:59
9812,8,2,8753,644.11,2025-08-17 01:18:09
9813,1,2,8754,868.94,2025-09-18 18:21:19
9814,2,2,8755,1514.95,2025-06-01 07:30:05
9815,3,2,8756,1409.33,2025-07-07 11:09:11
9816,2,3,8757,292.04,2025-10-28 05:58:19
9817,8,2,8757,292.04,2025-10-28 06:02:19
9818,3,2,8758,927.87,2025-09-16 00:11:01
9819,5,3,8759,1534.15,2025-08-07 20:15:47
9820,5,2,8759,1534.15,2025-08-07 20:19:47
9821,1,2,8760,722.63,2025-09-13 14:48:03
9822,6,2,8761,631.04,2025-06-12 05:43:44
9823,8,2,8762,670.17,2025-06-14 18:17:48
9824,8,2,8763,20518.71,2025-12-14 00:41:49
9825,4,2,8764,596.94,2025-09-19 01:04:21
9826,6,2,8765,655.25,2025-12-22 01:44:45
9827,9,2,8766,2462.44,2025-04-15 03:27:06
9828,8,3,8767,2358.38,2025-11-10 13:22:30
9829,10,2,8767,2358.38,2025-11-10 13:26:30
9830,7,2,8768,1121.64,2025-01-12 08:08:06
9831,1,2,8769,5642.92,2025-12-14 04:41:44
9832,10,2,8770,1277.65,2025-12-12 16:58:21
9833,1,2,8771,784.18,2025-06-02 23:40:16
9834,10,3,8772,3727.33,2025-12-20 06:30:22
9835,1,2,8772,3727.33,2025-12-20 06:34:22
9836,3,2,8773,5271.88,2025-09-17 01:17:46
9837,7,2,8774,320.83,2025-03-12 10:45:30
9838,10,3,8775,1074.85,2025-09-22 03:24:35
9839,7,2,8775,1074.85,2025-09-22 03:28:35
9840,2,3,8776,2422.12,2025-05-20 02:05:13
9841,6,2,8776,2422.12,2025-05-20 02:09:13
9842,6,2,8777,10700.54,2025-07-21 00:25:01
9843,2,3,8778,5314.70,2025-10-14 08:37:19
9844,9,2,8778,5314.70,2025-10-14 08:41:19
9845,4,2,8779,775.69,2025-07-23 08:30:28
9846,3,2,8780,18135.51,2025-08-19 04:32:25
9847,2,2,8781,1324.93,2025-08-24 06:49:00
9848,8,2,8782,910.73,2025-12-09 17:11:57
9849,9,3,8783,872.86,2025-03-12 04:03:18
9850,10,2,8783,872.86,2025-03-12 04:07:18
9851,10,2,8784,521.93,2025-10-31 19:02:30
9852,4,2,8785,7145.33,2025-04-10 05:43:25
9853,8,2,8786,9552.94,2025-12-21 07:02:27
9854,4,2,8787,7070.79,2025-09-04 16:54:55
9855,3,2,8788,438.99,2025-09-09 04:21:39
9856,9,2,8789,2811.97,2025-04-08 17:44:39
9857,10,3,8790,5485.90,2025-12-15 05:21:34
9858,8,2,8790,5485.90,2025-12-15 05:25:34
9859,3,2,8791,2017.18,2025-01-21 12:32:00
9860,2,2,8792,890.07,2025-09-09 03:11:49
9861,8,3,8793,2796.18,2025-08-21 09:03:51
9862,4,2,8793,2796.18,2025-08-21 09:07:51
9863,2,2,8794,1713.15,2025-06-06 03:50:45
9864,8,2,8795,1680.84,2025-09-03 04:35:45
9865,9,2,8796,909.10,2025-10-01 17:30:52
9866,6,2,8797,928.36,2025-10-29 06:12:55
9867,10,2,8798,593.47,2025-03-29 20:43:47
9868,8,2,8799,17559.63,2025-02-18 19:44:49
9869,5,3,8800,858.97,2025-11-24 05:24:06
9870,4,2,8800,858.97,2025-11-24 05:28:06
9871,6,2,8801,787.41,2025-10-02 19:39:48
9872,6,2,8802,1235.61,2025-07-19 01:43:54
9873,3,3,8803,1731.06,2025-08-23 04:18:36
9874,1,2,8803,1731.06,2025-08-23 04:22:36
9875,9,2,8804,19479.95,2025-03-19 19:04:56
9876,9,2,8805,1529.06,2025-05-27 20:34:32
9877,10,2,8806,2658.06,2025-08-13 13:57:45
9878,7,2,8807,1250.77,2025-09-20 14:20:14
9879,2,2,8808,1028.26,2025-12-23 07:07:00
9880,5,2,8809,2566.26,2025-01-14 15:19:56
9881,9,2,8810,3411.42,2025-05-09 04:36:36
9882,3,3,8811,2094.14,2025-01-25 11:44:30
9883,5,2,8811,2094.14,2025-01-25 11:48:30
9884,9,2,8812,2549.96,2025-09-04 01:50:02
9885,5,2,8813,3770.72,2025-03-17 14:38:36
9886,10,3,8814,996.05,2025-10-06 17:54:28
9887,3,2,8814,996.05,2025-10-06 17:58:28
9888,8,2,8815,1526.58,2025-02-03 14:26:34
9889,2,2,8816,380.04,2025-07-02 13:03:51
9890,6,2,8817,2873.63,2025-03-25 10:50:58
9891,2,2,8818,2103.92,2025-08-17 04:15:38
9892,3,2,8819,1119.90,2025-03-29 04:32:44
9893,9,2,8820,17653.66,2025-01-08 08:10:03
9894,2,2,8821,9417.86,2025-06-14 16:28:38
9895,2,2,8822,1493.26,2025-05-26 02:55:19
9896,6,2,8823,787.41,2025-10-05 21:06:34
9897,7,2,8824,1837.45,2025-10-27 17:33:41
9898,7,2,8825,613.61,2025-07-07 08:10:48
9899,7,2,8826,1920.95,2025-03-05 15:36:39
9900,9,2,8827,13580.05,2025-10-06 23:37:36
9901,4,2,8828,486.00,2025-04-17 07:09:40
9902,9,2,8829,1938.15,2025-04-17 21:12:23
9903,2,2,8830,2557.20,2025-01-23 07:32:58
9904,7,2,8831,862.94,2025-07-01 14:57:47
9905,9,2,8832,1445.62,2025-01-02 16:19:13
9906,5,2,8833,1237.12,2025-08-29 21:10:57
9907,8,2,8834,28209.84,2025-09-28 02:57:33
9908,8,2,8835,1345.83,2025-01-18 20:09:37
9909,8,2,8836,876.67,2025-06-25 01:54:08
9910,3,2,8837,3588.25,2025-05-10 11:34:58
9911,3,2,8838,4907.89,2025-12-12 17:16:56
9912,6,2,8839,2764.97,2025-09-03 17:16:12
9913,3,2,8840,30715.74,2025-12-26 02:39:57
9914,1,2,8841,39292.64,2025-08-08 07:01:05
9915,6,2,8842,3213.12,2025-01-18 17:17:15
9916,4,2,8843,402.55,2025-06-06 07:27:04
9917,10,2,8844,2578.40,2025-02-10 09:58:59
9918,10,2,8845,3741.16,2025-12-06 12:18:53
9919,9,2,8846,2140.33,2025-04-06 21:30:06
9920,7,2,8847,2012.98,2025-07-17 18:53:13
9921,3,2,8848,1473.58,2025-01-25 10:05:31
9922,6,2,8849,691.45,2025-04-07 08:07:44
9923,5,2,8850,20467.09,2025-07-27 17:57:09
9924,8,2,8851,1336.37,2025-04-17 22:37:39
9925,8,2,8852,1281.61,2025-07-28 21:57:53
9926,3,2,8853,644.80,2025-11-04 02:45:43
9927,8,3,8854,1364.37,2025-12-28 05:47:33
9928,5,2,8854,1364.37,2025-12-28 05:51:33
9929,4,2,8855,5676.31,2025-07-16 17:08:18
9930,6,2,8856,1350.38,2025-05-30 11:09:56
9931,1,2,8857,1533.88,2025-06-16 21:09:30
9932,6,3,8858,960.36,2025-09-22 13:04:12
9933,2,2,8858,960.36,2025-09-22 13:08:12
9934,6,2,8859,1761.34,2025-12-21 10:34:09
9935,6,2,8860,744.19,2025-07-03 02:25:02
9936,7,2,8861,782.39,2025-01-22 17:35:20
9937,1,2,8862,1531.67,2025-10-16 21:43:31
9938,7,2,8863,7027.67,2025-05-24 15:13:29
9939,9,2,8864,899.76,2025-06-30 17:34:57
9940,1,2,8865,907.80,2025-11-15 10:17:53
9941,2,2,8866,11572.08,2025-12-31 18:54:34
9942,1,2,8867,672.25,2025-02-12 02:56:33
9943,3,2,8868,1576.35,2025-07-29 12:28:24
9944,2,2,8869,4547.42,2025-12-08 23:03:40
9945,5,2,8870,770.11,2025-01-26 22:45:04
9946,8,2,8871,7186.48,2025-05-15 17:35:59
9947,1,2,8872,616.35,2025-04-23 10:24:14
9948,7,2,8873,211.84,2025-06-20 09:17:20
9949,8,2,8874,1643.13,2025-04-10 11:47:07
9950,3,2,8875,624.71,2025-08-10 02:14:20
9951,7,3,8876,3137.02,2025-08-02 03:45:15
9952,8,2,8876,3137.02,2025-08-02 03:49:15
9953,1,3,8877,441.40,2025-09-06 17:49:13
9954,8,2,8877,441.40,2025-09-06 17:53:13
9955,1,2,8878,1570.41,2025-11-07 06:08:28
9956,7,2,8879,675.82,2025-07-26 06:09:42
9957,4,2,8880,785.40,2025-02-28 15:43:22
9958,7,2,8881,1027.65,2025-03-09 08:11:49
9959,1,2,8882,20859.19,2025-12-04 05:51:34
9960,2,2,8883,2984.73,2025-03-13 16:10:25
9961,6,2,8884,17435.70,2025-07-06 02:34:13
9962,1,2,8885,236.55,2025-02-14 16:19:56
9963,6,2,8886,1187.09,2025-10-09 09:19:29
9964,2,2,8887,4775.22,2025-05-05 15:09:28
9965,5,2,8888,9178.21,2025-12-15 08:24:54
9966,5,3,8889,3407.66,2025-07-18 12:20:48
9967,10,2,8889,3407.66,2025-07-18 12:24:48
9968,5,2,8890,1161.51,2025-12-22 21:33:17
9969,4,2,8891,3878.27,2025-03-31 16:30:01
9970,8,2,8892,712.03,2025-04-19 04:58:11
9971,10,2,8893,1921.99,2025-08-22 19:58:52
9972,10,2,8894,1244.18,2025-06-08 12:32:18
9973,2,2,8895,1753.29,2025-04-17 08:17:50
9974,5,2,8896,2970.79,2025-03-29 10:38:48
9975,4,2,8897,615.18,2025-07-30 23:10:15
9976,5,2,8898,566.86,2025-10-17 00:23:21
9977,8,2,8899,4486.91,2025-10-11 13:13:02
9978,9,2,8900,1447.94,2025-11-29 05:38:51
9979,1,2,8901,1587.89,2025-07-24 05:00:19
9980,5,2,8902,8604.46,2025-11-08 16:09:48
9981,6,2,8903,585.60,2025-09-19 18:26:11
9982,10,3,8904,6608.19,2025-12-20 07:42:58
9983,9,2,8904,6608.19,2025-12-20 07:46:58
9984,2,2,8905,10852.98,2025-01-26 02:21:20
9985,6,2,8906,2986.57,2025-11-12 17:03:49
9986,4,2,8907,7915.99,2025-08-19 13:06:37
9987,2,2,8908,811.86,2025-12-01 06:58:54
9988,4,2,8909,1362.42,2025-06-10 09:43:51
9989,6,2,8910,635.48,2025-10-22 14:50:49
9990,4,2,8911,3815.57,2025-12-15 19:12:51
9991,5,2,8912,1840.86,2025-07-24 02:28:03
9992,7,2,8913,1595.18,2025-01-06 08:53:23
9993,4,2,8914,797.57,2025-06-18 05:31:17
9994,3,2,8915,2105.86,2025-09-15 02:44:32
9995,3,2,8916,1420.46,2025-07-13 15:50:45
9996,3,2,8917,16601.97,2025-07-01 02:21:51
9997,6,2,8918,998.34,2025-01-28 03:06:48
9998,5,3,8919,922.30,2025-06-17 16:20:48
9999,10,2,8919,922.30,2025-06-17 16:24:48
10000,7,2,8920,758.29,2025-06-03 13:42:12
10001,9,3,8921,839.15,2025-09-25 05:44:21
10002,10,2,8921,839.15,2025-09-25 05:48:21
10003,7,3,8922,6523.92,2025-01-18 21:04:27
10004,6,2,8922,6523.92,2025-01-18 21:08:27
10005,9,2,8923,1918.58,2025-09-21 06:35:47
10006,4,3,8924,1974.49,2025-05-18 10:05:57
10007,7,2,8924,1974.49,2025-05-18 10:09:57
10008,8,2,8925,317.90,2025-10-27 19:37:43
10009,4,2,8926,1168.39,2025-08-25 02:05:28
10010,4,2,8927,4151.35,2025-01-27 16:23:24
10011,3,2,8928,2342.29,2025-12-23 15:08:01
10012,1,2,8929,3274.33,2025-06-11 09:06:06
10013,10,2,8930,19166.15,2025-06-29 14:45:27
10014,6,2,8931,904.88,2025-04-23 08:56:37
10015,5,2,8932,853.28,2025-12-27 18:05:09
10016,7,2,8933,814.33,2025-07-10 09:13:05
10017,4,2,8934,868.91,2025-01-19 23:51:36
10018,8,2,8935,1613.12,2025-12-12 04:31:35
10019,9,2,8936,4789.76,2025-05-11 09:42:28
10020,3,2,8937,1569.51,2025-08-16 16:32:39
10021,6,2,8938,2226.26,2025-02-19 14:48:33
10022,7,2,8939,1362.22,2025-02-10 15:16:11
10023,5,3,8940,1268.35,2025-04-16 02:00:48
10024,4,2,8940,1268.35,2025-04-16 02:04:48
10025,10,2,8941,537.55,2025-03-25 18:24:14
10026,7,2,8942,1322.44,2025-04-08 01:24:38
10027,7,2,8943,2132.41,2025-03-23 18:46:19
10028,2,2,8944,864.53,2025-10-16 22:14:54
10029,3,2,8945,1599.24,2025-01-01 03:10:45
10030,8,2,8946,1726.07,2025-07-17 12:43:24
10031,7,2,8947,39504.01,2025-06-08 05:10:19
10032,4,2,8948,8660.59,2025-01-25 10:59:20
10033,1,2,8949,1847.93,2025-08-03 11:39:07
10034,6,2,8950,3271.27,2025-12-18 20:46:57
10035,5,2,8951,297.74,2025-12-29 15:30:25
10036,3,2,8952,1928.42,2025-12-21 07:50:34
10037,8,3,8953,616.43,2025-05-07 08:03:38
10038,2,2,8953,616.43,2025-05-07 08:07:38
10039,1,3,8954,1056.17,2025-11-01 15:06:48
10040,9,2,8954,1056.17,2025-11-01 15:10:48
10041,7,2,8955,1505.22,2025-06-06 10:42:50
10042,10,2,8956,10443.88,2025-01-14 20:45:04
10043,2,2,8957,1328.63,2025-01-22 20:13:46
10044,5,2,8958,7088.53,2025-08-18 21:41:48
10045,2,2,8959,1212.85,2025-03-21 23:25:39
10046,8,2,8960,3639.34,2025-06-10 22:16:43
10047,9,3,8961,1356.97,2025-10-05 01:52:33
10048,1,2,8961,1356.97,2025-10-05 01:56:33
10049,3,3,8962,1225.84,2025-12-11 04:26:44
10050,6,2,8962,1225.84,2025-12-11 04:30:44
10051,5,2,8963,1040.44,2025-09-18 10:33:45
10052,5,2,8964,1038.87,2025-03-18 03:27:52
10053,8,2,8965,2071.42,2025-11-21 04:43:34
10054,10,2,8966,2631.05,2025-03-15 20:54:22
10055,10,2,8967,844.27,2025-11-05 02:46:50
10056,8,2,8968,1037.69,2025-09-29 23:11:30
10057,9,2,8969,1786.32,2025-02-12 02:12:43
10058,8,2,8970,2289.54,2025-11-09 02:24:33
10059,4,3,8971,716.20,2025-09-11 17:00:47
10060,6,2,8971,716.20,2025-09-11 17:04:47
10061,1,2,8972,1144.95,2025-03-01 00:12:56
10062,2,2,8973,434.00,2025-03-10 00:23:27
10063,1,2,8974,679.16,2025-08-28 10:07:17
10064,9,2,8975,998.20,2025-08-16 18:56:07
10065,3,2,8976,1176.48,2025-06-15 19:48:52
10066,4,2,8977,3236.50,2025-08-03 06:01:43
10067,7,2,8978,872.56,2025-12-24 16:49:07
10068,5,2,8979,4713.03,2025-07-10 07:49:24
10069,2,2,8980,1582.19,2025-09-13 16:28:17
10070,6,3,8981,2243.27,2025-07-20 09:25:26
10071,2,2,8981,2243.27,2025-07-20 09:29:26
10072,8,2,8982,9044.03,2025-07-12 15:42:54
10073,6,2,8983,2873.74,2025-10-04 04:49:27
10074,8,3,8984,1012.72,2025-01-26 06:18:58
10075,2,2,8984,1012.72,2025-01-26 06:22:58
10076,3,3,8985,1265.56,2025-06-04 00:38:49
10077,1,2,8985,1265.56,2025-06-04 00:42:49
10078,10,2,8986,660.89,2025-04-16 07:57:04
10079,4,2,8987,359.81,2025-10-09 06:49:48
10080,6,2,8988,550.49,2025-11-08 16:18:44
10081,10,2,8989,2850.56,2025-12-21 09:59:22
10082,1,2,8990,8704.67,2025-10-13 12:50:49
10083,7,2,8991,1605.74,2025-01-06 13:28:52
10084,10,2,8992,694.06,2025-11-07 16:14:05
10085,8,2,8993,1427.27,2025-01-27 08:13:49
10086,4,2,8994,1942.54,2025-03-28 09:14:54
10087,10,2,8995,1329.05,2025-03-03 21:09:22
10088,8,2,8996,14330.94,2025-10-05 18:40:14
10089,3,2,8997,1642.51,2025-10-31 10:36:37
10090,7,2,8998,4172.13,2025-05-25 15:37:08
10091,10,2,8999,443.21,2025-12-07 15:23:17
10092,8,3,9000,8048.23,2025-07-28 18:51:09
10093,6,2,9000,8048.23,2025-07-28 18:55:09
10094,10,2,9001,22525.38,2025-09-06 13:16:56
10095,1,3,9002,1541.01,2025-05-18 00:34:09
10096,1,2,9002,1541.01,2025-05-18 00:38:09
10097,1,2,9003,376.91,2025-12-06 10:44:41
10098,2,2,9004,1164.07,2025-08-01 18:35:30
10099,6,2,9005,38476.72,2025-08-26 13:00:14
10100,1,2,9006,17644.84,2025-04-30 22:43:13
10101,9,2,9007,6093.15,2025-12-01 07:01:07
10102,9,2,9008,616.91,2025-11-17 01:56:37
10103,3,2,9009,899.66,2025-10-05 22:09:05
10104,8,2,9010,399.21,2025-02-12 15:47:17
10105,2,2,9011,6622.69,2025-07-05 17:09:59
10106,7,2,9012,313.19,2025-02-01 04:41:41
10107,9,2,9013,886.75,2025-10-20 04:09:07
10108,5,2,9014,868.11,2025-06-24 07:42:09
10109,6,2,9015,1375.39,2025-08-06 01:31:40
10110,4,2,9016,1047.34,2025-06-23 11:44:34
10111,4,2,9017,4865.48,2025-07-28 01:37:02
10112,5,2,9018,1219.93,2025-09-12 06:10:59
10113,6,2,9019,4881.18,2025-08-05 16:14:06
10114,2,2,9020,691.92,2025-04-16 14:55:53
10115,4,2,9021,879.47,2025-11-06 02:44:08
10116,10,2,9022,14406.17,2025-01-30 01:52:39
10117,6,2,9023,1438.12,2025-06-20 05:11:03
10118,6,2,9024,2393.94,2025-08-24 12:41:35
10119,4,2,9025,1571.85,2025-06-12 06:15:34
10120,4,3,9026,627.64,2025-05-07 01:43:58
10121,10,2,9026,627.64,2025-05-07 01:47:58
10122,1,2,9027,1379.43,2025-09-28 21:26:53
10123,6,2,9028,987.81,2025-12-03 12:17:40
10124,5,2,9029,1605.84,2025-09-29 13:18:52
10125,5,2,9030,855.11,2025-06-30 13:51:41
10126,3,2,9031,808.04,2025-02-21 04:46:17
10127,5,2,9032,858.06,2025-05-20 03:36:58
10128,2,2,9033,2389.46,2025-05-06 05:47:48
10129,10,2,9034,1104.02,2025-08-30 10:53:17
10130,10,3,9035,265.23,2025-10-10 09:54:45
10131,1,2,9035,265.23,2025-10-10 09:58:45
10132,2,2,9036,1193.74,2025-08-14 21:49:19
10133,8,2,9037,1457.06,2025-05-20 12:01:29
10134,5,2,9038,1209.10,2025-09-04 13:09:37
10135,9,2,9039,2889.07,2025-12-13 22:08:57
10136,7,2,9040,1632.26,2025-04-14 07:45:10
10137,9,2,9041,13121.40,2025-08-12 09:59:02
10138,2,2,9042,2177.70,2025-11-28 00:54:03
10139,2,2,9043,15591.81,2025-03-28 01:10:49
10140,6,2,9044,381.96,2025-02-19 08:49:07
10141,10,3,9045,19274.74,2025-05-19 14:57:14
10142,7,2,9045,19274.74,2025-05-19 15:01:14
10143,7,2,9046,1416.08,2025-04-30 20:47:21
10144,2,3,9047,1097.61,2025-04-28 19:14:26
10145,5,2,9047,1097.61,2025-04-28 19:18:26
10146,3,2,9048,1915.68,2025-04-24 04:03:38
10147,10,3,9049,999.01,2025-12-28 07:46:00
10148,4,2,9049,999.01,2025-12-28 07:50:00
10149,6,2,9050,1017.20,2025-02-09 05:36:08
10150,3,2,9051,1152.75,2025-03-28 22:06:02
10151,5,2,9052,1539.18,2025-05-19 02:13:00
10152,1,2,9053,1197.17,2025-08-05 19:34:32
10153,3,2,9054,964.36,2025-11-15 23:40:40
10154,4,2,9055,6370.40,2025-10-23 10:34:49
10155,7,2,9056,1180.01,2025-08-12 03:00:26
10156,6,2,9057,945.38,2025-09-18 11:05:27
10157,5,2,9058,20247.81,2025-10-17 05:57:12
10158,10,2,9059,1362.78,2025-08-13 23:50:57
10159,5,2,9060,4208.31,2025-06-28 20:01:05
10160,8,3,9061,1838.37,2025-07-03 05:52:18
10161,10,2,9061,1838.37,2025-07-03 05:56:18
10162,5,2,9062,861.05,2025-09-10 23:06:31
10163,9,2,9063,1056.24,2025-09-12 11:08:49
10164,5,2,9064,1043.60,2025-02-11 16:25:21
10165,1,2,9065,5718.54,2025-09-27 09:40:45
10166,9,2,9066,834.82,2025-06-01 19:20:30
10167,10,2,9067,929.58,2025-08-09 20:33:58
10168,1,2,9068,2231.25,2025-03-03 04:56:34
10169,10,2,9069,3483.04,2025-02-17 00:40:27
10170,3,2,9070,1709.99,2025-01-03 16:30:31
10171,7,2,9071,4650.91,2025-06-12 23:49:20
10172,7,2,9072,4009.07,2025-10-13 13:25:05
10173,10,3,9073,2188.29,2025-06-28 08:28:57
10174,5,2,9073,2188.29,2025-06-28 08:32:57
10175,10,2,9074,1126.53,2025-11-18 20:49:31
10176,5,2,9075,6786.30,2025-01-27 07:37:28
10177,9,3,9076,428.89,2025-03-06 18:24:25
10178,9,2,9076,428.89,2025-03-06 18:28:25
10179,6,2,9077,2722.61,2025-10-31 01:42:16
10180,9,2,9078,1435.93,2025-07-23 14:25:40
10181,5,2,9079,2694.34,2025-08-31 07:47:52
10182,5,2,9080,1649.82,2025-10-30 14:05:28
10183,7,2,9081,801.00,2025-07-21 22:23:17
10184,5,2,9082,1687.90,2025-11-22 11:48:39
10185,8,2,9083,619.79,2025-10-11 18:45:38
10186,2,2,9084,685.62,2025-12-05 09:50:29
10187,8,2,9085,2926.10,2025-08-16 22:30:09
10188,8,3,9086,2191.24,2025-09-10 13:32:22
10189,4,2,9086,2191.24,2025-09-10 13:36:22
10190,3,2,9087,1006.06,2025-06-23 17:56:44
10191,1,2,9088,2174.55,2025-10-01 12:36:26
10192,9,2,9089,2461.51,2025-03-07 14:35:39
10193,7,2,9090,716.89,2025-06-30 12:54:52
10194,1,2,9091,812.82,2025-07-10 11:30:31
10195,1,2,9092,1977.47,2025-09-10 09:10:51
10196,7,2,9093,1139.25,2025-12-24 02:19:44
10197,5,2,9094,546.35,2025-05-05 20:13:27
10198,1,2,9095,2112.68,2025-08-06 09:02:08
10199,7,3,9096,1538.00,2025-01-13 10:38:18
10200,8,2,9096,1538.00,2025-01-13 10:42:18
10201,5,2,9097,10378.86,2025-08-17 13:01:23
10202,3,2,9098,1277.62,2025-08-05 13:38:18
10203,3,2,9099,1189.12,2025-11-05 19:32:42
10204,5,3,9100,1604.50,2025-10-01 17:58:06
10205,6,2,9100,1604.50,2025-10-01 18:02:06
10206,5,3,9101,1967.29,2025-07-01 08:38:05
10207,8,2,9101,1967.29,2025-07-01 08:42:05
10208,9,2,9102,4362.88,2025-04-20 10:12:24
10209,8,2,9103,1509.48,2025-06-25 14:23:54
10210,10,3,9104,7383.93,2025-05-03 04:04:33
10211,4,2,9104,7383.93,2025-05-03 04:08:33
10212,6,2,9105,2022.64,2025-11-04 18:02:16
10213,6,2,9106,1902.98,2025-12-08 08:53:32
10214,3,2,9107,2193.87,2025-10-23 04:31:08
10215,5,2,9108,943.18,2025-05-04 06:17:00
10216,1,2,9109,1145.16,2025-03-01 04:15:01
10217,9,2,9110,765.44,2025-11-23 12:34:27
10218,5,2,9111,808.88,2025-04-07 19:26:11
10219,3,2,9112,1047.57,2025-12-18 05:23:15
10220,3,2,9113,1952.44,2025-01-03 12:21:35
10221,9,3,9114,6423.86,2025-01-15 01:54:48
10222,1,2,9114,6423.86,2025-01-15 01:58:48
10223,8,2,9115,896.67,2025-09-24 17:50:18
10224,3,2,9116,444.31,2025-11-07 12:14:52
10225,2,2,9117,1226.57,2025-07-21 02:47:32
10226,5,3,9118,2697.86,2025-07-28 17:23:40
10227,4,2,9118,2697.86,2025-07-28 17:27:40
10228,1,2,9119,1379.22,2025-05-11 16:13:27
10229,7,3,9120,387.71,2025-02-13 23:42:32
10230,4,2,9120,387.71,2025-02-13 23:46:32
10231,8,2,9121,655.56,2025-08-11 06:20:01
10232,2,2,9122,1324.64,2025-01-06 06:46:40
10233,8,2,9123,1916.35,2025-09-26 21:17:43
10234,2,2,9124,1236.89,2025-05-06 08:48:31
10235,10,2,9125,7682.42,2025-03-22 08:31:48
10236,9,2,9126,1622.37,2025-07-08 18:07:45
10237,3,2,9127,503.39,2025-12-19 12:21:36
10238,3,2,9128,1564.05,2025-10-19 10:34:34
10239,5,2,9129,16568.42,2025-02-14 05:11:38
10240,2,2,9130,1367.60,2025-08-05 15:31:10
10241,8,3,9131,1002.17,2025-03-06 13:25:01
10242,7,2,9131,1002.17,2025-03-06 13:29:01
10243,2,3,9132,992.02,2025-07-30 16:27:08
10244,6,2,9132,992.02,2025-07-30 16:31:08
10245,9,2,9133,4453.05,2025-11-27 22:42:40
10246,1,2,9134,1160.34,2025-04-15 02:47:51
10247,6,2,9135,1580.23,2025-07-19 06:47:27
10248,3,2,9136,1276.65,2025-05-20 22:11:17
10249,2,2,9137,23473.11,2025-10-10 00:02:22
10250,8,2,9138,2446.68,2025-11-22 12:33:56
10251,7,2,9139,547.23,2025-12-31 23:30:32
10252,2,2,9140,6277.45,2025-11-13 06:26:12
10253,10,2,9141,748.73,2025-01-26 04:05:20
10254,3,3,9142,12068.43,2025-08-11 02:05:05
10255,5,2,9142,12068.43,2025-08-11 02:09:05
10256,2,2,9143,606.41,2025-03-30 14:11:44
10257,1,2,9144,1364.35,2025-08-27 09:20:58
10258,3,2,9145,1632.32,2025-03-24 14:59:33
10259,10,2,9146,756.11,2025-02-27 00:08:22
10260,3,2,9147,431.75,2025-11-22 14:20:36
10261,7,2,9148,2736.90,2025-09-06 19:18:28
10262,2,2,9149,1305.07,2025-07-11 09:43:38
10263,7,2,9150,1563.14,2025-03-02 09:15:49
10264,3,2,9151,663.48,2025-03-25 16:32:03
10265,3,2,9152,892.09,2025-08-12 16:03:51
10266,6,2,9153,1197.37,2025-06-08 10:42:56
10267,3,2,9154,1336.62,2025-09-05 08:50:07
10268,4,2,9155,1479.30,2025-12-22 07:12:21
10269,5,2,9156,7761.18,2025-04-11 19:06:09
10270,9,2,9157,1476.57,2025-07-10 11:30:57
10271,10,2,9158,703.31,2025-07-15 09:07:37
10272,8,2,9159,3704.99,2025-01-15 16:12:58
10273,3,2,9160,3400.69,2025-12-09 19:15:26
10274,3,2,9161,1229.23,2025-01-06 20:05:42
10275,1,2,9162,1119.15,2025-05-06 07:05:32
10276,4,2,9163,447.92,2025-11-22 10:26:37
10277,4,2,9164,2870.28,2025-07-12 16:12:18
10278,2,2,9165,1111.44,2025-12-13 14:21:05
10279,1,3,9166,2418.42,2025-05-03 21:42:27
10280,1,2,9166,2418.42,2025-05-03 21:46:27
10281,2,2,9167,1898.12,2025-12-21 04:17:22
10282,5,2,9168,1386.72,2025-01-01 07:25:50
10283,3,2,9169,354.47,2025-10-14 04:26:04
10284,10,2,9170,1343.43,2025-04-04 13:27:43
10285,5,2,9171,9663.44,2025-08-11 23:21:02
10286,5,2,9172,703.80,2025-09-12 20:59:15
10287,8,3,9173,383.81,2025-03-19 03:00:23
10288,1,2,9173,383.81,2025-03-19 03:04:23
10289,7,2,9174,695.87,2025-07-15 02:57:07
10290,5,2,9175,611.70,2025-01-01 13:44:05
10291,5,2,9176,2030.62,2025-03-26 13:31:56
10292,5,2,9177,867.00,2025-07-18 02:50:44
10293,3,2,9178,3190.22,2025-01-14 19:57:27
10294,3,2,9179,707.94,2025-01-21 09:30:09
10295,9,2,9180,816.06,2025-01-03 00:30:45
10296,4,2,9181,847.42,2025-06-07 10:18:28
10297,5,2,9182,915.45,2025-02-22 12:01:50
10298,4,2,9183,2821.35,2025-05-07 10:58:15
10299,1,2,9184,3233.04,2025-02-13 14:39:34
10300,9,2,9185,506.18,2025-08-22 15:41:49
10301,3,2,9186,2713.46,2025-11-25 01:37:26
10302,8,2,9187,1278.92,2025-11-25 02:11:38
10303,2,2,9188,354.30,2025-01-11 13:48:31
10304,7,3,9189,9745.00,2025-06-27 07:52:18
10305,2,2,9189,9745.00,2025-06-27 07:56:18
10306,10,2,9190,1052.66,2025-01-20 17:10:08
10307,8,2,9191,9877.27,2025-10-17 19:56:26
10308,1,2,9192,1585.41,2025-04-09 12:02:36
10309,9,2,9193,837.65,2025-03-29 09:32:09
10310,2,2,9194,1978.12,2025-06-17 06:14:11
10311,9,2,9195,2291.72,2025-07-08 08:06:45
10312,1,2,9196,701.44,2025-09-25 13:05:08
10313,5,2,9197,1359.34,2025-03-27 03:48:07
10314,10,2,9198,2451.96,2025-08-07 04:37:51
10315,6,2,9199,844.06,2025-06-07 15:47:40
10316,10,2,9200,1296.28,2025-03-12 02:10:55
10317,2,2,9201,665.86,2025-08-20 13:13:21
10318,5,2,9202,2211.16,2025-03-21 20:38:11
10319,6,2,9203,1346.23,2025-11-19 04:03:02
10320,7,2,9204,988.24,2025-09-06 06:07:54
10321,10,2,9205,7401.28,2025-03-11 08:29:10
10322,3,2,9206,7604.66,2025-09-11 16:55:52
10323,10,2,9207,1246.47,2025-05-15 21:10:27
10324,2,3,9208,1070.80,2025-10-04 21:08:26
10325,4,2,9208,1070.80,2025-10-04 21:12:26
10326,9,2,9209,1213.36,2025-11-22 18:33:09
10327,5,3,9210,657.34,2025-06-17 21:40:27
10328,9,2,9210,657.34,2025-06-17 21:44:27
10329,1,2,9211,5274.37,2025-06-07 12:59:02
10330,9,2,9212,1698.89,2025-07-22 14:47:33
10331,7,2,9213,2064.84,2025-05-23 00:00:24
10332,10,2,9214,942.94,2025-04-12 15:00:25
10333,2,3,9215,770.26,2025-11-30 17:32:37
10334,6,2,9215,770.26,2025-11-30 17:36:37
10335,4,2,9216,1539.62,2025-04-21 06:57:40
10336,7,2,9217,284.04,2025-09-26 08:04:32
10337,5,3,9218,20618.17,2025-04-25 05:19:34
10338,3,2,9218,20618.17,2025-04-25 05:23:34
10339,10,2,9219,733.59,2025-02-02 07:18:37
10340,9,2,9220,3123.28,2025-03-30 17:25:13
10341,7,2,9221,9613.75,2025-11-24 01:31:05
10342,6,3,9222,1244.86,2025-11-13 22:08:50
10343,3,2,9222,1244.86,2025-11-13 22:12:50
10344,7,2,9223,1042.86,2025-12-31 01:18:58
10345,6,3,9224,1319.52,2025-07-30 03:13:31
10346,5,2,9224,1319.52,2025-07-30 03:17:31
10347,1,2,9225,3235.98,2025-12-30 20:13:24
10348,7,2,9226,1474.99,2025-08-02 12:03:39
10349,4,2,9227,597.60,2025-03-20 20:31:03
10350,7,2,9228,5220.31,2025-09-07 02:40:02
10351,7,2,9229,2458.66,2025-06-27 22:10:38
10352,6,2,9230,1522.13,2025-08-26 04:02:02
10353,1,2,9231,4276.85,2025-09-16 11:30:31
10354,7,2,9232,778.93,2025-10-19 14:54:47
10355,10,2,9233,1385.17,2025-02-01 05:57:47
10356,7,2,9234,1634.50,2025-07-10 03:38:33
10357,10,2,9235,872.82,2025-01-17 00:06:08
10358,9,3,9236,12631.66,2025-08-08 03:04:39
10359,2,2,9236,12631.66,2025-08-08 03:08:39
10360,7,2,9237,5457.09,2025-06-30 19:30:13
10361,7,3,9238,255.70,2025-08-05 17:16:23
10362,4,2,9238,255.70,2025-08-05 17:20:23
10363,1,2,9239,1733.37,2025-12-23 03:44:19
10364,2,3,9240,1255.26,2025-05-28 17:26:40
10365,9,2,9240,1255.26,2025-05-28 17:30:40
10366,4,2,9241,1043.32,2025-11-16 04:18:11
10367,2,2,9242,1790.20,2025-12-14 01:25:00
10368,4,2,9243,1433.27,2025-12-01 19:39:51
10369,6,2,9244,1180.13,2025-11-21 10:16:35
10370,3,2,9245,751.22,2025-12-07 19:22:03
10371,2,2,9246,1515.10,2025-06-27 09:42:50
10372,10,2,9247,772.43,2025-04-18 09:29:15
10373,5,3,9248,363.50,2025-12-20 22:41:17
10374,1,2,9248,363.50,2025-12-20 22:45:17
10375,7,2,9249,1146.49,2025-11-19 14:03:49
10376,4,2,9250,1518.94,2025-03-21 06:22:37
10377,1,2,9251,1450.57,2025-04-06 06:39:30
10378,7,3,9252,1182.86,2025-03-09 05:49:06
10379,5,2,9252,1182.86,2025-03-09 05:53:06
10380,7,2,9253,757.76,2025-07-23 10:34:01
10381,5,2,9254,819.61,2025-12-15 02:53:35
10382,5,2,9255,4305.36,2025-11-26 02:37:43
10383,3,2,9256,799.67,2025-05-19 01:49:03
10384,5,2,9257,680.11,2025-06-14 08:45:19
10385,3,2,9258,1436.44,2025-08-22 12:44:30
10386,9,2,9259,1037.07,2025-09-04 23:01:04
10387,3,2,9260,988.14,2025-11-09 19:13:19
10388,2,2,9261,881.52,2025-08-01 00:47:50
10389,10,3,9262,13289.87,2025-04-19 20:19:05
10390,6,2,9262,13289.87,2025-04-19 20:23:05
10391,4,2,9263,2085.07,2025-07-16 02:36:23
10392,3,2,9264,1449.23,2025-12-05 17:08:33
10393,10,2,9265,743.23,2025-07-12 02:03:23
10394,7,2,9266,2573.16,2025-07-10 13:10:37
10395,1,2,9267,1249.08,2025-09-18 13:06:43
10396,3,2,9268,2060.83,2025-02-08 10:35:03
10397,2,3,9269,515.85,2025-01-28 04:03:58
10398,6,2,9269,515.85,2025-01-28 04:07:58
10399,5,2,9270,1686.42,2025-03-07 05:12:15
10400,10,2,9271,956.40,2025-03-31 08:37:19
10401,2,2,9272,1926.50,2025-04-17 06:29:01
10402,6,2,9273,1325.64,2025-02-17 23:45:09
10403,5,2,9274,1278.27,2025-06-15 19:08:16
10404,5,2,9275,1442.28,2025-11-12 21:17:10
10405,10,3,9276,2365.07,2025-02-16 09:24:16
10406,4,2,9276,2365.07,2025-02-16 09:28:16
10407,3,2,9277,6004.49,2025-12-29 06:26:54
10408,7,2,9278,764.44,2025-04-19 01:17:02
10409,4,3,9279,1308.41,2025-03-09 23:56:14
10410,9,2,9279,1308.41,2025-03-10 00:00:14
10411,4,2,9280,2539.78,2025-09-12 22:14:12
10412,9,2,9281,1362.01,2025-06-26 03:47:58
10413,3,2,9282,14146.98,2025-08-05 10:35:26
10414,5,2,9283,16831.94,2025-12-14 06:48:26
10415,8,2,9284,2522.88,2025-05-14 04:09:45
10416,8,2,9285,2415.51,2025-02-13 09:45:54
10417,4,2,9286,648.13,2025-06-16 01:56:36
10418,4,2,9287,694.31,2025-10-18 21:43:33
10419,4,3,9288,17573.10,2025-07-10 02:42:15
10420,7,2,9288,17573.10,2025-07-10 02:46:15
10421,10,2,9289,3338.79,2025-01-13 09:06:29
10422,5,2,9290,2961.35,2025-01-29 12:43:15
10423,2,2,9291,1805.15,2025-02-20 22:26:28
10424,2,2,9292,343.20,2025-12-31 00:49:09
10425,4,2,9293,6046.62,2025-09-01 08:05:32
10426,6,2,9294,454.78,2025-12-16 22:23:37
10427,6,2,9295,970.56,2025-08-25 06:43:35
10428,7,2,9296,4338.52,2025-03-20 00:56:15
10429,1,2,9297,16761.23,2025-02-18 11:41:43
10430,10,2,9298,1721.49,2025-06-12 04:15:13
10431,8,2,9299,2758.34,2025-04-30 06:21:49
10432,5,2,9300,3279.55,2025-08-24 16:22:06
10433,7,2,9301,830.61,2025-11-25 06:59:52
10434,1,2,9302,1441.55,2025-09-13 13:44:31
10435,6,2,9303,1857.65,2025-08-04 20:09:24
10436,4,2,9304,1607.35,2025-08-20 09:09:25
10437,7,2,9305,1124.05,2025-12-03 03:31:43
10438,6,2,9306,468.33,2025-03-27 02:06:54
10439,1,3,9307,3099.24,2025-04-20 03:36:22
10440,7,2,9307,3099.24,2025-04-20 03:40:22
10441,4,2,9308,4597.39,2025-12-23 11:16:11
10442,2,2,9309,19556.67,2025-02-26 21:49:39
10443,4,2,9310,1498.58,2025-04-02 19:10:50
10444,6,2,9311,2976.41,2025-06-03 21:02:53
10445,4,2,9312,1077.57,2025-07-24 09:50:02
10446,8,3,9313,1917.42,2025-10-19 16:03:44
10447,1,2,9313,1917.42,2025-10-19 16:07:44
10448,1,2,9314,4123.26,2025-11-09 21:26:05
10449,7,2,9315,1031.91,2025-02-21 10:01:43
10450,6,2,9316,923.88,2025-03-23 15:58:18
10451,7,2,9317,1092.22,2025-01-08 07:48:32
10452,7,2,9318,976.70,2025-10-08 01:05:36
10453,10,2,9319,3028.21,2025-10-19 17:14:07
10454,1,2,9320,704.18,2025-04-27 06:55:34
10455,4,2,9321,2291.72,2025-04-11 22:01:12
10456,4,3,9322,3342.77,2025-03-04 05:18:28
10457,7,2,9322,3342.77,2025-03-04 05:22:28
10458,5,2,9323,6366.41,2025-02-18 20:47:55
10459,10,2,9324,850.50,2025-01-02 17:19:34
10460,3,2,9325,9452.18,2025-01-01 22:22:06
10461,10,3,9326,2235.10,2025-11-05 07:15:01
10462,2,2,9326,2235.10,2025-11-05 07:19:01
10463,5,2,9327,29589.66,2025-05-25 14:34:31
10464,6,2,9328,18226.52,2025-03-17 15:05:25
10465,9,2,9329,7292.85,2025-06-10 15:29:42
10466,6,2,9330,1475.04,2025-08-13 04:24:06
10467,5,2,9331,1445.36,2025-04-16 09:45:39
10468,7,2,9332,1087.53,2025-02-03 06:04:12
10469,10,3,9333,2663.64,2025-08-21 03:16:10
10470,8,2,9333,2663.64,2025-08-21 03:20:10
10471,6,2,9334,1071.39,2025-10-25 12:10:41
10472,3,2,9335,4579.32,2025-11-16 22:27:04
10473,1,2,9336,960.61,2025-05-01 03:48:36
10474,4,3,9337,3147.86,2025-01-07 04:56:13
10475,6,2,9337,3147.86,2025-01-07 05:00:13
10476,3,2,9338,820.57,2025-05-06 20:45:01
10477,8,2,9339,2778.70,2025-08-27 13:44:20
10478,9,2,9340,2907.66,2025-05-01 07:59:51
10479,8,2,9341,611.35,2025-05-06 02:05:20
10480,4,2,9342,1219.62,2025-01-11 05:36:59
10481,10,2,9343,450.14,2025-06-20 04:34:09
10482,6,2,9344,1094.24,2025-10-22 16:54:23
10483,10,2,9345,4081.03,2025-03-14 02:36:33
10484,8,2,9346,2227.54,2025-11-01 08:01:04
10485,2,2,9347,26583.25,2025-07-27 10:02:56
10486,5,2,9348,1748.79,2025-08-09 08:46:40
10487,5,2,9349,273.32,2025-11-28 16:18:25
10488,4,2,9350,636.81,2025-03-13 07:38:44
10489,8,2,9351,569.73,2025-01-25 20:54:06
10490,8,2,9352,3657.76,2025-02-03 07:20:20
10491,10,2,9353,7771.49,2025-02-02 15:33:34
10492,10,3,9354,771.34,2025-10-22 19:06:35
10493,10,2,9354,771.34,2025-10-22 19:10:35
10494,1,2,9355,3982.80,2025-07-25 19:21:30
10495,1,2,9356,1763.67,2025-11-24 04:56:41
10496,4,2,9357,1867.64,2025-12-09 14:11:27
10497,10,2,9358,852.77,2025-12-14 08:11:40
10498,8,2,9359,6047.42,2025-02-20 09:08:08
10499,5,2,9360,1983.89,2025-11-19 03:39:42
10500,6,3,9361,9337.60,2025-02-04 16:57:29
10501,1,2,9361,9337.60,2025-02-04 17:01:29
10502,9,2,9362,2570.81,2025-02-12 17:10:01
10503,1,2,9363,5152.62,2025-11-07 05:12:53
10504,10,2,9364,352.79,2025-08-10 16:20:01
10505,4,2,9365,5972.14,2025-05-27 04:20:55
10506,10,3,9366,751.01,2025-12-23 01:46:38
10507,4,2,9366,751.01,2025-12-23 01:50:38
10508,2,3,9367,807.00,2025-06-14 21:00:42
10509,9,2,9367,807.00,2025-06-14 21:04:42
10510,5,2,9368,1879.40,2025-10-02 04:18:17
10511,5,2,9369,709.86,2025-09-16 20:18:47
10512,4,2,9370,2026.69,2025-02-10 21:13:42
10513,1,2,9371,3553.28,2025-04-08 10:33:54
10514,2,2,9372,747.50,2025-09-11 12:19:39
10515,10,2,9373,9147.48,2025-06-21 14:35:47
10516,5,2,9374,1055.50,2025-04-08 21:42:50
10517,8,2,9375,1999.92,2025-11-16 04:43:23
10518,5,3,9376,1411.69,2025-10-01 22:54:28
10519,3,2,9376,1411.69,2025-10-01 22:58:28
10520,4,3,9377,2401.64,2025-08-04 16:46:25
10521,4,2,9377,2401.64,2025-08-04 16:50:25
10522,9,2,9378,1403.19,2025-09-28 16:31:28
10523,2,2,9379,1935.66,2025-05-21 18:57:14
10524,10,2,9380,3901.34,2025-10-31 23:46:05
10525,2,2,9381,1375.88,2025-09-12 12:53:17
10526,4,2,9382,551.87,2025-06-12 03:40:43
10527,10,3,9383,2611.88,2025-11-14 18:37:51
10528,3,2,9383,2611.88,2025-11-14 18:41:51
10529,8,2,9384,2100.39,2025-11-05 15:01:13
10530,3,2,9385,935.98,2025-05-18 23:48:19
10531,5,2,9386,1459.13,2025-10-24 20:34:48
10532,3,2,9387,2187.68,2025-07-26 21:15:04
10533,7,3,9388,1050.84,2025-10-06 21:03:51
10534,7,2,9388,1050.84,2025-10-06 21:07:51
10535,2,2,9389,1025.45,2025-06-29 06:26:20
10536,6,2,9390,1539.86,2025-01-14 01:20:19
10537,9,2,9391,672.23,2025-03-16 06:55:14
10538,4,2,9392,10895.06,2025-04-29 11:04:08
10539,4,3,9393,1535.65,2025-07-15 18:50:24
10540,10,2,9393,1535.65,2025-07-15 18:54:24
10541,2,2,9394,795.06,2025-08-19 04:28:21
10542,8,2,9395,9969.45,2025-08-08 05:49:19
10543,6,2,9396,768.62,2025-01-12 01:00:51
10544,1,2,9397,244.18,2025-01-09 08:21:31
10545,2,2,9398,19015.08,2025-05-09 08:16:26
10546,2,2,9399,1232.76,2025-06-04 07:40:24
10547,8,2,9400,327.21,2025-06-16 14:44:12
10548,8,2,9401,887.45,2025-12-20 21:24:41
10549,3,3,9402,815.59,2025-02-04 15:33:40
10550,3,2,9402,815.59,2025-02-04 15:37:40
10551,9,2,9403,1873.02,2025-04-18 23:19:09
10552,8,2,9404,965.71,2025-02-15 20:39:06
10553,5,2,9405,4014.54,2025-03-12 09:50:13
10554,3,2,9406,409.79,2025-06-10 01:51:42
10555,5,2,9407,865.45,2025-03-22 20:11:36
10556,5,3,9408,4792.26,2025-06-05 17:09:45
10557,1,2,9408,4792.26,2025-06-05 17:13:45
10558,5,2,9409,803.03,2025-02-02 04:47:45
10559,5,2,9410,4556.61,2025-01-19 08:01:37
10560,10,2,9411,798.03,2025-12-08 11:37:24
10561,6,2,9412,1963.88,2025-06-25 11:24:00
10562,7,2,9413,1877.81,2025-06-08 20:36:44
10563,9,3,9414,983.20,2025-07-11 10:17:04
10564,4,2,9414,983.20,2025-07-11 10:21:04
10565,8,3,9415,1824.43,2025-04-21 17:55:53
10566,6,2,9415,1824.43,2025-04-21 17:59:53
10567,3,2,9416,828.99,2025-03-12 04:03:54
10568,7,3,9417,6936.22,2025-05-20 07:38:26
10569,7,2,9417,6936.22,2025-05-20 07:42:26
10570,2,2,9418,847.80,2025-11-22 20:26:24
10571,9,2,9419,2755.42,2025-05-29 08:35:10
10572,8,2,9420,603.31,2025-06-22 17:46:18
10573,3,2,9421,1115.47,2025-03-02 00:33:51
10574,7,2,9422,1678.13,2025-06-10 08:20:42
10575,10,2,9423,1529.48,2025-05-31 00:06:45
10576,1,3,9424,1278.87,2025-08-28 06:35:45
10577,9,2,9424,1278.87,2025-08-28 06:39:45
10578,10,2,9425,1719.14,2025-12-12 21:45:37
10579,5,2,9426,739.94,2025-05-31 18:12:16
10580,10,2,9427,463.48,2025-05-05 21:18:11
10581,8,2,9428,1532.99,2025-04-21 06:58:08
10582,10,2,9429,811.44,2025-11-20 23:39:00
10583,10,3,9430,694.98,2025-07-14 22:48:49
10584,8,2,9430,694.98,2025-07-14 22:52:49
10585,7,2,9431,6695.40,2025-06-15 18:12:54
10586,3,2,9432,1503.56,2025-05-25 16:11:18
10587,1,2,9433,10422.74,2025-01-16 19:04:52
10588,2,2,9434,6308.83,2025-04-07 18:08:03
10589,3,3,9435,677.86,2025-05-24 11:00:37
10590,10,2,9435,677.86,2025-05-24 11:04:37
10591,3,2,9436,29098.74,2025-05-06 05:06:31
10592,8,2,9437,951.40,2025-07-29 15:13:58
10593,2,2,9438,946.09,2025-04-14 14:17:31
10594,6,2,9439,936.57,2025-10-15 12:49:40
10595,5,2,9440,11395.96,2025-10-11 06:27:18
10596,8,2,9441,1052.01,2025-07-15 22:03:02
10597,1,2,9442,1579.18,2025-06-20 08:13:36
10598,8,2,9443,6605.64,2025-09-15 20:37:00
10599,9,2,9444,2468.64,2025-05-04 17:39:52
10600,3,2,9445,517.32,2025-08-25 12:45:48
10601,1,2,9446,2678.98,2025-12-12 07:27:03
10602,5,2,9447,9017.86,2025-10-24 17:24:07
10603,1,2,9448,1803.20,2025-04-13 22:59:09
10604,9,2,9449,817.90,2025-12-19 13:26:10
10605,4,2,9450,841.68,2025-10-05 09:57:09
10606,5,2,9451,13295.48,2025-08-07 06:07:07
10607,4,2,9452,1132.06,2025-10-03 03:15:43
10608,2,2,9453,609.79,2025-09-26 05:10:25
10609,9,2,9454,1531.04,2025-06-08 15:47:15
10610,9,3,9455,938.89,2025-05-27 10:43:42
10611,5,2,9455,938.89,2025-05-27 10:47:42
10612,7,2,9456,1189.91,2025-10-21 20:47:13
10613,9,2,9457,695.76,2025-11-08 13:40:29
10614,5,2,9458,1896.83,2025-12-07 04:21:49
10615,4,2,9459,2491.86,2025-12-28 23:20:18
10616,1,2,9460,1012.23,2025-04-23 00:11:09
10617,2,2,9461,787.95,2025-10-09 00:02:37
10618,4,2,9462,217.27,2025-05-12 16:54:43
10619,4,2,9463,1594.84,2025-08-29 18:01:42
10620,3,2,9464,1321.10,2025-11-26 06:09:40
10621,10,2,9465,1168.25,2025-04-15 21:46:50
10622,1,2,9466,3700.70,2025-10-21 14:22:28
10623,7,2,9467,9573.30,2025-08-03 12:13:14
10624,6,2,9468,2496.34,2025-05-06 05:52:26
10625,7,2,9469,1318.88,2025-01-14 19:08:32
10626,6,2,9470,3670.60,2025-01-10 23:11:48
10627,7,2,9471,3248.14,2025-08-12 10:26:15
10628,9,2,9472,758.59,2025-07-01 23:41:14
10629,7,2,9473,778.77,2025-08-23 10:39:33
10630,6,2,9474,1543.77,2025-01-13 12:29:43
10631,5,2,9475,1779.70,2025-03-02 16:58:36
10632,1,2,9476,727.33,2025-07-02 04:02:44
10633,1,2,9477,674.76,2025-08-19 03:57:35
10634,6,2,9478,3163.09,2025-12-03 05:39:39
10635,8,2,9479,1758.61,2025-09-30 11:57:10
10636,4,2,9480,1405.11,2025-06-09 03:41:10
10637,5,2,9481,9726.51,2025-09-07 02:17:52
10638,10,2,9482,4376.02,2025-04-15 01:45:40
10639,1,2,9483,1577.70,2025-11-29 18:17:32
10640,10,2,9484,958.77,2025-01-17 17:25:59
10641,10,2,9485,861.29,2025-10-25 20:56:59
10642,6,2,9486,942.77,2025-10-30 09:03:42
10643,5,2,9487,1499.31,2025-03-16 00:06:51
10644,2,2,9488,10934.22,2025-08-14 17:24:30
10645,7,2,9489,1895.67,2025-06-26 00:11:31
10646,1,2,9490,8340.18,2025-05-27 15:51:01
10647,4,2,9491,667.91,2025-07-25 21:00:52
10648,4,2,9492,1588.76,2025-06-21 10:56:34
10649,5,2,9493,1305.16,2025-04-13 11:18:09
10650,2,3,9494,3725.61,2025-07-27 11:38:19
10651,10,2,9494,3725.61,2025-07-27 11:42:19
10652,8,2,9495,345.29,2025-12-14 17:32:18
10653,3,3,9496,3500.66,2025-08-22 06:45:34
10654,2,2,9496,3500.66,2025-08-22 06:49:34
10655,8,2,9497,898.28,2025-10-09 13:48:07
10656,2,2,9498,617.58,2025-04-02 18:06:58
10657,4,2,9499,15824.59,2025-10-30 11:54:42
10658,2,2,9500,2137.24,2025-01-20 20:08:18
10659,1,2,9501,984.35,2025-03-19 16:37:56
10660,8,2,9502,4389.04,2025-05-13 11:21:32
10661,7,2,9503,1398.47,2025-03-14 02:57:52
10662,5,2,9504,516.55,2025-09-09 09:54:28
10663,10,2,9505,1189.48,2025-09-02 07:42:24
10664,10,2,9506,1493.34,2025-04-12 17:04:30
10665,5,2,9507,646.56,2025-07-02 06:10:10
10666,2,2,9508,1492.12,2025-07-18 23:57:13
10667,8,2,9509,3523.28,2025-05-14 05:25:13
10668,5,2,9510,1177.12,2025-01-05 20:09:29
10669,10,3,9511,3487.96,2025-03-27 10:31:49
10670,4,2,9511,3487.96,2025-03-27 10:35:49
10671,6,2,9512,910.73,2025-05-08 10:34:47
10672,2,3,9513,723.98,2025-10-11 03:35:56
10673,10,2,9513,723.98,2025-10-11 03:39:56
10674,10,2,9514,993.00,2025-03-16 20:32:57
10675,7,2,9515,28856.86,2025-07-30 13:23:53
10676,7,2,9516,1049.90,2025-03-30 04:39:36
10677,8,2,9517,2962.76,2025-02-01 19:39:03
10678,4,2,9518,4562.98,2025-10-19 20:37:28
10679,9,2,9519,1254.34,2025-09-01 18:23:41
10680,9,2,9520,816.09,2025-01-30 07:29:11
10681,7,2,9521,2402.63,2025-10-17 14:08:44
10682,9,2,9522,17577.87,2025-12-22 10:28:36
10683,4,2,9523,3700.42,2025-06-04 19:10:59
10684,2,2,9524,1120.04,2025-12-01 09:08:27
10685,8,2,9525,309.33,2025-02-18 07:21:23
10686,3,2,9526,1714.71,2025-08-03 02:50:38
10687,7,2,9527,1167.89,2025-06-06 21:23:00
10688,8,2,9528,437.28,2025-02-03 06:14:26
10689,7,3,9529,778.40,2025-05-26 02:28:50
10690,8,2,9529,778.40,2025-05-26 02:32:50
10691,4,2,9530,1750.78,2025-11-27 17:20:14
10692,4,2,9531,2288.60,2025-06-02 03:08:51
10693,3,2,9532,2924.04,2025-08-28 17:22:01
10694,4,2,9533,1978.45,2025-08-09 00:01:16
10695,4,2,9534,645.90,2025-02-06 22:15:06
10696,2,2,9535,530.50,2025-05-26 12:15:35
10697,4,2,9536,3569.37,2025-01-25 16:00:05
10698,8,2,9537,3174.98,2025-06-04 06:51:29
10699,4,2,9538,2503.50,2025-03-14 10:09:29
10700,3,3,9539,10857.51,2025-09-27 02:41:07
10701,3,2,9539,10857.51,2025-09-27 02:45:07
10702,8,2,9540,676.71,2025-02-02 07:59:28
10703,1,2,9541,1894.93,2025-04-09 04:49:21
10704,9,2,9542,1889.71,2025-07-28 09:15:54
10705,8,2,9543,1456.72,2025-03-07 15:46:33
10706,8,2,9544,478.40,2025-01-04 21:47:52
10707,6,3,9545,10826.66,2025-08-08 15:22:46
10708,3,2,9545,10826.66,2025-08-08 15:26:46
10709,4,2,9546,2676.65,2025-12-17 02:30:12
10710,7,2,9547,1210.52,2025-10-02 19:08:33
10711,4,2,9548,1727.10,2025-03-28 16:43:02
10712,9,2,9549,2022.55,2025-11-28 20:26:36
10713,4,2,9550,1234.00,2025-06-10 22:13:57
10714,3,2,9551,642.90,2025-12-02 12:10:32
10715,10,2,9552,5618.84,2025-04-24 16:43:39
10716,8,2,9553,712.95,2025-12-16 14:54:14
10717,6,2,9554,430.18,2025-07-16 02:11:08
10718,6,2,9555,3525.52,2025-10-18 20:31:06
10719,8,2,9556,3411.82,2025-12-04 04:58:27
10720,9,2,9557,1527.85,2025-05-06 08:30:12
10721,9,2,9558,912.77,2025-12-18 21:05:47
10722,5,2,9559,2352.19,2025-08-22 00:55:54
10723,8,2,9560,453.73,2025-08-25 03:26:04
10724,5,2,9561,3891.72,2025-04-27 12:35:28
10725,7,3,9562,1130.44,2025-06-09 11:23:29
10726,1,2,9562,1130.44,2025-06-09 11:27:29
10727,8,2,9563,1879.54,2025-08-25 07:19:42
10728,1,2,9564,425.52,2025-09-01 08:56:44
10729,9,2,9565,1834.46,2025-06-28 21:25:42
10730,10,2,9566,493.71,2025-02-20 11:51:28
10731,2,2,9567,15763.53,2025-02-05 14:22:10
10732,5,3,9568,1450.51,2025-07-29 17:50:35
10733,2,2,9568,1450.51,2025-07-29 17:54:35
10734,9,2,9569,7347.38,2025-06-07 06:46:34
10735,1,2,9570,810.19,2025-09-29 22:33:39
10736,7,2,9571,1463.05,2025-02-20 18:02:19
10737,8,2,9572,1765.29,2025-02-03 17:06:18
10738,5,2,9573,2047.58,2025-04-18 14:56:37
10739,6,2,9574,382.81,2025-02-18 14:37:22
10740,6,2,9575,580.93,2025-08-03 13:35:56
10741,5,2,9576,1858.71,2025-02-13 17:16:16
10742,3,2,9577,13372.26,2025-02-01 00:28:19
10743,2,2,9578,629.07,2025-03-20 22:17:32
10744,5,2,9579,590.18,2025-03-09 11:46:08
10745,6,2,9580,3009.24,2025-10-11 08:38:53
10746,7,3,9581,2731.12,2025-09-16 12:43:45
10747,2,2,9581,2731.12,2025-09-16 12:47:45
10748,9,2,9582,938.07,2025-06-06 13:40:51
10749,4,2,9583,1005.72,2025-04-26 02:16:58
10750,8,2,9584,1085.20,2025-05-11 17:52:16
10751,2,2,9585,1393.09,2025-12-18 23:23:51
10752,10,2,9586,1994.17,2025-03-14 06:06:44
10753,9,3,9587,1177.07,2025-07-03 11:29:35
10754,9,2,9587,1177.07,2025-07-03 11:33:35
10755,1,2,9588,1257.98,2025-09-25 15:41:35
10756,4,2,9589,11920.91,2025-07-31 16:20:50
10757,8,3,9590,1216.18,2025-01-11 02:19:47
10758,6,2,9590,1216.18,2025-01-11 02:23:47
10759,2,2,9591,1620.96,2025-09-30 11:02:43
10760,6,2,9592,837.31,2025-06-09 20:48:17
10761,4,2,9593,1506.76,2025-12-03 14:47:18
10762,8,2,9594,1392.32,2025-11-01 01:54:28
10763,7,2,9595,2542.40,2025-07-27 19:26:02
10764,8,2,9596,2940.29,2025-03-07 02:51:10
10765,4,3,9597,12997.99,2025-11-19 15:37:37
10766,7,2,9597,12997.99,2025-11-19 15:41:37
10767,9,2,9598,843.81,2025-05-31 15:44:19
10768,4,2,9599,2733.29,2025-04-25 05:49:28
10769,3,2,9600,2514.28,2025-03-09 20:27:13
10770,5,2,9601,3067.97,2025-04-28 18:27:36
10771,3,2,9602,423.71,2025-01-07 05:59:24
10772,2,2,9603,2824.44,2025-08-02 09:52:46
10773,1,2,9604,1960.69,2025-02-24 01:41:21
10774,10,2,9605,1676.51,2025-02-08 10:52:57
10775,6,2,9606,651.86,2025-08-22 03:58:33
10776,4,2,9607,3206.21,2025-02-04 23:05:40
10777,5,2,9608,1370.80,2025-04-13 03:48:46
10778,7,2,9609,933.05,2025-01-21 23:15:06
10779,4,2,9610,8579.07,2025-05-19 17:32:45
10780,6,3,9611,4362.56,2025-12-10 04:17:18
10781,4,2,9611,4362.56,2025-12-10 04:21:18
10782,7,2,9612,485.90,2025-09-10 16:16:58
10783,4,2,9613,878.40,2025-01-08 15:50:02
10784,7,2,9614,1455.73,2025-05-28 01:12:13
10785,4,2,9615,2285.76,2025-09-21 09:09:09
10786,2,2,9616,1932.70,2025-03-13 22:22:48
10787,3,2,9617,1148.94,2025-08-06 18:03:35
10788,7,2,9618,1178.97,2025-12-17 02:06:26
10789,2,2,9619,839.68,2025-03-30 00:33:39
10790,2,2,9620,623.20,2025-08-14 04:06:23
10791,9,2,9621,950.97,2025-01-08 07:08:24
10792,8,2,9622,784.98,2025-07-31 22:58:30
10793,8,2,9623,2250.65,2025-11-29 06:15:47
10794,10,2,9624,2186.33,2025-12-07 17:46:09
10795,3,2,9625,834.35,2025-06-11 13:07:17
10796,7,2,9626,1010.91,2025-01-07 07:31:54
10797,10,2,9627,3820.29,2025-10-14 01:37:05
10798,6,2,9628,2009.91,2025-02-21 04:52:37
10799,8,2,9629,1800.69,2025-12-19 23:55:00
10800,4,2,9630,20009.61,2025-01-23 05:23:14
10801,5,2,9631,1107.57,2025-11-22 23:58:29
10802,3,3,9632,13442.97,2025-03-24 11:58:21
10803,4,2,9632,13442.97,2025-03-24 12:02:21
10804,9,2,9633,2492.07,2025-05-18 23:25:16
10805,10,2,9634,844.53,2025-04-24 03:18:23
10806,10,2,9635,1747.20,2025-05-29 23:09:24
10807,3,2,9636,716.22,2025-07-13 23:22:28
10808,9,2,9637,258.55,2025-11-08 11:08:16
10809,9,2,9638,1800.69,2025-08-09 04:55:08
10810,5,2,9639,20371.86,2025-08-26 12:47:14
10811,10,2,9640,1137.01,2025-06-05 20:48:36
10812,7,2,9641,6762.04,2025-12-19 00:51:34
10813,3,2,9642,942.63,2025-02-05 06:36:33
10814,9,2,9643,687.54,2025-10-17 01:03:08
10815,8,2,9644,615.20,2025-12-26 03:42:01
10816,7,2,9645,595.70,2025-01-21 18:22:15
10817,10,2,9646,1958.92,2025-10-24 04:37:22
10818,6,2,9647,29308.44,2025-09-04 18:31:28
10819,7,2,9648,3461.11,2025-09-04 06:41:01
10820,8,2,9649,1571.46,2025-01-30 16:08:26
10821,3,2,9650,1870.10,2025-11-23 13:58:17
10822,6,2,9651,1425.36,2025-07-08 03:28:38
10823,7,2,9652,5205.77,2025-05-02 23:55:55
10824,1,2,9653,1016.30,2025-10-15 09:38:55
10825,10,2,9654,799.95,2025-08-26 15:43:03
10826,1,2,9655,905.13,2025-05-16 20:14:27
10827,5,2,9656,12412.94,2025-01-15 01:58:03
10828,4,2,9657,1371.20,2025-07-17 17:15:08
10829,1,2,9658,2231.19,2025-11-15 04:25:08
10830,9,2,9659,932.26,2025-09-14 09:52:29
10831,9,2,9660,320.05,2025-05-05 17:14:03
10832,10,2,9661,15801.90,2025-09-28 11:15:06
10833,1,2,9662,1812.86,2025-12-04 16:10:50
10834,10,2,9663,1495.07,2025-05-14 21:22:45
10835,5,2,9664,1382.25,2025-10-05 04:02:07
10836,9,2,9665,1140.52,2025-07-19 20:29:26
10837,4,2,9666,557.71,2025-10-26 04:57:16
10838,6,2,9667,7117.14,2025-10-03 19:48:11
10839,7,2,9668,1492.75,2025-01-22 13:34:31
10840,2,2,9669,2179.56,2025-06-05 16:49:39
10841,1,2,9670,1467.38,2025-11-11 05:31:32
10842,2,2,9671,2188.59,2025-06-06 07:57:58
10843,2,2,9672,5066.88,2025-10-31 12:08:23
10844,7,2,9673,895.46,2025-10-01 03:13:37
10845,2,3,9674,2011.34,2025-07-06 15:20:19
10846,8,2,9674,2011.34,2025-07-06 15:24:19
10847,6,2,9675,321.81,2025-03-24 18:18:41
10848,2,2,9676,1277.91,2025-07-01 14:46:32
10849,2,2,9677,2439.95,2025-04-26 13:37:43
10850,4,2,9678,1601.85,2025-11-11 07:07:16
10851,1,2,9679,1237.62,2025-05-01 20:32:19
10852,2,2,9680,781.81,2025-01-06 06:48:24
10853,4,2,9681,3769.45,2025-07-04 10:35:06
10854,3,3,9682,18613.44,2025-01-18 01:22:23
10855,4,2,9682,18613.44,2025-01-18 01:26:23
10856,3,2,9683,5249.93,2025-02-16 12:47:15
10857,6,2,9684,10206.48,2025-05-07 16:19:42
10858,2,2,9685,2227.78,2025-04-10 08:14:32
10859,5,2,9686,638.24,2025-02-03 02:38:30
10860,4,2,9687,693.87,2025-10-25 23:10:15
10861,8,3,9688,1222.47,2025-12-05 11:12:05
10862,8,2,9688,1222.47,2025-12-05 11:16:05
10863,10,2,9689,2793.32,2025-06-01 08:20:32
10864,2,2,9690,2020.46,2025-11-23 19:47:37
10865,5,3,9691,1744.67,2025-10-30 10:30:43
10866,8,2,9691,1744.67,2025-10-30 10:34:43
10867,10,2,9692,571.37,2025-12-05 15:47:00
10868,3,2,9693,2222.24,2025-06-29 18:00:43
10869,8,2,9694,1838.45,2025-05-01 12:08:15
10870,10,2,9695,980.28,2025-04-07 07:18:49
10871,4,2,9696,931.80,2025-03-30 07:22:47
10872,10,3,9697,3143.65,2025-09-09 09:18:23
10873,5,2,9697,3143.65,2025-09-09 09:22:23
10874,9,2,9698,1584.42,2025-07-26 15:55:48
10875,6,2,9699,1432.13,2025-07-15 22:48:22
10876,1,2,9700,1407.59,2025-01-09 14:56:17
10877,8,2,9701,581.45,2025-10-07 11:58:51
10878,4,2,9702,1299.64,2025-07-20 19:40:12
10879,8,2,9703,1228.02,2025-07-22 05:12:24
10880,1,2,9704,1384.07,2025-08-31 18:46:51
10881,3,2,9705,2922.20,2025-10-13 07:36:49
10882,2,2,9706,1112.86,2025-06-03 14:47:19
10883,10,2,9707,1150.91,2025-06-04 00:32:09
10884,3,2,9708,836.45,2025-09-14 10:44:02
10885,3,3,9709,897.71,2025-10-21 14:34:02
10886,3,2,9709,897.71,2025-10-21 14:38:02
10887,10,2,9710,395.23,2025-02-26 00:51:45
10888,9,2,9711,774.34,2025-02-19 01:18:06
10889,10,2,9712,3091.84,2025-01-06 01:09:42
10890,1,2,9713,1819.31,2025-10-09 19:39:06
10891,1,2,9714,710.81,2025-01-29 14:55:37
10892,5,2,9715,3017.74,2025-07-28 19:05:11
10893,3,3,9716,7223.48,2025-05-10 19:12:53
10894,2,2,9716,7223.48,2025-05-10 19:16:53
10895,10,2,9717,692.95,2025-12-08 04:00:43
10896,7,2,9718,1611.42,2025-04-26 05:19:50
10897,9,2,9719,3837.59,2025-10-31 04:37:37
10898,9,2,9720,19346.52,2025-08-08 01:12:28
10899,6,2,9721,573.85,2025-03-09 12:32:20
10900,7,2,9722,1876.34,2025-05-01 11:56:03
10901,1,2,9723,1889.52,2025-12-16 04:57:34
10902,1,2,9724,850.23,2025-09-06 21:11:33
10903,6,2,9725,4662.02,2025-03-25 06:15:12
10904,5,2,9726,789.07,2025-01-06 16:00:44
10905,2,2,9727,8991.82,2025-09-12 08:55:30
10906,5,3,9728,1139.36,2025-08-01 04:19:43
10907,6,2,9728,1139.36,2025-08-01 04:23:43
10908,1,3,9729,2078.34,2025-10-03 10:19:39
10909,3,2,9729,2078.34,2025-10-03 10:23:39
10910,7,2,9730,1841.73,2025-02-19 15:19:50
10911,8,2,9731,2134.65,2025-08-27 22:41:26
10912,3,2,9732,1463.82,2025-05-22 16:30:29
10913,6,2,9733,2367.89,2025-10-27 06:31:19
10914,9,2,9734,1661.97,2025-04-16 13:53:07
10915,6,2,9735,2288.74,2025-12-23 10:34:02
10916,2,2,9736,332.15,2025-08-22 18:48:55
10917,7,2,9737,559.40,2025-06-22 09:46:30
10918,6,2,9738,4623.50,2025-12-10 02:55:27
10919,10,2,9739,1094.26,2025-12-20 16:18:52
10920,9,2,9740,843.96,2025-02-10 12:57:17
10921,3,2,9741,1178.85,2025-08-22 07:22:36
10922,9,2,9742,2587.96,2025-09-27 04:10:13
10923,4,2,9743,5616.04,2025-10-11 04:28:46
10924,9,2,9744,14205.66,2025-06-25 22:19:48
10925,2,2,9745,876.17,2025-07-27 01:49:12
10926,9,2,9746,1800.00,2025-03-02 13:31:21
10927,1,2,9747,572.26,2025-05-03 09:26:24
10928,2,2,9748,8547.52,2025-09-01 06:03:26
10929,3,3,9749,466.57,2025-08-08 04:37:20
10930,1,2,9749,466.57,2025-08-08 04:41:20
10931,1,2,9750,3463.88,2025-04-05 05:16:50
10932,8,2,9751,1458.89,2025-08-19 22:27:13
10933,4,3,9752,5651.23,2025-02-28 17:24:48
10934,3,2,9752,5651.23,2025-02-28 17:28:48
10935,7,2,9753,866.52,2025-04-29 13:37:14
10936,3,2,9754,16462.66,2025-06-20 22:34:10
10937,4,2,9755,402.11,2025-12-08 04:46:44
10938,6,2,9756,795.94,2025-11-24 16:45:14
10939,1,2,9757,7351.42,2025-10-01 19:37:13
10940,4,3,9758,1714.58,2025-01-26 09:48:36
10941,7,2,9758,1714.58,2025-01-26 09:52:36
10942,6,2,9759,1082.37,2025-08-05 06:32:31
10943,4,2,9760,538.95,2025-01-10 03:50:02
10944,10,2,9761,5106.64,2025-07-07 08:26:35
10945,7,2,9762,2478.00,2025-06-29 23:30:59
10946,6,2,9763,376.50,2025-06-24 20:16:47
10947,2,2,9764,1445.38,2025-04-26 10:49:26
10948,6,2,9765,1937.05,2025-10-09 08:33:29
10949,4,2,9766,3084.27,2025-05-15 02:25:50
10950,4,2,9767,19352.52,2025-12-05 02:53:04
10951,7,2,9768,1110.48,2025-05-21 12:02:38
10952,9,3,9769,3030.40,2025-07-16 08:30:33
10953,7,2,9769,3030.40,2025-07-16 08:34:33
10954,3,2,9770,5968.73,2025-06-27 20:35:15
10955,1,2,9771,1914.28,2025-02-04 07:13:29
10956,3,2,9772,596.05,2025-07-20 14:49:02
10957,10,2,9773,1345.10,2025-08-11 21:58:00
10958,3,2,9774,1578.37,2025-10-05 04:35:40
10959,2,2,9775,1709.83,2025-01-20 06:27:10
10960,8,2,9776,4440.91,2025-03-28 19:15:18
10961,1,2,9777,870.08,2025-02-20 17:27:23
10962,2,2,9778,1527.96,2025-06-03 11:57:55
10963,6,3,9779,524.26,2025-10-26 02:57:11
10964,6,2,9779,524.26,2025-10-26 03:01:11
10965,6,2,9780,1022.74,2025-05-13 22:07:36
10966,3,2,9781,662.65,2025-11-19 21:58:04
10967,10,2,9782,1056.05,2025-07-20 10:06:07
10968,1,2,9783,1020.97,2025-11-10 04:30:25
10969,5,2,9784,1322.01,2025-05-03 05:46:12
10970,7,2,9785,2711.38,2025-01-31 23:20:46
10971,9,2,9786,2478.28,2025-11-03 12:40:26
10972,9,2,9787,2361.14,2025-08-08 19:49:22
10973,5,2,9788,1479.79,2025-02-14 15:40:28
10974,9,2,9789,1501.34,2025-11-13 20:56:23
10975,3,3,9790,651.27,2025-08-03 09:43:29
10976,2,2,9790,651.27,2025-08-03 09:47:29
10977,2,2,9791,6782.75,2025-06-12 08:41:37
10978,10,2,9792,1568.71,2025-03-09 05:46:58
10979,8,2,9793,2000.30,2025-09-13 12:37:27
10980,4,2,9794,462.10,2025-01-19 00:13:48
10981,2,2,9795,1036.87,2025-09-03 18:45:13
10982,10,2,9796,1468.83,2025-03-10 02:42:50
10983,10,2,9797,14086.37,2025-12-18 18:40:51
10984,4,2,9798,909.53,2025-09-06 02:55:52
10985,5,2,9799,2464.46,2025-10-29 21:06:21
10986,6,2,9800,8368.49,2025-01-09 02:40:43
10987,1,2,9801,3712.88,2025-08-24 15:46:22
10988,6,2,9802,3534.84,2025-10-31 00:24:31
10989,1,2,9803,1099.11,2025-11-25 14:38:39
10990,4,2,9804,412.37,2025-08-26 09:51:13
10991,5,2,9805,22734.74,2025-01-19 06:44:06
10992,3,2,9806,1923.61,2025-10-22 22:41:25
10993,6,2,9807,2933.68,2025-08-12 23:22:01
10994,4,2,9808,1348.33,2025-01-17 04:58:58
10995,4,2,9809,1199.46,2025-04-12 10:23:47
10996,8,2,9810,819.36,2025-07-20 08:15:41
10997,5,2,9811,1780.63,2025-11-03 05:55:07
10998,1,2,9812,1037.21,2025-10-14 03:38:50
10999,3,2,9813,2737.92,2025-07-30 09:18:25
11000,1,2,9814,1920.55,2025-09-30 05:57:23
11001,4,2,9815,701.90,2025-11-02 00:37:52
11002,3,2,9816,1081.19,2025-06-03 10:45:25
11003,6,2,9817,607.62,2025-01-10 13:58:56
11004,7,2,9818,1540.42,2025-09-05 08:22:24
11005,10,3,9819,741.01,2025-05-16 21:35:04
11006,9,2,9819,741.01,2025-05-16 21:39:04
11007,5,2,9820,1357.28,2025-10-09 10:48:38
11008,2,2,9821,16812.06,2025-08-26 16:54:41
11009,7,3,9822,1411.86,2025-05-13 08:58:25
11010,10,2,9822,1411.86,2025-05-13 09:02:25
11011,9,2,9823,1078.06,2025-07-28 01:54:38
11012,10,3,9824,933.66,2025-08-22 18:56:35
11013,9,2,9824,933.66,2025-08-22 19:00:35
11014,1,2,9825,702.94,2025-05-29 07:47:56
11015,5,2,9826,10647.54,2025-11-26 07:18:17
11016,3,2,9827,1593.62,2025-09-07 11:07:53
11017,6,3,9828,2102.05,2025-08-11 22:35:21
11018,10,2,9828,2102.05,2025-08-11 22:39:21
11019,9,2,9829,1416.24,2025-01-14 08:21:29
11020,5,2,9830,1561.47,2025-11-01 04:45:10
11021,7,2,9831,608.85,2025-01-31 15:00:42
11022,8,3,9832,840.63,2025-10-18 15:56:57
11023,4,2,9832,840.63,2025-10-18 16:00:57
11024,9,2,9833,5531.28,2025-05-23 10:28:05
11025,9,2,9834,27523.97,2025-12-30 07:28:56
11026,6,2,9835,5387.17,2025-01-17 02:23:08
11027,1,2,9836,889.21,2025-09-06 19:55:01
11028,7,2,9837,1514.70,2025-03-02 11:43:52
11029,4,2,9838,11348.78,2025-05-11 02:55:22
11030,4,2,9839,1743.86,2025-09-14 08:19:40
11031,7,2,9840,479.43,2025-11-04 23:59:08
11032,2,2,9841,5912.20,2025-04-02 20:01:55
11033,8,2,9842,1198.27,2025-08-24 07:02:36
11034,4,3,9843,6390.34,2025-07-21 03:23:08
11035,2,2,9843,6390.34,2025-07-21 03:27:08
11036,5,2,9844,1900.96,2025-05-03 11:50:52
11037,6,2,9845,4723.65,2025-04-04 16:12:40
11038,2,3,9846,1543.13,2025-03-17 16:14:20
11039,3,2,9846,1543.13,2025-03-17 16:18:20
11040,8,2,9847,1047.07,2025-10-20 07:44:37
11041,9,2,9848,1727.89,2025-01-09 01:30:33
11042,7,2,9849,1652.78,2025-09-30 03:46:42
11043,2,3,9850,821.09,2025-11-16 23:28:30
11044,5,2,9850,821.09,2025-11-16 23:32:30
11045,5,2,9851,911.37,2025-04-03 02:07:34
11046,6,2,9852,603.74,2025-06-26 15:04:58
11047,5,2,9853,3448.46,2025-08-27 15:53:47
11048,10,2,9854,797.06,2025-08-20 07:53:26
11049,6,2,9855,801.52,2025-05-18 13:42:28
11050,2,2,9856,487.51,2025-04-02 01:45:07
11051,6,2,9857,2952.56,2025-03-12 09:46:41
11052,5,2,9858,1201.74,2025-12-15 12:30:45
11053,10,2,9859,1072.45,2025-06-14 05:27:28
11054,3,2,9860,7554.80,2025-04-11 00:25:41
11055,2,2,9861,451.48,2025-02-28 07:30:40
11056,9,2,9862,13692.74,2025-11-07 00:08:55
11057,10,3,9863,18055.83,2025-11-05 23:01:11
11058,8,2,9863,18055.83,2025-11-05 23:05:11
11059,10,2,9864,3702.87,2025-06-23 02:53:19
11060,4,2,9865,1080.68,2025-09-26 05:25:22
11061,3,3,9866,2309.00,2025-05-24 22:33:30
11062,5,2,9866,2309.00,2025-05-24 22:37:30
11063,9,2,9867,1537.50,2025-07-28 01:03:26
11064,7,2,9868,1701.26,2025-08-19 23:14:53
11065,9,2,9869,15968.30,2025-05-27 03:21:05
11066,6,2,9870,853.98,2025-11-19 07:21:53
11067,6,2,9871,465.80,2025-04-03 17:01:34
11068,2,2,9872,902.67,2025-02-09 12:14:07
11069,4,2,9873,19715.98,2025-03-21 14:44:12
11070,5,2,9874,1196.88,2025-02-24 06:42:32
11071,5,3,9875,1126.65,2025-07-07 01:00:24
11072,5,2,9875,1126.65,2025-07-07 01:04:24
11073,6,2,9876,2294.14,2025-05-11 05:51:55
11074,3,2,9877,772.24,2025-08-30 14:22:29
11075,3,2,9878,1053.38,2025-03-14 23:19:03
11076,2,2,9879,1184.44,2025-07-07 07:17:27
11077,2,2,9880,805.79,2025-06-25 09:27:50
11078,2,2,9881,1966.46,2025-02-04 23:44:40
11079,8,2,9882,2205.00,2025-05-22 16:14:51
11080,8,2,9883,1451.33,2025-01-04 19:17:45
11081,5,2,9884,500.68,2025-02-28 17:10:31
11082,1,2,9885,8605.97,2025-08-01 18:47:25
11083,5,2,9886,16162.84,2025-07-16 03:30:10
11084,2,2,9887,6564.50,2025-02-21 11:04:07
11085,8,3,9888,1580.38,2025-09-15 09:56:48
11086,3,2,9888,1580.38,2025-09-15 10:00:48
11087,5,2,9889,2571.26,2025-10-29 03:14:32
11088,7,2,9890,2244.40,2025-10-28 01:39:46
11089,8,2,9891,1782.13,2025-07-27 09:24:00
11090,7,2,9892,4306.89,2025-07-12 13:15:03
11091,3,2,9893,622.31,2025-06-19 22:04:36
11092,9,3,9894,7377.10,2025-02-03 13:02:01
11093,4,2,9894,7377.10,2025-02-03 13:06:01
11094,3,2,9895,1578.75,2025-06-26 14:03:37
11095,7,2,9896,4690.68,2025-11-30 09:31:32
11096,10,2,9897,3145.12,2025-06-12 11:50:30
11097,8,2,9898,3066.84,2025-02-25 14:32:05
11098,6,2,9899,871.43,2025-03-06 07:38:51
11099,1,2,9900,1862.95,2025-10-31 06:31:20
11100,8,2,9901,2325.00,2025-07-21 01:00:14
11101,2,2,9902,813.89,2025-06-18 21:46:47
11102,9,2,9903,489.73,2025-10-14 04:07:48
11103,5,2,9904,2136.84,2025-11-20 11:54:28
11104,9,2,9905,2430.33,2025-12-11 13:25:36
11105,10,2,9906,3399.58,2025-07-12 06:42:43
11106,5,2,9907,1749.33,2025-09-22 12:05:20
11107,8,2,9908,6988.22,2025-07-19 02:51:29
11108,3,2,9909,677.86,2025-12-15 09:29:41
11109,8,2,9910,1643.12,2025-01-05 03:05:30
11110,7,2,9911,1189.35,2025-09-27 19:46:55
11111,8,2,9912,2330.53,2025-03-22 22:09:35
11112,2,2,9913,1203.74,2025-11-10 14:27:44
11113,5,2,9914,4232.81,2025-08-22 12:07:10
11114,5,2,9915,2579.59,2025-05-16 17:18:31
11115,6,2,9916,623.21,2025-11-06 20:29:37
11116,9,2,9917,1385.69,2025-07-06 06:28:46
11117,5,2,9918,2367.52,2025-06-20 21:22:22
11118,10,2,9919,19595.34,2025-03-11 00:31:33
11119,9,2,9920,2944.51,2025-11-02 05:29:18
11120,7,2,9921,1613.98,2025-11-23 00:09:50
11121,10,3,9922,1900.01,2025-04-29 23:46:38
11122,9,2,9922,1900.01,2025-04-29 23:50:38
11123,2,2,9923,2336.46,2025-01-21 15:51:13
11124,1,2,9924,11768.42,2025-02-27 00:57:02
11125,3,2,9925,421.35,2025-09-01 01:36:52
11126,2,2,9926,5154.69,2025-02-19 05:18:58
11127,5,2,9927,978.98,2025-11-15 07:21:21
11128,5,2,9928,7206.97,2025-12-08 23:10:09
11129,8,2,9929,609.08,2025-03-05 04:13:06
11130,3,3,9930,5105.09,2025-02-13 13:12:22
11131,8,2,9930,5105.09,2025-02-13 13:16:22
11132,9,2,9931,3514.21,2025-05-07 09:37:54
11133,5,2,9932,2309.38,2025-06-28 01:52:17
11134,10,2,9933,731.32,2025-10-12 21:33:48
11135,10,2,9934,716.15,2025-10-22 19:07:15
11136,6,2,9935,807.92,2025-06-16 18:13:24
11137,6,2,9936,1100.66,2025-12-26 15:07:37
11138,4,2,9937,2798.30,2025-03-12 07:27:49
11139,10,2,9938,1464.37,2025-12-18 09:49:10
11140,10,2,9939,1472.84,2025-08-21 01:16:09
11141,10,2,9940,13815.20,2025-07-06 13:14:31
11142,9,2,9941,1388.46,2025-07-25 09:33:29
11143,2,2,9942,3585.16,2025-05-22 12:29:45
11144,8,2,9943,978.28,2025-08-22 08:40:49
11145,4,2,9944,16702.60,2025-04-09 03:35:48
11146,3,2,9945,2205.59,2025-08-09 03:21:00
11147,8,2,9946,760.19,2025-02-19 19:59:29
11148,4,2,9947,7140.89,2025-03-07 11:50:18
11149,10,2,9948,1551.24,2025-08-03 07:12:23
11150,3,2,9949,1045.34,2025-11-01 17:17:28
11151,9,2,9950,7559.86,2025-10-30 15:27:19
11152,6,3,9951,615.93,2025-01-09 10:24:34
11153,5,2,9951,615.93,2025-01-09 10:28:34
11154,2,2,9952,1556.36,2025-09-19 17:09:28
11155,9,2,9953,3106.51,2025-04-23 02:15:09
11156,3,2,9954,927.65,2025-10-02 19:57:07
11157,10,3,9955,693.30,2025-10-09 01:50:40
11158,3,2,9955,693.30,2025-10-09 01:54:40
11159,5,2,9956,2453.66,2025-10-31 04:05:31
11160,7,2,9957,1339.91,2025-03-12 07:32:58
11161,9,2,9958,1482.70,2025-11-04 18:50:20
11162,5,3,9959,740.40,2025-04-15 01:29:06
11163,10,2,9959,740.40,2025-04-15 01:33:06
11164,7,3,9960,6090.34,2025-04-03 12:24:00
11165,2,2,9960,6090.34,2025-04-03 12:28:00
11166,1,2,9961,766.26,2025-01-21 21:26:31
11167,3,2,9962,851.92,2025-07-19 08:42:00
11168,7,2,9963,1746.74,2025-01-24 05:09:42
11169,2,2,9964,3403.25,2025-01-20 12:48:25
11170,3,2,9965,4866.15,2025-05-04 22:01:19
11171,1,3,9966,4032.43,2025-08-17 09:44:39
11172,2,2,9966,4032.43,2025-08-17 09:48:39
11173,8,3,9967,449.25,2025-06-06 03:45:37
11174,5,2,9967,449.25,2025-06-06 03:49:37
11175,3,2,9968,1186.96,2025-09-03 20:49:29
11176,10,2,9969,571.04,2025-07-27 22:08:35
11177,5,2,9970,4657.84,2025-03-28 22:08:40
11178,10,2,9971,601.54,2025-07-26 11:54:29
11179,7,2,9972,15563.29,2025-07-04 10:08:43
11180,1,2,9973,3768.12,2025-10-21 21:39:39
11181,7,2,9974,18848.33,2025-09-24 21:06:18
11182,5,2,9975,625.05,2025-02-28 11:01:30
11183,10,2,9976,3806.71,2025-12-05 07:08:47
11184,5,2,9977,353.91,2025-04-27 03:14:41
11185,9,2,9978,3174.42,2025-03-28 08:49:15
11186,4,2,9979,4521.53,2025-04-22 19:19:47
11187,9,2,9980,385.80,2025-04-03 04:31:08
11188,10,2,9981,1592.96,2025-09-25 10:12:22
11189,7,2,9982,2077.69,2025-11-14 21:05:40
11190,6,2,9983,1025.22,2025-08-11 00:53:43
11191,8,2,9984,1461.27,2025-07-13 05:43:34
11192,3,3,9985,1207.88,2025-04-15 18:01:13
11193,3,2,9985,1207.88,2025-04-15 18:05:13
11194,6,2,9986,1216.48,2025-10-30 10:26:37
11195,7,2,9987,744.38,2025-06-26 04:54:27
11196,5,2,9988,3964.61,2025-12-03 11:28:09
11197,4,2,9989,4195.38,2025-12-20 20:08:17
11198,4,2,9990,1068.45,2025-10-19 00:55:25
11199,3,2,9991,1068.56,2025-12-13 20:30:37
11200,3,2,9992,814.12,2025-05-22 05:52:06
11201,2,2,9993,10719.80,2025-02-02 03:51:32
11202,10,2,9994,696.70,2025-06-18 10:44:11
11203,10,2,9995,693.73,2025-01-08 12:18:17
11204,9,2,9996,231.88,2025-11-24 21:17:42
11205,8,2,9997,1587.86,2025-06-28 10:30:04
11206,2,2,9998,12871.43,2025-01-24 06:17:20
11207,7,2,9999,1592.08,2025-03-31 07:07:10
11208,3,2,10000,1538.75,2025-08-07 09:23:41
