shipment_id,order_id,shipment_method_id
1,1,2
2,2,5
3,3,3
4,4,9
5,5,7
6,6,2
7,7,9
8,8,9
9,9,9
10,10,8
11,11,1
12,12,3
13,13,6
14,14,4
15,15,6
16,16,7
17,17,6
18,18,1
19,19,9
20,20,7
21,21,5
22,22,10
23,23,6
24,24,2
25,25,4
26,26,2
27,27,2
28,28,8
29,29,6
30,30,6
31,31,5
32,32,2
33,33,3
34,34,4
35,35,7
36,36,9
37,37,6
38,38,1
39,39,1
40,40,7
41,41,4
42,42,10
43,43,6
44,44,8
45,45,8
46,46,3
47,47,9
48,48,10
49,49,10
50,50,4
51,51,3
52,52,2
53,53,2
54,54,3
55,55,7
56,56,7
57,57,8
58,58,9
59,59,1
60,60,2
61,61,9
62,62,6
63,63,7
64,64,1
65,65,5
66,66,3
67,67,2
68,68,5
69,69,9
70,70,3
71,71,3
72,72,9
73,73,10
74,74,1
75,75,6
76,76,5
77,77,4
78,78,2
79,79,8
80,80,9
81,81,3
82,82,9
83,83,9
84,84,7
85,85,9
86,86,4
87,87,7
88,88,6
89,89,9
90,90,4
91,91,6
92,92,9
93,93,4
94,94,1
95,95,1
96,96,2
97,97,5
98,98,4
99,99,10
100,100,4
101,101,7
102,102,2
103,103,6
104,104,8
105,105,1
106,106,2
107,107,6
108,108,2
109,109,4
110,110,3
111,111,5
112,112,2
113,113,9
114,114,9
115,115,2
116,116,4
117,117,8
118,118,7
119,119,3
120,120,7
121,121,8
122,122,9
123,123,8
124,124,5
125,125,1
126,126,9
127,127,6
128,128,10
129,129,9
130,130,9
131,131,3
132,132,2
133,133,4
134,134,10
135,135,10
136,136,2
137,137,10
138,138,6
139,139,4
140,140,6
141,141,7
142,142,5
143,143,2
144,144,10
145,145,2
146,146,4
147,147,3
148,148,2
149,149,6
150,150,8
151,151,5
152,152,9
153,153,9
154,154,2
155,155,3
156,156,2
157,157,3
158,158,10
159,159,6
160,160,5
161,161,5
162,162,1
163,163,7
164,164,1
165,165,3
166,166,5
167,167,8
168,168,7
169,169,2
170,170,3
171,171,6
172,172,3
173,173,1
174,174,1
175,175,4
176,176,2
177,177,9
178,178,7
179,179,3
180,180,4
181,181,3
182,182,1
183,183,6
184,184,7
185,185,4
186,186,2
187,187,1
188,188,4
189,189,8
190,190,4
191,191,4
192,192,5
193,193,5
194,194,9
195,195,9
196,196,1
197,197,5
198,198,5
199,199,10
200,200,6
201,201,9
202,202,10
203,203,1
204,204,1
205,205,9
206,206,4
207,207,2
208,208,6
209,209,2
210,210,5
211,211,7
212,212,5
213,213,4
214,214,7
215,215,3
216,216,5
217,217,1
218,218,4
219,219,10
220,220,6
221,221,8
222,222,9
223,223,3
224,224,5
225,225,10
226,226,4
227,227,4
228,228,3
229,229,4
230,230,10
231,231,2
232,232,10
233,233,7
234,234,4
235,235,1
236,236,2
237,237,4
238,238,9
239,239,9
240,240,2
241,241,8
242,242,9
243,243,8
244,244,9
245,245,9
246,246,3
247,247,8
248,248,4
249,249,5
250,250,9
251,251,4
252,252,2
253,253,4
254,254,6
255,255,2
256,256,4
257,257,3
258,258,2
259,259,6
260,260,7
261,261,7
262,262,10
263,263,1
264,264,10
265,265,1
266,266,5
267,267,7
268,268,9
269,269,4
270,270,5
271,271,1
272,272,7
273,273,8
274,274,10
275,275,7
276,276,1
277,277,7
278,278,8
279,279,5
280,280,4
281,281,6
282,282,7
283,283,7
284,284,2
285,285,9
286,286,6
287,287,2
288,288,1
289,289,4
290,290,1
291,291,4
292,292,2
293,293,4
294,294,5
295,295,3
296,296,2
297,297,3
298,298,2
299,299,5
300,300,7
301,301,4
302,302,4
303,303,5
304,304,10
305,305,10
306,306,6
307,307,6
308,308,6
309,309,7
310,310,2
311,311,6
312,312,8
313,313,7
314,314,9
315,315,5
316,316,9
317,317,8
318,318,10
319,319,4
320,320,2
321,321,8
322,322,8
323,323,7
324,324,8
325,325,3
326,326,6
327,327,6
328,328,10
329,329,5
330,330,9
331,331,2
332,332,7
333,333,4
334,334,8
335,335,1
336,336,4
337,337,4
338,338,10
339,339,9
340,340,7
341,341,9
342,342,8
343,343,5
344,344,4
345,345,9
346,346,3
347,347,8
348,348,10
349,349,9
350,350,2
351,351,5
352,352,3
353,353,9
354,354,1
355,355,9
356,356,3
357,357,8
358,358,1
359,359,8
360,360,6
361,361,1
362,362,8
363,363,2
364,364,2
365,365,1
366,366,10
367,367,2
368,368,2
369,369,7
370,370,10
371,371,9
372,372,8
373,373,10
374,374,5
375,375,1
376,376,2
377,377,4
378,378,5
379,379,3
380,380,9
381,381,1
382,382,10
383,383,1
384,384,5
385,385,8
386,386,4
387,387,10
388,388,4
389,389,9
390,390,3
391,391,3
392,392,3
393,393,10
394,394,10
395,395,8
396,396,5
397,397,5
398,398,8
399,399,10
400,400,7
401,401,10
402,402,2
403,403,10
404,404,1
405,405,5
406,406,3
407,407,8
408,408,3
409,409,7
410,410,8
411,411,8
412,412,6
413,413,2
414,414,6
415,415,8
416,416,7
417,417,9
418,418,2
419,419,6
420,420,7
421,421,1
422,422,9
423,423,1
424,424,6
425,425,8
426,426,1
427,427,9
428,428,5
429,429,8
430,430,10
431,431,3
432,432,1
433,433,2
434,434,2
435,435,2
436,436,3
437,437,5
438,438,5
439,439,8
440,440,4
441,441,3
442,442,10
443,443,3
444,444,5
445,445,7
446,446,9
447,447,1
448,448,5
449,449,10
450,450,8
451,451,8
452,452,6
453,453,9
454,454,6
455,455,4
456,456,4
457,457,7
458,458,8
459,459,7
460,460,3
461,461,1
462,462,10
463,463,2
464,464,8
465,465,8
466,466,3
467,467,3
468,468,5
469,469,7
470,470,6
471,471,9
472,472,6
473,473,8
474,474,1
475,475,4
476,476,5
477,477,2
478,478,2
479,479,2
480,480,5
481,481,1
482,482,1
483,483,6
484,484,4
485,485,10
486,486,3
487,487,2
488,488,7
489,489,4
490,490,10
491,491,8
492,492,8
493,493,1
494,494,8
495,495,9
496,496,8
497,497,10
498,498,7
499,499,8
500,500,4
501,501,9
502,502,8
503,503,10
504,504,4
505,505,6
506,506,1
507,507,1
508,508,2
509,509,7
510,510,6
511,511,8
512,512,8
513,513,7
514,514,5
515,515,4
516,516,10
517,517,4
518,518,1
519,519,6
520,520,4
521,521,4
522,522,4
523,523,10
524,524,7
525,525,3
526,526,7
527,527,7
528,528,3
529,529,6
530,530,10
531,531,6
532,532,1
533,533,3
534,534,1
535,535,2
536,536,1
537,537,4
538,538,4
539,539,1
540,540,2
541,541,1
542,542,8
543,543,2
544,544,9
545,545,6
546,546,4
547,547,3
548,548,8
549,549,10
550,550,1
551,551,2
552,552,4
553,553,5
554,554,3
555,555,3
556,556,8
557,557,8
558,558,9
559,559,8
560,560,9
561,561,2
562,562,6
563,563,5
564,564,1
565,565,8
566,566,6
567,567,5
568,568,9
569,569,7
570,570,4
571,571,2
572,572,7
573,573,8
574,574,5
575,575,4
576,576,8
577,577,10
578,578,5
579,579,7
580,580,8
581,581,3
582,582,2
583,583,1
584,584,9
585,585,7
586,586,8
587,587,5
588,588,2
589,589,8
590,590,1
591,591,5
592,592,8
593,593,7
594,594,3
595,595,2
596,596,1
597,597,6
598,598,9
599,599,1
600,600,7
601,601,7
602,602,6
603,603,7
604,604,4
605,605,3
606,606,5
607,607,9
608,608,3
609,609,8
610,610,2
611,611,6
612,612,1
613,613,1
614,614,8
615,615,10
616,616,2
617,617,1
618,618,10
619,619,6
620,620,2
621,621,10
622,622,7
623,623,6
624,624,1
625,625,4
626,626,6
627,627,6
628,628,9
629,629,7
630,630,4
631,631,3
632,632,6
633,633,9
634,634,10
635,635,8
636,636,9
637,637,8
638,638,3
639,639,5
640,640,2
641,641,8
642,642,10
643,643,3
644,644,7
645,645,2
646,646,9
647,647,10
648,648,10
649,649,9
650,650,10
651,651,4
652,652,9
653,653,9
654,654,3
655,655,4
656,656,1
657,657,6
658,658,9
659,659,1
660,660,6
661,661,3
662,662,4
663,663,6
664,664,2
665,665,6
666,666,2
667,667,3
668,668,3
669,669,2
670,670,5
671,671,5
672,672,3
673,673,5
674,674,8
675,675,5
676,676,8
677,677,2
678,678,5
679,679,2
680,680,2
681,681,10
682,682,6
683,683,2
684,684,10
685,685,7
686,686,7
687,687,5
688,688,9
689,689,4
690,690,6
691,691,5
692,692,7
693,693,3
694,694,3
695,695,1
696,696,9
697,697,6
698,698,9
699,699,7
700,700,6
701,701,6
702,702,8
703,703,10
704,704,2
705,705,3
706,706,7
707,707,4
708,708,8
709,709,5
710,710,9
711,711,1
712,712,1
713,713,9
714,714,1
715,715,3
716,716,6
717,717,5
718,718,2
719,719,6
720,720,5
721,721,3
722,722,9
723,723,10
724,724,1
725,725,1
726,726,3
727,727,8
728,728,10
729,729,6
730,730,4
731,731,7
732,732,7
733,733,2
734,734,5
735,735,3
736,736,3
737,737,5
738,738,6
739,739,3
740,740,1
741,741,5
742,742,7
743,743,1
744,744,3
745,745,9
746,746,3
747,747,2
748,748,5
749,749,9
750,750,3
751,751,2
752,752,10
753,753,4
754,754,5
755,755,1
756,756,8
757,757,4
758,758,1
759,759,10
760,760,3
761,761,6
762,762,4
763,763,5
764,764,6
765,765,9
766,766,1
767,767,1
768,768,1
769,769,6
770,770,4
771,771,6
772,772,3
773,773,1
774,774,6
775,775,9
776,776,1
777,777,7
778,778,1
779,779,5
780,780,10
781,781,5
782,782,7
783,783,4
784,784,8
785,785,5
786,786,1
787,787,10
788,788,8
789,789,5
790,790,10
791,791,8
792,792,4
793,793,9
794,794,1
795,795,6
796,796,4
797,797,10
798,798,2
799,799,4
800,800,3
801,801,7
802,802,1
803,803,8
804,804,3
805,805,7
806,806,2
807,807,9
808,808,4
809,809,5
810,810,1
811,811,7
812,812,4
813,813,6
814,814,6
815,815,2
816,816,9
817,817,9
818,818,7
819,819,5
820,820,5
821,821,7
822,822,4
823,823,6
824,824,8
825,825,4
826,826,5
827,827,5
828,828,9
829,829,4
830,830,3
831,831,4
832,832,9
833,833,1
834,834,4
835,835,8
836,836,3
837,837,3
838,838,6
839,839,10
840,840,9
841,841,3
842,842,4
843,843,8
844,844,2
845,845,8
846,846,1
847,847,1
848,848,8
849,849,3
850,850,6
851,851,3
852,852,10
853,853,8
854,854,7
855,855,5
856,856,4
857,857,8
858,858,6
859,859,9
860,860,9
861,861,6
862,862,2
863,863,6
864,864,1
865,865,8
866,866,6
867,867,5
868,868,9
869,869,1
870,870,1
871,871,3
872,872,3
873,873,1
874,874,2
875,875,2
876,876,10
877,877,1
878,878,7
879,879,6
880,880,6
881,881,6
882,882,1
883,883,2
884,884,8
885,885,6
886,886,5
887,887,9
888,888,3
889,889,9
890,890,10
891,891,4
892,892,3
893,893,1
894,894,5
895,895,9
896,896,3
897,897,4
898,898,8
899,899,10
900,900,10
901,901,7
902,902,2
903,903,2
904,904,6
905,905,5
906,906,7
907,907,10
908,908,2
909,909,6
910,910,6
911,911,1
912,912,3
913,913,8
914,914,9
915,915,6
916,916,10
917,917,5
918,918,6
919,919,6
920,920,9
921,921,4
922,922,2
923,923,8
924,924,5
925,925,7
926,926,4
927,927,3
928,928,9
929,929,7
930,930,9
931,931,9
932,932,10
933,933,5
934,934,8
935,935,7
936,936,7
937,937,1
938,938,2
939,939,3
940,940,6
941,941,6
942,942,6
943,943,10
944,944,5
945,945,10
946,946,10
947,947,8
948,948,7
949,949,2
950,950,7
951,951,2
952,952,9
953,953,5
954,954,1
955,955,1
956,956,1
957,957,1
958,958,3
959,959,1
960,960,8
961,961,3
962,962,6
963,963,3
964,964,2
965,965,9
966,966,1
967,967,5
968,968,6
969,969,7
970,970,2
971,971,1
972,972,9
973,973,3
974,974,5
975,975,5
976,976,2
977,977,8
978,978,1
979,979,5
980,980,8
981,981,5
982,982,6
983,983,4
984,984,2
985,985,4
986,986,3
987,987,1
988,988,10
989,989,4
990,990,3
991,991,7
992,992,8
993,993,4
994,994,10
995,995,4
996,996,1
997,997,1
998,998,8
999,999,1
1000,1000,10
1001,1001,1
1002,1002,6
1003,1003,8
1004,1004,9
1005,1005,3
1006,1006,10
1007,1007,9
1008,1008,8
1009,1009,6
1010,1010,8
1011,1011,5
1012,1012,8
1013,1013,10
1014,1014,4
1015,1015,7
1016,1016,8
1017,1017,7
1018,1018,5
1019,1019,5
1020,1020,1
1021,1021,2
1022,1022,4
1023,1023,8
1024,1024,6
1025,1025,8
1026,1026,2
1027,1027,2
1028,1028,10
1029,1029,3
1030,1030,10
1031,1031,9
1032,1032,5
1033,1033,1
1034,1034,4
1035,1035,5
1036,1036,10
1037,1037,5
1038,1038,10
1039,1039,10
1040,1040,8
1041,1041,2
1042,1042,9
1043,1043,10
1044,1044,8
1045,1045,3
1046,1046,6
1047,1047,1
1048,1048,10
1049,1049,8
1050,1050,2
1051,1051,8
1052,1052,9
1053,1053,1
1054,1054,2
1055,1055,7
1056,1056,6
1057,1057,3
1058,1058,2
1059,1059,2
1060,1060,2
1061,1061,6
1062,1062,2
1063,1063,4
1064,1064,5
1065,1065,3
1066,1066,5
1067,1067,2
1068,1068,4
1069,1069,8
1070,1070,6
1071,1071,1
1072,1072,7
1073,1073,3
1074,1074,6
1075,1075,7
1076,1076,2
1077,1077,3
1078,1078,10
1079,1079,8
1080,1080,10
1081,1081,1
1082,1082,8
1083,1083,10
1084,1084,9
1085,1085,2
1086,1086,8
1087,1087,5
1088,1088,8
1089,1089,10
1090,1090,4
1091,1091,1
1092,1092,4
1093,1093,1
1094,1094,1
1095,1095,5
1096,1096,6
1097,1097,10
1098,1098,9
1099,1099,5
1100,1100,1
1101,1101,4
1102,1102,1
1103,1103,10
1104,1104,4
1105,1105,4
1106,1106,2
1107,1107,1
1108,1108,6
1109,1109,1
1110,1110,1
1111,1111,7
1112,1112,4
1113,1113,7
1114,1114,8
1115,1115,2
1116,1116,8
1117,1117,7
1118,1118,5
1119,1119,4
1120,1120,1
1121,1121,6
1122,1122,3
1123,1123,8
1124,1124,4
1125,1125,4
1126,1126,7
1127,1127,7
1128,1128,10
1129,1129,7
1130,1130,9
1131,1131,9
1132,1132,10
1133,1133,8
1134,1134,6
1135,1135,7
1136,1136,7
1137,1137,9
1138,1138,9
1139,1139,3
1140,1140,7
1141,1141,7
1142,1142,8
1143,1143,5
1144,1144,2
1145,1145,8
1146,1146,3
1147,1147,4
1148,1148,4
1149,1149,9
1150,1150,5
1151,1151,1
1152,1152,3
1153,1153,8
1154,1154,10
1155,1155,5
1156,1156,4
1157,1157,10
1158,1158,2
1159,1159,9
1160,1160,8
1161,1161,3
1162,1162,10
1163,1163,1
1164,1164,2
1165,1165,10
1166,1166,2
1167,1167,4
1168,1168,9
1169,1169,4
1170,1170,8
1171,1171,4
1172,1172,3
1173,1173,4
1174,1174,3
1175,1175,2
1176,1176,5
1177,1177,1
1178,1178,8
1179,1179,7
1180,1180,8
1181,1181,10
1182,1182,8
1183,1183,5
1184,1184,3
1185,1185,2
1186,1186,4
1187,1187,5
1188,1188,9
1189,1189,7
1190,1190,3
1191,1191,7
1192,1192,2
1193,1193,10
1194,1194,4
1195,1195,8
1196,1196,4
1197,1197,8
1198,1198,1
1199,1199,10
1200,1200,2
1201,1201,10
1202,1202,1
1203,1203,7
1204,1204,9
1205,1205,7
1206,1206,7
1207,1207,1
1208,1208,9
1209,1209,7
1210,1210,10
1211,1211,10
1212,1212,3
1213,1213,6
1214,1214,9
1215,1215,1
1216,1216,4
1217,1217,6
1218,1218,7
1219,1219,5
1220,1220,10
1221,1221,7
1222,1222,4
1223,1223,9
1224,1224,4
1225,1225,10
1226,1226,7
1227,1227,3
1228,1228,3
1229,1229,3
1230,1230,3
1231,1231,7
1232,1232,10
1233,1233,3
1234,1234,6
1235,1235,6
1236,1236,3
1237,1237,2
1238,1238,8
1239,1239,3
1240,1240,1
1241,1241,5
1242,1242,4
1243,1243,3
1244,1244,7
1245,1245,2
1246,1246,10
1247,1247,10
1248,1248,7
1249,1249,4
1250,1250,10
1251,1251,8
1252,1252,9
1253,1253,8
1254,1254,9
1255,1255,9
1256,1256,4
1257,1257,10
1258,1258,8
1259,1259,8
1260,1260,1
1261,1261,7
1262,1262,4
1263,1263,4
1264,1264,9
1265,1265,7
1266,1266,8
1267,1267,3
1268,1268,3
1269,1269,9
1270,1270,2
1271,1271,7
1272,1272,2
1273,1273,8
1274,1274,6
1275,1275,6
1276,1276,9
1277,1277,2
1278,1278,2
1279,1279,9
1280,1280,10
1281,1281,10
1282,1282,3
1283,1283,8
1284,1284,3
1285,1285,1
1286,1286,1
1287,1287,2
1288,1288,4
1289,1289,2
1290,1290,3
1291,1291,5
1292,1292,4
1293,1293,1
1294,1294,8
1295,1295,1
1296,1296,4
1297,1297,7
1298,1298,6
1299,1299,8
1300,1300,10
1301,1301,6
1302,1302,6
1303,1303,7
1304,1304,6
1305,1305,8
1306,1306,1
1307,1307,5
1308,1308,9
1309,1309,6
1310,1310,8
1311,1311,7
1312,1312,2
1313,1313,3
1314,1314,9
1315,1315,7
1316,1316,1
1317,1317,5
1318,1318,7
1319,1319,9
1320,1320,7
1321,1321,10
1322,1322,7
1323,1323,7
1324,1324,10
1325,1325,10
1326,1326,6
1327,1327,10
1328,1328,8
1329,1329,7
1330,1330,6
1331,1331,9
1332,1332,3
1333,1333,9
1334,1334,7
1335,1335,1
1336,1336,9
1337,1337,10
1338,1338,1
1339,1339,2
1340,1340,8
1341,1341,6
1342,1342,10
1343,1343,10
1344,1344,4
1345,1345,4
1346,1346,8
1347,1347,10
1348,1348,10
1349,1349,7
1350,1350,8
1351,1351,5
1352,1352,2
1353,1353,5
1354,1354,6
1355,1355,4
1356,1356,9
1357,1357,8
1358,1358,8
1359,1359,3
1360,1360,4
1361,1361,7
1362,1362,10
1363,1363,3
1364,1364,1
1365,1365,8
1366,1366,1
1367,1367,5
1368,1368,4
1369,1369,9
1370,1370,2
1371,1371,6
1372,1372,6
1373,1373,2
1374,1374,3
1375,1375,1
1376,1376,5
1377,1377,5
1378,1378,3
1379,1379,8
1380,1380,10
1381,1381,8
1382,1382,9
1383,1383,9
1384,1384,8
1385,1385,9
1386,1386,2
1387,1387,5
1388,1388,4
1389,1389,2
1390,1390,9
1391,1391,8
1392,1392,5
1393,1393,2
1394,1394,5
1395,1395,2
1396,1396,1
1397,1397,5
1398,1398,5
1399,1399,10
1400,1400,10
1401,1401,7
1402,1402,2
1403,1403,9
1404,1404,4
1405,1405,9
1406,1406,2
1407,1407,3
1408,1408,8
1409,1409,1
1410,1410,6
1411,1411,10
1412,1412,7
1413,1413,1
1414,1414,8
1415,1415,1
1416,1416,2
1417,1417,4
1418,1418,8
1419,1419,2
1420,1420,10
1421,1421,3
1422,1422,4
1423,1423,5
1424,1424,8
1425,1425,3
1426,1426,8
1427,1427,3
1428,1428,7
1429,1429,7
1430,1430,3
1431,1431,2
1432,1432,1
1433,1433,5
1434,1434,10
1435,1435,5
1436,1436,8
1437,1437,6
1438,1438,6
1439,1439,1
1440,1440,6
1441,1441,7
1442,1442,4
1443,1443,1
1444,1444,3
1445,1445,9
1446,1446,7
1447,1447,6
1448,1448,2
1449,1449,7
1450,1450,3
1451,1451,9
1452,1452,1
1453,1453,9
1454,1454,9
1455,1455,2
1456,1456,1
1457,1457,5
1458,1458,9
1459,1459,1
1460,1460,3
1461,1461,1
1462,1462,5
1463,1463,1
1464,1464,8
1465,1465,1
1466,1466,6
1467,1467,2
1468,1468,4
1469,1469,9
1470,1470,7
1471,1471,3
1472,1472,7
1473,1473,6
1474,1474,7
1475,1475,5
1476,1476,10
1477,1477,6
1478,1478,8
1479,1479,3
1480,1480,2
1481,1481,2
1482,1482,3
1483,1483,4
1484,1484,7
1485,1485,8
1486,1486,1
1487,1487,1
1488,1488,4
1489,1489,7
1490,1490,6
1491,1491,6
1492,1492,1
1493,1493,9
1494,1494,5
1495,1495,5
1496,1496,1
1497,1497,2
1498,1498,2
1499,1499,8
1500,1500,1
1501,1501,2
1502,1502,8
1503,1503,3
1504,1504,3
1505,1505,5
1506,1506,4
1507,1507,5
1508,1508,9
1509,1509,5
1510,1510,7
1511,1511,6
1512,1512,7
1513,1513,7
1514,1514,2
1515,1515,10
1516,1516,8
1517,1517,6
1518,1518,8
1519,1519,9
1520,1520,2
1521,1521,4
1522,1522,10
1523,1523,10
1524,1524,6
1525,1525,9
1526,1526,1
1527,1527,8
1528,1528,4
1529,1529,9
1530,1530,3
1531,1531,1
1532,1532,8
1533,1533,8
1534,1534,10
1535,1535,8
1536,1536,9
1537,1537,2
1538,1538,9
1539,1539,10
1540,1540,6
1541,1541,5
1542,1542,5
1543,1543,9
1544,1544,5
1545,1545,5
1546,1546,4
1547,1547,6
1548,1548,2
1549,1549,9
1550,1550,10
1551,1551,4
1552,1552,3
1553,1553,5
1554,1554,9
1555,1555,8
1556,1556,5
1557,1557,1
1558,1558,9
1559,1559,6
1560,1560,5
1561,1561,8
1562,1562,10
1563,1563,6
1564,1564,4
1565,1565,3
1566,1566,1
1567,1567,8
1568,1568,4
1569,1569,3
1570,1570,5
1571,1571,9
1572,1572,10
1573,1573,1
1574,1574,6
1575,1575,4
1576,1576,4
1577,1577,7
1578,1578,10
1579,1579,9
1580,1580,4
1581,1581,2
1582,1582,2
1583,1583,4
1584,1584,8
1585,1585,8
1586,1586,1
1587,1587,2
1588,1588,10
1589,1589,10
1590,1590,6
1591,1591,7
1592,1592,4
1593,1593,4
1594,1594,5
1595,1595,6
1596,1596,4
1597,1597,2
1598,1598,2
1599,1599,9
1600,1600,3
1601,1601,2
1602,1602,4
1603,1603,10
1604,1604,2
1605,1605,4
1606,1606,1
1607,1607,9
1608,1608,1
1609,1609,6
1610,1610,3
1611,1611,4
1612,1612,1
1613,1613,2
1614,1614,8
1615,1615,1
1616,1616,10
1617,1617,3
1618,1618,1
1619,1619,4
1620,1620,2
1621,1621,5
1622,1622,10
1623,1623,7
1624,1624,9
1625,1625,10
1626,1626,1
1627,1627,7
1628,1628,1
1629,1629,7
1630,1630,9
1631,1631,4
1632,1632,6
1633,1633,5
1634,1634,8
1635,1635,3
1636,1636,9
1637,1637,7
1638,1638,2
1639,1639,1
1640,1640,6
1641,1641,6
1642,1642,6
1643,1643,4
1644,1644,9
1645,1645,6
1646,1646,4
1647,1647,4
1648,1648,6
1649,1649,8
1650,1650,1
1651,1651,1
1652,1652,9
1653,1653,6
1654,1654,5
1655,1655,1
1656,1656,9
1657,1657,6
1658,1658,5
1659,1659,7
1660,1660,8
1661,1661,9
1662,1662,3
1663,1663,5
1664,1664,8
1665,1665,6
1666,1666,3
1667,1667,3
1668,1668,9
1669,1669,10
1670,1670,1
1671,1671,7
1672,1672,7
1673,1673,4
1674,1674,7
1675,1675,8
1676,1676,4
1677,1677,2
1678,1678,7
1679,1679,3
1680,1680,7
1681,1681,6
1682,1682,5
1683,1683,5
1684,1684,3
1685,1685,10
1686,1686,6
1687,1687,2
1688,1688,10
1689,1689,5
1690,1690,6
1691,1691,8
1692,1692,10
1693,1693,2
1694,1694,3
1695,1695,1
1696,1696,7
1697,1697,8
1698,1698,1
1699,1699,7
1700,1700,5
1701,1701,9
1702,1702,10
1703,1703,7
1704,1704,9
1705,1705,1
1706,1706,9
1707,1707,6
1708,1708,8
1709,1709,10
1710,1710,1
1711,1711,8
1712,1712,4
1713,1713,1
1714,1714,3
1715,1715,4
1716,1716,8
1717,1717,9
1718,1718,6
1719,1719,9
1720,1720,1
1721,1721,7
1722,1722,10
1723,1723,4
1724,1724,6
1725,1725,10
1726,1726,1
1727,1727,7
1728,1728,5
1729,1729,6
1730,1730,5
1731,1731,6
1732,1732,2
1733,1733,10
1734,1734,8
1735,1735,3
1736,1736,6
1737,1737,8
1738,1738,7
1739,1739,1
1740,1740,1
1741,1741,7
1742,1742,10
1743,1743,6
1744,1744,6
1745,1745,10
1746,1746,1
1747,1747,3
1748,1748,5
1749,1749,10
1750,1750,8
1751,1751,9
1752,1752,4
1753,1753,7
1754,1754,4
1755,1755,9
1756,1756,10
1757,1757,4
1758,1758,10
1759,1759,7
1760,1760,5
1761,1761,2
1762,1762,6
1763,1763,5
1764,1764,8
1765,1765,4
1766,1766,2
1767,1767,9
1768,1768,3
1769,1769,3
1770,1770,7
1771,1771,7
1772,1772,9
1773,1773,6
1774,1774,7
1775,1775,7
1776,1776,2
1777,1777,7
1778,1778,9
1779,1779,3
1780,1780,5
1781,1781,5
1782,1782,5
1783,1783,10
1784,1784,4
1785,1785,6
1786,1786,5
1787,1787,9
1788,1788,3
1789,1789,3
1790,1790,10
1791,1791,7
1792,1792,6
1793,1793,10
1794,1794,10
1795,1795,9
1796,1796,1
1797,1797,5
1798,1798,6
1799,1799,1
1800,1800,6
1801,1801,9
1802,1802,2
1803,1803,7
1804,1804,4
1805,1805,7
1806,1806,1
1807,1807,3
1808,1808,10
1809,1809,9
1810,1810,5
1811,1811,5
1812,1812,3
1813,1813,10
1814,1814,6
1815,1815,6
1816,1816,9
1817,1817,10
1818,1818,6
1819,1819,4
1820,1820,8
1821,1821,7
1822,1822,4
1823,1823,5
1824,1824,1
1825,1825,8
1826,1826,8
1827,1827,4
1828,1828,1
1829,1829,4
1830,1830,4
1831,1831,1
1832,1832,3
1833,1833,5
1834,1834,8
1835,1835,1
1836,1836,8
1837,1837,9
1838,1838,4
1839,1839,10
1840,1840,9
1841,1841,2
1842,1842,10
1843,1843,1
1844,1844,4
1845,1845,5
1846,1846,9
1847,1847,4
1848,1848,2
1849,1849,2
1850,1850,9
1851,1851,7
1852,1852,4
1853,1853,3
1854,1854,2
1855,1855,1
1856,1856,3
1857,1857,10
1858,1858,4
1859,1859,9
1860,1860,2
1861,1861,8
1862,1862,8
1863,1863,4
1864,1864,2
1865,1865,5
1866,1866,10
1867,1867,5
1868,1868,5
1869,1869,8
1870,1870,3
1871,1871,10
1872,1872,1
1873,1873,7
1874,1874,8
1875,1875,5
1876,1876,4
1877,1877,4
1878,1878,4
1879,1879,10
1880,1880,5
1881,1881,10
1882,1882,1
1883,1883,8
1884,1884,4
1885,1885,10
1886,1886,9
1887,1887,3
1888,1888,6
1889,1889,10
1890,1890,5
1891,1891,1
1892,1892,7
1893,1893,8
1894,1894,1
1895,1895,3
1896,1896,7
1897,1897,2
1898,1898,1
1899,1899,9
1900,1900,1
1901,1901,7
1902,1902,2
1903,1903,1
1904,1904,1
1905,1905,8
1906,1906,7
1907,1907,9
1908,1908,10
1909,1909,5
1910,1910,5
1911,1911,2
1912,1912,4
1913,1913,4
1914,1914,2
1915,1915,1
1916,1916,5
1917,1917,2
1918,1918,3
1919,1919,5
1920,1920,7
1921,1921,5
1922,1922,9
1923,1923,4
1924,1924,4
1925,1925,1
1926,1926,3
1927,1927,5
1928,1928,5
1929,1929,8
1930,1930,5
1931,1931,3
1932,1932,2
1933,1933,7
1934,1934,8
1935,1935,2
1936,1936,4
1937,1937,9
1938,1938,8
1939,1939,2
1940,1940,3
1941,1941,10
1942,1942,3
1943,1943,8
1944,1944,7
1945,1945,7
1946,1946,5
1947,1947,8
1948,1948,5
1949,1949,6
1950,1950,10
1951,1951,10
1952,1952,5
1953,1953,7
1954,1954,7
1955,1955,5
1956,1956,1
1957,1957,2
1958,1958,5
1959,1959,3
1960,1960,3
1961,1961,6
1962,1962,7
1963,1963,5
1964,1964,3
1965,1965,6
1966,1966,3
1967,1967,7
1968,1968,4
1969,1969,4
1970,1970,9
1971,1971,5
1972,1972,3
1973,1973,2
1974,1974,7
1975,1975,7
1976,1976,2
1977,1977,3
1978,1978,3
1979,1979,4
1980,1980,5
1981,1981,10
1982,1982,8
1983,1983,2
1984,1984,9
1985,1985,9
1986,1986,9
1987,1987,9
1988,1988,1
1989,1989,9
1990,1990,8
1991,1991,10
1992,1992,2
1993,1993,4
1994,1994,8
1995,1995,3
1996,1996,7
1997,1997,2
1998,1998,9
1999,1999,4
2000,2000,3
2001,2001,7
2002,2002,8
2003,2003,5
2004,2004,3
2005,2005,5
2006,2006,2
2007,2007,5
2008,2008,3
2009,2009,8
2010,2010,1
2011,2011,2
2012,2012,1
2013,2013,8
2014,2014,5
2015,2015,8
2016,2016,4
2017,2017,7
2018,2018,10
2019,2019,1
2020,2020,6
2021,2021,3
2022,2022,10
2023,2023,2
2024,2024,8
2025,2025,8
2026,2026,3
2027,2027,3
2028,2028,9
2029,2029,7
2030,2030,8
2031,2031,4
2032,2032,1
2033,2033,6
2034,2034,8
2035,2035,2
2036,2036,1
2037,2037,3
2038,2038,1
2039,2039,7
2040,2040,3
2041,2041,10
2042,2042,2
2043,2043,2
2044,2044,5
2045,2045,7
2046,2046,2
2047,2047,7
2048,2048,7
2049,2049,7
2050,2050,1
2051,2051,5
2052,2052,9
2053,2053,6
2054,2054,8
2055,2055,8
2056,2056,7
2057,2057,5
2058,2058,9
2059,2059,3
2060,2060,5
2061,2061,7
2062,2062,6
2063,2063,6
2064,2064,1
2065,2065,6
2066,2066,5
2067,2067,10
2068,2068,7
2069,2069,5
2070,2070,7
2071,2071,4
2072,2072,5
2073,2073,8
2074,2074,5
2075,2075,8
2076,2076,5
2077,2077,2
2078,2078,7
2079,2079,10
2080,2080,8
2081,2081,3
2082,2082,8
2083,2083,10
2084,2084,2
2085,2085,10
2086,2086,9
2087,2087,10
2088,2088,2
2089,2089,1
2090,2090,3
2091,2091,5
2092,2092,4
2093,2093,4
2094,2094,1
2095,2095,10
2096,2096,6
2097,2097,8
2098,2098,6
2099,2099,8
2100,2100,5
2101,2101,9
2102,2102,2
2103,2103,1
2104,2104,3
2105,2105,4
2106,2106,4
2107,2107,4
2108,2108,7
2109,2109,5
2110,2110,4
2111,2111,10
2112,2112,6
2113,2113,4
2114,2114,9
2115,2115,1
2116,2116,3
2117,2117,3
2118,2118,1
2119,2119,7
2120,2120,5
2121,2121,7
2122,2122,10
2123,2123,5
2124,2124,2
2125,2125,3
2126,2126,1
2127,2127,7
2128,2128,7
2129,2129,9
2130,2130,8
2131,2131,4
2132,2132,2
2133,2133,9
2134,2134,4
2135,2135,2
2136,2136,6
2137,2137,10
2138,2138,4
2139,2139,3
2140,2140,10
2141,2141,1
2142,2142,6
2143,2143,5
2144,2144,8
2145,2145,4
2146,2146,5
2147,2147,2
2148,2148,8
2149,2149,4
2150,2150,8
2151,2151,8
2152,2152,10
2153,2153,8
2154,2154,10
2155,2155,2
2156,2156,5
2157,2157,2
2158,2158,4
2159,2159,2
2160,2160,3
2161,2161,5
2162,2162,5
2163,2163,10
2164,2164,2
2165,2165,4
2166,2166,6
2167,2167,7
2168,2168,4
2169,2169,5
2170,2170,1
2171,2171,10
2172,2172,2
2173,2173,8
2174,2174,8
2175,2175,5
2176,2176,7
2177,2177,8
2178,2178,8
2179,2179,1
2180,2180,1
2181,2181,2
2182,2182,2
2183,2183,3
2184,2184,3
2185,2185,9
2186,2186,9
2187,2187,4
2188,2188,9
2189,2189,4
2190,2190,4
2191,2191,2
2192,2192,5
2193,2193,9
2194,2194,6
2195,2195,9
2196,2196,4
2197,2197,3
2198,2198,10
2199,2199,5
2200,2200,4
2201,2201,2
2202,2202,3
2203,2203,5
2204,2204,8
2205,2205,2
2206,2206,5
2207,2207,7
2208,2208,2
2209,2209,3
2210,2210,8
2211,2211,8
2212,2212,7
2213,2213,4
2214,2214,5
2215,2215,8
2216,2216,2
2217,2217,9
2218,2218,7
2219,2219,8
2220,2220,7
2221,2221,4
2222,2222,4
2223,2223,2
2224,2224,4
2225,2225,7
2226,2226,4
2227,2227,1
2228,2228,3
2229,2229,1
2230,2230,4
2231,2231,7
2232,2232,9
2233,2233,1
2234,2234,6
2235,2235,2
2236,2236,6
2237,2237,10
2238,2238,7
2239,2239,5
2240,2240,10
2241,2241,7
2242,2242,8
2243,2243,8
2244,2244,3
2245,2245,3
2246,2246,8
2247,2247,9
2248,2248,5
2249,2249,6
2250,2250,3
2251,2251,9
2252,2252,6
2253,2253,1
2254,2254,4
2255,2255,9
2256,2256,7
2257,2257,2
2258,2258,2
2259,2259,8
2260,2260,6
2261,2261,3
2262,2262,7
2263,2263,9
2264,2264,4
2265,2265,7
2266,2266,5
2267,2267,4
2268,2268,3
2269,2269,1
2270,2270,2
2271,2271,10
2272,2272,1
2273,2273,3
2274,2274,5
2275,2275,4
2276,2276,5
2277,2277,6
2278,2278,1
2279,2279,9
2280,2280,2
2281,2281,9
2282,2282,4
2283,2283,8
2284,2284,4
2285,2285,2
2286,2286,1
2287,2287,2
2288,2288,8
2289,2289,9
2290,2290,4
2291,2291,5
2292,2292,4
2293,2293,1
2294,2294,4
2295,2295,4
2296,2296,1
2297,2297,6
2298,2298,1
2299,2299,4
2300,2300,8
2301,2301,8
2302,2302,3
2303,2303,4
2304,2304,10
2305,2305,8
2306,2306,10
2307,2307,2
2308,2308,3
2309,2309,4
2310,2310,7
2311,2311,5
2312,2312,9
2313,2313,1
2314,2314,5
2315,2315,1
2316,2316,3
2317,2317,1
2318,2318,10
2319,2319,4
2320,2320,10
2321,2321,3
2322,2322,2
2323,2323,2
2324,2324,1
2325,2325,8
2326,2326,8
2327,2327,9
2328,2328,1
2329,2329,7
2330,2330,4
2331,2331,1
2332,2332,8
2333,2333,10
2334,2334,1
2335,2335,7
2336,2336,2
2337,2337,2
2338,2338,7
2339,2339,2
2340,2340,8
2341,2341,9
2342,2342,10
2343,2343,1
2344,2344,8
2345,2345,9
2346,2346,9
2347,2347,6
2348,2348,4
2349,2349,2
2350,2350,7
2351,2351,7
2352,2352,1
2353,2353,8
2354,2354,5
2355,2355,6
2356,2356,4
2357,2357,9
2358,2358,9
2359,2359,6
2360,2360,4
2361,2361,1
2362,2362,4
2363,2363,8
2364,2364,9
2365,2365,3
2366,2366,6
2367,2367,2
2368,2368,3
2369,2369,5
2370,2370,8
2371,2371,7
2372,2372,1
2373,2373,10
2374,2374,8
2375,2375,1
2376,2376,8
2377,2377,4
2378,2378,7
2379,2379,4
2380,2380,5
2381,2381,4
2382,2382,9
2383,2383,5
2384,2384,4
2385,2385,5
2386,2386,2
2387,2387,4
2388,2388,2
2389,2389,7
2390,2390,8
2391,2391,4
2392,2392,10
2393,2393,7
2394,2394,1
2395,2395,9
2396,2396,10
2397,2397,8
2398,2398,2
2399,2399,2
2400,2400,5
2401,2401,6
2402,2402,3
2403,2403,5
2404,2404,10
2405,2405,7
2406,2406,9
2407,2407,3
2408,2408,3
2409,2409,6
2410,2410,2
2411,2411,8
2412,2412,4
2413,2413,6
2414,2414,8
2415,2415,3
2416,2416,4
2417,2417,5
2418,2418,8
2419,2419,7
2420,2420,3
2421,2421,5
2422,2422,10
2423,2423,1
2424,2424,7
2425,2425,3
2426,2426,6
2427,2427,10
2428,2428,8
2429,2429,5
2430,2430,1
2431,2431,10
2432,2432,4
2433,2433,1
2434,2434,7
2435,2435,10
2436,2436,7
2437,2437,5
2438,2438,1
2439,2439,4
2440,2440,4
2441,2441,10
2442,2442,3
2443,2443,4
2444,2444,10
2445,2445,3
2446,2446,5
2447,2447,7
2448,2448,9
2449,2449,10
2450,2450,8
2451,2451,3
2452,2452,1
2453,2453,8
2454,2454,9
2455,2455,9
2456,2456,2
2457,2457,4
2458,2458,4
2459,2459,9
2460,2460,2
2461,2461,9
2462,2462,6
2463,2463,7
2464,2464,9
2465,2465,6
2466,2466,1
2467,2467,6
2468,2468,9
2469,2469,3
2470,2470,6
2471,2471,2
2472,2472,9
2473,2473,4
2474,2474,9
2475,2475,6
2476,2476,10
2477,2477,9
2478,2478,3
2479,2479,1
2480,2480,2
2481,2481,10
2482,2482,2
2483,2483,6
2484,2484,9
2485,2485,7
2486,2486,10
2487,2487,4
2488,2488,1
2489,2489,9
2490,2490,9
2491,2491,2
2492,2492,1
2493,2493,3
2494,2494,10
2495,2495,4
2496,2496,6
2497,2497,7
2498,2498,9
2499,2499,1
2500,2500,3
2501,2501,4
2502,2502,6
2503,2503,7
2504,2504,3
2505,2505,2
2506,2506,3
2507,2507,5
2508,2508,7
2509,2509,8
2510,2510,4
2511,2511,4
2512,2512,3
2513,2513,7
2514,2514,9
2515,2515,1
2516,2516,8
2517,2517,2
2518,2518,7
2519,2519,7
2520,2520,10
2521,2521,2
2522,2522,4
2523,2523,7
2524,2524,7
2525,2525,8
2526,2526,10
2527,2527,10
2528,2528,1
2529,2529,8
2530,2530,8
2531,2531,2
2532,2532,4
2533,2533,7
2534,2534,7
2535,2535,8
2536,2536,9
2537,2537,6
2538,2538,5
2539,2539,1
2540,2540,8
2541,2541,4
2542,2542,5
2543,2543,4
2544,2544,1
2545,2545,7
2546,2546,9
2547,2547,10
2548,2548,10
2549,2549,6
2550,2550,7
2551,2551,10
2552,2552,8
2553,2553,7
2554,2554,4
2555,2555,6
2556,2556,2
2557,2557,5
2558,2558,10
2559,2559,8
2560,2560,10
2561,2561,4
2562,2562,4
2563,2563,8
2564,2564,7
2565,2565,2
2566,2566,8
2567,2567,6
2568,2568,6
2569,2569,4
2570,2570,1
2571,2571,7
2572,2572,4
2573,2573,7
2574,2574,3
2575,2575,8
2576,2576,5
2577,2577,4
2578,2578,3
2579,2579,7
2580,2580,9
2581,2581,4
2582,2582,7
2583,2583,1
2584,2584,2
2585,2585,4
2586,2586,3
2587,2587,2
2588,2588,9
2589,2589,3
2590,2590,4
2591,2591,3
2592,2592,5
2593,2593,1
2594,2594,3
2595,2595,8
2596,2596,5
2597,2597,10
2598,2598,2
2599,2599,2
2600,2600,6
2601,2601,3
2602,2602,1
2603,2603,9
2604,2604,8
2605,2605,6
2606,2606,2
2607,2607,10
2608,2608,6
2609,2609,3
2610,2610,7
2611,2611,3
2612,2612,3
2613,2613,3
2614,2614,4
2615,2615,1
2616,2616,2
2617,2617,9
2618,2618,1
2619,2619,2
2620,2620,4
2621,2621,9
2622,2622,5
2623,2623,10
2624,2624,7
2625,2625,6
2626,2626,3
2627,2627,5
2628,2628,5
2629,2629,7
2630,2630,8
2631,2631,1
2632,2632,8
2633,2633,9
2634,2634,8
2635,2635,5
2636,2636,7
2637,2637,7
2638,2638,3
2639,2639,9
2640,2640,3
2641,2641,8
2642,2642,7
2643,2643,5
2644,2644,8
2645,2645,8
2646,2646,5
2647,2647,6
2648,2648,7
2649,2649,10
2650,2650,8
2651,2651,1
2652,2652,9
2653,2653,2
2654,2654,4
2655,2655,1
2656,2656,6
2657,2657,10
2658,2658,5
2659,2659,3
2660,2660,9
2661,2661,5
2662,2662,5
2663,2663,10
2664,2664,8
2665,2665,4
2666,2666,5
2667,2667,8
2668,2668,7
2669,2669,6
2670,2670,2
2671,2671,4
2672,2672,10
2673,2673,9
2674,2674,2
2675,2675,2
2676,2676,6
2677,2677,5
2678,2678,3
2679,2679,7
2680,2680,6
2681,2681,9
2682,2682,9
2683,2683,10
2684,2684,6
2685,2685,1
2686,2686,5
2687,2687,9
2688,2688,5
2689,2689,10
2690,2690,6
2691,2691,6
2692,2692,7
2693,2693,9
2694,2694,8
2695,2695,9
2696,2696,5
2697,2697,3
2698,2698,4
2699,2699,4
2700,2700,7
2701,2701,8
2702,2702,2
2703,2703,2
2704,2704,1
2705,2705,7
2706,2706,1
2707,2707,4
2708,2708,6
2709,2709,3
2710,2710,2
2711,2711,7
2712,2712,7
2713,2713,1
2714,2714,8
2715,2715,5
2716,2716,1
2717,2717,1
2718,2718,9
2719,2719,10
2720,2720,6
2721,2721,10
2722,2722,9
2723,2723,4
2724,2724,5
2725,2725,8
2726,2726,3
2727,2727,3
2728,2728,9
2729,2729,9
2730,2730,9
2731,2731,3
2732,2732,7
2733,2733,3
2734,2734,3
2735,2735,1
2736,2736,10
2737,2737,2
2738,2738,1
2739,2739,7
2740,2740,9
2741,2741,8
2742,2742,5
2743,2743,3
2744,2744,7
2745,2745,4
2746,2746,4
2747,2747,5
2748,2748,4
2749,2749,5
2750,2750,5
2751,2751,6
2752,2752,8
2753,2753,4
2754,2754,3
2755,2755,9
2756,2756,6
2757,2757,5
2758,2758,10
2759,2759,4
2760,2760,6
2761,2761,5
2762,2762,9
2763,2763,5
2764,2764,2
2765,2765,3
2766,2766,4
2767,2767,8
2768,2768,9
2769,2769,5
2770,2770,1
2771,2771,7
2772,2772,1
2773,2773,10
2774,2774,1
2775,2775,5
2776,2776,10
2777,2777,8
2778,2778,5
2779,2779,2
2780,2780,6
2781,2781,1
2782,2782,3
2783,2783,5
2784,2784,2
2785,2785,5
2786,2786,9
2787,2787,5
2788,2788,10
2789,2789,9
2790,2790,3
2791,2791,7
2792,2792,2
2793,2793,8
2794,2794,10
2795,2795,10
2796,2796,7
2797,2797,7
2798,2798,1
2799,2799,4
2800,2800,5
2801,2801,8
2802,2802,1
2803,2803,9
2804,2804,5
2805,2805,10
2806,2806,5
2807,2807,7
2808,2808,6
2809,2809,3
2810,2810,5
2811,2811,10
2812,2812,6
2813,2813,5
2814,2814,10
2815,2815,4
2816,2816,2
2817,2817,1
2818,2818,5
2819,2819,3
2820,2820,10
2821,2821,6
2822,2822,2
2823,2823,7
2824,2824,9
2825,2825,8
2826,2826,7
2827,2827,3
2828,2828,5
2829,2829,7
2830,2830,1
2831,2831,10
2832,2832,9
2833,2833,3
2834,2834,3
2835,2835,5
2836,2836,7
2837,2837,8
2838,2838,8
2839,2839,6
2840,2840,6
2841,2841,7
2842,2842,3
2843,2843,6
2844,2844,1
2845,2845,9
2846,2846,7
2847,2847,5
2848,2848,8
2849,2849,6
2850,2850,2
2851,2851,3
2852,2852,3
2853,2853,4
2854,2854,9
2855,2855,6
2856,2856,4
2857,2857,1
2858,2858,5
2859,2859,1
2860,2860,10
2861,2861,1
2862,2862,6
2863,2863,2
2864,2864,5
2865,2865,8
2866,2866,8
2867,2867,6
2868,2868,9
2869,2869,6
2870,2870,4
2871,2871,3
2872,2872,8
2873,2873,5
2874,2874,9
2875,2875,4
2876,2876,6
2877,2877,10
2878,2878,7
2879,2879,3
2880,2880,5
2881,2881,1
2882,2882,10
2883,2883,10
2884,2884,10
2885,2885,7
2886,2886,3
2887,2887,3
2888,2888,2
2889,2889,2
2890,2890,8
2891,2891,10
2892,2892,10
2893,2893,9
2894,2894,10
2895,2895,10
2896,2896,7
2897,2897,6
2898,2898,3
2899,2899,3
2900,2900,3
2901,2901,3
2902,2902,4
2903,2903,2
2904,2904,1
2905,2905,6
2906,2906,2
2907,2907,1
2908,2908,2
2909,2909,10
2910,2910,5
2911,2911,5
2912,2912,6
2913,2913,5
2914,2914,10
2915,2915,5
2916,2916,3
2917,2917,6
2918,2918,7
2919,2919,4
2920,2920,5
2921,2921,1
2922,2922,4
2923,2923,2
2924,2924,9
2925,2925,5
2926,2926,4
2927,2927,3
2928,2928,4
2929,2929,3
2930,2930,1
2931,2931,2
2932,2932,9
2933,2933,4
2934,2934,8
2935,2935,7
2936,2936,3
2937,2937,9
2938,2938,10
2939,2939,5
2940,2940,1
2941,2941,6
2942,2942,2
2943,2943,7
2944,2944,3
2945,2945,4
2946,2946,1
2947,2947,8
2948,2948,9
2949,2949,6
2950,2950,5
2951,2951,3
2952,2952,8
2953,2953,9
2954,2954,8
2955,2955,4
2956,2956,6
2957,2957,5
2958,2958,1
2959,2959,1
2960,2960,3
2961,2961,1
2962,2962,10
2963,2963,9
2964,2964,2
2965,2965,6
2966,2966,7
2967,2967,4
2968,2968,1
2969,2969,1
2970,2970,8
2971,2971,2
2972,2972,1
2973,2973,10
2974,2974,3
2975,2975,6
2976,2976,1
2977,2977,9
2978,2978,1
2979,2979,10
2980,2980,3
2981,2981,2
2982,2982,2
2983,2983,6
2984,2984,10
2985,2985,1
2986,2986,1
2987,2987,7
2988,2988,4
2989,2989,3
2990,2990,4
2991,2991,4
2992,2992,6
2993,2993,4
2994,2994,2
2995,2995,9
2996,2996,1
2997,2997,3
2998,2998,6
2999,2999,3
3000,3000,8
3001,3001,9
3002,3002,6
3003,3003,4
3004,3004,1
3005,3005,2
3006,3006,8
3007,3007,6
3008,3008,2
3009,3009,7
3010,3010,2
3011,3011,7
3012,3012,5
3013,3013,10
3014,3014,5
3015,3015,10
3016,3016,10
3017,3017,6
3018,3018,4
3019,3019,3
3020,3020,6
3021,3021,1
3022,3022,4
3023,3023,2
3024,3024,10
3025,3025,6
3026,3026,10
3027,3027,3
3028,3028,7
3029,3029,5
3030,3030,5
3031,3031,2
3032,3032,7
3033,3033,3
3034,3034,4
3035,3035,8
3036,3036,9
3037,3037,2
3038,3038,6
3039,3039,5
3040,3040,5
3041,3041,4
3042,3042,6
3043,3043,7
3044,3044,10
3045,3045,6
3046,3046,5
3047,3047,1
3048,3048,9
3049,3049,6
3050,3050,7
3051,3051,7
3052,3052,7
3053,3053,5
3054,3054,1
3055,3055,10
3056,3056,7
3057,3057,2
3058,3058,5
3059,3059,1
3060,3060,6
3061,3061,3
3062,3062,3
3063,3063,4
3064,3064,4
3065,3065,10
3066,3066,2
3067,3067,8
3068,3068,6
3069,3069,7
3070,3070,2
3071,3071,6
3072,3072,1
3073,3073,5
3074,3074,7
3075,3075,1
3076,3076,2
3077,3077,7
3078,3078,10
3079,3079,7
3080,3080,4
3081,3081,1
3082,3082,1
3083,3083,3
3084,3084,9
3085,3085,4
3086,3086,7
3087,3087,9
3088,3088,7
3089,3089,9
3090,3090,7
3091,3091,1
3092,3092,6
3093,3093,3
3094,3094,2
3095,3095,9
3096,3096,8
3097,3097,6
3098,3098,10
3099,3099,9
3100,3100,4
3101,3101,1
3102,3102,10
3103,3103,1
3104,3104,8
3105,3105,4
3106,3106,1
3107,3107,2
3108,3108,10
3109,3109,3
3110,3110,6
3111,3111,7
3112,3112,6
3113,3113,10
3114,3114,4
3115,3115,7
3116,3116,9
3117,3117,1
3118,3118,5
3119,3119,4
3120,3120,5
3121,3121,6
3122,3122,7
3123,3123,2
3124,3124,9
3125,3125,1
3126,3126,5
3127,3127,7
3128,3128,6
3129,3129,10
3130,3130,3
3131,3131,3
3132,3132,10
3133,3133,7
3134,3134,1
3135,3135,6
3136,3136,9
3137,3137,8
3138,3138,6
3139,3139,2
3140,3140,7
3141,3141,7
3142,3142,2
3143,3143,2
3144,3144,7
3145,3145,7
3146,3146,8
3147,3147,1
3148,3148,7
3149,3149,2
3150,3150,1
3151,3151,7
3152,3152,5
3153,3153,9
3154,3154,1
3155,3155,2
3156,3156,9
3157,3157,2
3158,3158,6
3159,3159,4
3160,3160,9
3161,3161,1
3162,3162,3
3163,3163,1
3164,3164,10
3165,3165,10
3166,3166,4
3167,3167,3
3168,3168,1
3169,3169,1
3170,3170,3
3171,3171,8
3172,3172,8
3173,3173,1
3174,3174,7
3175,3175,3
3176,3176,5
3177,3177,5
3178,3178,3
3179,3179,4
3180,3180,5
3181,3181,6
3182,3182,9
3183,3183,3
3184,3184,5
3185,3185,9
3186,3186,1
3187,3187,4
3188,3188,2
3189,3189,9
3190,3190,3
3191,3191,9
3192,3192,10
3193,3193,4
3194,3194,9
3195,3195,1
3196,3196,3
3197,3197,2
3198,3198,4
3199,3199,8
3200,3200,6
3201,3201,10
3202,3202,4
3203,3203,9
3204,3204,7
3205,3205,5
3206,3206,8
3207,3207,2
3208,3208,2
3209,3209,6
3210,3210,1
3211,3211,5
3212,3212,7
3213,3213,4
3214,3214,6
3215,3215,10
3216,3216,3
3217,3217,10
3218,3218,5
3219,3219,3
3220,3220,1
3221,3221,6
3222,3222,6
3223,3223,4
3224,3224,7
3225,3225,6
3226,3226,2
3227,3227,4
3228,3228,2
3229,3229,3
3230,3230,9
3231,3231,2
3232,3232,9
3233,3233,10
3234,3234,2
3235,3235,3
3236,3236,4
3237,3237,10
3238,3238,9
3239,3239,1
3240,3240,6
3241,3241,6
3242,3242,9
3243,3243,9
3244,3244,8
3245,3245,7
3246,3246,6
3247,3247,10
3248,3248,8
3249,3249,3
3250,3250,2
3251,3251,5
3252,3252,7
3253,3253,6
3254,3254,7
3255,3255,8
3256,3256,5
3257,3257,10
3258,3258,8
3259,3259,10
3260,3260,8
3261,3261,5
3262,3262,5
3263,3263,8
3264,3264,5
3265,3265,1
3266,3266,9
3267,3267,3
3268,3268,10
3269,3269,3
3270,3270,4
3271,3271,3
3272,3272,6
3273,3273,10
3274,3274,7
3275,3275,10
3276,3276,4
3277,3277,2
3278,3278,8
3279,3279,10
3280,3280,9
3281,3281,1
3282,3282,3
3283,3283,9
3284,3284,7
3285,3285,1
3286,3286,6
3287,3287,2
3288,3288,7
3289,3289,4
3290,3290,4
3291,3291,3
3292,3292,7
3293,3293,7
3294,3294,6
3295,3295,7
3296,3296,8
3297,3297,10
3298,3298,8
3299,3299,1
3300,3300,8
3301,3301,3
3302,3302,5
3303,3303,5
3304,3304,8
3305,3305,10
3306,3306,9
3307,3307,5
3308,3308,10
3309,3309,9
3310,3310,8
3311,3311,8
3312,3312,2
3313,3313,10
3314,3314,2
3315,3315,10
3316,3316,4
3317,3317,4
3318,3318,8
3319,3319,7
3320,3320,8
3321,3321,3
3322,3322,10
3323,3323,2
3324,3324,10
3325,3325,5
3326,3326,4
3327,3327,2
3328,3328,10
3329,3329,5
3330,3330,3
3331,3331,6
3332,3332,2
3333,3333,5
3334,3334,6
3335,3335,7
3336,3336,4
3337,3337,9
3338,3338,9
3339,3339,1
3340,3340,1
3341,3341,3
3342,3342,3
3343,3343,6
3344,3344,6
3345,3345,6
3346,3346,1
3347,3347,8
3348,3348,1
3349,3349,6
3350,3350,3
3351,3351,1
3352,3352,1
3353,3353,2
3354,3354,1
3355,3355,6
3356,3356,9
3357,3357,10
3358,3358,6
3359,3359,1
3360,3360,5
3361,3361,3
3362,3362,4
3363,3363,4
3364,3364,9
3365,3365,7
3366,3366,10
3367,3367,2
3368,3368,3
3369,3369,7
3370,3370,5
3371,3371,4
3372,3372,7
3373,3373,4
3374,3374,2
3375,3375,8
3376,3376,4
3377,3377,10
3378,3378,5
3379,3379,5
3380,3380,8
3381,3381,3
3382,3382,6
3383,3383,8
3384,3384,4
3385,3385,6
3386,3386,4
3387,3387,4
3388,3388,2
3389,3389,5
3390,3390,8
3391,3391,8
3392,3392,9
3393,3393,9
3394,3394,2
3395,3395,9
3396,3396,3
3397,3397,9
3398,3398,4
3399,3399,5
3400,3400,10
3401,3401,10
3402,3402,9
3403,3403,10
3404,3404,2
3405,3405,8
3406,3406,3
3407,3407,9
3408,3408,5
3409,3409,4
3410,3410,4
3411,3411,1
3412,3412,1
3413,3413,2
3414,3414,10
3415,3415,9
3416,3416,10
3417,3417,9
3418,3418,7
3419,3419,8
3420,3420,1
3421,3421,8
3422,3422,2
3423,3423,8
3424,3424,9
3425,3425,4
3426,3426,1
3427,3427,8
3428,3428,5
3429,3429,2
3430,3430,8
3431,3431,7
3432,3432,10
3433,3433,9
3434,3434,7
3435,3435,3
3436,3436,8
3437,3437,2
3438,3438,8
3439,3439,1
3440,3440,2
3441,3441,10
3442,3442,2
3443,3443,8
3444,3444,4
3445,3445,8
3446,3446,7
3447,3447,1
3448,3448,9
3449,3449,1
3450,3450,5
3451,3451,1
3452,3452,10
3453,3453,1
3454,3454,8
3455,3455,2
3456,3456,4
3457,3457,1
3458,3458,4
3459,3459,4
3460,3460,3
3461,3461,4
3462,3462,8
3463,3463,1
3464,3464,5
3465,3465,7
3466,3466,6
3467,3467,6
3468,3468,9
3469,3469,1
3470,3470,5
3471,3471,6
3472,3472,4
3473,3473,8
3474,3474,7
3475,3475,9
3476,3476,7
3477,3477,10
3478,3478,9
3479,3479,4
3480,3480,8
3481,3481,1
3482,3482,3
3483,3483,10
3484,3484,7
3485,3485,1
3486,3486,7
3487,3487,3
3488,3488,9
3489,3489,3
3490,3490,7
3491,3491,4
3492,3492,7
3493,3493,10
3494,3494,9
3495,3495,9
3496,3496,4
3497,3497,3
3498,3498,5
3499,3499,8
3500,3500,4
3501,3501,7
3502,3502,7
3503,3503,8
3504,3504,2
3505,3505,2
3506,3506,5
3507,3507,3
3508,3508,4
3509,3509,6
3510,3510,5
3511,3511,7
3512,3512,4
3513,3513,2
3514,3514,8
3515,3515,7
3516,3516,4
3517,3517,1
3518,3518,10
3519,3519,9
3520,3520,9
3521,3521,10
3522,3522,6
3523,3523,5
3524,3524,8
3525,3525,10
3526,3526,10
3527,3527,6
3528,3528,3
3529,3529,5
3530,3530,8
3531,3531,7
3532,3532,2
3533,3533,7
3534,3534,8
3535,3535,10
3536,3536,10
3537,3537,10
3538,3538,9
3539,3539,6
3540,3540,3
3541,3541,4
3542,3542,4
3543,3543,8
3544,3544,10
3545,3545,7
3546,3546,1
3547,3547,10
3548,3548,3
3549,3549,2
3550,3550,9
3551,3551,7
3552,3552,1
3553,3553,1
3554,3554,8
3555,3555,5
3556,3556,7
3557,3557,4
3558,3558,9
3559,3559,3
3560,3560,6
3561,3561,6
3562,3562,5
3563,3563,2
3564,3564,2
3565,3565,3
3566,3566,2
3567,3567,1
3568,3568,1
3569,3569,7
3570,3570,5
3571,3571,3
3572,3572,5
3573,3573,1
3574,3574,10
3575,3575,3
3576,3576,3
3577,3577,6
3578,3578,2
3579,3579,9
3580,3580,4
3581,3581,1
3582,3582,7
3583,3583,7
3584,3584,6
3585,3585,4
3586,3586,6
3587,3587,1
3588,3588,8
3589,3589,10
3590,3590,4
3591,3591,5
3592,3592,6
3593,3593,10
3594,3594,9
3595,3595,3
3596,3596,7
3597,3597,10
3598,3598,1
3599,3599,5
3600,3600,6
3601,3601,4
3602,3602,9
3603,3603,3
3604,3604,2
3605,3605,10
3606,3606,6
3607,3607,6
3608,3608,1
3609,3609,3
3610,3610,3
3611,3611,8
3612,3612,10
3613,3613,5
3614,3614,5
3615,3615,2
3616,3616,10
3617,3617,8
3618,3618,3
3619,3619,3
3620,3620,4
3621,3621,1
3622,3622,5
3623,3623,6
3624,3624,6
3625,3625,8
3626,3626,6
3627,3627,6
3628,3628,5
3629,3629,5
3630,3630,8
3631,3631,2
3632,3632,7
3633,3633,7
3634,3634,3
3635,3635,6
3636,3636,6
3637,3637,9
3638,3638,9
3639,3639,3
3640,3640,1
3641,3641,5
3642,3642,3
3643,3643,9
3644,3644,4
3645,3645,1
3646,3646,9
3647,3647,10
3648,3648,5
3649,3649,1
3650,3650,8
3651,3651,1
3652,3652,4
3653,3653,1
3654,3654,2
3655,3655,2
3656,3656,3
3657,3657,10
3658,3658,7
3659,3659,1
3660,3660,5
3661,3661,4
3662,3662,9
3663,3663,2
3664,3664,3
3665,3665,8
3666,3666,7
3667,3667,1
3668,3668,2
3669,3669,7
3670,3670,6
3671,3671,4
3672,3672,2
3673,3673,5
3674,3674,3
3675,3675,10
3676,3676,3
3677,3677,2
3678,3678,8
3679,3679,2
3680,3680,1
3681,3681,2
3682,3682,6
3683,3683,10
3684,3684,5
3685,3685,9
3686,3686,3
3687,3687,5
3688,3688,2
3689,3689,3
3690,3690,4
3691,3691,8
3692,3692,6
3693,3693,5
3694,3694,3
3695,3695,9
3696,3696,2
3697,3697,1
3698,3698,1
3699,3699,8
3700,3700,1
3701,3701,7
3702,3702,5
3703,3703,2
3704,3704,7
3705,3705,4
3706,3706,10
3707,3707,2
3708,3708,9
3709,3709,6
3710,3710,10
3711,3711,4
3712,3712,6
3713,3713,6
3714,3714,5
3715,3715,1
3716,3716,8
3717,3717,7
3718,3718,9
3719,3719,10
3720,3720,3
3721,3721,3
3722,3722,10
3723,3723,5
3724,3724,6
3725,3725,4
3726,3726,10
3727,3727,8
3728,3728,2
3729,3729,6
3730,3730,8
3731,3731,5
3732,3732,6
3733,3733,4
3734,3734,4
3735,3735,2
3736,3736,7
3737,3737,2
3738,3738,3
3739,3739,2
3740,3740,5
3741,3741,8
3742,3742,2
3743,3743,7
3744,3744,5
3745,3745,1
3746,3746,5
3747,3747,7
3748,3748,6
3749,3749,10
3750,3750,4
3751,3751,1
3752,3752,9
3753,3753,9
3754,3754,1
3755,3755,9
3756,3756,10
3757,3757,4
3758,3758,6
3759,3759,6
3760,3760,4
3761,3761,5
3762,3762,9
3763,3763,10
3764,3764,10
3765,3765,5
3766,3766,5
3767,3767,5
3768,3768,9
3769,3769,6
3770,3770,9
3771,3771,7
3772,3772,2
3773,3773,2
3774,3774,5
3775,3775,4
3776,3776,6
3777,3777,9
3778,3778,9
3779,3779,6
3780,3780,9
3781,3781,3
3782,3782,6
3783,3783,5
3784,3784,10
3785,3785,2
3786,3786,9
3787,3787,5
3788,3788,6
3789,3789,3
3790,3790,1
3791,3791,4
3792,3792,8
3793,3793,3
3794,3794,6
3795,3795,10
3796,3796,7
3797,3797,6
3798,3798,5
3799,3799,2
3800,3800,9
3801,3801,4
3802,3802,9
3803,3803,6
3804,3804,7
3805,3805,3
3806,3806,10
3807,3807,7
3808,3808,8
3809,3809,3
3810,3810,6
3811,3811,5
3812,3812,9
3813,3813,9
3814,3814,1
3815,3815,7
3816,3816,8
3817,3817,2
3818,3818,1
3819,3819,2
3820,3820,2
3821,3821,1
3822,3822,9
3823,3823,2
3824,3824,5
3825,3825,3
3826,3826,10
3827,3827,6
3828,3828,8
3829,3829,7
3830,3830,9
3831,3831,6
3832,3832,8
3833,3833,3
3834,3834,3
3835,3835,9
3836,3836,2
3837,3837,4
3838,3838,6
3839,3839,4
3840,3840,8
3841,3841,4
3842,3842,6
3843,3843,8
3844,3844,4
3845,3845,5
3846,3846,7
3847,3847,1
3848,3848,6
3849,3849,4
3850,3850,10
3851,3851,9
3852,3852,3
3853,3853,6
3854,3854,2
3855,3855,6
3856,3856,1
3857,3857,4
3858,3858,8
3859,3859,5
3860,3860,1
3861,3861,2
3862,3862,2
3863,3863,7
3864,3864,4
3865,3865,1
3866,3866,5
3867,3867,5
3868,3868,4
3869,3869,6
3870,3870,9
3871,3871,8
3872,3872,4
3873,3873,10
3874,3874,9
3875,3875,5
3876,3876,2
3877,3877,4
3878,3878,8
3879,3879,5
3880,3880,3
3881,3881,10
3882,3882,3
3883,3883,4
3884,3884,7
3885,3885,6
3886,3886,6
3887,3887,7
3888,3888,8
3889,3889,10
3890,3890,3
3891,3891,1
3892,3892,8
3893,3893,10
3894,3894,7
3895,3895,10
3896,3896,4
3897,3897,2
3898,3898,7
3899,3899,6
3900,3900,2
3901,3901,6
3902,3902,7
3903,3903,6
3904,3904,3
3905,3905,9
3906,3906,2
3907,3907,7
3908,3908,1
3909,3909,3
3910,3910,6
3911,3911,3
3912,3912,2
3913,3913,3
3914,3914,10
3915,3915,6
3916,3916,6
3917,3917,2
3918,3918,6
3919,3919,5
3920,3920,5
3921,3921,10
3922,3922,6
3923,3923,2
3924,3924,6
3925,3925,5
3926,3926,2
3927,3927,3
3928,3928,2
3929,3929,6
3930,3930,6
3931,3931,8
3932,3932,10
3933,3933,2
3934,3934,6
3935,3935,1
3936,3936,4
3937,3937,4
3938,3938,8
3939,3939,5
3940,3940,2
3941,3941,6
3942,3942,10
3943,3943,3
3944,3944,7
3945,3945,10
3946,3946,8
3947,3947,2
3948,3948,4
3949,3949,4
3950,3950,1
3951,3951,4
3952,3952,5
3953,3953,6
3954,3954,10
3955,3955,9
3956,3956,1
3957,3957,2
3958,3958,5
3959,3959,1
3960,3960,10
3961,3961,9
3962,3962,2
3963,3963,7
3964,3964,7
3965,3965,8
3966,3966,3
3967,3967,5
3968,3968,5
3969,3969,2
3970,3970,8
3971,3971,4
3972,3972,6
3973,3973,10
3974,3974,4
3975,3975,5
3976,3976,6
3977,3977,4
3978,3978,4
3979,3979,6
3980,3980,3
3981,3981,8
3982,3982,6
3983,3983,5
3984,3984,4
3985,3985,5
3986,3986,6
3987,3987,2
3988,3988,1
3989,3989,7
3990,3990,3
3991,3991,1
3992,3992,1
3993,3993,6
3994,3994,2
3995,3995,1
3996,3996,1
3997,3997,4
3998,3998,7
3999,3999,4
4000,4000,7
4001,4001,3
4002,4002,2
4003,4003,7
4004,4004,3
4005,4005,1
4006,4006,9
4007,4007,5
4008,4008,6
4009,4009,6
4010,4010,9
4011,4011,1
4012,4012,6
4013,4013,6
4014,4014,5
4015,4015,3
4016,4016,3
4017,4017,6
4018,4018,3
4019,4019,6
4020,4020,10
4021,4021,1
4022,4022,3
4023,4023,3
4024,4024,6
4025,4025,4
4026,4026,6
4027,4027,7
4028,4028,2
4029,4029,8
4030,4030,8
4031,4031,5
4032,4032,5
4033,4033,5
4034,4034,1
4035,4035,7
4036,4036,7
4037,4037,4
4038,4038,4
4039,4039,1
4040,4040,2
4041,4041,3
4042,4042,6
4043,4043,6
4044,4044,2
4045,4045,5
4046,4046,7
4047,4047,3
4048,4048,1
4049,4049,9
4050,4050,4
4051,4051,4
4052,4052,3
4053,4053,4
4054,4054,8
4055,4055,7
4056,4056,1
4057,4057,6
4058,4058,10
4059,4059,2
4060,4060,6
4061,4061,5
4062,4062,6
4063,4063,4
4064,4064,8
4065,4065,2
4066,4066,4
4067,4067,4
4068,4068,2
4069,4069,8
4070,4070,6
4071,4071,3
4072,4072,7
4073,4073,8
4074,4074,2
4075,4075,3
4076,4076,3
4077,4077,8
4078,4078,7
4079,4079,5
4080,4080,8
4081,4081,5
4082,4082,9
4083,4083,2
4084,4084,5
4085,4085,5
4086,4086,4
4087,4087,4
4088,4088,6
4089,4089,3
4090,4090,7
4091,4091,4
4092,4092,1
4093,4093,1
4094,4094,6
4095,4095,5
4096,4096,1
4097,4097,7
4098,4098,4
4099,4099,6
4100,4100,4
4101,4101,6
4102,4102,2
4103,4103,10
4104,4104,4
4105,4105,7
4106,4106,3
4107,4107,2
4108,4108,8
4109,4109,2
4110,4110,7
4111,4111,9
4112,4112,7
4113,4113,6
4114,4114,9
4115,4115,7
4116,4116,4
4117,4117,6
4118,4118,5
4119,4119,2
4120,4120,3
4121,4121,5
4122,4122,1
4123,4123,6
4124,4124,2
4125,4125,5
4126,4126,3
4127,4127,10
4128,4128,1
4129,4129,5
4130,4130,9
4131,4131,10
4132,4132,8
4133,4133,7
4134,4134,1
4135,4135,3
4136,4136,10
4137,4137,6
4138,4138,10
4139,4139,5
4140,4140,1
4141,4141,5
4142,4142,10
4143,4143,5
4144,4144,8
4145,4145,8
4146,4146,8
4147,4147,4
4148,4148,7
4149,4149,10
4150,4150,4
4151,4151,7
4152,4152,10
4153,4153,4
4154,4154,10
4155,4155,7
4156,4156,7
4157,4157,10
4158,4158,3
4159,4159,10
4160,4160,4
4161,4161,2
4162,4162,3
4163,4163,10
4164,4164,5
4165,4165,2
4166,4166,1
4167,4167,9
4168,4168,8
4169,4169,8
4170,4170,8
4171,4171,9
4172,4172,2
4173,4173,10
4174,4174,8
4175,4175,6
4176,4176,1
4177,4177,3
4178,4178,7
4179,4179,9
4180,4180,3
4181,4181,4
4182,4182,2
4183,4183,6
4184,4184,5
4185,4185,1
4186,4186,8
4187,4187,2
4188,4188,5
4189,4189,10
4190,4190,3
4191,4191,3
4192,4192,2
4193,4193,2
4194,4194,8
4195,4195,10
4196,4196,6
4197,4197,4
4198,4198,4
4199,4199,10
4200,4200,1
4201,4201,2
4202,4202,4
4203,4203,3
4204,4204,10
4205,4205,3
4206,4206,3
4207,4207,3
4208,4208,1
4209,4209,1
4210,4210,3
4211,4211,1
4212,4212,9
4213,4213,3
4214,4214,10
4215,4215,4
4216,4216,7
4217,4217,3
4218,4218,5
4219,4219,9
4220,4220,4
4221,4221,6
4222,4222,1
4223,4223,5
4224,4224,2
4225,4225,8
4226,4226,4
4227,4227,8
4228,4228,10
4229,4229,8
4230,4230,3
4231,4231,7
4232,4232,5
4233,4233,2
4234,4234,7
4235,4235,7
4236,4236,2
4237,4237,6
4238,4238,10
4239,4239,3
4240,4240,5
4241,4241,6
4242,4242,2
4243,4243,1
4244,4244,8
4245,4245,2
4246,4246,3
4247,4247,10
4248,4248,2
4249,4249,5
4250,4250,4
4251,4251,10
4252,4252,6
4253,4253,7
4254,4254,2
4255,4255,10
4256,4256,4
4257,4257,7
4258,4258,9
4259,4259,1
4260,4260,8
4261,4261,7
4262,4262,10
4263,4263,2
4264,4264,4
4265,4265,2
4266,4266,8
4267,4267,3
4268,4268,8
4269,4269,2
4270,4270,5
4271,4271,10
4272,4272,1
4273,4273,8
4274,4274,1
4275,4275,1
4276,4276,3
4277,4277,3
4278,4278,8
4279,4279,1
4280,4280,5
4281,4281,6
4282,4282,6
4283,4283,6
4284,4284,4
4285,4285,8
4286,4286,5
4287,4287,4
4288,4288,8
4289,4289,8
4290,4290,2
4291,4291,3
4292,4292,1
4293,4293,1
4294,4294,3
4295,4295,6
4296,4296,1
4297,4297,9
4298,4298,4
4299,4299,10
4300,4300,7
4301,4301,1
4302,4302,7
4303,4303,9
4304,4304,3
4305,4305,5
4306,4306,3
4307,4307,8
4308,4308,10
4309,4309,10
4310,4310,10
4311,4311,9
4312,4312,4
4313,4313,5
4314,4314,8
4315,4315,5
4316,4316,1
4317,4317,6
4318,4318,1
4319,4319,3
4320,4320,8
4321,4321,3
4322,4322,8
4323,4323,3
4324,4324,4
4325,4325,2
4326,4326,4
4327,4327,6
4328,4328,9
4329,4329,9
4330,4330,5
4331,4331,2
4332,4332,3
4333,4333,5
4334,4334,5
4335,4335,1
4336,4336,6
4337,4337,1
4338,4338,8
4339,4339,6
4340,4340,8
4341,4341,4
4342,4342,10
4343,4343,8
4344,4344,9
4345,4345,2
4346,4346,7
4347,4347,7
4348,4348,10
4349,4349,7
4350,4350,10
4351,4351,5
4352,4352,3
4353,4353,1
4354,4354,5
4355,4355,2
4356,4356,9
4357,4357,10
4358,4358,10
4359,4359,3
4360,4360,2
4361,4361,10
4362,4362,6
4363,4363,1
4364,4364,6
4365,4365,6
4366,4366,8
4367,4367,3
4368,4368,1
4369,4369,7
4370,4370,1
4371,4371,3
4372,4372,6
4373,4373,1
4374,4374,7
4375,4375,2
4376,4376,8
4377,4377,1
4378,4378,3
4379,4379,9
4380,4380,7
4381,4381,6
4382,4382,8
4383,4383,3
4384,4384,4
4385,4385,3
4386,4386,10
4387,4387,5
4388,4388,1
4389,4389,2
4390,4390,1
4391,4391,2
4392,4392,5
4393,4393,6
4394,4394,3
4395,4395,2
4396,4396,6
4397,4397,8
4398,4398,10
4399,4399,9
4400,4400,2
4401,4401,10
4402,4402,9
4403,4403,2
4404,4404,6
4405,4405,6
4406,4406,8
4407,4407,7
4408,4408,10
4409,4409,1
4410,4410,2
4411,4411,10
4412,4412,10
4413,4413,3
4414,4414,7
4415,4415,5
4416,4416,10
4417,4417,6
4418,4418,5
4419,4419,4
4420,4420,2
4421,4421,3
4422,4422,1
4423,4423,4
4424,4424,3
4425,4425,6
4426,4426,2
4427,4427,1
4428,4428,3
4429,4429,9
4430,4430,8
4431,4431,5
4432,4432,2
4433,4433,9
4434,4434,4
4435,4435,4
4436,4436,8
4437,4437,8
4438,4438,9
4439,4439,1
4440,4440,4
4441,4441,3
4442,4442,2
4443,4443,3
4444,4444,3
4445,4445,1
4446,4446,7
4447,4447,2
4448,4448,6
4449,4449,7
4450,4450,7
4451,4451,10
4452,4452,4
4453,4453,5
4454,4454,4
4455,4455,7
4456,4456,10
4457,4457,9
4458,4458,1
4459,4459,5
4460,4460,4
4461,4461,2
4462,4462,1
4463,4463,5
4464,4464,6
4465,4465,7
4466,4466,2
4467,4467,3
4468,4468,7
4469,4469,7
4470,4470,1
4471,4471,1
4472,4472,5
4473,4473,5
4474,4474,6
4475,4475,8
4476,4476,2
4477,4477,3
4478,4478,3
4479,4479,8
4480,4480,4
4481,4481,4
4482,4482,6
4483,4483,3
4484,4484,3
4485,4485,5
4486,4486,7
4487,4487,9
4488,4488,8
4489,4489,7
4490,4490,1
4491,4491,10
4492,4492,6
4493,4493,1
4494,4494,1
4495,4495,10
4496,4496,7
4497,4497,2
4498,4498,3
4499,4499,4
4500,4500,10
4501,4501,7
4502,4502,2
4503,4503,1
4504,4504,3
4505,4505,8
4506,4506,8
4507,4507,6
4508,4508,2
4509,4509,5
4510,4510,4
4511,4511,2
4512,4512,9
4513,4513,6
4514,4514,5
4515,4515,9
4516,4516,5
4517,4517,8
4518,4518,8
4519,4519,7
4520,4520,7
4521,4521,4
4522,4522,3
4523,4523,7
4524,4524,3
4525,4525,8
4526,4526,9
4527,4527,2
4528,4528,9
4529,4529,5
4530,4530,8
4531,4531,3
4532,4532,6
4533,4533,7
4534,4534,5
4535,4535,9
4536,4536,5
4537,4537,7
4538,4538,1
4539,4539,3
4540,4540,2
4541,4541,10
4542,4542,8
4543,4543,3
4544,4544,3
4545,4545,5
4546,4546,2
4547,4547,2
4548,4548,2
4549,4549,8
4550,4550,7
4551,4551,1
4552,4552,6
4553,4553,5
4554,4554,2
4555,4555,3
4556,4556,8
4557,4557,1
4558,4558,8
4559,4559,3
4560,4560,2
4561,4561,2
4562,4562,9
4563,4563,1
4564,4564,1
4565,4565,8
4566,4566,2
4567,4567,10
4568,4568,10
4569,4569,6
4570,4570,3
4571,4571,1
4572,4572,9
4573,4573,1
4574,4574,1
4575,4575,7
4576,4576,1
4577,4577,8
4578,4578,10
4579,4579,8
4580,4580,5
4581,4581,3
4582,4582,2
4583,4583,6
4584,4584,9
4585,4585,2
4586,4586,8
4587,4587,3
4588,4588,5
4589,4589,7
4590,4590,5
4591,4591,10
4592,4592,4
4593,4593,6
4594,4594,9
4595,4595,4
4596,4596,6
4597,4597,6
4598,4598,7
4599,4599,8
4600,4600,2
4601,4601,5
4602,4602,8
4603,4603,5
4604,4604,10
4605,4605,1
4606,4606,3
4607,4607,2
4608,4608,7
4609,4609,5
4610,4610,3
4611,4611,10
4612,4612,3
4613,4613,3
4614,4614,1
4615,4615,10
4616,4616,8
4617,4617,3
4618,4618,7
4619,4619,7
4620,4620,1
4621,4621,8
4622,4622,4
4623,4623,3
4624,4624,7
4625,4625,7
4626,4626,3
4627,4627,8
4628,4628,1
4629,4629,6
4630,4630,1
4631,4631,3
4632,4632,6
4633,4633,6
4634,4634,1
4635,4635,2
4636,4636,5
4637,4637,8
4638,4638,6
4639,4639,3
4640,4640,5
4641,4641,1
4642,4642,3
4643,4643,4
4644,4644,6
4645,4645,5
4646,4646,3
4647,4647,7
4648,4648,4
4649,4649,6
4650,4650,8
4651,4651,9
4652,4652,3
4653,4653,4
4654,4654,7
4655,4655,8
4656,4656,6
4657,4657,3
4658,4658,2
4659,4659,4
4660,4660,6
4661,4661,3
4662,4662,4
4663,4663,3
4664,4664,6
4665,4665,8
4666,4666,3
4667,4667,9
4668,4668,10
4669,4669,9
4670,4670,4
4671,4671,10
4672,4672,5
4673,4673,7
4674,4674,5
4675,4675,10
4676,4676,2
4677,4677,8
4678,4678,9
4679,4679,4
4680,4680,3
4681,4681,10
4682,4682,8
4683,4683,10
4684,4684,1
4685,4685,10
4686,4686,9
4687,4687,4
4688,4688,1
4689,4689,1
4690,4690,7
4691,4691,6
4692,4692,7
4693,4693,8
4694,4694,4
4695,4695,6
4696,4696,1
4697,4697,9
4698,4698,1
4699,4699,9
4700,4700,10
4701,4701,9
4702,4702,10
4703,4703,6
4704,4704,4
4705,4705,3
4706,4706,7
4707,4707,5
4708,4708,10
4709,4709,5
4710,4710,3
4711,4711,4
4712,4712,7
4713,4713,6
4714,4714,2
4715,4715,9
4716,4716,6
4717,4717,5
4718,4718,4
4719,4719,3
4720,4720,8
4721,4721,9
4722,4722,2
4723,4723,8
4724,4724,10
4725,4725,1
4726,4726,2
4727,4727,6
4728,4728,6
4729,4729,1
4730,4730,3
4731,4731,3
4732,4732,2
4733,4733,1
4734,4734,4
4735,4735,10
4736,4736,6
4737,4737,9
4738,4738,1
4739,4739,8
4740,4740,4
4741,4741,3
4742,4742,10
4743,4743,8
4744,4744,1
4745,4745,6
4746,4746,9
4747,4747,3
4748,4748,1
4749,4749,4
4750,4750,1
4751,4751,10
4752,4752,3
4753,4753,5
4754,4754,2
4755,4755,2
4756,4756,8
4757,4757,8
4758,4758,1
4759,4759,8
4760,4760,1
4761,4761,9
4762,4762,7
4763,4763,9
4764,4764,8
4765,4765,10
4766,4766,9
4767,4767,3
4768,4768,2
4769,4769,5
4770,4770,7
4771,4771,7
4772,4772,10
4773,4773,7
4774,4774,3
4775,4775,5
4776,4776,10
4777,4777,5
4778,4778,4
4779,4779,10
4780,4780,4
4781,4781,7
4782,4782,4
4783,4783,9
4784,4784,4
4785,4785,7
4786,4786,3
4787,4787,1
4788,4788,4
4789,4789,9
4790,4790,6
4791,4791,4
4792,4792,6
4793,4793,4
4794,4794,10
4795,4795,6
4796,4796,10
4797,4797,1
4798,4798,1
4799,4799,10
4800,4800,2
4801,4801,3
4802,4802,2
4803,4803,2
4804,4804,1
4805,4805,7
4806,4806,4
4807,4807,3
4808,4808,5
4809,4809,9
4810,4810,3
4811,4811,7
4812,4812,6
4813,4813,6
4814,4814,1
4815,4815,4
4816,4816,5
4817,4817,1
4818,4818,6
4819,4819,5
4820,4820,1
4821,4821,6
4822,4822,10
4823,4823,10
4824,4824,7
4825,4825,7
4826,4826,1
4827,4827,10
4828,4828,7
4829,4829,1
4830,4830,1
4831,4831,1
4832,4832,10
4833,4833,7
4834,4834,1
4835,4835,9
4836,4836,1
4837,4837,7
4838,4838,2
4839,4839,6
4840,4840,10
4841,4841,2
4842,4842,9
4843,4843,8
4844,4844,3
4845,4845,5
4846,4846,6
4847,4847,4
4848,4848,7
4849,4849,1
4850,4850,7
4851,4851,3
4852,4852,10
4853,4853,6
4854,4854,5
4855,4855,7
4856,4856,4
4857,4857,7
4858,4858,6
4859,4859,8
4860,4860,3
4861,4861,7
4862,4862,10
4863,4863,7
4864,4864,4
4865,4865,3
4866,4866,10
4867,4867,7
4868,4868,1
4869,4869,6
4870,4870,10
4871,4871,9
4872,4872,2
4873,4873,3
4874,4874,4
4875,4875,1
4876,4876,9
4877,4877,7
4878,4878,8
4879,4879,5
4880,4880,7
4881,4881,9
4882,4882,7
4883,4883,6
4884,4884,1
4885,4885,8
4886,4886,8
4887,4887,8
4888,4888,7
4889,4889,8
4890,4890,3
4891,4891,5
4892,4892,1
4893,4893,9
4894,4894,7
4895,4895,5
4896,4896,1
4897,4897,10
4898,4898,4
4899,4899,5
4900,4900,9
4901,4901,8
4902,4902,4
4903,4903,6
4904,4904,6
4905,4905,2
4906,4906,4
4907,4907,8
4908,4908,10
4909,4909,9
4910,4910,9
4911,4911,2
4912,4912,1
4913,4913,8
4914,4914,5
4915,4915,2
4916,4916,5
4917,4917,3
4918,4918,5
4919,4919,3
4920,4920,1
4921,4921,4
4922,4922,8
4923,4923,3
4924,4924,1
4925,4925,10
4926,4926,5
4927,4927,8
4928,4928,4
4929,4929,7
4930,4930,9
4931,4931,6
4932,4932,8
4933,4933,4
4934,4934,6
4935,4935,2
4936,4936,7
4937,4937,3
4938,4938,4
4939,4939,9
4940,4940,2
4941,4941,10
4942,4942,1
4943,4943,7
4944,4944,8
4945,4945,6
4946,4946,9
4947,4947,1
4948,4948,4
4949,4949,8
4950,4950,5
4951,4951,1
4952,4952,8
4953,4953,4
4954,4954,3
4955,4955,5
4956,4956,2
4957,4957,5
4958,4958,7
4959,4959,1
4960,4960,8
4961,4961,2
4962,4962,10
4963,4963,2
4964,4964,5
4965,4965,3
4966,4966,4
4967,4967,2
4968,4968,9
4969,4969,1
4970,4970,10
4971,4971,2
4972,4972,1
4973,4973,2
4974,4974,4
4975,4975,7
4976,4976,7
4977,4977,8
4978,4978,8
4979,4979,10
4980,4980,4
4981,4981,4
4982,4982,2
4983,4983,8
4984,4984,1
4985,4985,2
4986,4986,5
4987,4987,5
4988,4988,5
4989,4989,2
4990,4990,1
4991,4991,8
4992,4992,5
4993,4993,1
4994,4994,3
4995,4995,5
4996,4996,3
4997,4997,8
4998,4998,5
4999,4999,8
5000,5000,9
5001,5001,8
5002,5002,10
5003,5003,7
5004,5004,1
5005,5005,2
5006,5006,7
5007,5007,10
5008,5008,5
5009,5009,4
5010,5010,7
5011,5011,8
5012,5012,1
5013,5013,7
5014,5014,5
5015,5015,4
5016,5016,9
5017,5017,9
5018,5018,6
5019,5019,7
5020,5020,4
5021,5021,5
5022,5022,5
5023,5023,8
5024,5024,4
5025,5025,6
5026,5026,8
5027,5027,7
5028,5028,2
5029,5029,4
5030,5030,8
5031,5031,1
5032,5032,5
5033,5033,9
5034,5034,7
5035,5035,10
5036,5036,10
5037,5037,10
5038,5038,8
5039,5039,1
5040,5040,8
5041,5041,2
5042,5042,3
5043,5043,1
5044,5044,8
5045,5045,7
5046,5046,7
5047,5047,2
5048,5048,6
5049,5049,2
5050,5050,6
5051,5051,2
5052,5052,7
5053,5053,5
5054,5054,1
5055,5055,10
5056,5056,9
5057,5057,3
5058,5058,1
5059,5059,3
5060,5060,4
5061,5061,4
5062,5062,2
5063,5063,2
5064,5064,9
5065,5065,8
5066,5066,2
5067,5067,4
5068,5068,5
5069,5069,4
5070,5070,9
5071,5071,3
5072,5072,2
5073,5073,2
5074,5074,8
5075,5075,7
5076,5076,1
5077,5077,8
5078,5078,4
5079,5079,6
5080,5080,9
5081,5081,1
5082,5082,10
5083,5083,4
5084,5084,8
5085,5085,4
5086,5086,6
5087,5087,2
5088,5088,5
5089,5089,3
5090,5090,4
5091,5091,2
5092,5092,9
5093,5093,9
5094,5094,1
5095,5095,5
5096,5096,7
5097,5097,1
5098,5098,4
5099,5099,3
5100,5100,3
5101,5101,3
5102,5102,10
5103,5103,1
5104,5104,8
5105,5105,2
5106,5106,9
5107,5107,7
5108,5108,10
5109,5109,5
5110,5110,10
5111,5111,1
5112,5112,2
5113,5113,8
5114,5114,5
5115,5115,7
5116,5116,8
5117,5117,6
5118,5118,1
5119,5119,6
5120,5120,7
5121,5121,2
5122,5122,4
5123,5123,2
5124,5124,4
5125,5125,9
5126,5126,9
5127,5127,10
5128,5128,10
5129,5129,7
5130,5130,3
5131,5131,7
5132,5132,5
5133,5133,3
5134,5134,10
5135,5135,8
5136,5136,3
5137,5137,5
5138,5138,9
5139,5139,8
5140,5140,2
5141,5141,5
5142,5142,7
5143,5143,3
5144,5144,8
5145,5145,2
5146,5146,8
5147,5147,10
5148,5148,9
5149,5149,7
5150,5150,8
5151,5151,5
5152,5152,1
5153,5153,7
5154,5154,7
5155,5155,10
5156,5156,9
5157,5157,9
5158,5158,6
5159,5159,10
5160,5160,2
5161,5161,9
5162,5162,8
5163,5163,7
5164,5164,6
5165,5165,9
5166,5166,2
5167,5167,1
5168,5168,2
5169,5169,8
5170,5170,10
5171,5171,8
5172,5172,2
5173,5173,2
5174,5174,2
5175,5175,1
5176,5176,2
5177,5177,8
5178,5178,5
5179,5179,8
5180,5180,4
5181,5181,3
5182,5182,10
5183,5183,1
5184,5184,8
5185,5185,9
5186,5186,4
5187,5187,5
5188,5188,10
5189,5189,2
5190,5190,1
5191,5191,6
5192,5192,9
5193,5193,5
5194,5194,3
5195,5195,8
5196,5196,3
5197,5197,3
5198,5198,2
5199,5199,4
5200,5200,9
5201,5201,6
5202,5202,6
5203,5203,7
5204,5204,5
5205,5205,3
5206,5206,6
5207,5207,10
5208,5208,6
5209,5209,3
5210,5210,1
5211,5211,7
5212,5212,8
5213,5213,1
5214,5214,6
5215,5215,6
5216,5216,2
5217,5217,2
5218,5218,8
5219,5219,7
5220,5220,2
5221,5221,3
5222,5222,7
5223,5223,1
5224,5224,10
5225,5225,6
5226,5226,9
5227,5227,7
5228,5228,7
5229,5229,3
5230,5230,3
5231,5231,10
5232,5232,4
5233,5233,3
5234,5234,5
5235,5235,8
5236,5236,1
5237,5237,7
5238,5238,8
5239,5239,3
5240,5240,1
5241,5241,5
5242,5242,1
5243,5243,2
5244,5244,5
5245,5245,3
5246,5246,10
5247,5247,3
5248,5248,8
5249,5249,10
5250,5250,8
5251,5251,3
5252,5252,1
5253,5253,2
5254,5254,5
5255,5255,6
5256,5256,6
5257,5257,7
5258,5258,2
5259,5259,3
5260,5260,4
5261,5261,4
5262,5262,1
5263,5263,2
5264,5264,8
5265,5265,10
5266,5266,7
5267,5267,10
5268,5268,3
5269,5269,1
5270,5270,5
5271,5271,3
5272,5272,7
5273,5273,5
5274,5274,3
5275,5275,4
5276,5276,9
5277,5277,8
5278,5278,7
5279,5279,1
5280,5280,8
5281,5281,10
5282,5282,4
5283,5283,9
5284,5284,8
5285,5285,8
5286,5286,3
5287,5287,4
5288,5288,7
5289,5289,4
5290,5290,7
5291,5291,7
5292,5292,8
5293,5293,6
5294,5294,6
5295,5295,9
5296,5296,7
5297,5297,1
5298,5298,7
5299,5299,4
5300,5300,2
5301,5301,6
5302,5302,6
5303,5303,10
5304,5304,8
5305,5305,6
5306,5306,7
5307,5307,6
5308,5308,5
5309,5309,10
5310,5310,5
5311,5311,2
5312,5312,9
5313,5313,5
5314,5314,10
5315,5315,3
5316,5316,3
5317,5317,10
5318,5318,2
5319,5319,1
5320,5320,8
5321,5321,3
5322,5322,7
5323,5323,8
5324,5324,1
5325,5325,6
5326,5326,9
5327,5327,5
5328,5328,1
5329,5329,9
5330,5330,9
5331,5331,7
5332,5332,6
5333,5333,6
5334,5334,5
5335,5335,4
5336,5336,10
5337,5337,10
5338,5338,10
5339,5339,2
5340,5340,3
5341,5341,2
5342,5342,4
5343,5343,7
5344,5344,4
5345,5345,6
5346,5346,6
5347,5347,4
5348,5348,6
5349,5349,1
5350,5350,8
5351,5351,6
5352,5352,2
5353,5353,10
5354,5354,9
5355,5355,9
5356,5356,5
5357,5357,6
5358,5358,10
5359,5359,4
5360,5360,2
5361,5361,8
5362,5362,5
5363,5363,10
5364,5364,8
5365,5365,4
5366,5366,8
5367,5367,3
5368,5368,4
5369,5369,5
5370,5370,3
5371,5371,7
5372,5372,5
5373,5373,2
5374,5374,8
5375,5375,5
5376,5376,8
5377,5377,4
5378,5378,10
5379,5379,4
5380,5380,2
5381,5381,4
5382,5382,1
5383,5383,7
5384,5384,6
5385,5385,3
5386,5386,10
5387,5387,5
5388,5388,9
5389,5389,8
5390,5390,4
5391,5391,5
5392,5392,4
5393,5393,2
5394,5394,4
5395,5395,2
5396,5396,5
5397,5397,7
5398,5398,1
5399,5399,9
5400,5400,4
5401,5401,1
5402,5402,9
5403,5403,7
5404,5404,7
5405,5405,4
5406,5406,5
5407,5407,4
5408,5408,3
5409,5409,3
5410,5410,8
5411,5411,9
5412,5412,7
5413,5413,6
5414,5414,3
5415,5415,5
5416,5416,3
5417,5417,10
5418,5418,6
5419,5419,7
5420,5420,8
5421,5421,1
5422,5422,7
5423,5423,10
5424,5424,4
5425,5425,8
5426,5426,4
5427,5427,5
5428,5428,1
5429,5429,10
5430,5430,1
5431,5431,3
5432,5432,8
5433,5433,9
5434,5434,1
5435,5435,10
5436,5436,7
5437,5437,1
5438,5438,2
5439,5439,4
5440,5440,7
5441,5441,5
5442,5442,6
5443,5443,10
5444,5444,9
5445,5445,4
5446,5446,6
5447,5447,8
5448,5448,2
5449,5449,3
5450,5450,6
5451,5451,9
5452,5452,2
5453,5453,2
5454,5454,8
5455,5455,6
5456,5456,7
5457,5457,7
5458,5458,7
5459,5459,5
5460,5460,2
5461,5461,3
5462,5462,5
5463,5463,7
5464,5464,1
5465,5465,8
5466,5466,10
5467,5467,6
5468,5468,10
5469,5469,2
5470,5470,1
5471,5471,4
5472,5472,4
5473,5473,1
5474,5474,4
5475,5475,8
5476,5476,10
5477,5477,4
5478,5478,7
5479,5479,9
5480,5480,8
5481,5481,2
5482,5482,7
5483,5483,10
5484,5484,2
5485,5485,3
5486,5486,9
5487,5487,10
5488,5488,8
5489,5489,9
5490,5490,9
5491,5491,5
5492,5492,4
5493,5493,8
5494,5494,7
5495,5495,1
5496,5496,4
5497,5497,9
5498,5498,4
5499,5499,3
5500,5500,6
5501,5501,8
5502,5502,3
5503,5503,10
5504,5504,2
5505,5505,7
5506,5506,7
5507,5507,4
5508,5508,3
5509,5509,10
5510,5510,7
5511,5511,10
5512,5512,8
5513,5513,2
5514,5514,8
5515,5515,2
5516,5516,3
5517,5517,3
5518,5518,5
5519,5519,6
5520,5520,1
5521,5521,4
5522,5522,1
5523,5523,2
5524,5524,8
5525,5525,2
5526,5526,6
5527,5527,7
5528,5528,4
5529,5529,9
5530,5530,3
5531,5531,2
5532,5532,2
5533,5533,3
5534,5534,2
5535,5535,8
5536,5536,6
5537,5537,10
5538,5538,9
5539,5539,9
5540,5540,7
5541,5541,8
5542,5542,10
5543,5543,4
5544,5544,7
5545,5545,3
5546,5546,3
5547,5547,4
5548,5548,2
5549,5549,5
5550,5550,1
5551,5551,6
5552,5552,9
5553,5553,3
5554,5554,7
5555,5555,5
5556,5556,6
5557,5557,9
5558,5558,4
5559,5559,2
5560,5560,6
5561,5561,9
5562,5562,10
5563,5563,5
5564,5564,6
5565,5565,6
5566,5566,2
5567,5567,1
5568,5568,7
5569,5569,8
5570,5570,10
5571,5571,4
5572,5572,7
5573,5573,10
5574,5574,3
5575,5575,8
5576,5576,9
5577,5577,10
5578,5578,5
5579,5579,10
5580,5580,9
5581,5581,9
5582,5582,8
5583,5583,3
5584,5584,1
5585,5585,1
5586,5586,5
5587,5587,3
5588,5588,10
5589,5589,5
5590,5590,2
5591,5591,6
5592,5592,3
5593,5593,8
5594,5594,10
5595,5595,9
5596,5596,1
5597,5597,7
5598,5598,9
5599,5599,9
5600,5600,8
5601,5601,3
5602,5602,10
5603,5603,6
5604,5604,8
5605,5605,1
5606,5606,2
5607,5607,10
5608,5608,5
5609,5609,6
5610,5610,4
5611,5611,4
5612,5612,7
5613,5613,5
5614,5614,10
5615,5615,3
5616,5616,7
5617,5617,1
5618,5618,8
5619,5619,5
5620,5620,7
5621,5621,7
5622,5622,5
5623,5623,6
5624,5624,8
5625,5625,4
5626,5626,2
5627,5627,6
5628,5628,5
5629,5629,5
5630,5630,6
5631,5631,6
5632,5632,7
5633,5633,7
5634,5634,3
5635,5635,10
5636,5636,7
5637,5637,3
5638,5638,1
5639,5639,10
5640,5640,7
5641,5641,5
5642,5642,10
5643,5643,3
5644,5644,8
5645,5645,5
5646,5646,8
5647,5647,4
5648,5648,4
5649,5649,6
5650,5650,3
5651,5651,1
5652,5652,3
5653,5653,8
5654,5654,10
5655,5655,1
5656,5656,6
5657,5657,7
5658,5658,6
5659,5659,7
5660,5660,2
5661,5661,5
5662,5662,4
5663,5663,6
5664,5664,3
5665,5665,4
5666,5666,10
5667,5667,1
5668,5668,4
5669,5669,1
5670,5670,5
5671,5671,5
5672,5672,2
5673,5673,6
5674,5674,10
5675,5675,7
5676,5676,8
5677,5677,9
5678,5678,9
5679,5679,7
5680,5680,8
5681,5681,3
5682,5682,7
5683,5683,6
5684,5684,6
5685,5685,7
5686,5686,3
5687,5687,7
5688,5688,7
5689,5689,5
5690,5690,2
5691,5691,5
5692,5692,9
5693,5693,5
5694,5694,5
5695,5695,1
5696,5696,1
5697,5697,1
5698,5698,1
5699,5699,3
5700,5700,6
5701,5701,6
5702,5702,10
5703,5703,4
5704,5704,7
5705,5705,8
5706,5706,6
5707,5707,1
5708,5708,10
5709,5709,6
5710,5710,2
5711,5711,4
5712,5712,2
5713,5713,5
5714,5714,1
5715,5715,9
5716,5716,4
5717,5717,1
5718,5718,4
5719,5719,4
5720,5720,9
5721,5721,2
5722,5722,9
5723,5723,3
5724,5724,1
5725,5725,7
5726,5726,2
5727,5727,9
5728,5728,8
5729,5729,3
5730,5730,8
5731,5731,1
5732,5732,1
5733,5733,2
5734,5734,8
5735,5735,1
5736,5736,4
5737,5737,1
5738,5738,4
5739,5739,2
5740,5740,10
5741,5741,9
5742,5742,10
5743,5743,9
5744,5744,4
5745,5745,10
5746,5746,7
5747,5747,9
5748,5748,10
5749,5749,4
5750,5750,5
5751,5751,4
5752,5752,5
5753,5753,2
5754,5754,2
5755,5755,9
5756,5756,6
5757,5757,2
5758,5758,2
5759,5759,2
5760,5760,6
5761,5761,10
5762,5762,7
5763,5763,9
5764,5764,4
5765,5765,8
5766,5766,5
5767,5767,7
5768,5768,4
5769,5769,7
5770,5770,8
5771,5771,7
5772,5772,10
5773,5773,8
5774,5774,3
5775,5775,1
5776,5776,6
5777,5777,10
5778,5778,7
5779,5779,9
5780,5780,7
5781,5781,2
5782,5782,1
5783,5783,5
5784,5784,5
5785,5785,2
5786,5786,6
5787,5787,8
5788,5788,3
5789,5789,5
5790,5790,7
5791,5791,3
5792,5792,1
5793,5793,7
5794,5794,1
5795,5795,9
5796,5796,10
5797,5797,3
5798,5798,7
5799,5799,10
5800,5800,3
5801,5801,9
5802,5802,3
5803,5803,7
5804,5804,9
5805,5805,1
5806,5806,6
5807,5807,9
5808,5808,4
5809,5809,2
5810,5810,1
5811,5811,1
5812,5812,4
5813,5813,6
5814,5814,2
5815,5815,4
5816,5816,2
5817,5817,6
5818,5818,2
5819,5819,2
5820,5820,6
5821,5821,10
5822,5822,2
5823,5823,4
5824,5824,3
5825,5825,4
5826,5826,6
5827,5827,8
5828,5828,5
5829,5829,4
5830,5830,6
5831,5831,1
5832,5832,9
5833,5833,3
5834,5834,5
5835,5835,10
5836,5836,3
5837,5837,8
5838,5838,8
5839,5839,9
5840,5840,7
5841,5841,1
5842,5842,4
5843,5843,5
5844,5844,1
5845,5845,6
5846,5846,10
5847,5847,6
5848,5848,8
5849,5849,4
5850,5850,9
5851,5851,9
5852,5852,5
5853,5853,9
5854,5854,6
5855,5855,4
5856,5856,8
5857,5857,3
5858,5858,1
5859,5859,1
5860,5860,4
5861,5861,2
5862,5862,1
5863,5863,2
5864,5864,10
5865,5865,4
5866,5866,7
5867,5867,10
5868,5868,5
5869,5869,8
5870,5870,5
5871,5871,1
5872,5872,4
5873,5873,10
5874,5874,10
5875,5875,5
5876,5876,6
5877,5877,3
5878,5878,9
5879,5879,9
5880,5880,1
5881,5881,6
5882,5882,2
5883,5883,9
5884,5884,6
5885,5885,4
5886,5886,2
5887,5887,4
5888,5888,3
5889,5889,9
5890,5890,4
5891,5891,1
5892,5892,10
5893,5893,10
5894,5894,8
5895,5895,2
5896,5896,8
5897,5897,4
5898,5898,5
5899,5899,8
5900,5900,6
5901,5901,6
5902,5902,6
5903,5903,10
5904,5904,3
5905,5905,7
5906,5906,8
5907,5907,5
5908,5908,10
5909,5909,3
5910,5910,10
5911,5911,2
5912,5912,7
5913,5913,4
5914,5914,8
5915,5915,7
5916,5916,1
5917,5917,3
5918,5918,7
5919,5919,6
5920,5920,8
5921,5921,10
5922,5922,9
5923,5923,7
5924,5924,3
5925,5925,9
5926,5926,5
5927,5927,6
5928,5928,3
5929,5929,6
5930,5930,2
5931,5931,7
5932,5932,6
5933,5933,2
5934,5934,10
5935,5935,4
5936,5936,10
5937,5937,9
5938,5938,10
5939,5939,5
5940,5940,3
5941,5941,4
5942,5942,4
5943,5943,2
5944,5944,5
5945,5945,3
5946,5946,8
5947,5947,9
5948,5948,5
5949,5949,9
5950,5950,1
5951,5951,8
5952,5952,6
5953,5953,8
5954,5954,2
5955,5955,6
5956,5956,5
5957,5957,2
5958,5958,1
5959,5959,10
5960,5960,10
5961,5961,1
5962,5962,2
5963,5963,6
5964,5964,5
5965,5965,5
5966,5966,10
5967,5967,9
5968,5968,8
5969,5969,2
5970,5970,7
5971,5971,8
5972,5972,3
5973,5973,7
5974,5974,8
5975,5975,4
5976,5976,1
5977,5977,10
5978,5978,8
5979,5979,6
5980,5980,3
5981,5981,5
5982,5982,9
5983,5983,1
5984,5984,8
5985,5985,2
5986,5986,7
5987,5987,2
5988,5988,7
5989,5989,9
5990,5990,2
5991,5991,6
5992,5992,8
5993,5993,10
5994,5994,10
5995,5995,5
5996,5996,4
5997,5997,9
5998,5998,3
5999,5999,4
6000,6000,10
6001,6001,5
6002,6002,8
6003,6003,5
6004,6004,8
6005,6005,9
6006,6006,4
6007,6007,8
6008,6008,1
6009,6009,3
6010,6010,6
6011,6011,6
6012,6012,9
6013,6013,2
6014,6014,8
6015,6015,9
6016,6016,8
6017,6017,8
6018,6018,8
6019,6019,5
6020,6020,8
6021,6021,3
6022,6022,5
6023,6023,9
6024,6024,10
6025,6025,10
6026,6026,10
6027,6027,4
6028,6028,1
6029,6029,8
6030,6030,5
6031,6031,2
6032,6032,9
6033,6033,10
6034,6034,3
6035,6035,7
6036,6036,9
6037,6037,6
6038,6038,3
6039,6039,7
6040,6040,2
6041,6041,2
6042,6042,3
6043,6043,9
6044,6044,6
6045,6045,10
6046,6046,7
6047,6047,4
6048,6048,2
6049,6049,8
6050,6050,4
6051,6051,10
6052,6052,2
6053,6053,1
6054,6054,4
6055,6055,7
6056,6056,3
6057,6057,1
6058,6058,8
6059,6059,4
6060,6060,7
6061,6061,7
6062,6062,4
6063,6063,9
6064,6064,3
6065,6065,4
6066,6066,5
6067,6067,3
6068,6068,5
6069,6069,3
6070,6070,4
6071,6071,2
6072,6072,5
6073,6073,7
6074,6074,10
6075,6075,7
6076,6076,4
6077,6077,7
6078,6078,10
6079,6079,3
6080,6080,4
6081,6081,2
6082,6082,5
6083,6083,7
6084,6084,1
6085,6085,9
6086,6086,2
6087,6087,9
6088,6088,4
6089,6089,7
6090,6090,2
6091,6091,3
6092,6092,7
6093,6093,9
6094,6094,1
6095,6095,5
6096,6096,2
6097,6097,1
6098,6098,8
6099,6099,9
6100,6100,3
6101,6101,1
6102,6102,1
6103,6103,7
6104,6104,4
6105,6105,9
6106,6106,10
6107,6107,6
6108,6108,1
6109,6109,6
6110,6110,4
6111,6111,8
6112,6112,8
6113,6113,6
6114,6114,7
6115,6115,2
6116,6116,3
6117,6117,7
6118,6118,4
6119,6119,3
6120,6120,6
6121,6121,7
6122,6122,2
6123,6123,10
6124,6124,2
6125,6125,5
6126,6126,3
6127,6127,7
6128,6128,5
6129,6129,3
6130,6130,4
6131,6131,8
6132,6132,3
6133,6133,10
6134,6134,9
6135,6135,5
6136,6136,7
6137,6137,10
6138,6138,1
6139,6139,8
6140,6140,8
6141,6141,4
6142,6142,6
6143,6143,1
6144,6144,5
6145,6145,1
6146,6146,10
6147,6147,2
6148,6148,2
6149,6149,4
6150,6150,3
6151,6151,2
6152,6152,10
6153,6153,3
6154,6154,9
6155,6155,2
6156,6156,3
6157,6157,9
6158,6158,6
6159,6159,4
6160,6160,7
6161,6161,9
6162,6162,7
6163,6163,3
6164,6164,1
6165,6165,5
6166,6166,6
6167,6167,1
6168,6168,9
6169,6169,4
6170,6170,8
6171,6171,2
6172,6172,3
6173,6173,3
6174,6174,6
6175,6175,6
6176,6176,2
6177,6177,6
6178,6178,7
6179,6179,3
6180,6180,3
6181,6181,8
6182,6182,6
6183,6183,10
6184,6184,7
6185,6185,10
6186,6186,3
6187,6187,10
6188,6188,6
6189,6189,8
6190,6190,9
6191,6191,8
6192,6192,5
6193,6193,2
6194,6194,9
6195,6195,9
6196,6196,4
6197,6197,8
6198,6198,5
6199,6199,4
6200,6200,9
6201,6201,8
6202,6202,6
6203,6203,4
6204,6204,3
6205,6205,1
6206,6206,2
6207,6207,8
6208,6208,10
6209,6209,8
6210,6210,6
6211,6211,7
6212,6212,3
6213,6213,4
6214,6214,7
6215,6215,4
6216,6216,10
6217,6217,9
6218,6218,5
6219,6219,9
6220,6220,9
6221,6221,7
6222,6222,3
6223,6223,3
6224,6224,3
6225,6225,5
6226,6226,1
6227,6227,4
6228,6228,1
6229,6229,5
6230,6230,10
6231,6231,2
6232,6232,7
6233,6233,9
6234,6234,4
6235,6235,7
6236,6236,2
6237,6237,5
6238,6238,5
6239,6239,3
6240,6240,10
6241,6241,7
6242,6242,6
6243,6243,7
6244,6244,8
6245,6245,8
6246,6246,1
6247,6247,6
6248,6248,9
6249,6249,2
6250,6250,9
6251,6251,10
6252,6252,4
6253,6253,4
6254,6254,3
6255,6255,6
6256,6256,3
6257,6257,3
6258,6258,3
6259,6259,9
6260,6260,3
6261,6261,1
6262,6262,3
6263,6263,10
6264,6264,6
6265,6265,10
6266,6266,6
6267,6267,3
6268,6268,6
6269,6269,5
6270,6270,9
6271,6271,10
6272,6272,7
6273,6273,2
6274,6274,2
6275,6275,3
6276,6276,4
6277,6277,6
6278,6278,4
6279,6279,8
6280,6280,9
6281,6281,8
6282,6282,1
6283,6283,1
6284,6284,10
6285,6285,5
6286,6286,4
6287,6287,7
6288,6288,5
6289,6289,9
6290,6290,7
6291,6291,9
6292,6292,8
6293,6293,8
6294,6294,1
6295,6295,9
6296,6296,4
6297,6297,5
6298,6298,4
6299,6299,7
6300,6300,3
6301,6301,4
6302,6302,5
6303,6303,5
6304,6304,1
6305,6305,4
6306,6306,8
6307,6307,4
6308,6308,1
6309,6309,4
6310,6310,9
6311,6311,4
6312,6312,9
6313,6313,3
6314,6314,2
6315,6315,7
6316,6316,4
6317,6317,3
6318,6318,6
6319,6319,8
6320,6320,3
6321,6321,2
6322,6322,8
6323,6323,10
6324,6324,2
6325,6325,3
6326,6326,10
6327,6327,6
6328,6328,8
6329,6329,9
6330,6330,10
6331,6331,9
6332,6332,3
6333,6333,6
6334,6334,2
6335,6335,9
6336,6336,1
6337,6337,10
6338,6338,8
6339,6339,6
6340,6340,2
6341,6341,10
6342,6342,1
6343,6343,10
6344,6344,1
6345,6345,7
6346,6346,4
6347,6347,6
6348,6348,2
6349,6349,8
6350,6350,7
6351,6351,3
6352,6352,1
6353,6353,6
6354,6354,6
6355,6355,5
6356,6356,2
6357,6357,6
6358,6358,3
6359,6359,3
6360,6360,8
6361,6361,5
6362,6362,3
6363,6363,4
6364,6364,5
6365,6365,2
6366,6366,9
6367,6367,2
6368,6368,4
6369,6369,6
6370,6370,3
6371,6371,7
6372,6372,2
6373,6373,2
6374,6374,3
6375,6375,3
6376,6376,3
6377,6377,7
6378,6378,8
6379,6379,9
6380,6380,10
6381,6381,9
6382,6382,1
6383,6383,5
6384,6384,8
6385,6385,7
6386,6386,3
6387,6387,6
6388,6388,3
6389,6389,8
6390,6390,4
6391,6391,3
6392,6392,4
6393,6393,10
6394,6394,3
6395,6395,3
6396,6396,1
6397,6397,10
6398,6398,6
6399,6399,8
6400,6400,4
6401,6401,8
6402,6402,7
6403,6403,3
6404,6404,9
6405,6405,4
6406,6406,1
6407,6407,3
6408,6408,8
6409,6409,3
6410,6410,10
6411,6411,2
6412,6412,1
6413,6413,10
6414,6414,6
6415,6415,8
6416,6416,1
6417,6417,8
6418,6418,8
6419,6419,1
6420,6420,5
6421,6421,8
6422,6422,10
6423,6423,8
6424,6424,1
6425,6425,7
6426,6426,6
6427,6427,2
6428,6428,4
6429,6429,8
6430,6430,2
6431,6431,8
6432,6432,2
6433,6433,6
6434,6434,4
6435,6435,3
6436,6436,9
6437,6437,9
6438,6438,10
6439,6439,6
6440,6440,2
6441,6441,4
6442,6442,4
6443,6443,4
6444,6444,1
6445,6445,1
6446,6446,2
6447,6447,7
6448,6448,8
6449,6449,4
6450,6450,9
6451,6451,10
6452,6452,1
6453,6453,10
6454,6454,1
6455,6455,3
6456,6456,5
6457,6457,5
6458,6458,7
6459,6459,5
6460,6460,3
6461,6461,9
6462,6462,6
6463,6463,5
6464,6464,7
6465,6465,8
6466,6466,8
6467,6467,3
6468,6468,6
6469,6469,7
6470,6470,6
6471,6471,7
6472,6472,5
6473,6473,3
6474,6474,10
6475,6475,3
6476,6476,2
6477,6477,10
6478,6478,4
6479,6479,4
6480,6480,9
6481,6481,4
6482,6482,10
6483,6483,8
6484,6484,2
6485,6485,5
6486,6486,1
6487,6487,3
6488,6488,8
6489,6489,5
6490,6490,6
6491,6491,6
6492,6492,9
6493,6493,7
6494,6494,4
6495,6495,6
6496,6496,8
6497,6497,10
6498,6498,6
6499,6499,5
6500,6500,5
6501,6501,1
6502,6502,6
6503,6503,7
6504,6504,9
6505,6505,10
6506,6506,9
6507,6507,3
6508,6508,9
6509,6509,7
6510,6510,8
6511,6511,5
6512,6512,8
6513,6513,8
6514,6514,2
6515,6515,3
6516,6516,5
6517,6517,6
6518,6518,4
6519,6519,10
6520,6520,5
6521,6521,4
6522,6522,9
6523,6523,10
6524,6524,2
6525,6525,3
6526,6526,9
6527,6527,3
6528,6528,2
6529,6529,10
6530,6530,1
6531,6531,4
6532,6532,5
6533,6533,10
6534,6534,5
6535,6535,9
6536,6536,3
6537,6537,9
6538,6538,6
6539,6539,2
6540,6540,8
6541,6541,2
6542,6542,7
6543,6543,3
6544,6544,3
6545,6545,9
6546,6546,7
6547,6547,4
6548,6548,1
6549,6549,1
6550,6550,7
6551,6551,7
6552,6552,1
6553,6553,6
6554,6554,4
6555,6555,10
6556,6556,7
6557,6557,7
6558,6558,10
6559,6559,9
6560,6560,2
6561,6561,10
6562,6562,2
6563,6563,6
6564,6564,3
6565,6565,2
6566,6566,7
6567,6567,10
6568,6568,8
6569,6569,10
6570,6570,2
6571,6571,7
6572,6572,3
6573,6573,2
6574,6574,6
6575,6575,3
6576,6576,6
6577,6577,10
6578,6578,3
6579,6579,3
6580,6580,6
6581,6581,8
6582,6582,4
6583,6583,3
6584,6584,9
6585,6585,5
6586,6586,3
6587,6587,6
6588,6588,1
6589,6589,2
6590,6590,6
6591,6591,1
6592,6592,10
6593,6593,4
6594,6594,8
6595,6595,7
6596,6596,9
6597,6597,2
6598,6598,10
6599,6599,10
6600,6600,7
6601,6601,2
6602,6602,2
6603,6603,3
6604,6604,5
6605,6605,4
6606,6606,3
6607,6607,10
6608,6608,6
6609,6609,2
6610,6610,6
6611,6611,1
6612,6612,6
6613,6613,1
6614,6614,3
6615,6615,2
6616,6616,4
6617,6617,6
6618,6618,6
6619,6619,9
6620,6620,5
6621,6621,9
6622,6622,4
6623,6623,5
6624,6624,2
6625,6625,1
6626,6626,2
6627,6627,6
6628,6628,9
6629,6629,9
6630,6630,5
6631,6631,1
6632,6632,8
6633,6633,1
6634,6634,3
6635,6635,2
6636,6636,5
6637,6637,9
6638,6638,4
6639,6639,4
6640,6640,2
6641,6641,9
6642,6642,10
6643,6643,1
6644,6644,10
6645,6645,8
6646,6646,2
6647,6647,5
6648,6648,5
6649,6649,5
6650,6650,10
6651,6651,6
6652,6652,4
6653,6653,9
6654,6654,10
6655,6655,4
6656,6656,1
6657,6657,4
6658,6658,4
6659,6659,7
6660,6660,5
6661,6661,5
6662,6662,9
6663,6663,3
6664,6664,10
6665,6665,3
6666,6666,1
6667,6667,3
6668,6668,9
6669,6669,7
6670,6670,7
6671,6671,4
6672,6672,8
6673,6673,6
6674,6674,2
6675,6675,9
6676,6676,3
6677,6677,6
6678,6678,3
6679,6679,4
6680,6680,4
6681,6681,9
6682,6682,2
6683,6683,4
6684,6684,9
6685,6685,2
6686,6686,8
6687,6687,1
6688,6688,4
6689,6689,7
6690,6690,2
6691,6691,7
6692,6692,10
6693,6693,1
6694,6694,1
6695,6695,1
6696,6696,4
6697,6697,4
6698,6698,5
6699,6699,7
6700,6700,9
6701,6701,2
6702,6702,8
6703,6703,7
6704,6704,9
6705,6705,8
6706,6706,4
6707,6707,9
6708,6708,1
6709,6709,10
6710,6710,1
6711,6711,10
6712,6712,6
6713,6713,7
6714,6714,2
6715,6715,1
6716,6716,4
6717,6717,2
6718,6718,1
6719,6719,6
6720,6720,8
6721,6721,10
6722,6722,4
6723,6723,10
6724,6724,5
6725,6725,6
6726,6726,9
6727,6727,9
6728,6728,8
6729,6729,5
6730,6730,3
6731,6731,7
6732,6732,6
6733,6733,9
6734,6734,8
6735,6735,10
6736,6736,7
6737,6737,3
6738,6738,5
6739,6739,5
6740,6740,3
6741,6741,5
6742,6742,1
6743,6743,4
6744,6744,1
6745,6745,2
6746,6746,10
6747,6747,1
6748,6748,4
6749,6749,6
6750,6750,6
6751,6751,8
6752,6752,10
6753,6753,3
6754,6754,4
6755,6755,3
6756,6756,5
6757,6757,3
6758,6758,5
6759,6759,4
6760,6760,3
6761,6761,3
6762,6762,4
6763,6763,4
6764,6764,8
6765,6765,6
6766,6766,2
6767,6767,2
6768,6768,7
6769,6769,4
6770,6770,9
6771,6771,3
6772,6772,5
6773,6773,5
6774,6774,2
6775,6775,10
6776,6776,2
6777,6777,2
6778,6778,10
6779,6779,9
6780,6780,6
6781,6781,8
6782,6782,3
6783,6783,10
6784,6784,4
6785,6785,10
6786,6786,5
6787,6787,3
6788,6788,1
6789,6789,3
6790,6790,3
6791,6791,2
6792,6792,4
6793,6793,9
6794,6794,8
6795,6795,3
6796,6796,10
6797,6797,10
6798,6798,10
6799,6799,4
6800,6800,5
6801,6801,5
6802,6802,10
6803,6803,9
6804,6804,10
6805,6805,9
6806,6806,10
6807,6807,4
6808,6808,6
6809,6809,10
6810,6810,4
6811,6811,10
6812,6812,5
6813,6813,8
6814,6814,3
6815,6815,8
6816,6816,1
6817,6817,1
6818,6818,7
6819,6819,3
6820,6820,5
6821,6821,4
6822,6822,8
6823,6823,2
6824,6824,1
6825,6825,2
6826,6826,4
6827,6827,1
6828,6828,10
6829,6829,3
6830,6830,5
6831,6831,3
6832,6832,1
6833,6833,2
6834,6834,7
6835,6835,7
6836,6836,2
6837,6837,10
6838,6838,8
6839,6839,3
6840,6840,6
6841,6841,5
6842,6842,1
6843,6843,6
6844,6844,2
6845,6845,4
6846,6846,6
6847,6847,3
6848,6848,1
6849,6849,3
6850,6850,8
6851,6851,7
6852,6852,1
6853,6853,1
6854,6854,9
6855,6855,10
6856,6856,4
6857,6857,6
6858,6858,9
6859,6859,6
6860,6860,9
6861,6861,5
6862,6862,4
6863,6863,6
6864,6864,9
6865,6865,1
6866,6866,7
6867,6867,6
6868,6868,5
6869,6869,10
6870,6870,5
6871,6871,3
6872,6872,7
6873,6873,10
6874,6874,3
6875,6875,6
6876,6876,5
6877,6877,1
6878,6878,4
6879,6879,1
6880,6880,9
6881,6881,5
6882,6882,4
6883,6883,2
6884,6884,10
6885,6885,9
6886,6886,8
6887,6887,4
6888,6888,7
6889,6889,8
6890,6890,5
6891,6891,7
6892,6892,9
6893,6893,2
6894,6894,3
6895,6895,2
6896,6896,1
6897,6897,10
6898,6898,4
6899,6899,6
6900,6900,7
6901,6901,9
6902,6902,2
6903,6903,8
6904,6904,9
6905,6905,5
6906,6906,2
6907,6907,7
6908,6908,3
6909,6909,10
6910,6910,3
6911,6911,8
6912,6912,6
6913,6913,9
6914,6914,10
6915,6915,5
6916,6916,7
6917,6917,3
6918,6918,1
6919,6919,3
6920,6920,6
6921,6921,1
6922,6922,6
6923,6923,9
6924,6924,5
6925,6925,4
6926,6926,5
6927,6927,4
6928,6928,6
6929,6929,1
6930,6930,9
6931,6931,8
6932,6932,5
6933,6933,4
6934,6934,4
6935,6935,1
6936,6936,9
6937,6937,7
6938,6938,6
6939,6939,6
6940,6940,4
6941,6941,4
6942,6942,8
6943,6943,3
6944,6944,4
6945,6945,10
6946,6946,3
6947,6947,8
6948,6948,8
6949,6949,5
6950,6950,1
6951,6951,3
6952,6952,6
6953,6953,4
6954,6954,10
6955,6955,5
6956,6956,6
6957,6957,10
6958,6958,8
6959,6959,3
6960,6960,1
6961,6961,3
6962,6962,7
6963,6963,5
6964,6964,1
6965,6965,1
6966,6966,7
6967,6967,8
6968,6968,5
6969,6969,9
6970,6970,7
6971,6971,10
6972,6972,3
6973,6973,7
6974,6974,5
6975,6975,6
6976,6976,6
6977,6977,9
6978,6978,7
6979,6979,3
6980,6980,7
6981,6981,6
6982,6982,10
6983,6983,6
6984,6984,9
6985,6985,10
6986,6986,2
6987,6987,4
6988,6988,9
6989,6989,9
6990,6990,3
6991,6991,3
6992,6992,10
6993,6993,9
6994,6994,3
6995,6995,4
6996,6996,5
6997,6997,9
6998,6998,9
6999,6999,2
7000,7000,8
7001,7001,1
7002,7002,10
7003,7003,4
7004,7004,2
7005,7005,2
7006,7006,7
7007,7007,9
7008,7008,5
7009,7009,6
7010,7010,6
7011,7011,5
7012,7012,5
7013,7013,1
7014,7014,5
7015,7015,7
7016,7016,1
7017,7017,7
7018,7018,8
7019,7019,4
7020,7020,3
7021,7021,4
7022,7022,3
7023,7023,1
7024,7024,9
7025,7025,8
7026,7026,5
7027,7027,6
7028,7028,1
7029,7029,6
7030,7030,10
7031,7031,1
7032,7032,3
7033,7033,10
7034,7034,8
7035,7035,2
7036,7036,5
7037,7037,9
7038,7038,9
7039,7039,4
7040,7040,10
7041,7041,6
7042,7042,6
7043,7043,1
7044,7044,3
7045,7045,8
7046,7046,5
7047,7047,4
7048,7048,1
7049,7049,3
7050,7050,3
7051,7051,10
7052,7052,5
7053,7053,2
7054,7054,5
7055,7055,10
7056,7056,4
7057,7057,9
7058,7058,8
7059,7059,1
7060,7060,9
7061,7061,8
7062,7062,5
7063,7063,4
7064,7064,5
7065,7065,6
7066,7066,8
7067,7067,3
7068,7068,9
7069,7069,2
7070,7070,10
7071,7071,4
7072,7072,3
7073,7073,10
7074,7074,7
7075,7075,8
7076,7076,3
7077,7077,5
7078,7078,9
7079,7079,10
7080,7080,3
7081,7081,6
7082,7082,1
7083,7083,5
7084,7084,9
7085,7085,7
7086,7086,3
7087,7087,3
7088,7088,1
7089,7089,2
7090,7090,6
7091,7091,5
7092,7092,9
7093,7093,7
7094,7094,6
7095,7095,5
7096,7096,8
7097,7097,10
7098,7098,5
7099,7099,9
7100,7100,1
7101,7101,6
7102,7102,6
7103,7103,2
7104,7104,1
7105,7105,7
7106,7106,10
7107,7107,4
7108,7108,2
7109,7109,5
7110,7110,9
7111,7111,5
7112,7112,4
7113,7113,2
7114,7114,8
7115,7115,2
7116,7116,6
7117,7117,8
7118,7118,8
7119,7119,6
7120,7120,4
7121,7121,8
7122,7122,1
7123,7123,9
7124,7124,5
7125,7125,2
7126,7126,2
7127,7127,2
7128,7128,6
7129,7129,2
7130,7130,4
7131,7131,6
7132,7132,6
7133,7133,8
7134,7134,3
7135,7135,4
7136,7136,1
7137,7137,10
7138,7138,10
7139,7139,1
7140,7140,3
7141,7141,6
7142,7142,6
7143,7143,6
7144,7144,2
7145,7145,1
7146,7146,1
7147,7147,7
7148,7148,1
7149,7149,4
7150,7150,9
7151,7151,8
7152,7152,1
7153,7153,7
7154,7154,6
7155,7155,6
7156,7156,7
7157,7157,9
7158,7158,7
7159,7159,10
7160,7160,6
7161,7161,5
7162,7162,2
7163,7163,2
7164,7164,5
7165,7165,7
7166,7166,8
7167,7167,5
7168,7168,7
7169,7169,8
7170,7170,1
7171,7171,8
7172,7172,2
7173,7173,6
7174,7174,10
7175,7175,3
7176,7176,2
7177,7177,3
7178,7178,8
7179,7179,2
7180,7180,2
7181,7181,6
7182,7182,7
7183,7183,4
7184,7184,4
7185,7185,4
7186,7186,6
7187,7187,3
7188,7188,3
7189,7189,5
7190,7190,7
7191,7191,9
7192,7192,2
7193,7193,6
7194,7194,3
7195,7195,7
7196,7196,8
7197,7197,2
7198,7198,6
7199,7199,3
7200,7200,1
7201,7201,10
7202,7202,6
7203,7203,9
7204,7204,5
7205,7205,10
7206,7206,2
7207,7207,5
7208,7208,8
7209,7209,8
7210,7210,2
7211,7211,1
7212,7212,4
7213,7213,4
7214,7214,4
7215,7215,4
7216,7216,7
7217,7217,7
7218,7218,6
7219,7219,6
7220,7220,2
7221,7221,4
7222,7222,10
7223,7223,10
7224,7224,6
7225,7225,1
7226,7226,10
7227,7227,2
7228,7228,6
7229,7229,4
7230,7230,8
7231,7231,8
7232,7232,1
7233,7233,8
7234,7234,8
7235,7235,6
7236,7236,2
7237,7237,8
7238,7238,9
7239,7239,8
7240,7240,2
7241,7241,9
7242,7242,10
7243,7243,5
7244,7244,5
7245,7245,7
7246,7246,6
7247,7247,2
7248,7248,10
7249,7249,6
7250,7250,1
7251,7251,10
7252,7252,9
7253,7253,7
7254,7254,8
7255,7255,10
7256,7256,10
7257,7257,3
7258,7258,1
7259,7259,8
7260,7260,5
7261,7261,5
7262,7262,7
7263,7263,6
7264,7264,2
7265,7265,1
7266,7266,1
7267,7267,8
7268,7268,2
7269,7269,3
7270,7270,3
7271,7271,7
7272,7272,4
7273,7273,10
7274,7274,1
7275,7275,2
7276,7276,1
7277,7277,9
7278,7278,5
7279,7279,4
7280,7280,1
7281,7281,2
7282,7282,4
7283,7283,10
7284,7284,8
7285,7285,1
7286,7286,4
7287,7287,3
7288,7288,7
7289,7289,8
7290,7290,2
7291,7291,5
7292,7292,7
7293,7293,9
7294,7294,9
7295,7295,2
7296,7296,10
7297,7297,7
7298,7298,7
7299,7299,1
7300,7300,5
7301,7301,3
7302,7302,10
7303,7303,9
7304,7304,1
7305,7305,10
7306,7306,8
7307,7307,5
7308,7308,4
7309,7309,2
7310,7310,10
7311,7311,9
7312,7312,10
7313,7313,8
7314,7314,1
7315,7315,8
7316,7316,6
7317,7317,9
7318,7318,2
7319,7319,8
7320,7320,4
7321,7321,8
7322,7322,8
7323,7323,10
7324,7324,1
7325,7325,8
7326,7326,7
7327,7327,4
7328,7328,2
7329,7329,6
7330,7330,4
7331,7331,8
7332,7332,7
7333,7333,4
7334,7334,4
7335,7335,8
7336,7336,9
7337,7337,9
7338,7338,6
7339,7339,6
7340,7340,1
7341,7341,8
7342,7342,7
7343,7343,4
7344,7344,6
7345,7345,9
7346,7346,10
7347,7347,2
7348,7348,5
7349,7349,5
7350,7350,8
7351,7351,10
7352,7352,7
7353,7353,6
7354,7354,9
7355,7355,5
7356,7356,8
7357,7357,7
7358,7358,1
7359,7359,10
7360,7360,1
7361,7361,8
7362,7362,10
7363,7363,3
7364,7364,8
7365,7365,4
7366,7366,9
7367,7367,6
7368,7368,1
7369,7369,10
7370,7370,10
7371,7371,3
7372,7372,7
7373,7373,8
7374,7374,8
7375,7375,10
7376,7376,7
7377,7377,2
7378,7378,2
7379,7379,9
7380,7380,5
7381,7381,2
7382,7382,5
7383,7383,6
7384,7384,3
7385,7385,9
7386,7386,6
7387,7387,2
7388,7388,4
7389,7389,3
7390,7390,9
7391,7391,6
7392,7392,2
7393,7393,2
7394,7394,4
7395,7395,3
7396,7396,6
7397,7397,6
7398,7398,5
7399,7399,9
7400,7400,4
7401,7401,9
7402,7402,9
7403,7403,2
7404,7404,3
7405,7405,7
7406,7406,5
7407,7407,5
7408,7408,6
7409,7409,10
7410,7410,8
7411,7411,1
7412,7412,8
7413,7413,1
7414,7414,1
7415,7415,1
7416,7416,5
7417,7417,9
7418,7418,5
7419,7419,9
7420,7420,10
7421,7421,5
7422,7422,2
7423,7423,6
7424,7424,9
7425,7425,6
7426,7426,1
7427,7427,7
7428,7428,6
7429,7429,9
7430,7430,3
7431,7431,10
7432,7432,9
7433,7433,4
7434,7434,10
7435,7435,7
7436,7436,4
7437,7437,5
7438,7438,6
7439,7439,4
7440,7440,4
7441,7441,10
7442,7442,4
7443,7443,1
7444,7444,2
7445,7445,6
7446,7446,10
7447,7447,4
7448,7448,6
7449,7449,6
7450,7450,7
7451,7451,6
7452,7452,2
7453,7453,3
7454,7454,1
7455,7455,2
7456,7456,2
7457,7457,5
7458,7458,9
7459,7459,3
7460,7460,6
7461,7461,3
7462,7462,10
7463,7463,6
7464,7464,3
7465,7465,2
7466,7466,3
7467,7467,7
7468,7468,7
7469,7469,7
7470,7470,7
7471,7471,4
7472,7472,4
7473,7473,5
7474,7474,4
7475,7475,9
7476,7476,8
7477,7477,4
7478,7478,10
7479,7479,7
7480,7480,5
7481,7481,3
7482,7482,1
7483,7483,3
7484,7484,5
7485,7485,1
7486,7486,10
7487,7487,9
7488,7488,1
7489,7489,5
7490,7490,6
7491,7491,8
7492,7492,1
7493,7493,5
7494,7494,3
7495,7495,5
7496,7496,10
7497,7497,6
7498,7498,5
7499,7499,10
7500,7500,2
7501,7501,3
7502,7502,8
7503,7503,7
7504,7504,4
7505,7505,10
7506,7506,1
7507,7507,9
7508,7508,3
7509,7509,3
7510,7510,3
7511,7511,6
7512,7512,10
7513,7513,7
7514,7514,8
7515,7515,4
7516,7516,5
7517,7517,3
7518,7518,4
7519,7519,7
7520,7520,2
7521,7521,10
7522,7522,10
7523,7523,4
7524,7524,6
7525,7525,1
7526,7526,6
7527,7527,4
7528,7528,2
7529,7529,5
7530,7530,1
7531,7531,6
7532,7532,3
7533,7533,5
7534,7534,2
7535,7535,10
7536,7536,10
7537,7537,10
7538,7538,10
7539,7539,10
7540,7540,2
7541,7541,6
7542,7542,10
7543,7543,7
7544,7544,4
7545,7545,1
7546,7546,8
7547,7547,9
7548,7548,5
7549,7549,2
7550,7550,3
7551,7551,5
7552,7552,9
7553,7553,6
7554,7554,5
7555,7555,7
7556,7556,10
7557,7557,2
7558,7558,9
7559,7559,10
7560,7560,9
7561,7561,4
7562,7562,2
7563,7563,7
7564,7564,2
7565,7565,6
7566,7566,1
7567,7567,10
7568,7568,10
7569,7569,9
7570,7570,7
7571,7571,4
7572,7572,2
7573,7573,2
7574,7574,8
7575,7575,9
7576,7576,6
7577,7577,3
7578,7578,4
7579,7579,5
7580,7580,7
7581,7581,9
7582,7582,10
7583,7583,7
7584,7584,6
7585,7585,7
7586,7586,8
7587,7587,7
7588,7588,5
7589,7589,4
7590,7590,10
7591,7591,10
7592,7592,9
7593,7593,5
7594,7594,1
7595,7595,8
7596,7596,1
7597,7597,3
7598,7598,5
7599,7599,9
7600,7600,3
7601,7601,4
7602,7602,9
7603,7603,8
7604,7604,4
7605,7605,6
7606,7606,9
7607,7607,4
7608,7608,4
7609,7609,7
7610,7610,8
7611,7611,8
7612,7612,4
7613,7613,2
7614,7614,5
7615,7615,1
7616,7616,1
7617,7617,2
7618,7618,4
7619,7619,8
7620,7620,10
7621,7621,5
7622,7622,2
7623,7623,9
7624,7624,10
7625,7625,3
7626,7626,10
7627,7627,9
7628,7628,1
7629,7629,9
7630,7630,5
7631,7631,8
7632,7632,5
7633,7633,10
7634,7634,2
7635,7635,1
7636,7636,1
7637,7637,4
7638,7638,1
7639,7639,4
7640,7640,9
7641,7641,8
7642,7642,6
7643,7643,10
7644,7644,1
7645,7645,3
7646,7646,1
7647,7647,9
7648,7648,7
7649,7649,3
7650,7650,10
7651,7651,7
7652,7652,1
7653,7653,10
7654,7654,3
7655,7655,7
7656,7656,8
7657,7657,1
7658,7658,10
7659,7659,4
7660,7660,8
7661,7661,7
7662,7662,4
7663,7663,1
7664,7664,3
7665,7665,8
7666,7666,5
7667,7667,4
7668,7668,6
7669,7669,7
7670,7670,3
7671,7671,10
7672,7672,3
7673,7673,9
7674,7674,2
7675,7675,7
7676,7676,8
7677,7677,2
7678,7678,9
7679,7679,4
7680,7680,7
7681,7681,10
7682,7682,5
7683,7683,6
7684,7684,7
7685,7685,10
7686,7686,4
7687,7687,5
7688,7688,9
7689,7689,3
7690,7690,4
7691,7691,1
7692,7692,7
7693,7693,6
7694,7694,7
7695,7695,5
7696,7696,10
7697,7697,3
7698,7698,3
7699,7699,1
7700,7700,6
7701,7701,4
7702,7702,1
7703,7703,7
7704,7704,6
7705,7705,4
7706,7706,5
7707,7707,3
7708,7708,8
7709,7709,4
7710,7710,2
7711,7711,1
7712,7712,9
7713,7713,5
7714,7714,6
7715,7715,9
7716,7716,10
7717,7717,1
7718,7718,4
7719,7719,6
7720,7720,7
7721,7721,8
7722,7722,3
7723,7723,3
7724,7724,7
7725,7725,1
7726,7726,10
7727,7727,5
7728,7728,9
7729,7729,10
7730,7730,6
7731,7731,1
7732,7732,4
7733,7733,3
7734,7734,3
7735,7735,7
7736,7736,4
7737,7737,1
7738,7738,2
7739,7739,4
7740,7740,3
7741,7741,5
7742,7742,10
7743,7743,8
7744,7744,8
7745,7745,3
7746,7746,8
7747,7747,4
7748,7748,4
7749,7749,2
7750,7750,8
7751,7751,9
7752,7752,3
7753,7753,10
7754,7754,8
7755,7755,8
7756,7756,4
7757,7757,9
7758,7758,2
7759,7759,10
7760,7760,4
7761,7761,5
7762,7762,1
7763,7763,9
7764,7764,2
7765,7765,6
7766,7766,3
7767,7767,3
7768,7768,7
7769,7769,5
7770,7770,8
7771,7771,9
7772,7772,9
7773,7773,9
7774,7774,8
7775,7775,8
7776,7776,9
7777,7777,8
7778,7778,6
7779,7779,1
7780,7780,2
7781,7781,10
7782,7782,3
7783,7783,9
7784,7784,10
7785,7785,8
7786,7786,3
7787,7787,8
7788,7788,3
7789,7789,8
7790,7790,5
7791,7791,8
7792,7792,9
7793,7793,2
7794,7794,7
7795,7795,8
7796,7796,6
7797,7797,1
7798,7798,4
7799,7799,5
7800,7800,4
7801,7801,10
7802,7802,2
7803,7803,7
7804,7804,9
7805,7805,4
7806,7806,9
7807,7807,9
7808,7808,10
7809,7809,8
7810,7810,4
7811,7811,4
7812,7812,6
7813,7813,6
7814,7814,3
7815,7815,8
7816,7816,1
7817,7817,2
7818,7818,1
7819,7819,6
7820,7820,9
7821,7821,9
7822,7822,10
7823,7823,7
7824,7824,8
7825,7825,4
7826,7826,5
7827,7827,3
7828,7828,8
7829,7829,3
7830,7830,2
7831,7831,2
7832,7832,7
7833,7833,10
7834,7834,9
7835,7835,6
7836,7836,7
7837,7837,4
7838,7838,6
7839,7839,5
7840,7840,2
7841,7841,8
7842,7842,6
7843,7843,3
7844,7844,1
7845,7845,6
7846,7846,6
7847,7847,10
7848,7848,5
7849,7849,1
7850,7850,10
7851,7851,2
7852,7852,3
7853,7853,5
7854,7854,10
7855,7855,9
7856,7856,4
7857,7857,8
7858,7858,3
7859,7859,4
7860,7860,1
7861,7861,1
7862,7862,5
7863,7863,8
7864,7864,1
7865,7865,5
7866,7866,10
7867,7867,7
7868,7868,1
7869,7869,7
7870,7870,6
7871,7871,5
7872,7872,2
7873,7873,3
7874,7874,8
7875,7875,8
7876,7876,1
7877,7877,7
7878,7878,3
7879,7879,6
7880,7880,4
7881,7881,10
7882,7882,8
7883,7883,10
7884,7884,2
7885,7885,4
7886,7886,6
7887,7887,4
7888,7888,6
7889,7889,1
7890,7890,9
7891,7891,2
7892,7892,4
7893,7893,1
7894,7894,10
7895,7895,7
7896,7896,7
7897,7897,3
7898,7898,9
7899,7899,10
7900,7900,9
7901,7901,1
7902,7902,4
7903,7903,7
7904,7904,2
7905,7905,10
7906,7906,10
7907,7907,4
7908,7908,8
7909,7909,2
7910,7910,8
7911,7911,3
7912,7912,3
7913,7913,4
7914,7914,8
7915,7915,4
7916,7916,8
7917,7917,7
7918,7918,4
7919,7919,3
7920,7920,8
7921,7921,6
7922,7922,4
7923,7923,3
7924,7924,4
7925,7925,2
7926,7926,4
7927,7927,4
7928,7928,6
7929,7929,4
7930,7930,7
7931,7931,9
7932,7932,7
7933,7933,5
7934,7934,10
7935,7935,6
7936,7936,9
7937,7937,9
7938,7938,5
7939,7939,10
7940,7940,9
7941,7941,3
7942,7942,10
7943,7943,7
7944,7944,4
7945,7945,7
7946,7946,5
7947,7947,1
7948,7948,2
7949,7949,6
7950,7950,3
7951,7951,7
7952,7952,4
7953,7953,2
7954,7954,2
7955,7955,5
7956,7956,10
7957,7957,10
7958,7958,4
7959,7959,8
7960,7960,8
7961,7961,10
7962,7962,3
7963,7963,8
7964,7964,5
7965,7965,1
7966,7966,1
7967,7967,6
7968,7968,6
7969,7969,1
7970,7970,2
7971,7971,4
7972,7972,5
7973,7973,7
7974,7974,7
7975,7975,10
7976,7976,6
7977,7977,2
7978,7978,7
7979,7979,6
7980,7980,5
7981,7981,3
7982,7982,10
7983,7983,6
7984,7984,3
7985,7985,8
7986,7986,5
7987,7987,7
7988,7988,10
7989,7989,10
7990,7990,2
7991,7991,3
7992,7992,9
7993,7993,2
7994,7994,4
7995,7995,10
7996,7996,7
7997,7997,4
7998,7998,6
7999,7999,8
8000,8000,5
8001,8001,2
8002,8002,8
8003,8003,1
8004,8004,5
8005,8005,1
8006,8006,4
8007,8007,3
8008,8008,1
8009,8009,1
8010,8010,5
8011,8011,7
8012,8012,5
8013,8013,1
8014,8014,10
8015,8015,7
8016,8016,8
8017,8017,6
8018,8018,5
8019,8019,1
8020,8020,1
8021,8021,3
8022,8022,1
8023,8023,4
8024,8024,5
8025,8025,5
8026,8026,5
8027,8027,7
8028,8028,8
8029,8029,8
8030,8030,2
8031,8031,6
8032,8032,8
8033,8033,10
8034,8034,2
8035,8035,3
8036,8036,7
8037,8037,3
8038,8038,10
8039,8039,5
8040,8040,7
8041,8041,9
8042,8042,8
8043,8043,10
8044,8044,2
8045,8045,6
8046,8046,4
8047,8047,4
8048,8048,10
8049,8049,7
8050,8050,5
8051,8051,7
8052,8052,8
8053,8053,5
8054,8054,3
8055,8055,9
8056,8056,9
8057,8057,7
8058,8058,7
8059,8059,2
8060,8060,8
8061,8061,2
8062,8062,4
8063,8063,9
8064,8064,10
8065,8065,8
8066,8066,1
8067,8067,2
8068,8068,9
8069,8069,7
8070,8070,8
8071,8071,6
8072,8072,10
8073,8073,9
8074,8074,3
8075,8075,2
8076,8076,2
8077,8077,2
8078,8078,5
8079,8079,7
8080,8080,1
8081,8081,8
8082,8082,7
8083,8083,8
8084,8084,9
8085,8085,4
8086,8086,3
8087,8087,2
8088,8088,8
8089,8089,2
8090,8090,8
8091,8091,3
8092,8092,9
8093,8093,9
8094,8094,10
8095,8095,6
8096,8096,9
8097,8097,1
8098,8098,1
8099,8099,2
8100,8100,9
8101,8101,9
8102,8102,4
8103,8103,4
8104,8104,7
8105,8105,6
8106,8106,2
8107,8107,1
8108,8108,1
8109,8109,8
8110,8110,4
8111,8111,8
8112,8112,3
8113,8113,5
8114,8114,7
8115,8115,9
8116,8116,4
8117,8117,8
8118,8118,4
8119,8119,9
8120,8120,8
8121,8121,2
8122,8122,4
8123,8123,8
8124,8124,1
8125,8125,6
8126,8126,1
8127,8127,5
8128,8128,4
8129,8129,7
8130,8130,4
8131,8131,4
8132,8132,7
8133,8133,6
8134,8134,10
8135,8135,2
8136,8136,8
8137,8137,3
8138,8138,4
8139,8139,10
8140,8140,6
8141,8141,2
8142,8142,9
8143,8143,3
8144,8144,6
8145,8145,7
8146,8146,8
8147,8147,3
8148,8148,9
8149,8149,1
8150,8150,10
8151,8151,8
8152,8152,4
8153,8153,4
8154,8154,5
8155,8155,10
8156,8156,1
8157,8157,4
8158,8158,2
8159,8159,4
8160,8160,4
8161,8161,9
8162,8162,5
8163,8163,1
8164,8164,10
8165,8165,8
8166,8166,8
8167,8167,3
8168,8168,9
8169,8169,8
8170,8170,1
8171,8171,1
8172,8172,1
8173,8173,1
8174,8174,8
8175,8175,3
8176,8176,5
8177,8177,3
8178,8178,5
8179,8179,1
8180,8180,7
8181,8181,4
8182,8182,10
8183,8183,2
8184,8184,8
8185,8185,10
8186,8186,9
8187,8187,3
8188,8188,5
8189,8189,5
8190,8190,7
8191,8191,9
8192,8192,6
8193,8193,7
8194,8194,2
8195,8195,9
8196,8196,10
8197,8197,9
8198,8198,8
8199,8199,1
8200,8200,8
8201,8201,10
8202,8202,9
8203,8203,7
8204,8204,4
8205,8205,8
8206,8206,2
8207,8207,6
8208,8208,9
8209,8209,1
8210,8210,3
8211,8211,4
8212,8212,3
8213,8213,3
8214,8214,10
8215,8215,4
8216,8216,2
8217,8217,9
8218,8218,1
8219,8219,9
8220,8220,4
8221,8221,6
8222,8222,8
8223,8223,9
8224,8224,1
8225,8225,1
8226,8226,5
8227,8227,2
8228,8228,9
8229,8229,5
8230,8230,5
8231,8231,7
8232,8232,3
8233,8233,1
8234,8234,7
8235,8235,8
8236,8236,8
8237,8237,4
8238,8238,6
8239,8239,4
8240,8240,7
8241,8241,8
8242,8242,6
8243,8243,4
8244,8244,5
8245,8245,4
8246,8246,3
8247,8247,2
8248,8248,2
8249,8249,4
8250,8250,8
8251,8251,8
8252,8252,4
8253,8253,3
8254,8254,2
8255,8255,4
8256,8256,6
8257,8257,6
8258,8258,3
8259,8259,6
8260,8260,6
8261,8261,9
8262,8262,6
8263,8263,1
8264,8264,9
8265,8265,4
8266,8266,8
8267,8267,6
8268,8268,8
8269,8269,10
8270,8270,10
8271,8271,1
8272,8272,9
8273,8273,3
8274,8274,5
8275,8275,2
8276,8276,8
8277,8277,10
8278,8278,4
8279,8279,1
8280,8280,2
8281,8281,10
8282,8282,4
8283,8283,4
8284,8284,2
8285,8285,10
8286,8286,2
8287,8287,1
8288,8288,9
8289,8289,8
8290,8290,7
8291,8291,10
8292,8292,2
8293,8293,7
8294,8294,6
8295,8295,6
8296,8296,1
8297,8297,9
8298,8298,2
8299,8299,1
8300,8300,6
8301,8301,8
8302,8302,6
8303,8303,4
8304,8304,7
8305,8305,8
8306,8306,5
8307,8307,7
8308,8308,9
8309,8309,3
8310,8310,10
8311,8311,6
8312,8312,10
8313,8313,10
8314,8314,2
8315,8315,7
8316,8316,7
8317,8317,7
8318,8318,1
8319,8319,6
8320,8320,8
8321,8321,5
8322,8322,8
8323,8323,1
8324,8324,9
8325,8325,8
8326,8326,6
8327,8327,5
8328,8328,1
8329,8329,7
8330,8330,2
8331,8331,6
8332,8332,10
8333,8333,6
8334,8334,7
8335,8335,3
8336,8336,10
8337,8337,8
8338,8338,10
8339,8339,4
8340,8340,1
8341,8341,10
8342,8342,9
8343,8343,5
8344,8344,4
8345,8345,4
8346,8346,9
8347,8347,7
8348,8348,3
8349,8349,7
8350,8350,5
8351,8351,9
8352,8352,8
8353,8353,6
8354,8354,6
8355,8355,3
8356,8356,5
8357,8357,5
8358,8358,8
8359,8359,9
8360,8360,4
8361,8361,2
8362,8362,3
8363,8363,10
8364,8364,7
8365,8365,6
8366,8366,8
8367,8367,5
8368,8368,8
8369,8369,1
8370,8370,3
8371,8371,1
8372,8372,9
8373,8373,1
8374,8374,9
8375,8375,10
8376,8376,7
8377,8377,9
8378,8378,6
8379,8379,5
8380,8380,9
8381,8381,5
8382,8382,8
8383,8383,2
8384,8384,4
8385,8385,9
8386,8386,9
8387,8387,1
8388,8388,9
8389,8389,3
8390,8390,5
8391,8391,9
8392,8392,6
8393,8393,7
8394,8394,7
8395,8395,5
8396,8396,2
8397,8397,2
8398,8398,7
8399,8399,7
8400,8400,8
8401,8401,2
8402,8402,6
8403,8403,4
8404,8404,1
8405,8405,3
8406,8406,7
8407,8407,8
8408,8408,9
8409,8409,7
8410,8410,1
8411,8411,8
8412,8412,8
8413,8413,4
8414,8414,6
8415,8415,10
8416,8416,4
8417,8417,9
8418,8418,5
8419,8419,7
8420,8420,10
8421,8421,3
8422,8422,2
8423,8423,10
8424,8424,2
8425,8425,7
8426,8426,3
8427,8427,2
8428,8428,6
8429,8429,7
8430,8430,9
8431,8431,7
8432,8432,7
8433,8433,2
8434,8434,2
8435,8435,7
8436,8436,3
8437,8437,3
8438,8438,5
8439,8439,5
8440,8440,8
8441,8441,10
8442,8442,5
8443,8443,9
8444,8444,1
8445,8445,2
8446,8446,2
8447,8447,5
8448,8448,5
8449,8449,9
8450,8450,10
8451,8451,7
8452,8452,8
8453,8453,1
8454,8454,2
8455,8455,3
8456,8456,3
8457,8457,2
8458,8458,6
8459,8459,10
8460,8460,1
8461,8461,7
8462,8462,9
8463,8463,1
8464,8464,9
8465,8465,4
8466,8466,3
8467,8467,6
8468,8468,6
8469,8469,3
8470,8470,7
8471,8471,3
8472,8472,2
8473,8473,9
8474,8474,4
8475,8475,8
8476,8476,9
8477,8477,7
8478,8478,1
8479,8479,3
8480,8480,10
8481,8481,9
8482,8482,6
8483,8483,8
8484,8484,3
8485,8485,8
8486,8486,3
8487,8487,7
8488,8488,1
8489,8489,5
8490,8490,1
8491,8491,1
8492,8492,10
8493,8493,6
8494,8494,8
8495,8495,2
8496,8496,9
8497,8497,1
8498,8498,2
8499,8499,3
8500,8500,4
8501,8501,4
8502,8502,2
8503,8503,1
8504,8504,7
8505,8505,3
8506,8506,3
8507,8507,10
8508,8508,2
8509,8509,10
8510,8510,5
8511,8511,2
8512,8512,3
8513,8513,2
8514,8514,6
8515,8515,4
8516,8516,5
8517,8517,5
8518,8518,6
8519,8519,8
8520,8520,3
8521,8521,6
8522,8522,9
8523,8523,7
8524,8524,4
8525,8525,4
8526,8526,6
8527,8527,8
8528,8528,5
8529,8529,8
8530,8530,5
8531,8531,5
8532,8532,5
8533,8533,8
8534,8534,9
8535,8535,8
8536,8536,4
8537,8537,6
8538,8538,1
8539,8539,7
8540,8540,2
8541,8541,6
8542,8542,9
8543,8543,4
8544,8544,8
8545,8545,10
8546,8546,2
8547,8547,2
8548,8548,5
8549,8549,6
8550,8550,6
8551,8551,5
8552,8552,9
8553,8553,1
8554,8554,5
8555,8555,10
8556,8556,10
8557,8557,7
8558,8558,4
8559,8559,9
8560,8560,9
8561,8561,7
8562,8562,10
8563,8563,1
8564,8564,7
8565,8565,2
8566,8566,3
8567,8567,7
8568,8568,1
8569,8569,7
8570,8570,10
8571,8571,2
8572,8572,9
8573,8573,2
8574,8574,6
8575,8575,10
8576,8576,9
8577,8577,2
8578,8578,10
8579,8579,8
8580,8580,6
8581,8581,9
8582,8582,5
8583,8583,8
8584,8584,1
8585,8585,4
8586,8586,2
8587,8587,6
8588,8588,4
8589,8589,6
8590,8590,9
8591,8591,2
8592,8592,9
8593,8593,7
8594,8594,10
8595,8595,7
8596,8596,2
8597,8597,3
8598,8598,9
8599,8599,1
8600,8600,4
8601,8601,8
8602,8602,7
8603,8603,1
8604,8604,9
8605,8605,4
8606,8606,1
8607,8607,8
8608,8608,2
8609,8609,3
8610,8610,2
8611,8611,8
8612,8612,5
8613,8613,8
8614,8614,6
8615,8615,7
8616,8616,10
8617,8617,8
8618,8618,4
8619,8619,6
8620,8620,3
8621,8621,5
8622,8622,9
8623,8623,6
8624,8624,4
8625,8625,6
8626,8626,9
8627,8627,3
8628,8628,7
8629,8629,3
8630,8630,9
8631,8631,8
8632,8632,9
8633,8633,4
8634,8634,7
8635,8635,9
8636,8636,2
8637,8637,2
8638,8638,6
8639,8639,7
8640,8640,6
8641,8641,5
8642,8642,3
8643,8643,3
8644,8644,7
8645,8645,7
8646,8646,4
8647,8647,7
8648,8648,7
8649,8649,2
8650,8650,2
8651,8651,5
8652,8652,2
8653,8653,6
8654,8654,6
8655,8655,7
8656,8656,10
8657,8657,4
8658,8658,10
8659,8659,6
8660,8660,4
8661,8661,9
8662,8662,2
8663,8663,4
8664,8664,4
8665,8665,10
8666,8666,6
8667,8667,2
8668,8668,1
8669,8669,6
8670,8670,4
8671,8671,10
8672,8672,3
8673,8673,8
8674,8674,6
8675,8675,7
8676,8676,10
8677,8677,10
8678,8678,1
8679,8679,9
8680,8680,3
8681,8681,7
8682,8682,5
8683,8683,4
8684,8684,10
8685,8685,4
8686,8686,4
8687,8687,3
8688,8688,4
8689,8689,8
8690,8690,5
8691,8691,7
8692,8692,5
8693,8693,9
8694,8694,2
8695,8695,2
8696,8696,7
8697,8697,8
8698,8698,3
8699,8699,3
8700,8700,5
8701,8701,2
8702,8702,6
8703,8703,3
8704,8704,9
8705,8705,3
8706,8706,6
8707,8707,1
8708,8708,4
8709,8709,7
8710,8710,2
8711,8711,3
8712,8712,10
8713,8713,9
8714,8714,3
8715,8715,9
8716,8716,10
8717,8717,6
8718,8718,7
8719,8719,5
8720,8720,10
8721,8721,6
8722,8722,6
8723,8723,5
8724,8724,4
8725,8725,1
8726,8726,3
8727,8727,5
8728,8728,3
8729,8729,9
8730,8730,5
8731,8731,7
8732,8732,10
8733,8733,2
8734,8734,7
8735,8735,3
8736,8736,1
8737,8737,7
8738,8738,3
8739,8739,1
8740,8740,10
8741,8741,9
8742,8742,4
8743,8743,1
8744,8744,1
8745,8745,8
8746,8746,8
8747,8747,9
8748,8748,3
8749,8749,3
8750,8750,5
8751,8751,8
8752,8752,3
8753,8753,9
8754,8754,7
8755,8755,9
8756,8756,7
8757,8757,3
8758,8758,5
8759,8759,2
8760,8760,5
8761,8761,2
8762,8762,5
8763,8763,6
8764,8764,7
8765,8765,6
8766,8766,7
8767,8767,10
8768,8768,5
8769,8769,6
8770,8770,1
8771,8771,4
8772,8772,2
8773,8773,1
8774,8774,10
8775,8775,2
8776,8776,2
8777,8777,6
8778,8778,3
8779,8779,8
8780,8780,10
8781,8781,8
8782,8782,10
8783,8783,3
8784,8784,4
8785,8785,4
8786,8786,2
8787,8787,7
8788,8788,4
8789,8789,5
8790,8790,4
8791,8791,10
8792,8792,1
8793,8793,9
8794,8794,9
8795,8795,2
8796,8796,4
8797,8797,7
8798,8798,10
8799,8799,5
8800,8800,5
8801,8801,7
8802,8802,8
8803,8803,1
8804,8804,1
8805,8805,7
8806,8806,8
8807,8807,4
8808,8808,9
8809,8809,8
8810,8810,8
8811,8811,10
8812,8812,6
8813,8813,10
8814,8814,9
8815,8815,5
8816,8816,7
8817,8817,10
8818,8818,2
8819,8819,7
8820,8820,5
8821,8821,1
8822,8822,10
8823,8823,5
8824,8824,1
8825,8825,10
8826,8826,5
8827,8827,4
8828,8828,10
8829,8829,5
8830,8830,2
8831,8831,4
8832,8832,9
8833,8833,3
8834,8834,10
8835,8835,2
8836,8836,6
8837,8837,5
8838,8838,5
8839,8839,8
8840,8840,3
8841,8841,8
8842,8842,1
8843,8843,7
8844,8844,7
8845,8845,4
8846,8846,7
8847,8847,8
8848,8848,2
8849,8849,6
8850,8850,7
8851,8851,4
8852,8852,4
8853,8853,7
8854,8854,9
8855,8855,3
8856,8856,7
8857,8857,2
8858,8858,7
8859,8859,10
8860,8860,10
8861,8861,10
8862,8862,8
8863,8863,6
8864,8864,4
8865,8865,2
8866,8866,8
8867,8867,2
8868,8868,9
8869,8869,4
8870,8870,4
8871,8871,6
8872,8872,5
8873,8873,2
8874,8874,4
8875,8875,6
8876,8876,8
8877,8877,8
8878,8878,9
8879,8879,9
8880,8880,1
8881,8881,1
8882,8882,5
8883,8883,7
8884,8884,10
8885,8885,2
8886,8886,6
8887,8887,6
8888,8888,9
8889,8889,1
8890,8890,3
8891,8891,5
8892,8892,5
8893,8893,4
8894,8894,3
8895,8895,10
8896,8896,7
8897,8897,4
8898,8898,5
8899,8899,2
8900,8900,9
8901,8901,3
8902,8902,4
8903,8903,5
8904,8904,9
8905,8905,8
8906,8906,10
8907,8907,5
8908,8908,2
8909,8909,7
8910,8910,1
8911,8911,4
8912,8912,8
8913,8913,10
8914,8914,7
8915,8915,2
8916,8916,7
8917,8917,8
8918,8918,7
8919,8919,7
8920,8920,5
8921,8921,8
8922,8922,1
8923,8923,1
8924,8924,10
8925,8925,5
8926,8926,2
8927,8927,5
8928,8928,3
8929,8929,6
8930,8930,4
8931,8931,1
8932,8932,1
8933,8933,7
8934,8934,4
8935,8935,5
8936,8936,4
8937,8937,2
8938,8938,10
8939,8939,9
8940,8940,10
8941,8941,2
8942,8942,5
8943,8943,8
8944,8944,7
8945,8945,6
8946,8946,10
8947,8947,2
8948,8948,4
8949,8949,2
8950,8950,9
8951,8951,1
8952,8952,1
8953,8953,6
8954,8954,6
8955,8955,4
8956,8956,6
8957,8957,3
8958,8958,9
8959,8959,3
8960,8960,9
8961,8961,2
8962,8962,8
8963,8963,8
8964,8964,3
8965,8965,4
8966,8966,3
8967,8967,7
8968,8968,7
8969,8969,10
8970,8970,9
8971,8971,2
8972,8972,4
8973,8973,6
8974,8974,5
8975,8975,10
8976,8976,9
8977,8977,10
8978,8978,7
8979,8979,4
8980,8980,3
8981,8981,9
8982,8982,5
8983,8983,5
8984,8984,9
8985,8985,10
8986,8986,1
8987,8987,9
8988,8988,9
8989,8989,7
8990,8990,7
8991,8991,7
8992,8992,5
8993,8993,9
8994,8994,6
8995,8995,7
8996,8996,8
8997,8997,8
8998,8998,4
8999,8999,6
9000,9000,5
9001,9001,1
9002,9002,5
9003,9003,10
9004,9004,9
9005,9005,1
9006,9006,1
9007,9007,5
9008,9008,3
9009,9009,2
9010,9010,3
9011,9011,10
9012,9012,6
9013,9013,2
9014,9014,8
9015,9015,5
9016,9016,4
9017,9017,4
9018,9018,4
9019,9019,9
9020,9020,3
9021,9021,2
9022,9022,7
9023,9023,1
9024,9024,2
9025,9025,10
9026,9026,4
9027,9027,7
9028,9028,2
9029,9029,2
9030,9030,1
9031,9031,9
9032,9032,6
9033,9033,4
9034,9034,6
9035,9035,7
9036,9036,2
9037,9037,4
9038,9038,5
9039,9039,9
9040,9040,2
9041,9041,10
9042,9042,5
9043,9043,6
9044,9044,7
9045,9045,6
9046,9046,7
9047,9047,3
9048,9048,6
9049,9049,2
9050,9050,7
9051,9051,10
9052,9052,4
9053,9053,3
9054,9054,1
9055,9055,10
9056,9056,1
9057,9057,9
9058,9058,10
9059,9059,2
9060,9060,8
9061,9061,10
9062,9062,2
9063,9063,1
9064,9064,5
9065,9065,6
9066,9066,10
9067,9067,3
9068,9068,3
9069,9069,7
9070,9070,9
9071,9071,4
9072,9072,10
9073,9073,10
9074,9074,6
9075,9075,8
9076,9076,7
9077,9077,7
9078,9078,1
9079,9079,8
9080,9080,8
9081,9081,4
9082,9082,4
9083,9083,2
9084,9084,7
9085,9085,3
9086,9086,10
9087,9087,3
9088,9088,8
9089,9089,3
9090,9090,9
9091,9091,2
9092,9092,10
9093,9093,7
9094,9094,1
9095,9095,8
9096,9096,4
9097,9097,9
9098,9098,8
9099,9099,7
9100,9100,4
9101,9101,6
9102,9102,5
9103,9103,10
9104,9104,8
9105,9105,9
9106,9106,7
9107,9107,7
9108,9108,10
9109,9109,10
9110,9110,9
9111,9111,2
9112,9112,10
9113,9113,10
9114,9114,6
9115,9115,1
9116,9116,6
9117,9117,7
9118,9118,9
9119,9119,5
9120,9120,5
9121,9121,10
9122,9122,5
9123,9123,3
9124,9124,7
9125,9125,3
9126,9126,5
9127,9127,8
9128,9128,5
9129,9129,10
9130,9130,7
9131,9131,9
9132,9132,9
9133,9133,2
9134,9134,9
9135,9135,5
9136,9136,6
9137,9137,2
9138,9138,2
9139,9139,8
9140,9140,4
9141,9141,8
9142,9142,4
9143,9143,8
9144,9144,4
9145,9145,5
9146,9146,2
9147,9147,1
9148,9148,8
9149,9149,8
9150,9150,6
9151,9151,10
9152,9152,4
9153,9153,10
9154,9154,1
9155,9155,7
9156,9156,10
9157,9157,4
9158,9158,5
9159,9159,2
9160,9160,9
9161,9161,1
9162,9162,2
9163,9163,8
9164,9164,8
9165,9165,4
9166,9166,2
9167,9167,6
9168,9168,4
9169,9169,2
9170,9170,5
9171,9171,7
9172,9172,10
9173,9173,3
9174,9174,6
9175,9175,6
9176,9176,7
9177,9177,10
9178,9178,6
9179,9179,8
9180,9180,10
9181,9181,4
9182,9182,6
9183,9183,10
9184,9184,10
9185,9185,7
9186,9186,8
9187,9187,4
9188,9188,7
9189,9189,7
9190,9190,8
9191,9191,9
9192,9192,5
9193,9193,5
9194,9194,7
9195,9195,6
9196,9196,5
9197,9197,2
9198,9198,3
9199,9199,3
9200,9200,5
9201,9201,6
9202,9202,7
9203,9203,10
9204,9204,8
9205,9205,4
9206,9206,7
9207,9207,5
9208,9208,4
9209,9209,8
9210,9210,5
9211,9211,3
9212,9212,4
9213,9213,4
9214,9214,9
9215,9215,2
9216,9216,6
9217,9217,3
9218,9218,4
9219,9219,2
9220,9220,1
9221,9221,8
9222,9222,9
9223,9223,5
9224,9224,2
9225,9225,2
9226,9226,8
9227,9227,9
9228,9228,8
9229,9229,9
9230,9230,8
9231,9231,10
9232,9232,5
9233,9233,4
9234,9234,8
9235,9235,1
9236,9236,7
9237,9237,6
9238,9238,4
9239,9239,10
9240,9240,4
9241,9241,2
9242,9242,1
9243,9243,5
9244,9244,6
9245,9245,6
9246,9246,1
9247,9247,10
9248,9248,3
9249,9249,2
9250,9250,7
9251,9251,2
9252,9252,4
9253,9253,4
9254,9254,10
9255,9255,3
9256,9256,8
9257,9257,8
9258,9258,1
9259,9259,8
9260,9260,7
9261,9261,3
9262,9262,5
9263,9263,8
9264,9264,10
9265,9265,1
9266,9266,10
9267,9267,8
9268,9268,3
9269,9269,6
9270,9270,5
9271,9271,5
9272,9272,5
9273,9273,1
9274,9274,3
9275,9275,7
9276,9276,3
9277,9277,10
9278,9278,5
9279,9279,10
9280,9280,5
9281,9281,6
9282,9282,9
9283,9283,4
9284,9284,3
9285,9285,9
9286,9286,7
9287,9287,3
9288,9288,5
9289,9289,5
9290,9290,5
9291,9291,7
9292,9292,7
9293,9293,8
9294,9294,6
9295,9295,9
9296,9296,10
9297,9297,3
9298,9298,10
9299,9299,4
9300,9300,2
9301,9301,2
9302,9302,4
9303,9303,3
9304,9304,9
9305,9305,10
9306,9306,2
9307,9307,10
9308,9308,1
9309,9309,8
9310,9310,2
9311,9311,5
9312,9312,7
9313,9313,9
9314,9314,3
9315,9315,7
9316,9316,2
9317,9317,10
9318,9318,1
9319,9319,5
9320,9320,7
9321,9321,9
9322,9322,6
9323,9323,10
9324,9324,2
9325,9325,4
9326,9326,9
9327,9327,6
9328,9328,9
9329,9329,7
9330,9330,5
9331,9331,10
9332,9332,6
9333,9333,7
9334,9334,2
9335,9335,5
9336,9336,7
9337,9337,10
9338,9338,7
9339,9339,10
9340,9340,1
9341,9341,6
9342,9342,3
9343,9343,7
9344,9344,9
9345,9345,2
9346,9346,3
9347,9347,6
9348,9348,2
9349,9349,3
9350,9350,3
9351,9351,6
9352,9352,5
9353,9353,5
9354,9354,3
9355,9355,1
9356,9356,7
9357,9357,1
9358,9358,4
9359,9359,10
9360,9360,2
9361,9361,9
9362,9362,9
9363,9363,3
9364,9364,7
9365,9365,7
9366,9366,9
9367,9367,4
9368,9368,1
9369,9369,8
9370,9370,10
9371,9371,3
9372,9372,6
9373,9373,1
9374,9374,8
9375,9375,8
9376,9376,1
9377,9377,9
9378,9378,4
9379,9379,2
9380,9380,1
9381,9381,3
9382,9382,10
9383,9383,4
9384,9384,7
9385,9385,10
9386,9386,7
9387,9387,5
9388,9388,2
9389,9389,2
9390,9390,10
9391,9391,8
9392,9392,6
9393,9393,10
9394,9394,1
9395,9395,4
9396,9396,2
9397,9397,1
9398,9398,10
9399,9399,3
9400,9400,3
9401,9401,4
9402,9402,3
9403,9403,4
9404,9404,9
9405,9405,2
9406,9406,1
9407,9407,3
9408,9408,7
9409,9409,10
9410,9410,4
9411,9411,2
9412,9412,7
9413,9413,1
9414,9414,6
9415,9415,3
9416,9416,10
9417,9417,5
9418,9418,7
9419,9419,4
9420,9420,4
9421,9421,10
9422,9422,8
9423,9423,8
9424,9424,7
9425,9425,5
9426,9426,4
9427,9427,4
9428,9428,5
9429,9429,2
9430,9430,5
9431,9431,4
9432,9432,7
9433,9433,6
9434,9434,5
9435,9435,2
9436,9436,5
9437,9437,3
9438,9438,3
9439,9439,2
9440,9440,9
9441,9441,7
9442,9442,8
9443,9443,5
9444,9444,7
9445,9445,3
9446,9446,6
9447,9447,10
9448,9448,1
9449,9449,10
9450,9450,9
9451,9451,9
9452,9452,9
9453,9453,4
9454,9454,4
9455,9455,9
9456,9456,2
9457,9457,8
9458,9458,4
9459,9459,2
9460,9460,9
9461,9461,8
9462,9462,2
9463,9463,10
9464,9464,10
9465,9465,10
9466,9466,8
9467,9467,6
9468,9468,3
9469,9469,8
9470,9470,8
9471,9471,9
9472,9472,7
9473,9473,6
9474,9474,2
9475,9475,9
9476,9476,9
9477,9477,4
9478,9478,7
9479,9479,2
9480,9480,4
9481,9481,3
9482,9482,7
9483,9483,10
9484,9484,1
9485,9485,6
9486,9486,10
9487,9487,3
9488,9488,6
9489,9489,6
9490,9490,1
9491,9491,1
9492,9492,4
9493,9493,6
9494,9494,10
9495,9495,7
9496,9496,1
9497,9497,5
9498,9498,7
9499,9499,7
9500,9500,1
9501,9501,10
9502,9502,1
9503,9503,1
9504,9504,10
9505,9505,6
9506,9506,6
9507,9507,4
9508,9508,2
9509,9509,7
9510,9510,1
9511,9511,2
9512,9512,9
9513,9513,9
9514,9514,3
9515,9515,1
9516,9516,2
9517,9517,2
9518,9518,2
9519,9519,7
9520,9520,8
9521,9521,6
9522,9522,2
9523,9523,8
9524,9524,9
9525,9525,10
9526,9526,8
9527,9527,1
9528,9528,1
9529,9529,7
9530,9530,8
9531,9531,10
9532,9532,7
9533,9533,10
9534,9534,9
9535,9535,3
9536,9536,8
9537,9537,10
9538,9538,8
9539,9539,9
9540,9540,3
9541,9541,9
9542,9542,10
9543,9543,1
9544,9544,2
9545,9545,3
9546,9546,2
9547,9547,6
9548,9548,1
9549,9549,6
9550,9550,8
9551,9551,8
9552,9552,6
9553,9553,5
9554,9554,7
9555,9555,1
9556,9556,10
9557,9557,6
9558,9558,10
9559,9559,8
9560,9560,5
9561,9561,7
9562,9562,9
9563,9563,5
9564,9564,2
9565,9565,5
9566,9566,5
9567,9567,3
9568,9568,4
9569,9569,6
9570,9570,6
9571,9571,8
9572,9572,4
9573,9573,3
9574,9574,5
9575,9575,9
9576,9576,3
9577,9577,3
9578,9578,10
9579,9579,2
9580,9580,5
9581,9581,6
9582,9582,5
9583,9583,8
9584,9584,7
9585,9585,9
9586,9586,10
9587,9587,9
9588,9588,4
9589,9589,8
9590,9590,2
9591,9591,1
9592,9592,4
9593,9593,1
9594,9594,6
9595,9595,2
9596,9596,3
9597,9597,7
9598,9598,10
9599,9599,2
9600,9600,5
9601,9601,9
9602,9602,3
9603,9603,10
9604,9604,10
9605,9605,9
9606,9606,6
9607,9607,2
9608,9608,2
9609,9609,2
9610,9610,5
9611,9611,1
9612,9612,6
9613,9613,3
9614,9614,6
9615,9615,2
9616,9616,3
9617,9617,2
9618,9618,6
9619,9619,10
9620,9620,10
9621,9621,7
9622,9622,1
9623,9623,9
9624,9624,3
9625,9625,1
9626,9626,9
9627,9627,10
9628,9628,4
9629,9629,9
9630,9630,7
9631,9631,10
9632,9632,3
9633,9633,9
9634,9634,2
9635,9635,10
9636,9636,2
9637,9637,4
9638,9638,7
9639,9639,10
9640,9640,1
9641,9641,8
9642,9642,5
9643,9643,5
9644,9644,3
9645,9645,1
9646,9646,4
9647,9647,5
9648,9648,8
9649,9649,1
9650,9650,6
9651,9651,8
9652,9652,1
9653,9653,1
9654,9654,7
9655,9655,1
9656,9656,10
9657,9657,2
9658,9658,7
9659,9659,9
9660,9660,3
9661,9661,9
9662,9662,6
9663,9663,8
9664,9664,1
9665,9665,6
9666,9666,6
9667,9667,6
9668,9668,2
9669,9669,10
9670,9670,1
9671,9671,4
9672,9672,7
9673,9673,1
9674,9674,7
9675,9675,10
9676,9676,9
9677,9677,10
9678,9678,7
9679,9679,3
9680,9680,10
9681,9681,7
9682,9682,4
9683,9683,1
9684,9684,3
9685,9685,10
9686,9686,2
9687,9687,5
9688,9688,10
9689,9689,2
9690,9690,2
9691,9691,5
9692,9692,2
9693,9693,6
9694,9694,6
9695,9695,4
9696,9696,6
9697,9697,9
9698,9698,10
9699,9699,6
9700,9700,2
9701,9701,10
9702,9702,4
9703,9703,10
9704,9704,5
9705,9705,10
9706,9706,8
9707,9707,7
9708,9708,7
9709,9709,7
9710,9710,10
9711,9711,5
9712,9712,8
9713,9713,10
9714,9714,9
9715,9715,10
9716,9716,9
9717,9717,4
9718,9718,7
9719,9719,8
9720,9720,8
9721,9721,1
9722,9722,7
9723,9723,2
9724,9724,6
9725,9725,3
9726,9726,4
9727,9727,4
9728,9728,7
9729,9729,7
9730,9730,9
9731,9731,4
9732,9732,1
9733,9733,3
9734,9734,4
9735,9735,10
9736,9736,8
9737,9737,4
9738,9738,2
9739,9739,7
9740,9740,7
9741,9741,8
9742,9742,4
9743,9743,2
9744,9744,1
9745,9745,3
9746,9746,7
9747,9747,3
9748,9748,8
9749,9749,6
9750,9750,1
9751,9751,2
9752,9752,8
9753,9753,10
9754,9754,3
9755,9755,2
9756,9756,7
9757,9757,10
9758,9758,7
9759,9759,1
9760,9760,2
9761,9761,4
9762,9762,10
9763,9763,2
9764,9764,4
9765,9765,6
9766,9766,9
9767,9767,6
9768,9768,8
9769,9769,2
9770,9770,3
9771,9771,9
9772,9772,9
9773,9773,10
9774,9774,1
9775,9775,10
9776,9776,3
9777,9777,9
9778,9778,1
9779,9779,3
9780,9780,1
9781,9781,3
9782,9782,7
9783,9783,5
9784,9784,3
9785,9785,10
9786,9786,6
9787,9787,2
9788,9788,5
9789,9789,10
9790,9790,2
9791,9791,5
9792,9792,9
9793,9793,6
9794,9794,4
9795,9795,6
9796,9796,1
9797,9797,4
9798,9798,1
9799,9799,5
9800,9800,4
9801,9801,2
9802,9802,4
9803,9803,10
9804,9804,3
9805,9805,1
9806,9806,5
9807,9807,1
9808,9808,6
9809,9809,2
9810,9810,4
9811,9811,6
9812,9812,5
9813,9813,7
9814,9814,5
9815,9815,6
9816,9816,2
9817,9817,9
9818,9818,5
9819,9819,9
9820,9820,7
9821,9821,3
9822,9822,10
9823,9823,3
9824,9824,7
9825,9825,3
9826,9826,10
9827,9827,2
9828,9828,8
9829,9829,4
9830,9830,10
9831,9831,3
9832,9832,8
9833,9833,7
9834,9834,8
9835,9835,10
9836,9836,4
9837,9837,7
9838,9838,9
9839,9839,9
9840,9840,7
9841,9841,5
9842,9842,9
9843,9843,1
9844,9844,3
9845,9845,3
9846,9846,7
9847,9847,1
9848,9848,5
9849,9849,8
9850,9850,4
9851,9851,2
9852,9852,3
9853,9853,6
9854,9854,4
9855,9855,6
9856,9856,10
9857,9857,2
9858,9858,7
9859,9859,8
9860,9860,9
9861,9861,3
9862,9862,4
9863,9863,3
9864,9864,7
9865,9865,5
9866,9866,6
9867,9867,3
9868,9868,3
9869,9869,3
9870,9870,6
9871,9871,2
9872,9872,3
9873,9873,1
9874,9874,2
9875,9875,2
9876,9876,7
9877,9877,5
9878,9878,3
9879,9879,8
9880,9880,7
9881,9881,3
9882,9882,7
9883,9883,4
9884,9884,6
9885,9885,6
9886,9886,3
9887,9887,7
9888,9888,9
9889,9889,5
9890,9890,8
9891,9891,5
9892,9892,4
9893,9893,1
9894,9894,9
9895,9895,4
9896,9896,4
9897,9897,3
9898,9898,2
9899,9899,10
9900,9900,9
9901,9901,5
9902,9902,1
9903,9903,6
9904,9904,9
9905,9905,7
9906,9906,9
9907,9907,6
9908,9908,4
9909,9909,10
9910,9910,7
9911,9911,3
9912,9912,9
9913,9913,9
9914,9914,5
9915,9915,2
9916,9916,10
9917,9917,9
9918,9918,1
9919,9919,5
9920,9920,3
9921,9921,7
9922,9922,2
9923,9923,3
9924,9924,5
9925,9925,5
9926,9926,3
9927,9927,7
9928,9928,2
9929,9929,8
9930,9930,10
9931,9931,9
9932,9932,10
9933,9933,2
9934,9934,5
9935,9935,4
9936,9936,1
9937,9937,3
9938,9938,1
9939,9939,4
9940,9940,6
9941,9941,10
9942,9942,4
9943,9943,3
9944,9944,4
9945,9945,5
9946,9946,8
9947,9947,7
9948,9948,7
9949,9949,9
9950,9950,8
9951,9951,7
9952,9952,9
9953,9953,7
9954,9954,7
9955,9955,1
9956,9956,5
9957,9957,5
9958,9958,8
9959,9959,5
9960,9960,5
9961,9961,4
9962,9962,3
9963,9963,3
9964,9964,9
9965,9965,8
9966,9966,4
9967,9967,6
9968,9968,6
9969,9969,2
9970,9970,4
9971,9971,1
9972,9972,1
9973,9973,3
9974,9974,6
9975,9975,1
9976,9976,1
9977,9977,6
9978,9978,5
9979,9979,10
9980,9980,10
9981,9981,7
9982,9982,6
9983,9983,1
9984,9984,9
9985,9985,5
9986,9986,10
9987,9987,2
9988,9988,1
9989,9989,7
9990,9990,10
9991,9991,6
9992,9992,3
9993,9993,7
9994,9994,5
9995,9995,4
9996,9996,4
9997,9997,5
9998,9998,9
9999,9999,3
10000,10000,3
